序号,股票代码,股票简称,每股收益,营业总收入-营业总收入,营业总收入-同比增长,营业总收入-季度环比增长,净利润-净利润,净利润-同比增长,净利润-季度环比增长,每股净资产,净资产收益率,每股经营现金流量,销售毛利率,所处行业,最新公告日期
1,688121,*ST卓然,-0.04,168389039.99,227.9121055985,-81.5179,-8327156.77,79.2855096529,-113.7299,10.849852121964,-0.33,-1.165076324641,27.0677480807,专用设备,2026-08-06
2,000637,茂化实华,-0.07,787871572.11,-33.9989755614,-12.6959,-35067900.21,20.28,-212.6665,1.178621547354,-5.56,-0.105990024097,3.5960605539,炼化及贸易,2026-08-06
3,688836,宇树科技,,250958706.94,,,95602511.45,,,,,,60.6981974036,自动化设备,2026-07-31
4,301655,绿控传动,0.09,506337389.32,,,31266907.47,,,,6.09,,21.3392064005,汽车零部件,2026-07-31
5,688826,频准激光,0.7,65161253.92,,,20930118.56,,,,,,71.8117362312,光学光电子,2026-07-30
6,874790,科州药物,-3.42,14021591.93,,,-158651598.15,,,,-65.93,,95.4338620522,,2026-07-27
7,688828,国仪公司,-0.12,54294891.04,,,-43294415.27,,,,,,30.7169790574,通用设备,2026-07-23
8,301717,超纯应材,0.52,90520595.67,,,39289507.51,,,,,,58.7252453395,半导体,2026-07-23
9,874746,前景无忧,0.18,128661234.41,,-51.6951,19634796.3,,-54.5121,,,,36.9838504801,,2026-07-20
10,002330,得利斯,0.015,745714556.31,-4.8289519806,-15.5578,9758294.04,-27.58,124.2127,3.612272193525,0.42,0.108894839269,11.1268098615,食品加工,2026-07-18
11,874103,钜芯科技,,160847249.39,38.0349847967,28.4212,15125376.74,29.6254339743,43.5651,5.001064440333,3.53,-0.599277305222,16.5736334075,,2026-07-17
12,301707,展芯股份,0.08,115338628.57,,,28845520.88,,,,,,76.9211605426,半导体,2026-07-17
13,603468,津富士达,0.2474,1207179257.77,,,91786091.67,,,,,,13.7067264696,摩托车及其他,2026-07-16
14,001232,嘉立创,0.5,2084827196.31,,,248157714.78,,,,,,28.6560188834,元件,2026-07-16
15,874320,恒基金属,0.56,310406665.39,,,32884502.21,,,,,-0.421539557265,21.199324598,,2026-07-15
16,874800,玄机科技,0.48,93126238.59,,-25.7171,24803773.53,,-40.3981,,,,48.8836394546,,2026-07-10
17,301677,欣兴工具,0.61,117803754.85,,,45386546.21,,,,,,55.3757699261,通用设备,2026-07-10
18,688825,长鑫科技,-0.027,6201690535.94,,-22.0586,-1559027880.1,,11.8526,,-3.82,,13.138476993,半导体,2026-07-09
19,874798,环能涡轮,0.8,129024355.56,,11.0036,53001867.88,,-4.8029,12.019771766061,,0.409373737576,44.3847764722,,2026-07-08
20,834948,晨泰科技,0.15,119070646.56,168.2511596661,-63.2175,19856463.74,28336.4929376999,-61.5304,4.505542751036,3.5,-0.280883026367,30.1624103989,,2026-07-07
21,874571,宇特光电,0.2,75103916.11,,,10529505.58,,,,,0.034457203396,29.9982403674,,2026-07-02
22,688806,泰诺麦博,-0.48,169315.48,,,-176719526.52,,,1.259400358876,-58.65,-0.458088693062,-1524.3331560705,生物制品,2026-07-02
23,874402,德耐尔,0.37,132034002.27,,-2.0733,18407535.99,,23.4226,,,0.772040555952,40.6030989126,,2026-06-30
24,874769,莫森泰克,0.45,416887244.33,,-37.1538,47461017.79,,-45.7464,,,,17.9276559877,,2026-06-29
25,874414,上舜科技,0.2455,39282817.24,,,7365751.69,,,,,-0.053082597333,44.2707547011,,2026-06-29
26,874233,华茂精密,0.28,34994451.85,,,9703380.89,,,,,0.34328515224,47.4544484685,,2026-06-29
27,874515,云眼视界,0.11,24230526.57,,,3371113.22,,,,1.29,-1.950780068052,34.2220422905,,2026-06-26
28,874036,久正工学,0.45,168605939.44,,,22472640.51,,,,,0.443767282981,28.4060801352,,2026-06-26
29,430428,陕西瑞科,0.23,273884525.91,-3.5630221313,-9.1907,27036095.82,81.0422295829,11.8154,6.139557025812,4.07,-0.656376557009,12.7537247583,,2026-06-26
30,874385,斯坦德,-0.3,134551739.53,,-45.2966,-19169846.02,,-140.8058,,-3.59,,33.3170006472,,2026-06-25
31,874281,联川生物,0.23,88496563.47,,-30.1402,10540297.62,,-63.3804,,1.95,-1.069511255484,49.0806658438,,2026-06-25
32,873514,高义包装,0.18,339944140.69,,-12.3461,19305335.28,,-37.5336,,,0.363375080421,29.5070384847,,2026-06-25
33,874969,嘉拓智能,0.01,683250048.97,,,2145370.8,,,,,,24.6739236191,,2026-06-24
34,874870,武晓集团,0.07,585407635.76,,-22.5326,10070378.94,,624.0157,,,,10.6229327636,,2026-06-24
35,874792,八环科技,0.36,206085114.25,,,20590694.36,,,,,,24.4092830397,,2026-06-24
36,874239,中健康桥,0.08,94925009.17,-11.990593711,-22.9387,5955641.51,-79.3149434745,-77.4814,6.79851406251,1.17,0.379334592373,90.0020933546,,2026-06-24
37,873688,宇星股份,0.21,111494257.79,33.3242366245,,8374027.91,51.8020378157,,11.55512556118,1.82,-0.146601606148,16.5250057852,,2026-06-24
38,831474,上海科特,0.09,90981285.58,,,8228858.02,,,,,0.077124042213,28.0350942036,,2026-06-24
39,688835,高凯技术,,115093000.0,,,26175200.0,,,,,,,专用设备,2026-06-24
40,874915,中维化纤,0.06,214104094.15,,,20759098.69,,,,,,22.0841169935,,2026-06-23
41,874874,安保医疗,-0.08,41434192.24,,,-8276684.33,,,,,,58.5887272989,,2026-06-23
42,874720,祥晋股份,0.02,165366948.16,,-44.6663,1175695.32,,-96.7296,,,,13.1336670729,,2026-06-23
43,874382,九目化学,0.26,208054922.45,-24.8888180833,-6.7058,48555910.14,-38.0335175259,-7.317,6.005373288747,4.41,0.092465611253,40.9272000428,,2026-06-23
44,874332,文峰光电,0.23,50726858.74,,42.29,13776862.54,,75.2399,,2.64,0.23221705,56.9584238364,,2026-06-23
45,873464,皇裕精密,0.24,212475572.92,,-13.6444,23486844.47,,24.098,,6.6,,27.9715503826,,2026-06-23
46,873024,玫瑰岛,0.17,163490252.71,7.7490929856,,10446848.25,30.2978162926,,8.680932534837,2.02,0.383447834771,31.9232114544,,2026-06-23
47,875011,优云科技,0.53,468975108.51,,,48037622.04,,,6.665579081556,8.36,1.620247551222,18.051231772,,2026-06-22
48,874901,星网信通,0.26,152359571.25,,,20565530.01,,,,5.71,,28.4399002796,,2026-06-22
49,874736,裕富照明,0.59,103296868.87,,,17567901.69,,,,,,35.1126924531,,2026-06-22
50,874723,信联电科,0.1,98196357.81,,,11723853.84,,,,,,31.4274664746,,2026-06-22
51,874591,日信高科,0.15,61476337.88,,,4562108.05,,,,1.0,-0.052331203482,33.0444342336,,2026-06-22
52,874347,泓毅股份,0.41,743128041.76,,,63612458.76,,,,,-1.465227007804,17.5954074631,,2026-06-22
53,874191,华益泰康,0.48,87577752.69,33.9810549186,16.5336,28940555.93,175.71,965.1422,6.720929810485,7.31,0.679842739642,74.6377678146,,2026-06-22
54,830978,先临三维,0.15,301759450.69,,-25.2669,59569156.46,,-48.3463,,,-0.06022721988,70.7340742376,,2026-06-22
55,920079,乔路铭,0.25,675249958.78,11.4040089917,-40.0103,93340758.63,5.0707211627,-29.6534,3.711672108245,7.12,0.087156679117,21.7321426476,汽车零部件,2026-06-18
56,875083,林泉股份,0.24,174190912.51,,,30103421.52,,,,,,30.777827527,,2026-06-18
57,874879,戈尔德,0.32,472549146.54,,,26667089.39,,,,,,27.0013783528,,2026-06-18
58,874823,腾龙健康,0.28,79664603.54,,,26580537.09,,,4.718549973064,6.11,0.179771914352,54.6083348399,,2026-06-18
59,874777,中星联华,0.13,27242975.28,,,4815039.25,,,,,,63.25999801,,2026-06-18
60,837611,德芯科技,0.16,35509437.25,5.2106018408,-70.749,9735750.08,-10.4317038751,-73.2852,,1.86,-0.178993113,59.7019879553,,2026-06-18
61,301583,托伦斯,0.12,154933947.92,,,17139711.91,,,,2.18,,27.2282402704,半导体,2026-06-18
62,875148,普诺威,0.13,129651064.45,,,18584126.39,,,,,,26.3734828287,,2026-06-17
63,875117,北变科技,0.16,83450386.38,,,9081995.11,,,,2.82,,25.2233030703,,2026-06-17
64,875037,景隆智装,0.16,85169645.32,,,7863704.05,,,,,,36.1662842369,,2026-06-17
65,875000,江苏永成,,374894336.34,,,1792674.71,,,,,,12.8265769468,,2026-06-17
66,874847,美昱新材,0.48,226454138.4,,,14286827.5,,,,,,12.6903736549,,2026-06-17
67,874831,利星科技,0.37,276619213.29,,,19934886.34,,,,,,16.5763741479,,2026-06-17
68,874817,昊翔股份,0.38,144226664.45,,,18781553.6,,,5.868486701,6.64,0.2136066982,21.5325205352,,2026-06-17
69,874496,贝昂智能,0.37,117922676.74,,,22025560.91,,,,7.07,0.135348155667,55.3439035597,,2026-06-17
70,874369,贵鑫环保,0.02,47569608.45,,,664997.37,,,,,0.100473958658,17.784738903,,2026-06-17
71,875078,聚能磁体,0.0321,20298558.51,,,2725450.91,,,,,,41.6640571587,,2026-06-16
72,875070,陌桑高科,0.31,349867521.53,,,46272860.25,,,,,,22.5481837597,,2026-06-16
73,874821,易事达,0.58,95461714.97,,-30.4841,18121636.05,,-22.1038,,,,35.3391957609,,2026-06-16
74,874806,华光股份,0.03,305311913.08,,,13797835.56,,,,,,15.9576585265,,2026-06-16
75,874766,远征传导,0.11,149852540.69,,,5900821.95,,,,1.73,,14.2908961713,,2026-06-16
76,874673,金龙稀土,0.0241,1275054020.5,,,59576218.56,,,,,-0.210148570473,11.0456548511,,2026-06-16
77,874593,安特磁材,0.3,156279505.79,,-4.2496,17906497.29,,39.6631,,,-0.033710280333,21.1057168202,,2026-06-16
78,874070,天广实,-0.02,78154458.89,8347.0595631255,1195.2915,-1293979.87,98.1164142322,97.9501,4.32859406441,-0.4,0.333077051081,80.8475357099,,2026-06-16
79,874049,文依电气,0.19,77122423.15,,,10417143.12,,,,2.85,0.067234054308,41.1643315178,,2026-06-16
80,874886,映日科技,0.42,226843000.74,,41.4798,37267007.63,,132.1986,,,,26.7335986793,,2026-06-15
81,874717,鹰峰电子,0.15,457955938.75,43.5474356294,-24.8303,16114337.77,-33.8171291102,52.3127,,,,15.7740848098,,2026-06-15
82,874989,恒业股份,-0.01,17827295.36,,,-1454236.93,,,,,,41.4623601659,,2026-06-12
83,874868,华日激光,0.06,48699678.93,,-13.1257,2903730.07,,-65.5452,,,,42.4466940731,,2026-06-12
84,874810,中欣晶圆,-0.04,393160640.1,,,-199690421.29,,,,,,-10.0694811261,,2026-06-12
85,874419,振华海科,-0.04,102912114.21,,,-4201203.76,,,,,-0.482423673556,26.9628475452,,2026-06-12
86,874390,佑威新材,0.29,172838854.2,,-4.6075,14578840.1,,63.8879,,,-0.5808002346,20.3192077051,,2026-06-12
87,872824,先歌国际,0.06,113265556.77,0.7214965687,-11.9934,12240844.86,12.5750855724,-43.8887,2.0727478004,3.04,0.0667488913,41.522277161,,2026-06-12
88,874781,泰丰智能,0.17,123276975.47,,,11482113.49,,,,,,24.4345340037,,2026-06-11
89,874451,紫光国芯,-0.1225,261374669.11,,-26.1452,-12999631.48,,-430.8769,,,-1.832426642459,15.5940320264,,2026-06-11
90,874249,邦泽创科,0.84,422650403.85,22.1766596612,-2.2608,44449038.62,32.8003237671,-13.3229,8.995473126445,9.85,0.601160900321,43.5358630854,,2026-06-11
91,874023,传美讯,0.11,50282777.19,13.4101260969,,9271159.77,19.6890456271,,2.474348910381,4.42,0.129809869319,40.4342246515,,2026-06-11
92,872726,中机试验,0.07,86184960.15,,,7206042.65,,,,1.55,-0.399874853807,27.5222653102,,2026-06-11
93,001248,华润新能源,0.22,6390323481.1,,11.6547,2345582498.69,,34.7469,,,,58.2075492322,电力,2026-06-11
94,874877,越新科技,0.2,101434343.81,,,11884731.11,,,,,,29.654041314,,2026-06-10
95,874818,睿龙科技,0.49,106228050.51,,,59845611.64,,,,,,80.817836238,,2026-06-10
96,874773,犇星新材,0.2833,1226445936.32,,14.9647,101974405.0,,42.6759,,3.61,,17.5901929185,,2026-06-09
97,874391,金钛股份,0.17,373006458.13,-13.838941403,-12.8601,35615261.78,-25.6949036744,-4.0071,6.179987819571,2.78,-0.728129662429,15.0897281436,,2026-06-09
98,874236,华晟智能,0.08,96974190.43,28.3736661932,-73.6713,3831262.19,30.3922650734,-93.6963,,,-0.244633868,25.0632207418,,2026-06-09
99,301042,安联锐视,0.1023,100252681.64,-28.4459578663,-26.6709,6920003.1,-38.11,276.0135,14.946914865642,0.67,-0.296916469058,37.9254176826,计算机设备,2026-06-09
100,874695,赛维达,0.79,134358842.28,,,37600137.55,,,,,,42.2214920562,,2026-06-08
101,873074,富士智能,0.16,248688563.61,,,22716719.94,,,,,0.027721419326,23.1807754016,,2026-06-08
102,920136,永励精密,0.45,133223064.74,,-20.1371,26762429.34,,-19.0159,,,,34.0447525273,汽车零部件,2026-06-05
103,920117,龙鑫智能,0.22,92196378.29,7.4320122791,-48.6168,14654503.67,19.1018738852,-43.664,8.376948335819,2.64,-0.121155665473,39.4672651734,通用设备,2026-06-05
104,873254,科蓝环保,0.06,37625101.53,-10.367361687,,3458611.05,-55.4808484347,,5.714906643255,1.06,-0.083896822761,49.4651387058,,2026-06-05
105,874976,澳维科技,,90025434.89,,,17742756.87,,,,,,38.4485016399,,2026-06-04
106,874352,福建三星,0.18,97174516.26,19.263283836,,13362006.69,-10.82,,7.543717891517,2.44,-0.055553069739,26.196806889,,2026-06-04
107,688797,臻宝科技,0.25,165233682.5,,,29601430.38,,,,2.99,,44.575659887,半导体,2026-06-04
108,001399,惠科股份,0.15,9696212845.49,,-11.3653,1011722129.99,,23.7835,,,,20.9042578088,光学光电子,2026-06-04
109,920222,益坤电气,0.13,78499092.46,,-25.5109,9451452.16,,-53.0314,,,,28.7065756098,电网设备,2026-06-03
110,874775,云岭光电,0.0221,46890638.37,,26.5909,6825227.16,,157.095,,,,33.8864419687,,2026-06-03
111,874726,国电股份,0.34,385669873.76,,,15555547.11,,,,,,9.7114181813,,2026-06-03
112,832836,银钢一通,0.27,85051272.96,,,11867305.81,,,,,0.045405735545,24.9574693138,,2026-06-03
113,920065,千岸科技,0.84,438432026.76,32.5966693315,-20.1579,61126785.92,129.4615589852,10.9284,7.668477611134,10.96,0.885478803436,44.6307523326,互联网电商,2026-06-02
114,874860,帅特龙,0.48,275229303.24,,-18.0912,28591882.46,,19.1358,,,,25.1464249102,,2026-06-02
115,874522,中德科技,0.01,79373384.45,-5.5550065736,-41.1621,773242.49,-44.8643351418,-96.8211,5.961056418504,0.2,-0.369624658926,23.3939958195,,2026-06-02
116,874494,新涛智控,0.22,77653546.18,,-31.3881,10782624.25,,-11.1588,,,0.2114845462,31.2577484662,,2026-06-02
117,833755,扬德环能,0.08,85797404.98,5.4291850918,-17.3807,27632787.95,33.593646723,4.1177,2.722992099264,2.88,0.050250927371,46.6320771815,,2026-06-02
118,874779,朱炳仁铜,0.25,197365582.78,,,26754700.86,,,,,,58.5146960647,,2026-06-01
119,874438,亚信股份,0.18,72633339.49,,,9049103.1,,,,,0.1638438284,24.517100143,,2026-06-01
120,834377,德博科技,0.44,94469872.9,,,19262627.57,,,,,-0.328518377727,28.5739676485,,2026-06-01
121,875058,博涛智能,0.62,388195096.88,,,65388525.72,,,10.672869758786,5.96,-0.08576462264,30.2591683007,,2026-05-29
122,874729,深达威,0.285,70292356.42,,,14447727.15,,,,5.04,,36.0985371416,,2026-05-29
123,874579,康华股份,0.03,130067879.44,,-37.9967,10218425.66,,-71.4779,,,0.042893674917,64.6339838951,,2026-05-29
124,873952,鑫森炭业,0.09,78822125.8,,6.5059,11356863.94,,174.4611,,,0.162833074652,30.2285472362,,2026-05-29
125,832684,天运股份,0.13,112875296.03,,-20.8239,15558766.21,,-13.3894,,,0.078941984346,23.5475092822,,2026-05-29
126,601123,马矿股份,,547934400.0,,,210656500.0,,,,,,,,2026-05-29
127,874873,卓目科技,0.07,12919760.38,,,2919265.49,,,,1.9,,44.5330386228,,2026-05-28
128,874684,科建股份,0.22,102747577.99,15.9517952543,-19.1971,11905447.16,-13.82,-38.4777,6.623569952015,3.39,0.21022016782,29.7522321674,,2026-05-28
129,920193,吉和昌,0.18,118818590.66,-7.5449617065,,15095526.84,-7.67,,5.461690685317,3.38,0.294977023742,29.3773035988,电池,2026-05-27
130,874778,格兰达,0.07,323706474.19,,,10186761.42,,,,,,13.7349955361,,2026-05-27
131,874595,中塑股份,0.7,151571605.32,,,25812163.8,,,13.126708926109,5.46,0.326203743953,33.1959526283,,2026-05-27
132,874159,邦特科技,0.22,199260136.8,-0.214122848,,12573598.8,-35.76,,6.846400756752,3.06,0.587154266196,15.1896082809,,2026-05-27
133,873845,鑫宇科技,0.13,76339531.01,47.3295412004,2.6889,11589401.11,354.5075373029,-19.4862,2.424119270583,6.21,-0.038803006586,33.7192449828,,2026-05-27
134,002842,翔鹭钨业,0.03,481062255.86,4.1841779747,7.9108,8302991.89,140.04,114.5479,3.01984422899,1.08,-0.336114467121,9.2053950774,小金属,2026-05-27
135,874930,海明润,0.4,85057577.39,,2.1993,23485492.8,,9.132,5.391737637858,7.26,0.468651565931,56.244803894,,2026-05-26
136,874786,嘉泰激光,0.14,159119213.33,,-9.6942,10853447.97,,-42.3453,,,,23.7456364064,,2026-05-26
137,874642,星基智造,0.57,75050774.05,,52.0883,18686881.43,,77.4038,,,-0.251188115152,47.0566290449,,2026-05-26
138,874536,浙江天际,0.11,111926489.93,,,14733644.55,,,,,0.068296740963,32.5817156982,,2026-05-26
139,874379,舒友仪器,0.53,53691639.93,,,15948657.68,,,,,0.250771987,53.0274575839,,2026-05-26
140,874701,永志股份,0.142,255056889.45,,,14521157.39,,,,,,15.6928012948,,2026-05-25
141,874360,世纪数码,0.36,161891226.38,7.4722916956,25.2291,12091946.27,0.3547561372,-4.4376,8.184676032394,4.54,-1.70088219946,20.6521409761,,2026-05-25
142,839010,延安医药,0.04,84479066.28,,,5603084.84,,,,,0.184201639874,45.847425718,,2026-05-25
143,874987,科麦特科,0.37,80645313.71,,,18453142.9,,,,,,32.227210044,,2026-05-22
144,874751,宏景电子,0.23,307460099.33,,,26842436.24,,,,,,23.7801566315,,2026-05-22
145,874498,艾斯迪,0.28,184001408.18,,-23.0397,14482923.44,,-39.945,,,0.252467718431,16.1563782984,,2026-05-22
146,874392,祺龙海洋,0.16,87061438.74,2.4923958286,33.6017,22416606.87,-16.3934981534,740.3834,2.303730810017,7.11,0.339834391096,39.2422232213,,2026-05-22
147,874386,杰锋动力,0.55,507565292.58,5.3609843375,-10.7166,27343855.91,-21.1899843199,-40.1394,12.875127002625,4.41,-1.357099961236,19.2932387107,,2026-05-22
148,873981,正导技术,0.09,273216487.03,9.3694253788,-22.0069,8511804.26,33.2206492153,-53.7564,3.2415479544,2.66,0.5657900105,10.9504340734,,2026-05-22
149,871633,华电光大,-0.03,44466721.1,,-65.9402,-3488538.2,,-116.9676,,,-0.069302114154,18.5590971986,,2026-05-22
150,837291,汉盛海装,0.38,69892784.06,-17.4000102482,,18434611.91,-31.8314494468,,5.022508461042,7.97,0.011135788542,48.1801371528,,2026-05-22
151,430555,英派瑞,0.06,119704503.33,,8.9511,13830501.66,,-32.4727,,,-0.057676911778,27.7368996707,,2026-05-22
152,920126,永大股份,0.288,195892910.39,2.3965468272,-41.8694,40194900.05,12.398514777,18.6807,5.055487252078,5.87,-0.083542892663,29.4610161006,专用设备,2026-05-21
153,874544,邦正精机,0.2,27293125.61,,,6253714.43,,,,,-1.088841617436,50.2249622703,,2026-05-21
154,874445,科金明,-0.05,149606448.73,,-53.0524,-1291928.76,,-104.8448,,,-1.809563452911,29.5437034267,,2026-05-21
155,874158,天元重工,0.0591,69146200.35,-36.3179354539,-66.671,10113809.07,-29.9708655091,-10.0363,,,0.152449211741,28.5223278794,,2026-05-21
156,874025,凯达重工,0.09,109220950.88,,,15330686.95,,,,,0.02941512097,27.0617559103,,2026-05-21
157,603435,嘉德利,0.15,181456600.0,,,61404300.0,,,,5.8,,,电子化学品Ⅱ,2026-05-21
158,301688,格林生物,,274294200.0,15.206969518,,50661200.0,25.161698364,,,,,,化学制品,2026-05-21
159,301669,高特电子,0.03,184685516.86,,-41.9962,11901476.87,,-72.3189,,,,25.8910332943,其他电源设备Ⅱ,2026-05-21
160,001237,惠康科技,0.72,532033428.06,,13.1719,80052767.31,,-10.1255,,7.63,,22.513739995,通用设备,2026-05-21
161,920059,双英集团,0.04,629255207.26,51.5291705033,-41.0859,4916895.78,14.0422934566,-92.8623,5.652545317271,0.76,-0.645297143603,11.0354025901,汽车零部件,2026-05-20
162,874772,腾信精密,0.9501,193943812.67,14.0372498907,,57004957.89,23.5451418354,,14.455979370167,6.8,1.238702487667,46.9675739102,,2026-05-20
163,874727,尚睿科技,0.6,336325760.09,,-53.4853,31704996.33,,-57.6482,,,,48.6033913775,,2026-05-20
164,874617,双英集团,0.04,629255207.26,51.5291705033,-41.0859,4916895.78,14.0422934566,-92.8623,5.652545317271,0.76,-0.645297143603,11.0354025901,,2026-05-20
165,874569,菊乐股份,0.7063,386355787.24,7.8144749495,-1.8182,65318124.19,32.8500868038,64.1395,12.901177027194,5.63,0.428150610467,36.3038176578,,2026-05-20
166,873264,广规科技,0.13,145860417.63,,-56.5886,16088185.65,,-74.6793,,,-0.92998714575,45.9942772824,,2026-05-20
167,874811,重数传媒,0.75,84946453.26,,,33839165.12,,,,,,44.3659280566,,2026-05-19
168,874611,北方实验,-0.03,33751880.26,3.1331977549,-82.8989,-2414694.4,21.8618324367,-102.669,7.266875461467,-0.44,-0.498267966,63.4195330604,,2026-05-19
169,874565,耀泰股份,0.75,199749121.91,25.1121461808,52.5332,46392565.69,26.4205287006,235.5747,5.557093179675,14.53,-0.179987715772,44.11210244,,2026-05-19
170,874537,美康股份,0.315,50071552.15,,-18.315,17712289.54,,-16.0831,,,0.084889748773,78.5190546764,,2026-05-19
171,874226,博韬合纤,0.32,194385110.81,-4.098093957,-13.7837,14740639.38,-21.7082244631,-4.4535,,,0.248685412357,14.4276427207,,2026-05-19
172,874142,南方乳业,0.34,385985965.18,-0.973052714,-25.1739,50496271.77,51.7806523181,-27.2501,11.968990584867,2.85,0.318080796067,29.1234376819,,2026-05-19
173,874111,兢强科技,0.39,387049830.79,11.2785079989,-6.6661,23527152.1,32.37,25.24,10.384793994154,3.86,0.626171034823,10.3754341703,,2026-05-19
174,875017,泽天春来,0.08,84508460.74,,,7353083.3,,,,,,42.6218496522,,2026-05-18
175,874978,中源技术,1.91,138804368.36,,,56806840.5,,,,,,47.2209305114,,2026-05-18
176,874812,铁近科技,0.28,73202878.7,,-11.6524,12183190.12,,-29.0289,,,,38.4047758084,,2026-05-18
177,874785,芬尼股份,0.01,251598665.46,,-38.1933,887515.92,,-98.4515,,,,33.0138199255,,2026-05-18
178,874668,江锅股份,0.2,157573286.95,-26.3984330283,-18.2354,19041599.91,-32.4001242557,23.5613,4.885167504695,4.13,-0.436919354886,21.2846716593,,2026-05-18
179,874378,华汇智能,0.4,136458559.32,-7.0650940132,25.4994,20436698.94,-18.62469883,99.431,4.117691246246,10.27,-0.438921730484,34.0070279074,,2026-05-18
180,920288,华大海天,0.22,112514275.46,6.2345297295,-27.8889,12268368.21,20.9406152034,-43.6002,9.126430830364,2.47,-1.119373511636,21.6478203947,,2026-05-15
181,920211,新睿电子,0.66,80627113.84,29.66627744,,18529221.87,73.4904160427,,7.802435688214,8.86,0.2523779625,39.2182314286,自动化设备,2026-05-15
182,874709,华大海天,0.22,112514275.46,6.2345297295,-27.8889,12268368.21,20.9406152034,-43.6002,9.126430830364,2.47,-1.119373511636,21.6478203947,,2026-05-15
183,874421,旭阳新材,0.16,300307494.56,,,18979079.77,,,,2.87,,19.0740089334,,2026-05-15
184,874322,幺麻子,0.22,113647631.64,,,28716088.02,,,,,-0.062782205682,43.2460666454,,2026-05-15
185,874200,广泰真空,0.21,61333108.38,46.1319024768,-42.9525,14389309.24,140.9869056,59.5789,3.919218812488,5.61,-0.307877878903,37.631473326,,2026-05-15
186,688981,中芯国际,0.17,16301085000.0,29.4375668882,2.414,1356374000.0,166.5,36.6661,18.731111578465,0.9,-0.146773864896,23.0968613439,半导体,2026-05-15
187,688347,华虹宏力,0.01,3912539839.26,18.6592323213,0.6823,22763359.28,-89.73,111.5344,25.336572505935,0.05,0.20931175633,17.7528799528,半导体,2026-05-15
188,001365,天海电子,0.23,3062031938.39,,-20.038,102649393.39,,-13.9507,,2.17,,12.5080554888,汽车零部件,2026-05-15
189,920206,彩客科技,0.73,152033177.96,43.9524087192,40.8268,46238359.68,104.0138611476,53.137,7.63122266785,10.01,0.697470164702,40.2044606317,化学制品,2026-05-14
190,874567,辛帕智能,0.16,43885678.44,,-35.4753,8593025.49,,-69.9831,,,-0.319652608256,45.2118147088,,2026-05-14
191,874552,原力数字,0.69,88687679.06,-0.3813053788,-53.5064,16483754.21,15.0794031866,-29.7272,29.309091692434,2.37,-0.334737755785,37.9414095133,,2026-05-14
192,874543,百利食品,0.39,497026571.51,4.9154677988,2.8975,68692357.11,-2.6611303378,1.2043,5.944067533371,6.72,0.459270242135,30.9577383906,,2026-05-14
193,834044,富泰和,0.33,216355128.67,5.59625581,3.9461,29069902.95,14.1246188089,159.4596,6.868929503219,4.86,0.188644153838,30.4461148876,,2026-05-14
194,001393,维通利,0.29,603151812.37,,-16.6809,54754772.92,,-26.3284,,3.54,,20.3483020863,电网设备,2026-05-14
195,920038,森合高科,0.66,186769494.72,56.4983258572,8.0743,56282699.53,109.625268539,33.758,7.007071585746,9.87,0.611025136195,42.133431687,化学制品,2026-05-13
196,874867,佳宏新材,0.16,69705547.19,,-40.704,6093244.0,,-53.1787,14.781552988714,1.09,-0.063361120718,43.674629319,,2026-05-13
197,874848,新派能源,1.16,336258085.49,,,64063918.4,,,,6.67,,35.805770792,,2026-05-13
198,874550,奥立思特,0.18,181680297.84,-1.3506693604,10.5923,16803825.42,-31.4978510362,4.4958,7.697328404818,2.28,-0.113988380297,21.0611281107,,2026-05-13
199,874222,欣战江,0.2468,83858499.26,19.2899356439,-16.0691,14028068.19,18.3783113456,-30.4348,10.179680628848,2.46,0.166903001759,33.139099847,,2026-05-13
200,301697,贝特利,,565634900.0,,,17079900.0,,,,,,,,2026-05-13
201,300860,锋尚文化,-0.01,93632914.93,171.1226947103,-52.8237,-1315075.43,77.58,-106.6637,16.643844814992,-0.04,-0.13932629825,9.2265614356,专业服务,2026-05-13
202,874637,百瑞吉,0.31,72192146.84,23.1385728682,-1.0399,18802092.48,16.8088251095,6.0848,4.325199340167,7.53,0.204725365,81.4827838828,,2026-05-12
203,874456,石羊农科,1.6,1007613060.92,39.4539174225,-12.0784,149673971.86,2714.6268134812,10.9208,18.601248214148,8.9,1.409758250268,20.2760459142,,2026-05-12
204,688235,百济神州,-0.07,8047870000.0,50.1653749026,-0.3742,-94503000.0,95.047157945,92.6832,17.999837946491,-0.38,-0.137765334896,85.8622840578,化学制药,2026-05-12
205,920176,维琪科技,0.47,64670482.89,39.4918478053,-18.1632,23325100.26,116.80318738,-2.1902,11.0368209808,4.33,0.4041677646,66.7561860694,化妆品,2026-05-11
206,920083,金戈新材,0.12,116780774.25,35.9171017149,-21.2961,8365401.58,-20.3866568119,-17.8725,,,,19.041420219,非金属材料Ⅱ,2026-05-11
207,920072,科莱瑞迪,0.17,64699719.35,,,10557553.95,,,,,,60.2818768332,医疗器械,2026-05-11
208,874919,济人药业,0.07,284962022.41,,-16.0713,24276850.66,,-40.5781,,2.94,,41.8040298256,,2026-05-11
209,874774,里得科技,0.01,45452290.31,1.8416969621,-75.6024,535175.14,791.1891886377,-99.005,10.169155512651,0.08,-0.039076321232,29.9010342654,,2026-05-11
210,874640,百迈科,0.3,40033090.22,,-36.1884,12226796.34,,-36.1934,,4.01,,76.9468365563,,2026-05-11
211,874527,贝尔生物,0.41,77079363.6,,-19.7769,30892412.63,,21.2076,,,0.191606903067,76.1247214423,,2026-05-11
212,874387,百英生物,0.5451,108658141.26,27.8062627869,-1.6795,32491322.41,22.3020992356,-7.0016,15.241194987041,3.65,0.217836628679,68.0250027406,,2026-05-11
213,873974,培源股份,0.19,151883698.7,,-1.7679,12662966.31,,-42.5391,,2.58,,24.3319138896,,2026-05-11
214,001235,里得电科,0.01,45452290.31,1.8416969621,-75.6024,535175.14,791.1891886377,-99.005,10.169155512651,0.08,-0.039076321232,29.9010342654,,2026-05-11
215,600400,红豆股份,-0.008,752021516.58,15.6360477603,17.9193,-19382839.27,-147.0071544689,87.4955,1.095173796065,-0.76,-0.016688092235,37.1719235536,服装家纺,2026-05-09
216,000928,中钢国际,0.1614,3518655777.49,-28.2105185557,-30.2432,231576304.51,7.78,18.7863,5.979342486232,2.74,-1.139924137686,13.7452680764,专业工程,2026-05-09
217,874885,鑫巨宏,0.38,115279687.22,,-18.2895,22764186.03,,-14.42,,,,32.8786342278,,2026-05-08
218,874669,德硕科技,0.49,213679311.17,14.7277480364,-24.8848,24625159.95,24.9722492359,13.7703,8.1881330094,6.2,0.0889119734,18.7655329617,,2026-05-08
219,874539,四维材料,0.19,510529450.74,,,11809934.57,,,,,,6.2169517711,,2026-05-08
220,872893,威易发,0.52,34064286.11,6.9833543606,3.4578,15670952.07,-0.2398013083,19.206,6.998648285667,8.49,0.478705624333,68.5544420763,,2026-05-08
221,688635,长进光子,,44729949.63,,,15182730.42,,,7.762745220739,3.41,0.254877161097,68.7009330531,通信设备,2026-05-08
222,603407,长裕集团,0.14,388515682.29,,-7.4085,51987619.49,,-10.6657,,4.03,,24.0308203596,化学原料,2026-05-08
223,301531,春光集团,0.12,243292213.12,21.3432514961,,20389598.57,17.3008500324,,,2.97,,19.779065566,金属新材料,2026-05-08
224,300817,双飞集团,0.0594,207496086.62,13.1592641349,-13.317,12966402.85,-0.8,-29.0455,4.79606627424,1.25,-0.022528248739,24.3918268843,通用设备,2026-05-08
225,300152,*ST动力,-0.0077,56475248.13,79.3332876067,5698.0151,-5506980.36,66.06,87.9,0.330716519641,-2.31,-0.010006424607,22.293270073,环境治理,2026-05-08
226,920258,聚仁新材,0.0827,153300870.15,58.5796098616,,29784495.47,45.2864998482,,1.994924549139,4.24,0.086695285639,31.2002876782,化学制品,2026-05-07
227,920238,长鹰硬科,0.15,213167561.35,5.4596820223,-14.7759,11890294.77,5.3744476569,-33.3213,9.067500313088,1.72,-0.076715001105,17.7349164904,通用设备,2026-05-07
228,920189,康美特,0.14,99736933.02,26.4979312811,-10.5167,17314755.79,69.1857137095,-6.725,4.278248506156,3.42,0.147200764559,39.6967585739,电子化学品Ⅱ,2026-05-07
229,874685,苏州双祺,0.06,69276816.17,8.5650010475,-69.0621,3603243.24,-49.9807883944,-87.7579,6.264033394245,0.92,-0.085720384173,20.1087047156,,2026-05-07
230,874433,安达股份,0.27,238593208.62,6.1687779184,7.5885,22383272.74,6.0805814221,209.3343,5.0306863675,5.44,0.107251391429,19.0311486243,,2026-05-07
231,874279,定西高强,0.38,177542519.16,59.5439371738,-34.0195,17430343.91,130.4793450939,-32.5594,,,-0.028703816475,20.345838389,,2026-05-07
232,874149,同富股份,0.38,586293540.25,12.247344735,-22.4283,38358993.82,0.1759362787,-39.0948,,,-0.328351663204,25.5775876562,,2026-05-07
233,688216,气派科技,-0.3,131615560.56,6.5026892438,-23.0815,-32172383.38,-52.432136892,21.9336,5.817034982564,-5.04,-0.185464680301,-4.5473340041,半导体,2026-05-07
234,002863,今飞凯达,0.04,1214827989.45,28.247726987,-21.3581,25355869.87,-0.33,294.9621,4.640294189905,0.92,0.377861036285,14.9822541801,汽车零部件,2026-05-07
235,874827,元立光电,0.42,76135678.01,,,12179405.94,,,,,,33.9768399995,,2026-05-06
236,874679,正大种业,0.15,80144680.74,,-69.5512,22095028.61,,-74.6653,,,0.001153906153,46.9109074025,,2026-05-06
237,874251,衡美健康,0.4,216889235.02,-10.1399392426,-10.8078,20206129.63,-23.1188081895,30.0507,10.2613886338,4.02,-0.7073820428,22.4801982014,,2026-05-06
238,600166,福田汽车,0.055,14801358565.44,15.0089812483,24.0067,435673639.31,70.08,223.8973,1.859017763782,3.0,0.223484971687,10.8981782746,商用车,2026-05-01
239,600085,同仁堂,0.425,5275676318.68,0.1592311283,10.4259,582207170.28,1.1,230.3949,10.043379307564,4.32,0.607071638116,45.5124733617,中药Ⅱ,2026-05-01
240,920218,新天力,0.2,242190674.38,-5.6417696649,-4.7188,13892852.44,-29.7836563714,0.9309,7.535668460316,2.66,0.010558138727,17.9633255415,包装印刷,2026-04-30
241,900948,伊泰B股,0.44,10563741773.4,-14.9945733449,-25.5486,1282880562.76,-28.81,2252.1161,16.953897902606,2.63,0.709216964859,29.4325932319,煤炭开采,2026-04-30
242,900945,海控B股,0.0063,17601299000.0,0.2928506048,30.312,272274000.0,-60.34,108.7998,0.057928690456,11.4,0.069051471076,10.2489821916,航空机场,2026-04-30
243,900943,开开B股,0.033,269631863.97,15.0460601576,-22.7397,7978415.0,-65.7,1922.0751,2.57958009284,1.28,0.343112910741,17.5279542574,医药商业,2026-04-30
244,900942,黄山B股,0.0506,403021557.03,19.7850331459,-22.391,36894968.31,44.69,22.5265,6.431215774344,0.79,0.081299349581,39.2377070362,旅游及景区,2026-04-30
245,900938,海科B,0.0148,261919253.36,-11.2703530147,-6.6507,42977774.69,-22.68,236.1176,2.598899211603,0.57,-0.004758282774,7.4348820372,航运港口,2026-04-30
246,900936,鄂资B股,0.16,5602616569.58,-16.3901967344,-31.9701,459012443.6,32.44,264.744,7.664435132827,2.16,0.256921149328,23.7552337111,冶钢原料,2026-04-30
247,900934,锦江B股,0.03,2941576615.63,-8.2540040008,-10.1162,36012056.27,-81.03,118.5024,14.4730104897,0.23,0.563353608729,31.8453326625,酒店餐饮,2026-04-30
248,900929,锦旅B股,0.0647,123593161.57,4.9691495119,-57.4796,8574764.35,195.77,-81.1036,7.806697633692,0.83,-0.045216800986,12.6898940045,旅游及景区,2026-04-30
249,900927,物贸B股,0.0136,472353020.25,-45.2135608189,142.2325,6742079.94,30.58,41.822,2.443591875301,0.5577,-0.116106312854,14.0536613643,汽车服务,2026-04-30
250,900924,上工B股,-0.0357,1098630442.1,0.9577015827,7.067,-25055496.62,-255.03,87.8061,4.148278749444,-0.8479,-0.185498124407,17.4040541817,专用设备,2026-04-30
251,900923,百联B股,0.108,7592873215.97,-14.0029251429,25.3459,192758677.91,0.09,468.6821,11.137943979407,0.98,-0.292629358997,24.5742138034,一般零售,2026-04-30
252,900922,三毛B股,0.019,367088822.33,50.6572873345,-5.7898,3762142.11,-26.59,78.0109,2.315502834269,0.81,-0.05505038518,4.7184284746,综合Ⅱ,2026-04-30
253,900921,金煤B股,-0.036,237740080.32,17.9139183503,29.8674,-36621153.52,27.1575062506,66.3838,0.189536795502,-17.3682,0.012400379326,-4.6607125332,化学原料,2026-04-30
254,900914,锦在线B,0.0239,382026886.18,-17.7935489193,-23.9946,13186818.4,-67.92,-61.6702,7.578617570617,0.299,-0.06173916623,12.2623071791,铁路公路,2026-04-30
255,900913,国新B股,0.06,5501551901.96,-5.9916260038,29.7894,116504757.0,-4.38,135.3353,1.810580095511,3.4,0.431510977875,8.9605087934,燃气Ⅱ,2026-04-30
256,900912,外高B股,0.0359,1316164958.85,4.3381696917,-38.7895,40751608.28,4.29,-92.0763,11.512774245449,0.3123,-1.328386201573,29.3390110998,房地产开发,2026-04-30
257,900911,金桥B股,0.0919,510483658.07,-43.8792241165,-26.1012,102950334.86,-54.87,-83.1603,12.843211975444,0.71,0.904580933079,61.4757147715,房地产开发,2026-04-30
258,900910,海立B股,0.01,6753488847.9,21.0346501161,88.958,15256118.62,333.804089313,36.9785,5.701355203672,0.25,0.176448207324,10.9944881624,家电零部件Ⅱ,2026-04-30
259,900903,大众B股,-0.02,541987785.91,-26.1355074146,-14.8249,-36090335.0,-296.76,-202.0605,4.083708824361,-0.37,0.012375574288,17.3594537399,铁路公路,2026-04-30
260,874923,和烁丰,0.42,253245347.25,,,42758984.6,,,,6.85,,27.3436426896,,2026-04-30
261,874865,森峰激光,0.47,334995784.19,,3.98,26747577.66,,72.2482,,,,29.9209928872,,2026-04-30
262,874712,浙阿波罗,0.47,100283082.46,,,13028634.19,,,,5.43,,26.6408803605,,2026-04-30
263,874344,瑞思普利,-0.32,1067.26,,-99.5092,-12702458.87,,52.097,,-10.12,,,,2026-04-30
264,874235,远大健科,0.33,229373291.12,,,17058435.6,,,,,-0.082760509608,52.0247878806,,2026-04-30
265,874178,孕婴世界,0.12,402874491.41,52.1126511181,72.7108,44050998.06,33.7572177513,73.4086,1.886933498397,6.7,-0.045157823236,18.023115615,,2026-04-30
266,873999,凯瑞博,0.17,143354722.32,,,12770187.74,,,,4.44,-0.1116648984,21.384167193,,2026-04-30
267,873619,太湖文旅,-0.0005,1302089.85,,,-4692.41,,,,-0.02,-0.676233349,47.2868857706,,2026-04-30
268,873534,金万众,0.34,210024121.12,-4.647031426,-11.2314,20310612.49,-21.27,5.7016,13.7649713515,2.49,0.5697303915,23.6098789347,,2026-04-30
269,873404,潍坊精华,2.28,96272317.14,,9.0738,23683904.13,,127.4364,,11.55,,41.2911098236,,2026-04-30
270,872920,富铭科技,-0.03,10095441.34,,,-1527728.27,,,,-2.03,-0.047195473133,19.4560784799,,2026-04-30
271,872774,威沃敦,0.36,55367682.66,180.302737764,,17891796.41,1220.2033642503,,5.251940721,7.07,-0.3068997716,57.5560523739,,2026-04-30
272,870804,科志股份,0.41,75683724.88,,,39054650.94,,,,7.25,0.218933719988,64.1758047546,,2026-04-30
273,870307,传味股份,0.19,148238488.88,,,14914569.07,,,,12.36,0.201409497715,14.2757917865,,2026-04-30
274,836047,信元股份,0.5,44958523.91,,,25155631.57,,,,8.21,0.093387088823,85.0764070159,,2026-04-30
275,835595,固润科技,0.2,119894454.08,,,18714563.39,,,,4.95,-0.281262739863,28.638289722,,2026-04-30
276,835401,杭摩集团,0.0,424585459.98,,,-829480.77,,,,-0.11,-0.069498381962,7.9899675678,,2026-04-30
277,835075,清源投资,-0.09,5616307.52,,,-1836418.78,,,,-0.67,-0.072762634,,,2026-04-30
278,834418,好买财富,0.16,219419871.98,28.2121706466,6.0046,54360198.95,85.24,-15.7926,5.375194881678,2.96,-2.399373142039,95.9016587883,,2026-04-30
279,833565,方元企业,0.0112,2690973.88,-51.2164793819,-37.3162,1108708.48,7.54,123.8645,1.429052832963,0.72,0.006475913056,,,2026-04-30
280,689009,九号公司,0.636,5112484338.21,99.5190714546,55.3732,456169406.71,236.22,298.5525,9.26952053241,7.12,2.185341409365,29.6726508346,摩托车及其他,2026-04-30
281,688820,盛合晶微,0.08,1501193194.02,,,126251465.91,,,,0.92,,30.7137111936,半导体,2026-04-30
282,688819,天能股份,0.43,10238532492.43,9.7556323703,-15.7614,420372768.45,-16.34,365.3677,16.757634422045,2.61,-1.426211856815,14.8975729887,电池,2026-04-30
283,688816,易思维,-0.25,19816913.93,,-90.6198,-18957479.56,,-121.5698,,-4.07,,43.2403099204,自动化设备,2026-04-30
284,688811,有研复材,-0.0068,65881072.4,,-74.7684,-2516849.57,,-106.5919,,-0.34,,25.4183139709,金属新材料,2026-04-30
285,688805,健信超导,0.12,134974084.82,,-2.9895,15408918.67,,-28.0286,,3.2,,25.6542791353,医疗器械,2026-04-30
286,688802,沐曦股份,-0.9,320415255.58,,-38.3531,-232512231.0,,62.9345,26.64826683575,-5.29,-1.47588193025,55.2575095931,半导体,2026-04-30
287,688793,倍轻松,-0.02,197014270.73,-32.8281433392,-20.739,-1832539.23,-111.74,35.6238,4.330662581911,-0.5,-0.718408377764,61.2379798341,小家电,2026-04-30
288,688789,宏华数科,0.6,478277626.29,29.7928017918,-8.9793,108328394.49,25.2,3.7786,18.213599629007,3.42,0.04368097173,42.8364045124,专用设备,2026-04-30
289,688776,国光电气,0.02,104952504.54,-34.0677630404,27.449,2117707.41,-92.65,-43.7417,17.084433578258,0.11,-0.202202738871,29.8539698193,军工电子Ⅱ,2026-04-30
290,688772,珠海冠宇,-0.02,2498358236.32,-1.9802096917,-17.3713,-23700421.2,-337.09,-114.5962,6.215547723654,-0.33,0.449978753728,21.3836495961,电池,2026-04-30
291,688750,金天钛业,0.0204,133134354.14,-34.1741200241,-30.1328,9435260.98,-74.04,-72.937,5.301397828303,0.39,-0.223360923481,33.3099127092,小金属,2026-04-30
292,688737,中自科技,0.06,402838256.87,7.5192990755,-20.6868,7701600.96,-46.91,163.5407,15.335941773992,0.42,-1.426525380872,12.4868063775,汽车零部件,2026-04-30
293,688733,壹石通,-0.08,119939565.89,5.4601833049,-7.5958,-16801086.49,6.2393305863,-509.6398,10.939281226312,-0.77,-0.30653148842,16.1259549978,电池,2026-04-30
294,688728,格科微,-0.02,1524264403.0,18.20680714,-16.6684,-51730895.0,-271.5,-128.9493,2.971788780997,-0.67,0.093227077981,20.8530512406,半导体,2026-04-30
295,688721,龙图光罩,0.13,54367405.98,-8.9672637309,-8.6879,17333901.54,-30.0,-14.4599,9.157592722097,1.43,0.024774586966,52.439909972,半导体,2026-04-30
296,688711,宏微科技,0.0051,297430509.01,20.6986669463,-15.4237,1083674.81,163.1446631011,105.8551,4.861196112478,0.1,0.101108586389,16.4192835673,半导体,2026-04-30
297,688710,益诺思,0.04,209174466.13,-29.3513689638,-19.3108,5518507.32,-90.33,-63.1915,17.000064571676,0.23,-0.372971217293,28.2518630468,医疗服务,2026-04-30
298,688709,成都华微,0.03,155667231.84,11.8591281228,-14.0617,21881762.52,-62.68,-36.0397,4.453934946993,0.78,-0.248522871127,76.8754521909,半导体,2026-04-30
299,688699,明微电子,-0.3,110469144.2,-11.7574849025,-32.8675,-33281556.45,-2981.27,-2266.1885,10.947118148935,-2.72,-0.052227204668,23.1855201246,半导体,2026-04-30
300,688696,极米科技,0.92,809855500.01,-1.8948269826,-27.8976,62639120.35,337.45,-60.9661,42.767561216,2.11,-2.144216306857,34.0080606524,黑色家电,2026-04-30
301,688693,锴威特,-0.17,44829345.72,100.9112655933,19.1014,-12834346.22,19.5387049061,78.386,12.008064105348,-1.44,-0.290771103459,28.7643202971,半导体,2026-04-30
302,688681,科汇股份,-0.01,82934740.57,31.778839858,-40.5624,-589132.26,87.7852552738,-103.9269,5.496401328939,-0.1,-0.096238880004,39.4798432297,电网设备,2026-04-30
303,688679,通源环境,-0.0196,268671799.03,0.025878495,-50.7399,-2576335.17,10.1261302872,-117.272,8.664302178436,-0.23,0.104763834067,15.066538664,环境治理,2026-04-30
304,688678,福立旺,0.04,338482880.88,37.5982489305,-12.221,14092204.78,-48.04,232.534,7.031266357085,0.89,0.156828139943,21.7868274662,消费电子,2026-04-30
305,688671,碧兴物联,-0.13,52826523.32,9.2382154194,-68.1528,-10224590.66,-443.4603223905,62.4071,13.899257116822,-0.93,-0.582192258297,20.7951897638,环保设备Ⅱ,2026-04-30
306,688667,菱电电控,0.34,311715839.7,21.5472402405,-14.7617,17476021.21,4521.16,124.5366,31.727195552625,1.07,1.393064664382,18.5910566835,汽车零部件,2026-04-30
307,688665,四方光电,0.33,215470777.38,51.8770451248,-35.235,32751739.4,64.98,-36.0222,10.64168961998,3.13,-0.277489018581,43.4950350946,通用设备,2026-04-30
308,688658,悦康药业,-0.11,577383322.42,-40.3468014371,-26.8283,-49271134.83,-171.09,42.7133,7.840797404311,-1.39,0.1800925182,44.7807443704,化学制药,2026-04-30
309,688651,盛邦安全,-0.18,47251262.35,11.9391997488,-68.5692,-13296064.33,-31.79,-136.4465,12.842937250892,-1.36,-0.463422388361,74.2901585147,软件开发,2026-04-30
310,688630,芯碁微装,0.39,242243054.27,22.3116576456,2.6305,51866824.57,30.45,822.9892,16.050228382469,2.48,-0.237699913366,41.2502870892,专用设备,2026-04-30
311,688627,精智达,-0.17,152111547.64,83.163258281,-35.7992,-16215794.47,-12.2776897626,-156.3444,17.867943180062,-0.95,-0.144260032421,27.7113265455,通用设备,2026-04-30
312,688625,呈和科技,0.53,218778735.84,14.239544641,-5.8463,71464345.04,15.82,36.5267,10.240697144571,5.23,0.21040689815,46.8101234779,化学制品,2026-04-30
313,688622,*ST禾信,-0.1,31672994.67,-32.0366750222,-40.2889,-7068804.09,52.9344728633,70.3467,5.371381780543,-1.86,-0.239489166244,31.196542395,通用设备,2026-04-30
314,688618,三旺通信,0.07,80785590.15,7.0063671471,-28.0642,7972658.96,-48.44,1848.5113,7.880749471564,0.92,0.102312172475,60.1773692062,通信设备,2026-04-30
315,688615,合合信息,0.83,394996238.33,20.9367978313,1.5741,116143713.97,18.16,23.52,27.7379878038,4.28,1.1180686932,85.5998280413,软件开发,2026-04-30
316,688611,杭州柯林,0.03,34154581.83,8.665600485,-87.7004,4700627.54,4.67,-88.4226,8.17264668705,0.53,-0.022694800664,65.5908298673,电网设备,2026-04-30
317,688608,恒玄科技,1.1345,994502617.04,52.253579485,25.8838,190521768.4,590.22,11.1756,55.855911642096,2.88,0.031971484426,38.4665523404,半导体,2026-04-30
318,688605,先锋精科,0.21,299978544.28,38.5799006829,12.4007,41983737.53,-10.26,8.0169,7.547942758246,2.79,-0.151877752151,27.7593724244,半导体,2026-04-30
319,688601,力芯微,0.08,164215216.85,-25.518496547,-10.0162,9973484.46,-81.35,-60.7157,9.538550282327,0.74,-0.052798744658,44.130265934,半导体,2026-04-30
320,688599,天合光能,-0.61,14335076784.4,-21.4771788782,-16.3374,-1319686059.24,-355.88,49.1786,11.277718104879,-5.12,-0.383585831695,6.6123912745,光伏设备,2026-04-30
321,688595,芯海科技,-0.17,158383617.52,4.6644744794,-15.7236,-24037626.66,32.1514515394,58.4767,4.723132131408,-2.71,-0.287654380682,37.191193611,半导体,2026-04-30
322,688590,新致软件,0.06,434173272.66,0.2137757876,-28.9514,15727920.77,4.04,165.8006,5.352334951886,1.08,-0.767726784724,29.9826909894,软件开发,2026-04-30
323,688586,江航装备,0.03,210187624.13,-31.9608811237,-30.2815,20023868.3,-67.1,278.4544,3.180215795805,0.86,0.043911442201,27.8148876376,航空装备Ⅱ,2026-04-30
324,688585,上纬新材,0.06,369095560.98,10.6541349009,-6.9299,22550592.23,22.26,-4.5844,3.183793026616,1.77,0.255640829687,15.0882827396,塑料,2026-04-30
325,688584,上海合晶,0.03,280141231.92,12.4729345064,6.0776,19207629.92,5.15,-54.1677,6.258255279275,0.46,0.147840053005,23.5262666828,半导体,2026-04-30
326,688579,地纬智能,0.0132,89742349.87,-18.4700356712,-60.2312,5289711.83,-64.13,-83.9534,3.447198278843,0.38,0.009649173396,52.7015487209,软件开发,2026-04-30
327,688576,西山科技,0.23,65877143.55,-11.2025823794,-48.9491,11476820.16,-55.66,-64.98,37.205324356838,0.66,-0.082305096549,67.6430373703,医疗器械,2026-04-30
328,688573,信宇人,-0.27,54919491.06,3.9383146322,-87.2837,-25865257.17,9.2700819341,-300.1664,7.840396743725,-3.26,-0.424246662155,9.4172991777,电池,2026-04-30
329,688570,天玛智控,0.12,331452771.41,-29.3270492438,-48.6785,53743357.95,-46.5,-9.2862,10.159154438568,1.23,-0.252584365727,39.9783879454,自动化设备,2026-04-30
330,688567,孚能科技,-0.12,2325244673.15,-20.4830437737,-5.8124,-152490985.19,29.8234327876,-439.5028,7.991456101745,-1.55,-0.103126285594,11.963760674,电池,2026-04-30
331,688562,航天软件,-0.11,66103148.94,-16.3068373448,-89.8574,-44541662.28,-108.9814149137,-5596.9636,4.231097809975,-2.6,-0.476581489075,31.3188713276,IT服务Ⅱ,2026-04-30
332,688561,奇安信,-0.61,686081196.14,-2.6485229932,-58.1293,-417684036.61,13.0335895091,-105.3558,12.180936122123,-4.88,-1.114748126529,53.7855250204,软件开发,2026-04-30
333,688559,海目星,-0.77,538906533.66,-48.5757999791,-39.9425,-188801982.52,-556.46,42.8722,12.335716051688,-6.02,0.341692574753,17.5602169855,自动化设备,2026-04-30
334,688558,国盛智科,0.26,286121000.28,16.4805415428,20.231,34633567.42,30.43,20.8105,12.652617757652,2.1,0.059153632652,24.7028035519,通用设备,2026-04-30
335,688557,兰剑智能,0.02,177281127.53,147.085502564,-52.6217,1644942.52,115.178346521,-96.61,11.450354508327,0.14,-0.106311292132,27.823602251,通用设备,2026-04-30
336,688556,高测股份,-0.1,685788649.85,-51.7049208417,-34.2223,-74139768.85,-135.03,70.2889,6.374886914512,-2.03,-0.54557044841,6.8869518401,光伏设备,2026-04-30
337,688529,豪森智能,-0.19,505853626.89,15.0346731575,134.3419,-31556714.02,-502.97,66.9915,11.855117140796,-1.58,1.282699996295,18.783583849,专用设备,2026-04-30
338,688526,科前生物,0.23,245188828.52,19.6456045225,-11.2975,108236874.48,24.08,-11.0985,8.717534195346,2.7,0.300427819196,65.8762076621,动物保健Ⅱ,2026-04-30
339,688521,芯原股份,-0.44,389670345.85,22.4866311708,-42.0059,-220343448.02,-6.4543895033,-7.4737,3.837089110639,-10.91,-0.438792394749,39.0578860185,半导体,2026-04-30
340,688520,神州细胞,0.13,519736501.03,-15.1455261614,-9.7252,63767813.04,-14.06,267.7969,-0.908739375055,36.86,-0.240083206756,94.8760105655,生物制品,2026-04-30
341,688518,联赢激光,0.14,870273632.51,19.542557592,-8.3516,46919518.83,65.12,-33.7094,9.356117195163,1.48,0.124420382041,26.0255881908,自动化设备,2026-04-30
342,688511,天微电子,0.1544,40449728.91,9.1594476726,1036.1818,15848433.31,65.6,148.8864,8.053857829622,1.93,-0.106137070365,66.2636372907,军工电子Ⅱ,2026-04-30
343,688505,复旦张江,0.0,179906064.0,21.8486871964,12.0516,2665114.0,13.53,105.7026,2.225796761267,0.12,0.006637561439,91.0781423132,化学制药,2026-04-30
344,688502,茂莱光学,0.3167,142218693.32,28.2278976287,11.5726,16640986.05,288.73,50.8654,22.545454848295,1.15,-0.243262567803,50.4855289793,光学光电子,2026-04-30
345,688500,慧辰股份,-0.24,76968864.09,8.3669360374,-55.6529,-17657023.18,6.350808433,-325.9344,9.743574032733,-2.41,0.000203688183,24.3589391654,IT服务Ⅱ,2026-04-30
346,688499,利元亨,0.08,714718608.26,-6.0036100544,347.8895,12819736.02,106.8242664425,102.4454,13.257245565791,0.56,0.701993048833,34.840979327,电池,2026-04-30
347,688489,三未信安,-0.2963,65530690.26,32.7002943375,-70.0149,-34011422.49,-241.2718291827,-221.6518,15.849580704897,-1.8542,-0.645416266746,65.8655246095,计算机设备,2026-04-30
348,688488,艾迪药业,0.04,197860545.62,112.9961431399,66.3686,15581976.25,214.5153447581,119.4137,2.36786556168,1.58,0.09447669882,62.0364408202,生物制品,2026-04-30
349,688484,南芯科技,0.15,685240476.74,13.8557268718,2.5639,63492563.31,-36.86,80.8017,9.414670223689,1.6,-0.026756187183,38.1634709502,半导体,2026-04-30
350,688478,晶升股份,-0.02,70813548.29,-12.692045161,-28.9426,-2533160.76,-117.1,-301.0142,11.370007651802,-0.16,-0.368438639477,4.5282751782,半导体,2026-04-30
351,688458,美芯晟,0.03,125143942.62,32.1827818012,7.5688,3671138.56,127.6777602102,110.6975,16.72101902766,0.2,-0.033932621812,37.5853791204,半导体,2026-04-30
352,688443,智翔金泰,-0.33,20155818.67,318303.775352394,14.4758,-120722370.11,26.285426164,51.8899,5.456055798735,-5.85,-0.301860886822,82.9263014996,生物制品,2026-04-30
353,688439,振华风光,0.1004,189223791.08,-45.6903213071,-10.3314,20085021.1,-85.63,-48.8376,24.5539912865,0.41,-0.29446607185,58.3016134812,军工电子Ⅱ,2026-04-30
354,688426,康为世纪,-0.21,43005484.73,49.3087928291,55.8637,-22743420.04,21.49,63.0536,12.807075666253,-1.57,-0.168381486216,50.6866908648,医疗器械,2026-04-30
355,688418,震有科技,0.0105,168492571.31,-6.3636850499,-55.0629,2028242.28,-71.0,-81.2735,4.766745715097,0.22,-0.232584710139,50.0210872769,通信设备,2026-04-30
356,688410,山外山,0.1162,189262367.9,16.7695857141,26.7651,37006398.74,8.1,313.7956,5.378802305008,2.17,0.048016969083,46.7174048973,医疗器械,2026-04-30
357,688409,富创精密,-0.07,761934162.14,8.6187038758,5.1418,-22156865.51,-136.67,-271.526,14.923440673189,-0.48,0.004733534014,24.1473363516,半导体,2026-04-30
358,688408,中信博,0.51,1558587882.22,-14.0897540538,-48.7964,110171508.5,-28.46,-46.0581,20.698532955124,2.47,-3.143169741667,18.8953576907,光伏设备,2026-04-30
359,688403,汇成股份,0.05,374578911.73,18.800017758,-13.0801,40588834.35,54.17,-31.1159,3.831934889526,1.26,0.179358531554,23.9555625797,半导体,2026-04-30
360,688401,路维光电,0.26,260079968.49,47.0881047427,-4.7267,49150120.45,19.66,-29.5867,7.461161057212,3.47,0.54172343826,34.1004254518,半导体,2026-04-30
361,688399,硕世生物,0.15,91608367.51,0.5366233342,12.3741,12819431.9,-68.01,144.0283,57.586849076202,0.39,0.075299965686,57.9302311813,医疗器械,2026-04-30
362,688391,钜泉科技,0.08,121389924.86,-3.856539426,-14.8736,8937596.36,-53.45,-59.5581,16.397593702279,0.48,-0.284351939287,41.0040246647,半导体,2026-04-30
363,688386,泛亚微透,0.24,131254670.15,26.6019666479,-19.1933,24080972.58,43.22,-26.0012,10.711145156,3.26,-0.040378990714,48.4793458528,塑料,2026-04-30
364,688385,复旦微电,0.17,887947169.25,-0.5373036288,-2.0551,136177463.96,-15.55,-6.3145,7.348515267267,2.28,-0.032370108955,58.1352466382,半导体,2026-04-30
365,688379,华光新材,1.11,585885426.05,62.5789356902,7.1838,95435178.6,1140.9,4703.3908,12.1379590851,9.14,-0.974827021923,10.6322888333,通用设备,2026-04-30
366,688375,国博电子,0.1,350016384.48,-49.50746806,-54.9814,57531429.42,-52.37,-67.7224,10.477353294674,0.93,-0.337018690724,43.0083873484,军工电子Ⅱ,2026-04-30
367,688371,菲沃泰,0.02,104965754.87,12.9714883992,-21.2235,6313627.91,20.04,-64.699,5.686864866982,0.33,0.100226906297,50.8729619161,电子化学品Ⅱ,2026-04-30
368,688363,华熙生物,0.21,1077926981.07,-20.771650471,-27.9473,101893380.76,-58.13,154.2689,14.38490189588,1.48,-0.047702053542,72.1517061831,医疗美容,2026-04-30
369,688360,德马科技,0.12,350977061.6,25.5462696661,3.4643,31634997.78,49.12,230.3893,7.519313355892,2.26,-0.641528907234,32.1186385846,通用设备,2026-04-30
370,688357,建龙微纳,0.25,177559657.97,-7.3893754558,-16.6676,25411823.99,-19.68,78.6549,16.970505794206,1.4,0.071543060103,30.3677794024,化学制品,2026-04-30
371,688353,华盛锂电,-0.27,166142190.23,62.6377236772,-3.9931,-43082807.88,-236.498789471,-0.2435,21.298281523574,-1.26,-0.507075751348,-5.280496199,电池,2026-04-30
372,688351,微电生理,0.038,104099813.81,16.7659930418,-14.8821,17870494.14,328.63,72.7668,3.744796479919,1.02,0.073928814556,60.5643478432,医疗器械,2026-04-30
373,688348,昱能科技,0.18,190809757.15,-55.3920228959,-19.718,28879698.84,-27.68,406.7765,23.283263380923,0.8,-0.430029122695,43.4899106206,光伏设备,2026-04-30
374,688343,云天励飞,-0.24,264068820.2,168.2305216756,-39.2105,-85641998.79,37.8581802503,44.2968,10.918609808131,-2.19,-0.222550229615,29.4608516867,IT服务Ⅱ,2026-04-30
375,688339,亿华通,-0.4,10526272.58,-19.9157490152,-78.9741,-93008005.78,-1.9775378911,53.0932,10.655567008008,-3.7,-0.381086925699,-108.9887189678,电池,2026-04-30
376,688333,铂力特,-0.0551,227008450.71,7.2997572914,-57.4182,-14950153.56,-1661.3732507447,-125.8119,17.550718570763,-0.31,-0.485585508983,36.9397930023,通用设备,2026-04-30
377,688330,宏力达,0.1507,158955221.78,-26.8951128788,-43.3131,20896750.57,-42.68,-71.733,27.114934113214,0.55,-0.031184542786,47.3803252996,电网设备,2026-04-30
378,688325,赛微微电,0.1898,91259329.15,42.8282289162,-18.4456,15609631.28,110.43,-16.8661,20.409731895163,0.91,-0.209642198486,54.4629244735,半导体,2026-04-30
379,688323,瑞华泰,-0.1,79256915.65,44.88454192,-20.6758,-18414939.5,-11.1014220914,-114.0221,4.452133209956,-1.97,0.190079905789,20.6722498669,塑料,2026-04-30
380,688321,微芯生物,-0.047,162263736.11,24.2408440055,-8.2397,-19154672.71,-4.64,69.8283,3.526503894441,-1.22,0.048994656445,85.6448731932,化学制药,2026-04-30
381,688319,欧林生物,-0.0174,87490281.98,23.5761122436,-56.7333,-7073911.78,72.7894342276,-142.2786,2.26518391365,-0.77,-0.057900788257,93.4299143517,生物制品,2026-04-30
382,688318,财富趋势,0.18,54903476.57,-22.7214684655,-69.2772,46494495.17,-7.37,-70.9277,19.999208460222,1.28,0.038279945259,81.3907160561,软件开发,2026-04-30
383,688317,之江生物,-0.08,32134673.5,-37.270469038,-21.7602,-16017333.0,-159.53,86.0053,18.379700863975,-0.44,0.010413525278,64.3569334538,医疗器械,2026-04-30
384,688316,青云科技,-0.48,47012080.76,-37.0230240583,-19.5394,-22900693.15,-201.6291886313,30.602,1.341425205537,-30.29,-0.700552974111,19.5324163099,IT服务Ⅱ,2026-04-30
385,688307,中润光学,0.12,112205005.15,41.1671157592,-17.3036,10296115.8,-7.14,-34.7467,9.925152824205,1.19,-0.108440787841,33.4286397205,光学光电子,2026-04-30
386,688306,均普智能,-0.02,329387343.77,-31.1952874308,-69.7531,-30164943.77,21.19,-152.9538,1.436694946221,-1.71,-0.004392885181,24.6586063206,自动化设备,2026-04-30
387,688305,科德数控,0.1588,130858423.91,29.404115192,-41.6157,21102061.07,40.09,-63.3869,18.1209279907,1.15,1.002916020131,39.8575042413,通用设备,2026-04-30
388,688303,大全能源,-0.26,907246402.7,-69.5722247545,-35.4641,-558015371.85,-268.78,65.5325,18.460645155378,-1.4,-0.377922604135,-29.389711551,光伏设备,2026-04-30
389,688293,奥浦迈,0.13,83678844.28,4.9833715836,2.8179,14668012.82,-25.08,337.2489,18.605635225376,0.7,0.381404710262,60.091833405,生物制品,2026-04-30
390,688289,圣湘生物,0.16,475488325.65,21.6248275707,11.7531,91735483.67,13.22,14.4274,12.670999833055,1.26,-0.058366148625,76.7131515987,医疗器械,2026-04-30
391,688286,敏芯股份,0.05,134962790.04,53.0480328207,-20.1816,2848652.8,119.7186588149,-77.8418,18.413253578985,0.28,0.03414343045,25.9782045626,半导体,2026-04-30
392,688282,理工导航,-0.13,4337513.27,-61.6721508357,-95.9815,-10515967.44,40.802077944,-136.8239,14.47536070375,-0.82,0.069337487386,-22.0266378574,航天装备Ⅱ,2026-04-30
393,688275,万润新能,-1.26,2278166335.81,97.2975041053,-14.688,-155847073.58,-19.8272117902,42.8285,43.293808276271,-2.81,-3.690721928002,2.6584211937,电池,2026-04-30
394,688272,富吉瑞,-0.14,45438251.53,-40.5056929136,-36.7814,-10641181.25,-244.56,-1695.5607,6.490515671711,-2.14,-0.5488857425,36.5223517217,军工电子Ⅱ,2026-04-30
395,688265,南模生物,-0.01,88396140.55,6.5883109733,-24.0524,-966819.05,92.5035706004,-104.4573,21.588808467366,-0.06,-0.343064240191,48.9841205516,医疗服务,2026-04-30
396,688261,东微半导,0.06,282885275.77,63.4150349675,-12.3385,7805691.91,81.78,-18.6661,23.729001619715,0.27,-0.711217691416,13.6151147369,半导体,2026-04-30
397,688257,新锐股份,0.1847,528305638.31,33.9448580244,3.9961,46188475.36,7.45,0.5709,12.392052555948,2.08,0.101375160551,32.0159530269,通用设备,2026-04-30
398,688256,寒武纪,0.85,1111398926.8,4230.2203024577,12.3581,355465241.04,256.8155658397,30.6123,13.961639628477,6.32,-3.352104625913,55.9897126931,半导体,2026-04-30
399,688248,南网科技,0.1,509733375.74,0.8695584588,-43.6132,56933524.2,35.66,-33.3132,5.392740088295,1.89,-0.651628545564,32.510608955,电网设备,2026-04-30
400,688247,宣泰医药,0.05,108926965.45,-2.2301418177,-26.9001,20489309.09,-10.51,-41.6717,2.853252849627,1.6,0.144677733577,39.9271372523,化学制药,2026-04-30
401,688239,航宇科技,0.23,421927003.21,-26.9877483932,7.4896,42839627.97,-23.2,4.1156,12.815631904816,2.31,0.243632586173,26.2288644879,航空装备Ⅱ,2026-04-30
402,688237,超卓航科,0.02,78454610.6,-8.5729801041,-41.8433,2097402.68,-87.83,129.9244,13.695061847046,0.17,-0.344036190627,23.0402493133,航空装备Ⅱ,2026-04-30
403,688236,春立医疗,0.15,229843941.53,3.6032248031,-22.7606,58071117.89,5.2,-9.0316,7.503153677036,2.04,-0.196427979878,66.6850189654,医疗器械,2026-04-30
404,688223,晶科能源,-0.14,13842855175.6,-40.0318318165,-33.1298,-1389713611.93,-218.2,-24.5232,2.984812952368,-4.4,-0.261824976194,-3.2888845194,光伏设备,2026-04-30
405,688220,翱捷科技,-0.3,909945198.53,9.6142671259,7.5452,-122238253.41,2.4323740626,56.4284,13.403296519028,-2.17,-0.438016971104,26.3491536938,半导体,2026-04-30
406,688219,会通股份,0.11,1467517369.53,15.0704786166,-18.3541,49585854.73,14.67,19.3003,4.612632562707,2.27,0.162866103655,13.5002259083,塑料,2026-04-30
407,688218,江苏北人,-0.16,77869532.6,-41.9498706155,-77.9543,-18994777.56,-544.18,-150.1157,7.815528389069,-2.03,-0.39936762564,5.3945901173,自动化设备,2026-04-30
408,688213,思特威,0.48,1749619552.82,108.9358148252,-0.6235,191452874.73,1264.97,60.2101,11.08635991323,4.43,-1.220288177028,22.7925208602,半导体,2026-04-30
409,688212,澳华内镜,-0.21,123727829.72,-26.9175548489,-50.3093,-28791459.68,-1143.36,-76.7347,9.768637498018,-2.13,-0.590201301004,66.3576105762,医疗器械,2026-04-30
410,688211,中科微至,-0.21,375556662.19,8.9906132433,-44.2488,-26336182.12,36.9412086244,63.8533,26.773004803907,-2.36,-0.201242903945,19.9130075217,专用设备,2026-04-30
411,688206,概伦电子,0.003,91423973.13,11.7480616509,-34.6694,1504070.84,104.1239385193,103.8759,4.51662546763,0.08,0.022341153184,95.6444067309,软件开发,2026-04-30
412,688202,美迪西,-0.11,267091301.6,2.9227871865,13.1646,-14546830.68,61.2660168502,92.8047,15.783301776371,-0.68,0.006962479258,22.0344248343,医疗服务,2026-04-30
413,688192,迪哲医药,-0.46,159641464.34,96.316147679,644.2624,-192513348.95,14.1465682691,33.0378,0.044200826722,-181.43,-0.315258141659,95.5702976672,化学制药,2026-04-30
414,688190,云路股份,0.66,421060236.88,-4.8727801056,-17.783,78909141.97,4.34,-19.582,21.5370870735,3.1,-0.974061379667,29.9718538243,金属新材料,2026-04-30
415,688189,ST南新,-0.0293,40624818.43,-70.2109423831,6549.5723,-8028308.26,-143.66,97.2248,3.383978912573,-0.86,0.362019332544,51.9990003559,化学制药,2026-04-30
416,688188,柏楚电子,0.89,495841731.2,30.1219615779,14.0745,255458451.38,31.99,62.7467,27.919356340847,4.56,0.842910747002,77.7557155157,计算机设备,2026-04-30
417,688182,灿勤科技,0.06,125084899.49,53.2721008807,-11.8077,22659354.56,55.48,192.2878,5.50511636575,1.03,-0.00105236485,31.7531646761,通信设备,2026-04-30
418,688176,亚虹医药,-0.15,61101125.72,151.2429598861,-2.4112,-83530738.28,-0.8238324493,26.2248,3.317191323351,-4.33,-0.193609048439,78.8710003001,化学制药,2026-04-30
419,688173,希荻微,-0.07,177679311.25,44.5620717102,-11.3755,-27264802.83,44.233950517,71.3419,3.573188243466,-1.75,-0.103202546293,30.0114693685,半导体,2026-04-30
420,688171,纬德信息,-0.01,8899339.03,-57.7886818006,-74.6429,-960893.21,-124.8,-115.1016,9.781776156155,-0.12,0.070340521335,39.6612652704,软件开发,2026-04-30
421,688166,博瑞医药,0.03,248959843.43,-26.8051801129,-18.5676,12959776.09,-79.77,10.2192,5.742416961267,0.53,0.253257845378,43.9455978654,化学制药,2026-04-30
422,688165,埃夫特,-0.13,252280926.37,-24.7058975562,-29.0003,-67357493.77,-247.6259547498,-30.2162,3.020138757503,-4.23,-0.141403319943,5.46124512,自动化设备,2026-04-30
423,688161,威高骨科,0.13,290185005.08,-16.5925598451,-21.4522,51789016.82,48.37,-12.899,10.013272350875,1.3,0.1391381929,63.6761353775,医疗器械,2026-04-30
424,688159,有方科技,0.19,928460890.47,7.6663584203,85.8446,17599519.06,-70.03,254.2657,9.497550459297,2.04,0.008474345883,8.6501921076,通信设备,2026-04-30
425,688155,先惠技术,0.47,520727956.78,6.5051139275,-16.1919,58280864.69,20.46,66.7571,16.138957912229,2.93,-0.511013606979,27.5347783316,电池,2026-04-30
426,688152,麒麟信安,-0.17,35922054.32,-18.6167912909,-73.6725,-13680901.21,-88.086345699,-144.3161,15.715805963829,-1.11,-0.380555983829,82.6956045035,软件开发,2026-04-30
427,688150,莱特光电,0.15,144898495.88,27.0277788899,25.372,60874165.21,39.9,62.0469,4.589516390026,3.35,0.068524018625,72.7053584581,电子化学品Ⅱ,2026-04-30
428,688141,杰华特,-0.25,528146308.54,60.4159208909,8.4174,-113407581.3,45.7722304499,-17.7083,4.402344324494,-5.62,0.055537562276,29.6866284654,半导体,2026-04-30
429,688139,海尔生物,0.35,688989400.7,0.302855108,37.3001,110258240.35,-19.88,91.7836,14.01547483343,2.5,0.117058996559,48.354220891,医疗器械,2026-04-30
430,688133,泰坦科技,0.03,603969457.66,-9.0739668111,-20.3204,5129765.53,122.27,61.0614,16.987558301805,0.18,-0.66202632532,23.2489681157,化学制品,2026-04-30
431,688131,皓元医药,0.3,606125018.69,20.054685788,-6.9096,62384400.02,272.28,7.1122,13.442779925762,2.14,-0.154065747869,48.5834894716,医疗服务,2026-04-30
432,688129,东来技术,0.19,124763340.1,10.5275339042,-21.3548,21259207.53,6.39,7.8617,7.336124269498,2.48,0.027678196662,36.3459926238,化学制品,2026-04-30
433,688127,蓝特光学,0.11,255686070.84,52.9239194096,3.1383,45551922.09,55.52,-22.7305,4.655590664135,2.47,0.185460427677,34.7538304484,光学光电子,2026-04-30
434,688126,沪硅产业,-0.076,801607232.07,10.5965456783,-11.8192,-208528532.04,-5.4671382111,51.9602,4.231304429339,-1.74,-0.06060635374,-11.4476473002,半导体,2026-04-30
435,688116,天奈科技,0.17,334723402.97,8.9960748895,-17.9204,58144565.45,8.1,-13.9624,8.356538302784,1.99,-0.14042449787,33.190227882,电池,2026-04-30
436,688110,东芯股份,-0.14,142253839.61,33.8957412951,-26.6577,-59241841.0,-33.114081451,-60.9791,7.131040348155,-1.86,-0.12290262065,14.1717274804,半导体,2026-04-30
437,688106,金宏气体,0.09,622513751.39,5.6207838172,-6.7494,44003241.69,-42.47,576.1327,6.122283107964,0.95,0.199377052751,28.4905824512,电子化学品Ⅱ,2026-04-30
438,688092,爱科科技,0.12,95370774.97,4.2169627776,-25.4765,10303240.12,-36.73,-39.247,7.747267213393,1.62,0.094656996739,44.1678872309,专用设备,2026-04-30
439,688079,美迪凯,-0.04,149496795.19,29.0160396084,3.932,-15992072.74,32.118989171,57.2497,3.326180175559,-1.18,0.038758282936,29.9071787012,光学光电子,2026-04-30
440,688076,ST诺泰,0.5,565595756.61,58.9577554891,51.8178,152616552.22,130.1,181.8771,12.506089936152,5.57,0.661464148113,70.2040910756,化学制药,2026-04-30
441,688075,安旭生物,0.27,115296526.87,-10.9037436896,-16.1053,34029618.77,-51.52,-39.783,41.199381812118,0.66,-0.087335041196,42.3193530582,医疗器械,2026-04-30
442,688073,毕得医药,0.34,296374647.62,12.8315654651,1.9758,30693093.12,17.71,-8.5761,22.373513638664,1.5,0.078084603836,44.3361592785,医疗服务,2026-04-30
443,688071,华依科技,0.04,141539417.8,39.0188019923,11.626,2957040.69,130.5078221862,117.0358,12.783466545663,0.3,-0.370217891852,29.0445078191,专用设备,2026-04-30
444,688070,纵横股份,-0.32,38777178.23,42.2040336613,-85.5785,-27931235.95,3.83,-258.2483,6.186505963234,-5.03,-0.37698781457,51.4632607655,航空装备Ⅱ,2026-04-30
445,688066,*ST航图,-0.44,123769303.21,-44.0989885037,-46.2797,-114730075.16,23.8581322432,90.2031,3.122865802285,-11.91,-0.432329808562,18.3673597576,IT服务Ⅱ,2026-04-30
446,688065,凯赛生物,0.23,775769935.75,13.3302451237,4.4346,136950113.57,30.11,-4.7532,24.350566680568,1.18,0.121295750526,33.6335974554,化学制品,2026-04-30
447,688061,灿瑞科技,-0.12,125385560.9,8.8637930186,-15.8404,-13483371.05,-222.9442293706,53.9554,21.163032108944,-0.56,-0.367777976036,28.124035668,半导体,2026-04-30
448,688057,金达莱,0.178,84703213.62,1.5460367462,-16.1133,49128720.06,25.56,70.5166,11.595569431123,1.55,0.320959437899,65.070142105,环境治理,2026-04-30
449,688053,ST思科瑞,-0.05,38661101.09,34.847779482,-13.2299,-5301909.06,-215.97,76.6623,16.0270106983,-0.33,-0.0562948195,37.4829153889,军工电子Ⅱ,2026-04-30
450,688051,佳华科技,-0.17,55574577.8,-44.4600832236,-9.5227,-13289883.52,-41.7075638565,81.4892,9.136648433289,-1.86,-0.418533696563,23.559408723,IT服务Ⅱ,2026-04-30
451,688037,芯源微,0.02,275316424.15,12.7371339532,-57.5782,4660009.98,-70.89,-95.1037,13.472862311254,0.17,-0.98713888076,34.2942212262,半导体,2026-04-30
452,688033,*ST天宜,-0.16,232487301.18,-33.0812198497,87.6916,-89272138.46,31.1220768431,90.1697,6.366086104313,-2.46,0.140089856806,-0.1348344569,轨交设备Ⅱ,2026-04-30
453,688032,禾迈股份,-0.08,336141815.09,1.4572695291,-53.7895,-10357558.11,-115.39,-110.504,51.014125374511,-0.16,-2.803367308801,33.9205730413,光伏设备,2026-04-30
454,688031,星环科技,-0.69,64356897.78,2.5866752146,-60.2629,-83577075.52,5.7433855931,-65.3802,8.487630364923,-7.88,-0.732510229381,36.7029079629,软件开发,2026-04-30
455,688026,洁特生物,0.12,123822565.32,25.9955565434,-26.2264,16462336.91,101.29,-25.2825,7.667826685652,1.37,0.325569205238,42.8892882511,医疗器械,2026-04-30
456,688025,杰普特,0.38,342860901.28,34.0701263371,-10.6863,36046212.65,37.11,22.6092,21.781312071826,1.79,2.363450641252,37.4938229469,自动化设备,2026-04-30
457,688022,ST瀚川,0.06,191093286.46,-28.4367708084,2838.1445,10799282.01,-10.37,101.3684,3.778407205313,1.64,0.220059892315,40.5195665292,专用设备,2026-04-30
458,688021,奥福科技,-0.04,96050965.58,34.0371164598,6.4781,-3269811.01,62.7487572578,79.7589,11.182145787385,-0.38,0.061547940274,15.0358174046,汽车零部件,2026-04-30
459,688020,方邦股份,0.02,88730690.51,31.5813880126,-13.8612,1435622.28,110.1074010866,102.76,17.04021461861,0.1,-0.322366274534,36.2344283643,元件,2026-04-30
460,688016,心脉医疗,1.05,332189385.86,-7.2307634291,40.3049,129636898.33,-29.66,353.0097,31.199656549141,3.19,0.324737115297,69.6122639564,医疗器械,2026-04-30
461,688009,中国通号,0.05,6733566880.03,2.8421123755,-42.467,561678908.5,-7.08,-50.562,4.355289025261,1.16,-0.377345052262,27.2267579253,轨交设备Ⅱ,2026-04-30
462,688007,光峰科技,-0.05,461382026.25,3.6722233209,-33.9916,-21359576.96,-147.95,-42.4589,5.92195086794,-0.78,0.13962248865,25.2065534098,消费电子,2026-04-30
463,688006,杭可科技,0.19,680023089.55,-23.066955706,119.2596,115776770.77,-33.07,333.8218,8.678833804777,2.22,0.048746688782,21.0583188587,电池,2026-04-30
464,688005,容百科技,-0.02,2963855549.84,-19.7144104387,-21.2637,-15429523.56,58.569102242,-108.5951,11.790891960727,-0.18,-0.846664250373,8.1517195996,电池,2026-04-30
465,688001,华兴源创,-0.07,266235903.34,-5.3206445399,-51.2554,-30357385.87,11.646289853,93.192,7.421707333227,-0.89,-0.026626997271,48.9343796932,通用设备,2026-04-30
466,605588,冠石科技,-0.13,337081668.32,22.3202846372,-7.059,-9364254.04,-189.55,65.5414,14.049829724862,-0.9,0.76846112905,5.7668828616,光学光电子,2026-04-30
467,605566,福莱蒽特,0.1,180798977.74,-17.5666319985,-21.3194,13725410.68,-9.13,210.0663,14.886542924854,0.69,0.335900457402,18.0935202892,化学制品,2026-04-30
468,605499,东鹏饮料,1.8846,4848071704.63,39.225678798,47.7814,980009530.26,47.62,58.2405,16.649880737905,11.99,1.214379472186,44.4688144427,饮料乳品,2026-04-30
469,605399,晨光新材,-0.02,232521752.26,-15.0926597302,-19.0183,-4730216.63,-118.44,-4.9361,7.027191641677,-0.21,-0.052215840534,13.1834146019,化学制品,2026-04-30
470,605366,宏柏新材,-0.01,355825096.3,-5.6843623229,-13.7573,-5619211.21,-179.42,66.5627,3.108474244124,-0.27,-0.199108811365,9.6903278742,化学制品,2026-04-30
471,605303,园林股份,-0.1,167175494.18,22.3056050994,-28.3918,-15721563.08,11.800004942,87.3913,6.276252382326,-1.54,-0.645300717933,8.9413144034,基础建设,2026-04-30
472,605288,凯迪股份,0.25,277626738.17,15.6295308493,-37.2519,17300639.01,-11.72,10.6248,31.891262423697,0.78,0.80624013318,23.0728784851,自动化设备,2026-04-30
473,605287,德才股份,0.3179,550953488.08,-15.7886130457,-52.8093,43797937.49,17.11,111.9915,11.224224607643,2.81,0.678524341214,9.1531613087,装修装饰Ⅱ,2026-04-30
474,605286,同力天启,0.43,543472661.9,11.7069309712,113.3723,72597513.16,75.64,174.5012,12.198928937679,3.61,0.520762106786,40.2164233351,专用设备,2026-04-30
475,605259,绿田机械,0.33,638638404.28,50.1149757351,-6.0717,57415406.68,56.34,21.3992,10.172649738346,3.33,0.177404693356,19.9558667825,专用设备,2026-04-30
476,605198,安德利,0.25,429818785.14,58.9774178578,9.3482,86068237.18,61.31,36.9025,8.006546833206,3.2,1.074804800528,22.2498435053,农产品加工,2026-04-30
477,605189,富春染织,0.03,669704604.69,24.67941071,-21.768,4835296.56,-83.62,-78.3918,12.031183993692,0.26,-2.719102590081,11.1058553725,纺织制造,2026-04-30
478,605177,东亚药业,-0.06,190921213.83,-45.8506535191,-18.8327,-6919576.54,-128.78,95.255,15.319655334218,-0.37,-1.172318084418,35.3688187579,化学制药,2026-04-30
479,605158,华达新材,0.08,1400533419.21,-11.8830753152,-25.9494,39004977.47,-45.13,-59.5921,4.994517767921,1.53,-1.796771553029,5.8960743119,金属新材料,2026-04-30
480,605155,西大门,0.12,186814733.6,13.3327432035,-17.8612,23033615.68,-1.14,-34.8133,6.792056680528,1.79,0.261069883837,43.9979866824,家居用品,2026-04-30
481,605128,上海沿浦,0.26,432711041.67,-23.916679463,-44.3636,32848222.82,2.49,15.0074,14.355418866068,1.7,0.888068274788,19.0694539389,汽车零部件,2026-04-30
482,605123,派克新材,0.6323,771525498.31,2.9460744202,5.5471,76616838.68,5.55,352.2423,37.055726084529,1.72,-0.816828258308,18.4552261023,航空装备Ⅱ,2026-04-30
483,605122,四方新材,0.0,247510975.42,-23.6859078095,-35.9619,-858854.17,-105.58,99.5092,11.859227018462,-0.04,0.600097232382,3.3588667274,水泥,2026-04-30
484,605117,德业股份,0.78,2566323338.58,36.2360989047,-19.5611,705543732.36,62.98,-2.1089,15.906243655422,7.16,0.737853129804,37.2052268,光伏设备,2026-04-30
485,605108,同庆楼,0.2,692143996.8,0.1670597354,4.9211,51821946.73,-21.36,210.5315,8.794322603423,2.29,0.400631117385,22.2518994865,酒店餐饮,2026-04-30
486,605077,华康股份,0.27,816547532.13,28.6274593603,16.2131,81037534.15,1.3,-0.653,10.23401952274,2.47,-0.115399732564,19.4024264511,化学制品,2026-04-30
487,605069,正和生态,0.2,70863568.25,-7.6325065098,-35.7402,42015643.12,21.02,124.4438,4.320286032809,4.7,0.044524748295,9.5237638982,环境治理,2026-04-30
488,605068,明新旭腾,0.06,281526264.45,25.6035402411,-29.8853,10496018.06,-19.62,105.6968,9.474516752718,0.63,-0.011624743241,23.7460385412,汽车零部件,2026-04-30
489,605056,咸亨国际,0.05,639772001.63,46.0410442776,-60.4216,21571669.86,144.43,-82.8988,4.202236535085,1.26,-0.340721218292,21.4648870207,通用设备,2026-04-30
490,605050,福然德,0.18,2438488977.08,1.9323201243,-29.1169,90834661.87,18.42,-20.6741,8.731433804079,2.12,-0.305668922068,6.983393784,物流,2026-04-30
491,605033,美邦股份,0.22,289411865.67,-7.2657535083,10.1481,29952315.41,-32.6,566.77,8.540039201036,2.63,-0.812838763683,33.5939193422,农化制品,2026-04-30
492,605016,百龙创园,0.25,313297695.15,24.271768155,-5.4238,81419631.35,52.06,29.2235,5.449492070356,4.73,0.204665915247,39.7443984388,化学制品,2026-04-30
493,605008,长鸿高科,-0.03,717690413.25,-6.9266651822,-34.8121,-16428850.95,-125.46,-96.58,3.067769926316,-0.83,0.012083419145,5.8650681482,塑料,2026-04-30
494,605006,山东玻纤,0.01,607540524.76,18.058930443,17.1164,8734328.12,110.25,-25.4684,4.147702840474,0.33,-0.078777993603,16.8221759282,玻璃玻纤,2026-04-30
495,603997,继峰股份,0.08,5037084511.23,-4.7270990963,-5.8361,104439125.64,447.56,399.5619,3.815725380056,2.2,-0.085880406866,16.3202331519,汽车零部件,2026-04-30
496,603989,艾华集团,0.1741,943804925.19,16.1052740304,-0.5535,69428953.99,103.45,67461.6182,9.357972336057,1.87,-0.37773105671,21.0996935357,元件,2026-04-30
497,603988,中电电机,0.02,118082880.22,7.0355963114,-50.1049,4198469.52,122.79,27.5105,2.747237530825,0.65,-0.164003122236,23.1327968619,电机Ⅱ,2026-04-30
498,603986,兆易创新,0.35,1909062290.61,17.3168760221,11.8779,234630087.42,14.57,-13.2382,25.2931297372,1.41,0.505752038128,37.440423888,半导体,2026-04-30
499,603983,丸美生物,0.34,846648701.63,28.0102536465,-16.7861,135045089.33,22.07,31.3343,8.766564550698,3.92,-0.068796910898,76.0537113634,化妆品,2026-04-30
500,603980,吉华集团,-0.03,340341319.16,-6.3941336628,-29.0244,-20770353.77,-119.49,-149.3128,5.755513348219,-0.54,-0.051472598292,8.4184348409,化学制品,2026-04-30
501,603978,深圳新星,0.01,741728037.75,47.8298181238,4.087,2421367.66,106.029021279,101.2546,8.214922950951,0.14,0.709513960204,5.3343852809,金属新材料,2026-04-30
502,603968,醋化股份,-0.0324,688245529.08,-4.1525398803,-8.7788,-6717926.61,75.15,32.5435,8.782966787941,-0.37,-0.674115084169,11.3592469165,化学制品,2026-04-30
503,603959,ST百利,-0.06,318036293.5,17.9201136048,-27.766,-30954104.96,63.19,86.6124,0.220729744433,-25.02,-0.173472928413,13.8913208722,专业工程,2026-04-30
504,603955,大千生态,0.0181,22165372.98,-11.4634083497,-46.5138,2458490.56,-72.33,-82.2052,11.533007429929,0.16,-0.697378469643,47.4055656969,基础建设,2026-04-30
505,603950,长源东谷,0.25,501156364.96,20.5181663095,-22.8695,77679774.67,65.8,3.1683,8.42666345099,2.86,0.718225306265,25.2799816281,汽车零部件,2026-04-30
506,603929,亚翔集成,0.3843,835003533.61,-23.8300922846,-13.2842,81990935.83,-29.82,-58.3491,8.984596558024,4.38,4.263351334271,13.3487704175,专业工程,2026-04-30
507,603927,中科软,-0.02,1093279774.56,-15.0817379582,-51.4163,-16236680.42,-162.74,-124.8544,3.943632104592,-0.49,-1.531981130234,24.8830444457,软件开发,2026-04-30
508,603918,金桥信息,-0.0632,101104668.59,63.9321569193,-70.35,-23153186.78,23.6569255297,-304.3756,2.797925934488,-2.18,-0.200055426301,25.7518254825,IT服务Ⅱ,2026-04-30
509,603917,合力科技,0.0131,122105340.59,-17.5576284613,-25.5301,2666547.36,-67.22,118.3549,8.278601823587,0.16,0.071490118622,19.1625742551,汽车零部件,2026-04-30
510,603912,佳力图,-0.02,135814436.52,18.89816687,-61.3225,-12831702.5,-649.49,-154.2483,3.369261025169,-0.68,-0.231045940369,17.8751923301,通用设备,2026-04-30
511,603906,龙蟠科技,-0.04,1592279566.99,7.9896992842,-20.875,-25948780.35,66.976811727,92.2048,4.295771877025,-0.86,0.245161416269,16.72289856,电池,2026-04-30
512,603903,中持股份,0.01,153920471.93,-25.7625858107,-62.4732,3083162.28,-83.67,102.6901,5.950002660549,0.2,-0.853218970327,34.0895321734,环境治理,2026-04-30
513,603900,莱绅通灵,0.08,371337001.15,53.2036266121,9.2346,28337366.79,251.0499321857,120.5416,5.651429361411,1.47,0.060648251008,40.9743746971,饰品,2026-04-30
514,603898,好莱客,0.01,390727602.11,-3.0296620836,-16.0586,2200694.36,-82.6,121.0694,9.747320251084,0.07,-0.385805850945,29.8151029645,家居用品,2026-04-30
515,603887,城地香江,0.03,419885418.7,72.453910177,-47.022,18224649.74,139.7283106649,107.3267,5.867323477047,0.51,-0.672297693421,19.0996110625,IT服务Ⅱ,2026-04-30
516,603885,吉祥航空,0.16,5722456111.05,0.0546619499,24.3091,345002708.15,-7.87,196.7317,3.968063561801,3.88,0.706352700848,13.3346639008,航空机场,2026-04-30
517,603880,南卫股份,-0.027,170922078.18,22.806040172,15.8377,-7917932.55,-553.73,95.5356,0.938968660506,-0.72,0.025783512085,8.5847066372,医疗器械,2026-04-30
518,603879,永悦科技,-0.02,60839746.91,-6.0509547265,-43.5033,-5836666.46,52.088160819,95.3952,0.71965720708,-2.2,-0.007330084278,1.6816116141,塑料,2026-04-30
519,603876,鼎胜新材,0.1,6456621490.63,26.0849319456,0.7927,85274953.93,179.93,11.3933,7.588551187492,1.27,-0.364738864429,9.7145209416,工业金属,2026-04-30
520,603863,松炀资源,-0.09,102461202.49,-28.2799303905,-44.2495,-18009763.16,19.9259936431,86.2495,2.198148811141,-3.93,-0.19723275485,-3.0904784963,造纸,2026-04-30
521,603860,中公高科,-0.01,25484743.02,5.9101023792,-84.3461,-375969.36,91.4303948714,-100.9642,12.076100675315,-0.05,-0.536771485603,50.0413080485,工程咨询服务Ⅱ,2026-04-30
522,603859,能科科技,0.2,336689460.66,-16.6529262119,-28.9034,48992848.88,-12.07,-33.8946,12.048487324489,1.68,-0.086441834204,55.1044037513,IT服务Ⅱ,2026-04-30
523,603843,*ST正平,0.02,146974287.3,-38.2880849784,-72.569,14571522.99,187.99,103.2286,0.324276866121,4.0,0.101532987719,12.2294468442,基础建设,2026-04-30
524,603833,欧派家居,0.51,3447329769.42,-4.8045292498,-31.6821,307934611.81,41.29,-45.8126,31.072247241515,1.6,1.26703430066,34.2909251556,家居用品,2026-04-30
525,603829,洛凯股份,0.17,468127900.91,7.4486512565,-22.3425,27932366.37,52.05,-33.8348,6.7107675635,2.6,-0.9712804995,18.5678569235,电网设备,2026-04-30
526,603828,*ST利达,0.02,429522365.07,-29.4320345074,-42.726,12774530.6,-34.76,252.9059,1.268446831172,1.7,-0.190506125042,10.2596310469,装修装饰Ⅱ,2026-04-30
527,603825,ST华扬,-0.22,174809304.47,-72.1828678026,-23.8447,-55649367.42,-16.6248546372,82.6988,1.465958213839,-13.94,-0.632233917986,9.1527324638,广告营销,2026-04-30
528,603823,百合花,0.11,568678551.27,-3.5959178077,-7.0511,45788834.25,12.71,42.0928,5.770669727472,1.92,-0.006402960999,20.8641926964,化学制品,2026-04-30
529,603822,ST嘉澳,-0.6123,467022791.62,-6.5943084632,98.5351,-47039161.52,-44.0866404541,79.765,7.381931599852,-7.964,1.464476898971,-0.2303324247,化学制品,2026-04-30
530,603818,曲美家居,-0.01,878512429.39,-0.9873469489,-3.941,-4250801.92,94.65,75.6309,3.183703665868,-0.2,0.099585025723,36.8304191387,家居用品,2026-04-30
531,603816,顾家家居,0.64,4913784676.11,12.9489565197,5.0337,519062484.36,23.53,796.4797,12.644483349365,5.13,0.010348415811,32.3908422159,家居用品,2026-04-30
532,603815,交建股份,0.05,788932079.51,1.5522243062,-40.4589,33030641.7,1.11,10.9419,3.801261999169,1.4,-0.678517774361,8.0046557974,基础建设,2026-04-30
533,603813,原尚股份,-0.13,87629484.35,12.1277625783,6.031,-14096366.51,-57.1520176448,35.9061,5.446806629053,-2.41,0.060388784459,9.4499098351,物流,2026-04-30
534,603809,豪能股份,0.1248,619301716.33,13.395850467,-7.8007,104057343.33,30.42,32.6078,4.770895635027,3.38,-0.185924808624,32.1457941938,汽车零部件,2026-04-30
535,603808,歌力思,0.11,690012392.3,-7.8199468456,-21.903,40944037.17,40.24,112.3677,6.868549448873,1.63,0.197487503159,65.6938571261,服装家纺,2026-04-30
536,603801,志邦家居,0.0971,817581807.58,-0.2978083734,-48.3415,42076030.22,-10.9,-64.713,7.887313102311,1.21,-1.112032607227,32.1605975124,家居用品,2026-04-30
537,603800,洪田股份,-0.13,135126133.69,-59.9094746526,-56.7372,-25248698.21,-186.72,-179.2828,3.815305703317,-3.14,0.225176923558,12.1239263439,专用设备,2026-04-30
538,603789,ST星农,-0.1091,46890549.33,34.5219024094,-38.2118,-28366761.03,-22.5571100724,70.4068,0.772067299374,-12.45,-0.166167679738,-12.2813811574,专用设备,2026-04-30
539,603778,国晟科技,-0.06,95632040.47,-13.1698638423,-90.6959,-41933692.62,14.0364915386,-189.5102,1.258867861629,-4.98,-0.039863466602,-15.1025625188,光伏设备,2026-04-30
540,603759,海天股份,0.11,324246660.96,12.5279310909,-30.9653,49905646.58,71.5,-68.8562,6.049448479643,1.8,0.064596331406,41.2966975338,环境治理,2026-04-30
541,603738,泰晶科技,0.02,200490336.2,10.0906846512,-1.478,8688940.62,-71.52,174.8596,4.54340853807,0.49,0.071616129097,17.8744546142,元件,2026-04-30
542,603733,仙鹤股份,0.33,2991418271.82,35.4194319507,-0.6698,236229442.2,-12.13,26.4545,11.41284115502,2.88,-0.277351174618,14.5958937646,造纸,2026-04-30
543,603730,岱美股份,0.1,1592834660.31,0.2243844284,1.2353,208991180.87,7.1,16.6578,2.986841436928,4.26,0.118531873193,27.6771426015,汽车零部件,2026-04-30
544,603729,ST龙韵,-0.03,102300217.15,19.7070462062,137.4092,-2495898.17,82.7148996111,-143.7897,3.953738955945,-0.69,-0.180806844479,12.2386187037,广告营销,2026-04-30
545,603726,朗迪集团,0.2,470234196.45,12.7371220755,0.9547,37405874.75,-2.79,-4.6526,7.165580607882,2.85,0.02591204937,21.1685345284,家电零部件Ⅱ,2026-04-30
546,603721,中广天择,-0.06,33986292.05,-59.1303851181,-65.6064,-8240645.11,-66.1588818597,55.8319,3.773457292769,-1.86,-0.036915465615,9.7123012571,影视院线,2026-04-30
547,603718,*ST海利,0.02,61792980.19,-12.1065222427,-36.0399,10901715.1,393.1067479198,-92.7807,2.397098037772,0.7,-0.008511792081,75.9614567637,医疗器械,2026-04-30
548,603717,天域生物,0.0475,225272371.07,6.6847279006,27.248,13768228.59,52.5,112.1044,1.835306701338,2.62,0.161833980823,15.6129733677,基础建设,2026-04-30
549,603712,七一二,-0.07,216132644.69,-55.8751225879,-60.299,-54019673.91,-440.23,75.6194,5.601780078964,-1.24,-0.043150307422,40.9905579405,军工电子Ⅱ,2026-04-30
550,603711,香飘飘,-0.05,580080568.64,-19.9801867749,-57.0041,-18774972.69,-174.47,-107.9738,8.438850095848,-0.54,-0.18836073034,31.1917918237,饮料乳品,2026-04-30
551,603707,健友股份,0.05,885219018.08,-11.8546366218,5.9411,84713913.06,-52.19,-61.5567,4.040265892128,1.3,0.101645450514,34.4104066642,化学制药,2026-04-30
552,603699,纽威股份,0.34,1555897420.93,14.4353461921,-12.7093,262693988.46,33.52,-19.8468,5.986139337177,5.89,0.42342925984,35.3776024213,通用设备,2026-04-30
553,603698,航天工程,0.06,847406226.83,256.7786579396,-51.3642,33860942.07,163.97,-45.0621,6.408596860557,0.99,0.04659185024,18.4055222468,专用设备,2026-04-30
554,603696,安记食品,0.02,119843102.06,-14.5152328635,-21.5259,5555827.01,-7.07,-67.3652,2.416364324872,0.95,-0.061292497619,16.3818054711,调味发酵品Ⅱ,2026-04-30
555,603690,至纯科技,-0.049,727679340.12,-10.3162933235,-24.6277,-23696476.81,-70.09,92.7884,10.189365466663,-0.47,-0.161780087589,33.8987730611,半导体,2026-04-30
556,603689,皖天然气,0.21,1454324789.16,-7.2518530099,-6.097,100844222.94,-5.47,103.2812,6.842421107235,3.01,0.44580146707,12.8333127339,燃气Ⅱ,2026-04-30
557,603687,大胜达,0.05,491411079.72,5.1378738644,-20.9654,29791709.71,67.52,26.5709,5.975316664454,0.91,0.10212909547,19.4466353169,包装印刷,2026-04-30
558,603668,天马科技,0.03,1495937682.16,9.8797163664,10.3606,17301364.13,162.56,139.8781,4.488375087012,0.77,-0.507616442148,9.0257605173,饲料,2026-04-30
559,603667,五洲新春,0.1,889219530.23,15.0600889963,12.3283,37847350.46,0.05,651.4845,8.065952766839,1.29,0.074112535578,16.2402176707,通用设备,2026-04-30
560,603666,亿嘉和,0.04,127720520.8,216.8688075041,-30.6429,7516208.51,121.8116713426,105.4506,10.493879657243,0.35,-0.184389008274,43.6399262083,自动化设备,2026-04-30
561,603665,康隆达,0.7,379863091.11,42.1806581074,-28.8784,114069380.51,276.6366464008,127.0597,4.490117080877,17.01,-0.003218709263,20.9658452411,服装家纺,2026-04-30
562,603661,恒林股份,0.38,2653661513.77,12.7447834109,-17.5329,51864700.06,-49.49,1875.3833,26.962499292733,1.39,-0.39289242085,16.2720204265,家居用品,2026-04-30
563,603637,镇海股份,0.02,53633273.57,-47.2479871812,-71.7504,5926767.45,-29.57,-85.5634,4.329006900186,0.58,-0.163571819124,23.3488687459,专业工程,2026-04-30
564,603636,南威软件,-0.06,170413800.86,58.0512124944,-54.4508,-34691615.19,48.59,76.5957,4.00729880821,-1.48,-0.112294441829,24.7392769994,IT服务Ⅱ,2026-04-30
565,603628,清源股份,0.1169,360929668.51,3.8286934303,-39.818,31988358.01,191.84,516.1698,4.760214832177,2.48,-0.098069357195,22.2748271961,光伏设备,2026-04-30
566,603619,中曼石油,0.5,943297072.83,16.9031634733,-12.9572,229746728.09,32.95,300.7256,9.195087254249,5.56,0.46401095186,45.9749513649,油服工程,2026-04-30
567,603609,禾丰股份,0.14,7707503546.35,6.7261793145,-9.6917,117943058.95,215.08,121.1331,7.128759365224,1.75,-0.721268117529,7.4178501249,饲料,2026-04-30
568,603602,纵横通信,0.02,345422421.48,-15.5722147132,6.4205,3419961.33,379.543571952,246.902,4.558802746854,0.33,-0.810024731307,19.1373808992,广告营销,2026-04-30
569,603598,引力传媒,0.0281,1990029479.41,56.9822377611,7.2184,7542929.97,-6.23,120.0549,0.716144195343,4.02,-0.623668595959,3.6741015616,广告营销,2026-04-30
570,603580,艾艾精工,0.0414,47640645.3,30.1776561727,23.3894,5410246.22,338.97,136.8407,3.250273808019,1.28,0.027393965633,37.2415481954,塑料,2026-04-30
571,603577,汇金通,0.0441,837418359.2,2.2047443,-39.4396,14953619.01,2.32,-69.9849,5.610460519474,0.789,-0.260992668141,13.3154578133,电网设备,2026-04-30
572,603569,长久物流,0.01,891759063.03,0.5867259702,-19.8035,3982261.65,-73.29,-78.3489,4.935700827793,0.13,0.172104531682,12.60853376,物流,2026-04-30
573,603567,珍宝岛,0.08,469269638.45,-58.0312522886,-30.6949,75295443.26,-74.33,85.9932,8.369575050501,0.96,-0.283373258724,74.7662418558,中药Ⅱ,2026-04-30
574,603565,中谷物流,0.26,2568652385.74,-7.777488558,-8.728,546859911.11,40.73,-24.7389,5.521974734947,4.83,0.182196848549,25.9049068229,航运港口,2026-04-30
575,603557,*ST起步,0.0,62347493.47,-12.5374318648,-52.1105,-1978251.93,45.685930242,96.731,0.253707174976,-1.8377,-0.007191660754,35.1684850178,服装家纺,2026-04-30
576,603556,海兴电力,0.29,784490030.44,-12.9941863299,-39.9981,140976155.76,-34.07,-33.0601,14.931303841202,1.96,-0.017483457192,42.4371802269,电网设备,2026-04-30
577,603535,嘉诚国际,0.13,269883695.11,-7.3515508244,-2.1709,45782380.31,-4.47,268.7076,7.37819855304,1.73,0.047782142269,31.7169943983,物流,2026-04-30
578,603533,掌阅科技,-0.17,643215084.83,-5.1942503278,-4.0067,-74275779.34,-1.54,-186.2449,5.717958492159,-2.92,-0.088000882508,70.1312795407,数字媒体,2026-04-30
579,603528,多伦科技,0.0041,105043519.77,-37.1819401514,5.3803,2899164.58,-42.82,108.1271,2.774368052452,0.15,0.02387507834,42.1887610364,软件开发,2026-04-30
580,603520,司太立,0.03,685895638.22,6.7873340557,25.6892,14344260.54,16.79,124.6996,6.028382863136,0.54,0.169458094832,17.8471062898,化学制药,2026-04-30
581,603507,振江股份,0.03,937007852.83,-6.1648116989,-11.0517,7194528.12,-88.64,-46.0918,13.508558475985,0.29,0.018267165571,18.3149971083,风电设备,2026-04-30
582,603506,南都物业,0.16,452521197.16,2.3928277331,-3.2346,29483128.01,41.58,176.7459,5.973415360717,2.66,-0.529037478231,18.1688319831,房地产服务,2026-04-30
583,603501,豪威集团,0.72,6472102098.4,14.6761386596,-5.1325,865970220.63,55.25,-8.6477,20.538454704042,3.5,0.902187543691,31.0311718251,半导体,2026-04-30
584,603500,祥和实业,0.11,189340075.85,21.3337251427,11.8892,35449543.21,92.87,-3.4168,2.884844116587,3.59,0.056594972651,30.3739352389,轨交设备Ⅱ,2026-04-30
585,603499,翔港科技,0.1361,257722489.15,50.4068951052,-13.6625,41183474.31,737.38,27.2202,3.994293376087,4.89,0.176787541851,28.9503175241,包装印刷,2026-04-30
586,603429,*ST集友,0.002,79164400.07,-57.8826773483,54.1358,1217623.11,137.74,106.5733,2.366369588297,0.1,-0.053041066162,10.2115457236,包装印刷,2026-04-30
587,603409,汇通控股,0.28,259092427.55,32.5393029214,-26.6499,29061582.34,-19.65,-30.3658,11.638336051258,3.48,-0.104766278426,23.2655988405,汽车零部件,2026-04-30
588,603398,*ST沐邦,-0.24,60093622.87,-59.4005359496,126.8608,-102201527.27,-18.56,90.266,2.038923789411,-10.9,0.024135053289,-91.4162677109,光伏设备,2026-04-30
589,603393,新天然气,0.89,1063814130.77,-5.9525836402,30.934,377399335.41,13.72,24.4088,20.12121632826,4.53,0.974753614319,42.1461503539,燃气Ⅱ,2026-04-30
590,603391,力聚热能,0.37,215123083.34,-32.0369996955,-54.1612,33619483.08,-53.16,-77.381,23.858009333956,1.56,-0.302396908132,36.5475874552,专用设备,2026-04-30
591,603389,亚振家居,-0.08,40675685.08,26.828034529,-10.639,-21313829.31,24.5972135222,70.3984,0.870561126233,-8.64,-0.052517673319,13.103001534,家居用品,2026-04-30
592,603387,基蛋生物,0.13,244148446.89,-24.0791139083,-14.3262,64307429.35,-25.24,33.3691,5.29299585853,2.43,0.096329313911,77.1468915077,医疗器械,2026-04-30
593,603385,惠达卫浴,0.0284,662728010.43,-3.7556973327,-32.8275,10814193.87,-61.9,-76.2252,9.95940219277,0.29,0.117740465022,26.6846784241,家居用品,2026-04-30
594,603381,永臻股份,0.1132,2585144857.99,74.8098965514,5.578,26858423.9,-60.07,-70.0597,15.90462028081,0.71,-4.184909200777,3.9407923778,光伏设备,2026-04-30
595,603378,*ST亚士,-0.22,103762041.18,-64.8102117688,-68.3661,-92587093.22,-13.277662855,70.1991,2.839174980517,-7.33,-0.58100172859,-5.8382599563,装修建材,2026-04-30
596,603377,ST东时,-0.07,138083209.49,-26.308117853,-7.8976,-48016549.06,-36.77576416,93.9456,1.20945125117,-5.13,0.048240705229,18.1770418306,教育,2026-04-30
597,603368,柳药集团,0.7,5316977105.59,-7.9258439265,2.4569,277335135.88,-7.66,99.5728,19.431402369492,3.57,-1.297665279131,12.0194732452,医药商业,2026-04-30
598,603359,*ST东珠,0.0,105727278.71,-15.0056217177,1076.9937,-394860.94,-112.69,99.9386,5.996563211999,-0.01,0.291159964425,24.6953852672,基础建设,2026-04-30
599,603358,华达科技,0.1,999045520.58,-27.7281695259,-36.2927,45819528.03,-71.39,84.7957,7.320394271088,1.37,-0.030788366521,13.4770565161,汽车零部件,2026-04-30
600,603357,设计总院,0.16,492444084.7,-39.4600817057,-60.2294,85451113.02,-23.77,-56.9714,6.881229670579,2.24,-0.543702366759,25.9712263003,工程咨询服务Ⅱ,2026-04-30
601,603356,华菱精工,-0.16,191139713.55,-20.2113024918,-28.9986,-21575620.83,-58.899607991,79.0721,3.250272913379,-4.61,0.133787660792,3.3425939651,专用设备,2026-04-30
602,603352,至信股份,0.27,810042962.11,,-18.144,46600528.33,,-31.545,,2.91,,19.4186765157,汽车零部件,2026-04-30
603,603350,安乃达,0.27,498043499.95,59.314330689,47.6343,31488818.85,-7.3,25.9942,11.410192421681,2.4,-2.039617689645,16.842344329,电机Ⅱ,2026-04-30
604,603344,星德胜,0.21,549655544.99,16.5383753287,-17.2619,41534092.99,4.38,-31.0045,10.621064399151,2.03,0.122710967888,16.4834252462,电机Ⅱ,2026-04-30
605,603339,四方科技,0.16,501538306.43,12.821605988,18.0575,48913114.69,-5.57,-7.1381,8.464214581301,1.89,0.267978480627,21.0749906507,通用设备,2026-04-30
606,603336,宏辉果蔬,0.01,246160048.21,13.714011681,-30.2078,4504651.07,-44.38,504.7624,1.988164629806,0.38,0.035961549379,6.8600697281,种植业,2026-04-30
607,603333,福华尚纬,-0.023,241807745.99,-4.1479178026,-54.9866,-14494316.51,12.2455008904,-445.991,3.340119058304,-0.7,-0.005614881702,15.9446787125,电网设备,2026-04-30
608,603326,我乐家居,0.1258,317735379.56,12.8254250223,-20.5367,40148206.99,111.42,-1.8757,3.693857848818,3.31,-0.474669593805,45.9413195132,家居用品,2026-04-30
609,603324,盛剑科技,0.14,321248275.33,21.1985906596,-29.7545,20619255.29,8.43,-27.4609,11.325268576438,1.22,-0.43841566836,22.8223624811,环保设备Ⅱ,2026-04-30
610,603323,苏农银行,0.24,1131735000.0,3.2898021245,18.3761,439861000.0,6.19,38.2815,10.00603328214,2.39,0.862071676163,,银行Ⅱ,2026-04-30
611,603321,梅轮电梯,0.01,129212982.66,-11.1717566713,-45.6339,4284549.19,-94.16,-77.0028,4.022674606124,0.35,-0.219709781596,22.1001581359,专用设备,2026-04-30
612,603316,诚邦股份,0.01,97012235.9,91.0262544862,-53.8885,2959749.43,202.42,103.5763,2.467098045856,0.46,0.04399660438,4.0013221054,半导体,2026-04-30
613,603315,福鞍股份,0.0842,234502220.66,0.8411122329,-22.3973,26431199.02,89.63,493.2734,5.305468172047,1.57,0.043460146013,13.2954525046,环境治理,2026-04-30
614,603296,华勤技术,0.84,34997696296.08,115.6498563971,3.3354,841991186.77,39.04,-3.9343,23.030604811963,3.67,-1.387752776298,8.4158587448,消费电子,2026-04-30
615,603290,斯达半导,0.43,919230418.28,14.2221375409,-5.8223,103704640.46,-36.22,22.9492,28.339920708084,1.54,0.720976231872,30.3774997081,半导体,2026-04-30
616,603286,日盈电子,-0.06,244415757.68,24.5969898311,-14.622,-7404018.56,-229.87,-551.121,7.46677005015,-0.85,0.361142547763,16.8226288764,汽车零部件,2026-04-30
617,603280,南方路机,0.1,133687736.15,-28.9614927998,-47.8385,10754978.49,22.81,64.2094,12.177245338149,0.82,0.069372827134,30.4447816398,工程机械,2026-04-30
618,603278,大业股份,0.01,1210133754.06,-2.3273588399,-3.7566,4928698.41,-29.81,107.8741,5.850663379662,0.1,0.245729926246,6.4878634041,通用设备,2026-04-30
619,603271,永杰新材,0.51,1980784886.02,18.7055715936,-12.4061,75712659.6,13.74,-9.6921,13.641642412973,4.42,-0.566810694439,8.6731215173,工业金属,2026-04-30
620,603266,天龙股份,0.13,303434221.26,-8.5575888296,-21.8619,25579595.74,-22.35,-7.3412,7.765453099012,1.69,0.343560234556,22.4640710125,汽车零部件,2026-04-30
621,603260,合盛硅业,0.22,5227980324.55,-3.4692830727,-17.295,259660948.8,-50.81,-9.214,28.009882760801,0.79,1.394089105443,14.6220214784,化学制品,2026-04-30
622,603258,电魂网络,0.01,102233732.21,-25.6476829258,-25.7929,1610129.07,-96.53,103.6466,8.984649612209,0.07,-0.172639209781,63.9598404719,游戏Ⅱ,2026-04-30
623,603237,五芳斋,-0.24,242844193.87,17.2381151568,19.5393,-45234943.16,35.1559383901,33.7598,8.441792439593,-2.67,0.944042450508,35.3990786068,食品加工,2026-04-30
624,603235,天新药业,0.5,618910665.47,25.1593598962,4.0203,218567101.74,48.13,39.4455,11.048784971104,4.62,0.414045728951,49.8305399287,化学制品,2026-04-30
625,603232,格尔软件,-0.22,45667617.89,-5.9229751477,-76.7589,-50203898.23,2.5186658726,-167.0748,5.800829231153,-3.6,-0.286284138202,34.840664031,软件开发,2026-04-30
626,603231,索宝蛋白,0.23,391920304.59,-0.2641878631,-2.0909,44476092.41,22.41,50.7654,10.022496378639,2.34,-0.291886979938,17.4430926108,农产品加工,2026-04-30
627,603222,济民健康,-0.03,181021832.06,-22.4870175632,94.5224,-13636453.43,-191.72,84.5263,2.782591586711,-0.92,0.065732993933,37.6319986351,医疗器械,2026-04-30
628,603215,比依股份,0.08,530337902.89,65.6782892872,-8.4334,15011504.95,47.96,-60.3513,6.318047239264,1.27,0.12586559419,12.7004993086,小家电,2026-04-30
629,603212,赛伍技术,-0.08,643195650.72,-27.3506429273,-7.7337,-33154989.62,-216.13,82.4953,6.036555996184,-1.25,-0.021263519432,2.6685537038,光伏设备,2026-04-30
630,603211,晋拓股份,0.06,297965162.72,8.189568852,-13.9764,17613570.91,-9.64,151.5978,4.438749604758,1.47,0.155737413763,17.2445278069,汽车零部件,2026-04-30
631,603210,泰鸿万立,0.1728,441541400.52,19.9795841079,-14.2471,44118698.94,16.99,-22.2358,4.29505310662,4.11,0.037222809401,22.5335582649,汽车零部件,2026-04-30
632,603195,公牛集团,0.54,3922292893.48,3.1426386708,-7.2195,974916307.5,4.91,-3.359,13.058950603358,5.95,1.093081917016,41.0440676688,家居用品,2026-04-30
633,603192,汇得科技,0.14,610698265.88,-8.9217875462,6.4929,19337587.94,31.26,-60.1669,11.162911398682,1.24,-0.041422081298,12.8331815593,化学制品,2026-04-30
634,603191,望变电气,0.04,786470467.91,49.1567950626,-19.517,14495838.09,-38.93,26.555,7.300115289068,0.6,0.234095124167,12.410965439,电网设备,2026-04-30
635,603190,亚通精工,0.3,422092922.88,2.5893297027,-14.6294,35482454.35,-34.79,439.9769,17.8311167355,1.67,-0.6510891195,21.0109209306,汽车零部件,2026-04-30
636,603189,*ST网达,0.01,74470050.49,11.1123522254,-18.0253,3008408.43,-11.97,1277.0571,5.715009646377,0.2,0.121224176483,27.9290001593,软件开发,2026-04-30
637,603188,亚邦股份,0.0056,173942788.96,-3.3258906074,15.7541,3184739.53,-55.11,101.2721,1.315280020047,0.43,-0.037662963467,19.1491551441,化学制品,2026-04-30
638,603179,新泉股份,0.44,3518924150.03,15.48824782,-3.8217,213239755.71,4.44,-26.7354,11.602804804233,3.73,0.19082643758,19.5014875215,汽车零部件,2026-04-30
639,603177,德创环保,0.06,220070817.36,-1.9784087771,-9.5778,10954403.12,-26.71,907.7049,1.882770469018,3.35,-0.238933182184,25.9111772129,环境治理,2026-04-30
640,603175,超颖电子,0.19,1058391673.8,7.8691020774,-1.351,71534310.37,-8.0833581282,102.3113,,3.8,,22.7801034247,元件,2026-04-30
641,603169,兰石重装,-0.0234,1408342904.09,51.8830068325,-31.3479,-30581080.69,-56.08,-151.2423,2.504137302422,-0.009,0.011394614827,6.6858392453,专用设备,2026-04-30
642,603168,莎普爱思,0.02,101731108.99,-26.1931897459,-18.3262,8852007.8,106.03,109.5504,4.254144130263,0.56,-0.010048234115,57.9915915158,化学制药,2026-04-30
643,603167,渤海轮渡,0.13,314519710.8,-9.3384277898,-22.6027,61967524.93,-7.11,262.686,7.824708164896,1.7,0.378749008192,11.2843998075,航运港口,2026-04-30
644,603166,福达股份,0.1,471082544.92,46.968720387,-12.3629,65106813.28,106.06,1.037,3.807344321811,2.68,0.30758673565,27.1216855003,汽车零部件,2026-04-30
645,603165,荣晟环保,0.27,533673035.24,-2.5302604657,-6.8901,70590222.98,-22.61,87.9178,8.430547714267,2.99,-0.458051008278,13.4999167192,造纸,2026-04-30
646,603163,圣晖集成,0.29,574535583.39,62.7360274804,2.4188,28951322.33,62.59,-28.1772,11.3560335652,2.58,-0.7097769497,9.7569649488,专业工程,2026-04-30
647,603161,科华控股,0.14,525603812.08,-15.1709931408,-12.4412,25607707.07,-40.82,143.7603,7.654554098579,1.75,0.613141021798,16.6816294869,汽车零部件,2026-04-30
648,603159,上海亚虹,0.0033,99522698.78,-12.3173266611,-26.8742,463584.59,-91.82,-95.6973,3.679616627857,0.09,0.072655433429,18.2418766297,专用设备,2026-04-30
649,603158,腾龙股份,0.09,863931988.19,0.6560612722,-22.1686,45279716.41,-20.12,237.8796,4.67332880487,2.0,0.100425841515,18.9453603429,汽车零部件,2026-04-30
650,603130,云中马,0.08,585831612.31,7.0434336076,-24.4698,10348890.22,-57.09,-68.777,9.743929761726,0.78,0.118972014526,7.4747141721,纺织制造,2026-04-30
651,603128,华贸物流,0.09,3992490977.67,2.8231750479,28.4857,117506373.13,-29.42,76.8283,4.66091141694,1.94,-0.189286394758,11.391834839,物流,2026-04-30
652,603127,昭衍新药,0.05,287337235.01,-11.5365820221,-57.9411,41119492.23,115.11,-71.5204,10.819321565767,0.51,0.086926179358,28.6090026923,医疗服务,2026-04-30
653,603119,浙江荣泰,0.16,266257209.42,23.6099802797,-18.2777,59516807.48,27.08,-6.5689,5.190723886385,3.2,0.136896414149,35.6906943466,汽车零部件,2026-04-30
654,603117,万林物流,0.0035,62012164.74,-9.6333485813,-19.3225,2103317.27,-50.32,129.6192,1.698322037402,0.21,-0.004418447224,28.6708101298,物流,2026-04-30
655,603113,金能科技,0.09,4460639650.22,31.7181637647,8.3965,75938311.53,412.341947404,398.4707,10.020571406013,0.87,0.249196528733,4.9964481408,化学原料,2026-04-30
656,603098,森特股份,0.06,717091520.43,16.1059594687,-31.7617,34091921.78,59.14,8377.5454,5.174317518853,1.23,-0.069959313765,17.7282230285,专业工程,2026-04-30
657,603078,江化微,0.0695,275437609.14,12.919056518,-1.2615,26815580.09,5.61,116.6622,4.978790129656,1.41,0.081158485241,25.3075386065,电子化学品Ⅱ,2026-04-30
658,603070,万控智造,0.02,405557893.26,-6.5266169854,-20.954,9282255.2,36.0,-71.3103,5.324349534289,0.44,-0.232129334514,21.0962997816,电网设备,2026-04-30
659,603059,倍加洁,0.12,323825679.43,13.2824345748,-9.1457,12410454.38,-34.48,110.423,10.023887104462,1.24,0.362690212118,25.6952809075,个护用品,2026-04-30
660,603057,紫燕食品,0.0369,563665482.84,-18.8574111599,-16.6581,15218210.1,-71.8,711.4101,4.893219424879,0.76,-0.078278540049,18.1568165527,休闲食品,2026-04-30
661,603055,台华新材,0.18,1478072095.66,0.3836394885,-23.6293,163158724.13,8.92,52.3249,5.734086259849,3.21,0.082421414982,22.3267324564,纺织制造,2026-04-30
662,603052,可川科技,0.06,201867786.97,27.6635590898,-11.2609,10769411.8,-48.82,16.8376,8.205134752462,0.96,0.201325388141,16.7109493676,消费电子,2026-04-30
663,603051,鹿山新材,0.1,334087786.37,-39.8991948704,-27.4345,14204732.62,-43.04,200.6182,14.762440498806,0.91,0.206290753539,12.0768642094,化学制品,2026-04-30
664,603048,浙江黎明,0.09,167533518.47,5.9606755658,-11.4843,13412912.79,-23.42,-19.1158,8.825404266204,1.04,-0.274415099401,34.0423367281,汽车零部件,2026-04-30
665,603045,福达合金,-0.0378,1008077996.08,54.1808520842,-13.1942,-5121942.74,-174.34,-226.0259,7.124039243338,-0.53,-1.24009971741,6.2503978477,金属新材料,2026-04-30
666,603039,泛微网络,0.1,328531340.44,-4.3156766593,-66.3502,26115618.51,-6.71,-77.6253,8.402414009024,1.2,-0.63691661276,93.2174818572,软件开发,2026-04-30
667,603030,全筑股份,-0.01458,212628798.44,6.468804715,6.9314,-19159820.9,27.51,74.7006,0.703818096718,-2.05,0.007916566555,9.2931096469,装修装饰Ⅱ,2026-04-30
668,603027,千禾味业,0.1202,830624510.64,-7.1494026393,5.7841,160586642.85,3.67,-1.2324,3.707946210484,3.52,0.153253415894,38.8925943554,调味发酵品Ⅱ,2026-04-30
669,603023,威帝股份,0.001,38159176.65,85.8370343988,100.573,801063.01,-81.72,-46.8498,1.379577925922,0.1,-0.004823546724,15.1779667919,汽车零部件,2026-04-30
670,603022,新通联,0.06,206297680.64,-1.1450678336,-13.6393,12488413.54,2.78,-21.3121,4.0500470883,1.55,0.14880309405,19.1917717529,包装印刷,2026-04-30
671,603021,*ST华鹏,-0.09,91488159.46,-10.2368500682,-25.9014,-27381517.1,10.07,45.0403,0.086635172733,-66.12,0.038658132834,10.8072238291,家居用品,2026-04-30
672,603018,华设集团,0.09,675095330.15,-14.5470889017,-61.1156,57894619.45,-37.68,-61.5548,7.616320606224,1.11,-0.393094703679,30.5918598199,工程咨询服务Ⅱ,2026-04-30
673,603014,威高血净,0.3,895991790.32,6.44,-6.5951,112357051.47,7.91,-15.909,15.422817563573,1.99,0.256336964527,40.9207173828,医疗器械,2026-04-30
674,603010,万盛股份,0.02,775996799.87,16.0185806537,-7.6054,9636186.23,-78.87,162.5092,6.183922795989,0.26,-0.010435022087,19.9075619147,化学制品,2026-04-30
675,603008,ST喜临门,0.19,1730221468.28,-1.7551524071,-37.149,71100006.2,-4.02,234.7323,10.118393710282,1.87,-1.18523827149,33.4384934615,家居用品,2026-04-30
676,603007,顺景科技,-0.01,8442966.33,-71.7610332997,-61.6225,-10489793.23,51.8395445512,98.5536,0.576026985414,-2.06,-0.050223461274,25.2450091199,汽车零部件,2026-04-30
677,603000,人民网,-0.01,305240952.12,-5.4587789085,-66.5359,-11109565.79,38.5018918969,-107.2496,3.380382211892,-0.3,-0.142057331031,35.0533741056,数字媒体,2026-04-30
678,601998,中信银行,0.36,51931000000.0,-3.420122745,0.6494,19509000000.0,1.66,16.4716,12.642357803936,2.855,0.68277473268,,银行Ⅱ,2026-04-30
679,601995,中金公司,0.38,5720965040.0,47.6855605713,-27.4377,2041982798.0,64.85,-28.0023,19.525133438994,1.98,1.821545934564,,证券Ⅱ,2026-04-30
680,601992,金隅集团,-0.12,16866516958.99,31.4245341078,-49.9142,-1234598085.17,5.65,-940.8244,3.909539853983,-1.7,-0.508606627584,5.4117241888,水泥,2026-04-30
681,601988,中国银行,0.18,164929000000.0,2.5563058862,8.6904,54364000000.0,-2.9,-12.4263,8.27618992622,2.2725,-0.137447857929,,银行Ⅱ,2026-04-30
682,601985,中国核电,0.152,20272701537.69,12.6990751703,-0.0668,3136994872.4,2.55,2108.2948,5.476799889795,2.82,0.278962654442,47.8643386867,电力,2026-04-30
683,601969,海南矿业,0.08,1189297930.0,7.1654602624,33.0712,160337230.0,-35.2,0.1971,3.563352956147,2.28,0.069816065596,27.8719689691,油气开采Ⅱ,2026-04-30
684,601952,苏垦农发,0.06,2133216652.68,-8.6995646133,-38.4428,82420580.97,-36.18,-69.8989,5.041299221865,1.19,0.498349295102,12.2738850056,种植业,2026-04-30
685,601939,建设银行,0.33,190070000000.0,-5.4039257844,4.9363,83351000000.0,-3.99,4.4486,12.91526772822,2.605,2.884141097792,,银行Ⅱ,2026-04-30
686,601928,凤凰传媒,0.1991,3225677662.78,-3.5249053297,-20.2656,506729059.34,42.3,99.3987,7.931588544953,2.56,0.11917257117,39.0838280392,出版,2026-04-30
687,601919,中远海控,0.74,57960419102.55,20.0504187372,-1.9643,11694538845.82,73.12,6.5422,15.295025250533,4.88,0.943647905428,27.0478229749,航运港口,2026-04-30
688,601916,浙商银行,0.22,17105000000.0,-7.0733959907,12.8373,5949000000.0,0.61,160.8067,6.43697203612,3.3925,-0.08,,银行Ⅱ,2026-04-30
689,601901,方正证券,0.15,2964282363.7,49.3501321003,29.6873,1195070571.69,52.37,393.5867,5.917094583605,2.47,-0.13810573709,,证券Ⅱ,2026-04-30
690,601888,中国中免,0.9367,16746050116.23,-10.9592178038,24.4758,1937854243.4,-15.98,457.15,27.535760807777,3.46,2.318659602365,32.9781600224,旅游零售Ⅱ,2026-04-30
691,601882,海天精工,0.1895,740043095.58,-2.1707990682,-13.8325,98916879.46,-24.17,-17.0203,5.369030892184,3.59,0.023024583027,25.9275425899,通用设备,2026-04-30
692,601881,中国银河,0.25,6358658422.36,-11.8575905923,-9.867,3015845560.34,84.86,-1.6736,10.278369693303,2.44,0.674849088558,,证券Ⅱ,2026-04-30
693,601869,长飞光纤,0.2,2893750963.0,21.2326881078,-17.3901,151696565.0,161.91,47.3618,15.527333983874,1.15,0.574619441673,27.8421796935,通信设备,2026-04-30
694,601868,中国能建,0.037,100370574000.0,3.0457043739,-29.1038,1611677000.0,8.83,-66.3666,2.60466596711,1.429,-0.348014941487,11.1793323011,基础建设,2026-04-30
695,601866,中远海发,0.036,5417754088.73,9.6805844575,-30.1392,480454446.22,7.56,57.5533,2.256358392557,1.58,0.036972235772,20.1043964328,航运港口,2026-04-30
696,601857,中国石油,0.259,753056000000.0,-7.3505076888,10.4747,47450000000.0,2.3,45.5532,8.54898071806,3.0,0.762185760104,21.2017432966,炼化及贸易,2026-04-30
697,601827,三峰环境,0.24,1554855870.92,0.1594975688,5.5372,409314694.87,4.93,158.9093,6.939529962463,3.59,0.318627750359,39.9826908022,环境治理,2026-04-30
698,601818,光大银行,0.19,33086000000.0,-4.0624003248,0.212,12464000000.0,0.31,279.7684,8.149172392783,2.2775,0.966049487188,,银行Ⅱ,2026-04-30
699,601816,京沪高铁,0.0604,10223408183.32,1.1590302023,4.2995,2963921647.77,0.03,7.6577,4.165558434263,1.45,0.098066473373,45.3824949917,铁路公路,2026-04-30
700,601811,新华文轩,0.21,2487814739.84,0.5648513075,-36.0589,259864121.11,25.97,-60.2456,12.00552158967,1.77,0.193429190674,34.4020090397,出版,2026-04-30
701,601800,中国交建,0.32,154643895485.0,-12.583250713,-34.2802,5466739127.0,-10.98,-23.1079,17.725639922448,1.82,-3.004426947184,11.5500623183,基础建设,2026-04-30
702,601799,星宇股份,1.1351,3094510069.22,28.280553677,-23.1648,322118767.76,32.68,-25.2753,37.023270309647,3.1,1.360309498739,18.8330529484,汽车零部件,2026-04-30
703,601788,光大证券,0.16,2504964344.03,13.6447946724,-21.5211,819260652.7,20.05,-23.2957,12.886730484596,1.22,0.173608209233,,证券Ⅱ,2026-04-30
704,601766,中国中车,0.11,48671707000.0,51.2351864551,-48.1528,3053007000.0,202.79,-40.6331,5.974302153563,1.79,-0.176628001722,23.4224906063,轨交设备Ⅱ,2026-04-30
705,601727,上海电气,0.0188,22245441000.0,8.06,-43.8118,292299000.0,145.69,5114.5651,3.437698028502,0.55,-0.248407280034,18.4006070733,其他电源设备Ⅱ,2026-04-30
706,601717,中创智领,0.612,9760219222.74,0.9310099924,6.1407,1088753734.2,4.47,24.4078,12.574281121709,4.84,-0.148145274488,23.4770564043,专用设备,2026-04-30
707,601700,风范股份,-0.037,571710074.74,-42.5459180193,-14.047,-42477987.3,-165.88,-817.4545,2.305312153898,-1.6,-0.199098185558,8.3247680989,电网设备,2026-04-30
708,601698,中国卫通,0.0167,538607018.43,-1.0648110172,-31.2206,70444084.04,-34.9,367.1443,3.739428168925,0.4469,0.005596907747,26.6594962128,航天装备Ⅱ,2026-04-30
709,601696,中银证券,0.1,751613459.13,22.1168730214,-22.2913,280397612.64,38.6,14.0759,6.572600652635,1.55,-0.925438064147,,证券Ⅱ,2026-04-30
710,601689,拓普集团,0.33,5767593240.0,1.3955417034,-20.4287,565467923.13,-12.39,-26.2321,13.054679202252,2.85,0.510839308722,19.8928536106,汽车零部件,2026-04-30
711,601688,华泰证券,0.38,7366162435.73,20.6492850947,-18.0266,3642409445.26,58.97,28.714,18.495651908405,2.1,-1.198622422756,,证券Ⅱ,2026-04-30
712,601678,滨化股份,0.05,3782455195.57,94.1371824448,42.055,95999141.81,225.75,219.7735,5.580180841545,0.84,0.47811398907,9.2026945109,化学原料,2026-04-30
713,601669,中国电建,0.1462,142760042240.3,1.6277074183,-31.4447,2620973436.7,-12.03,-17.859,8.183325858696,1.8,-2.352979928081,10.8002894868,基础建设,2026-04-30
714,601666,平煤股份,0.0613,5400175246.55,-34.6878630689,-22.4389,151761063.29,-79.5,-36.1573,9.683496430336,0.58,0.191745931269,17.9045593259,煤炭开采,2026-04-30
715,601658,邮储银行,0.24,89363000000.0,-0.074918931,1.0596,25246000000.0,-2.62,136.8071,8.514446203649,2.8325,0.763354544629,,银行Ⅱ,2026-04-30
716,601628,中国人寿,1.02,110177000000.0,-8.9220467885,8.6698,28802000000.0,39.5,1094.1128,18.839801875111,5.53,6.81160445781,,保险Ⅱ,2026-04-30
717,601618,中国中冶,0.08,122272308000.0,-18.4575470807,-12.2912,1607206000.0,-40.0,1995.2677,5.018458166018,1.51,-1.23987316115,8.8363474745,专业工程,2026-04-30
718,601607,上海医药,0.36,70762515910.94,0.8691435477,7.8332,1333070453.48,-13.56,167.4967,19.688134347535,1.84,-0.594417620703,10.2545140002,医药商业,2026-04-30
719,601588,北辰实业,-0.09,1195181587.0,-30.6410913272,-50.6421,-294942888.0,-69.7410173615,84.4715,2.793033515393,-3.09,-0.006373251718,26.2616939898,房地产开发,2026-04-30
720,601528,瑞丰银行,0.22,1108669000.0,5.1245752041,4.3113,424313000.0,6.69,-11.6169,9.612761643922,2.24,2.602094833197,,银行Ⅱ,2026-04-30
721,601515,衢州东峰,-0.01,295660510.82,-16.711690451,-21.547,-9850029.39,-180.65,96.7071,2.764665407246,-0.19,-0.003292199091,15.9235513527,包装印刷,2026-04-30
722,601512,中新集团,0.17,858060798.87,-16.9894443641,22.6601,258676582.72,-45.13,833.7042,9.807557573371,1.78,0.100704036774,42.6479506291,房地产开发,2026-04-30
723,601500,通用股份,0.06,2121612281.53,46.9894034751,7.6877,102673077.47,-32.81,1818.0282,3.778493973568,1.72,0.007878400656,13.5267435308,汽车零部件,2026-04-30
724,601398,工商银行,0.23,212774000000.0,-3.2154764991,8.9021,84156000000.0,-3.99,-13.0961,10.414722494227,2.265,2.644389700539,,银行Ⅱ,2026-04-30
725,601390,中国中铁,0.245,249283230000.0,-6.1594458197,-26.6875,6025119000.0,-19.46,-17.6563,12.553130412764,1.96,-3.128270807395,8.4585047832,基础建设,2026-04-30
726,601377,兴业证券,0.0568,2348998816.71,-1.1745400689,-21.1927,516322013.21,57.32,-38.823,6.343856597822,0.9,-0.754313661056,,证券Ⅱ,2026-04-30
727,601375,中原证券,0.0222,401029592.04,-37.726099227,0.8745,102963370.01,-21.28,24.5357,3.049068668279,0.73,0.243557911361,,证券Ⅱ,2026-04-30
728,601369,陕鼓动力,0.15,2559006030.96,2.6826702409,-14.3497,247702605.91,5.57,-34.019,5.284221324729,2.75,0.136680104566,20.4750618248,专用设备,2026-04-30
729,601360,三六零,-0.04,1863752000.0,8.3927129933,-20.3081,-273166000.0,-149.1594837415,46.9476,4.287412793605,-0.91,-0.068543043474,71.7906137726,软件开发,2026-04-30
730,601336,新华保险,1.89,33402000000.0,26.145247177,30.4817,5882000000.0,19.0,6.0011,25.592628205128,6.68,10.765384615385,,保险Ⅱ,2026-04-30
731,601333,广深铁路,0.066,6895682446.0,4.4739853892,-2.3282,468184864.0,-14.4,414.0947,3.901783580293,1.71,0.119971558277,9.6305509745,铁路公路,2026-04-30
732,601328,交通银行,0.34,66374000000.0,-1.0214885399,4.1929,25372000000.0,1.54,1.912,13.346202011769,2.5875,1.502767192276,,银行Ⅱ,2026-04-30
733,601319,中国人保,0.29,156589000000.0,12.8,2.7514,12849000000.0,43.4,96.528,6.316615412446,4.7,0.826451700434,,保险Ⅱ,2026-04-30
734,601298,青岛港,0.22,4807056429.0,8.5099454156,-3.1414,1402495573.0,6.51,7.5964,6.763539800958,3.25,0.190561753478,38.5732873618,航运港口,2026-04-30
735,601288,农业银行,0.19,186674000000.0,0.3510356358,9.5871,71931000000.0,2.2,6.2324,7.53539743359,2.705,-2.196763842815,,银行Ⅱ,2026-04-30
736,601279,英利汽车,-0.0234,992729938.52,-14.4865498203,-18.1943,-37067496.75,-284.89,-947.4369,2.672599614632,-0.87,0.050598981495,6.4534048853,汽车零部件,2026-04-30
737,601238,广汽集团,-0.07,19879060566.0,-7.8240736,-39.8387,-731607981.0,-159.95,-203.9926,11.119209239003,-0.64,-1.099318974785,0.2120891798,乘用车,2026-04-30
738,601236,红塔证券,0.06,566157693.15,45.9996254459,42.5873,295620962.49,147.24,163.8952,5.250380101339,1.2,0.069982875129,,证券Ⅱ,2026-04-30
739,601222,林洋能源,0.06,1123811791.46,-27.6939170826,-28.7147,123613901.64,-43.26,178.6107,7.418681320914,0.8,-0.216853564475,27.5762432131,电网设备,2026-04-30
740,601198,东兴证券,0.118,1032329947.05,-47.8608060053,9.6849,379829787.59,5.37,-36.8426,8.842360565177,1.33,1.714670997688,,证券Ⅱ,2026-04-30
741,601188,龙江交通,0.051,132139768.08,17.144719981,-74.8907,67740712.16,34.7,1829.9447,3.536566229818,1.46,-0.201217726123,59.1950818263,铁路公路,2026-04-30
742,601187,厦门银行,0.22,1214412000.0,-18.4225835012,-23.9924,645491000.0,-14.21,-2.2757,9.751154582926,2.23,0.614484431533,,银行Ⅱ,2026-04-30
743,601186,中国铁建,0.34,256762012000.0,-6.6146062573,-16.9179,5150787000.0,-14.51,-20.9958,19.790398527432,1.72,-2.868029717055,7.5066805443,基础建设,2026-04-30
744,601166,兴业银行,1.15,55683000000.0,-3.5808903742,15.9845,23796000000.0,-2.22,67.5893,37.783334937903,3.06,-2.86,,银行Ⅱ,2026-04-30
745,601162,天风证券,0.0,633836671.54,243.0477598557,-53.3648,24158344.8,106.4230039563,-95.2322,2.699088552338,0.1,-0.076799166515,,证券Ⅱ,2026-04-30
746,601156,东航物流,0.34,5485974145.54,5.0158606398,-14.0372,545288715.35,-7.4,-12.1253,11.373522962349,3.07,0.518549352531,17.4800841187,物流,2026-04-30
747,601155,新城控股,0.13,9737836738.0,-32.173144334,-73.9878,304419539.0,34.0,143.3557,27.12023788475,0.5,0.041412091898,29.4636940647,房地产开发,2026-04-30
748,601127,赛力斯,0.5,19147080403.63,-27.9119276978,-50.3309,747793485.81,240.6,-60.8078,14.158467377356,5.9,-4.67151484336,27.6175529345,乘用车,2026-04-30
749,601126,四方股份,0.29,1828063290.62,18.335082963,-1.5933,241495156.15,33.38,126.8679,5.794907190738,5.14,0.223794646824,31.8396975579,电网设备,2026-04-30
750,601112,振石股份,0.12,1355007689.59,,-2.5465,181445131.14,,3.2357,,6.04,,27.0236903365,玻璃玻纤,2026-04-30
751,601111,中国国航,-0.12,40023324000.0,-0.1058709957,3.8247,-2043993000.0,-22.07,-27.8253,2.465562356617,-4.64,0.478060507596,0.5248089839,航空机场,2026-04-30
752,601107,四川成渝,0.1523,1988802182.73,-1.1773162111,-38.4036,486262964.13,16.61,35.7322,5.506440272016,2.45,0.103700389214,45.4687032206,铁路公路,2026-04-30
753,601106,中国一重,-0.0121,2251339710.44,-37.1558338498,-25.3252,-83147049.9,35.5759376801,97.6597,0.77177698616,-1.5663,-0.011281710071,6.3711972078,专用设备,2026-04-30
754,601099,太平洋,0.01,308372312.56,11.0900820687,-32.1739,67942443.61,95.06,-18.9107,1.43295333445,0.7,-0.157161366675,,证券Ⅱ,2026-04-30
755,601086,国芳集团,0.02,203588787.36,-17.2823152861,28.1908,15168411.26,-10.99,-32.455,2.389013258228,0.96,0.010686362417,44.5348464597,一般零售,2026-04-30
756,601083,锦江航运,0.28,1666066569.73,33.2525127207,-2.3038,356716447.89,187.07,18.2746,6.927703429775,4.06,0.51396214987,32.2521559578,航运港口,2026-04-30
757,601069,西部黄金,0.0258,1941731212.28,35.9809768492,-0.704,23719676.78,7.79,-77.8305,5.178296562131,0.4,-0.179073459333,6.6118711806,贵金属,2026-04-30
758,601066,中信建投,0.2,4742593553.05,10.4382842314,-27.811,1842645806.07,50.07,-37.0223,10.094470674213,2.04,2.698235712576,,证券Ⅱ,2026-04-30
759,601059,信达证券,0.06,966525843.05,15.7778255993,2.6626,204795178.76,10.82,-57.2813,5.889800921896,0.86,-2.19267381,,证券Ⅱ,2026-04-30
760,601021,春秋航空,0.69,5317122280.0,2.8847204232,32.1621,677135765.0,-16.39,304.3856,18.181559785063,3.84,0.463706335013,16.3357497206,航空机场,2026-04-30
761,601019,山东出版,0.15,2477529030.8,0.3037410095,-22.675,323281033.97,53.46,7.5185,7.32214159448,2.14,0.02056814189,41.6687898582,出版,2026-04-30
762,601016,节能风电,0.061,1307515630.16,-1.3264541417,7.4864,391791983.05,-10.22,161.4143,2.728938722825,2.21,0.115679616737,50.8131239654,电力,2026-04-30
763,601007,金陵饭店,0.017,446684371.18,-20.4750459479,-7.4265,6445924.69,-18.26,175.2876,4.044228662103,0.41,-0.047220638872,22.5919644655,酒店餐饮,2026-04-30
764,601006,大秦铁路,0.13,17800848734.0,-2.5596471874,-8.3045,2570966279.0,-15.61,489.5298,8.205056846643,1.62,-0.084111795358,16.2874109394,铁路公路,2026-04-30
765,601005,重庆钢铁,-0.01,6614111791.79,-14.5070106286,-0.4813,-117415223.32,64.8202843896,93.6388,1.86389814059,-0.71,0.046173533362,0.5824408338,普钢,2026-04-30
766,601003,柳钢股份,0.1,17118885410.45,-14.3556126028,0.4845,260464845.54,594.67,307.6535,3.369379805136,3.06,0.125820230243,6.5584578896,普钢,2026-04-30
767,601002,晋亿实业,0.06,576299454.62,35.8984991366,-10.2541,57557285.29,379.2830173827,18.2647,4.435654706025,1.37,0.007056640144,25.1228755952,通用设备,2026-04-30
768,600999,招商证券,0.25,4712949021.97,9.6372757386,-28.7226,2307627966.26,6.97,-28.6969,13.405493686513,1.87,-4.278968699365,,证券Ⅱ,2026-04-30
769,600996,贵广网络,-0.22,279080850.21,-22.6581846906,-22.4681,-267475929.17,-40.73,33.8957,2.315981535076,-9.2,0.009290467682,-28.6594568598,电视广播Ⅱ,2026-04-30
770,600992,贵绳股份,-0.0887,417654980.98,-11.6261501921,-34.2847,-21734048.72,-404.42,-128.7535,5.843971647966,-1.5056,-0.01643907789,7.2201191206,通用设备,2026-04-30
771,600986,浙文互联,0.07,2042849365.98,0.2762561617,-2.9422,109985720.57,332.45,87659.0969,3.501650301328,2.13,-0.117025199401,7.8125446931,广告营销,2026-04-30
772,600984,建设机械,-0.1925,433972834.36,-14.5586086296,-41.7027,-241945959.42,-1.44,32.9062,3.211460717349,-5.82,0.044444430731,-22.6575985211,工程机械,2026-04-30
773,600982,宁波能源,0.0369,974752410.95,-12.2282668112,-15.5666,42260876.96,48.07,-51.8208,3.920136859626,0.95,0.062885640764,19.3639965215,电力,2026-04-30
774,600977,中国电影,-0.075,994113815.43,-3.1299638179,-36.2326,-140760120.07,-245.25,-87.4228,5.822594476963,-1.29,0.711103845736,-3.1746173185,影视院线,2026-04-30
775,600973,宝胜股份,0.017,12049225566.66,19.9754023621,10.3795,22647639.88,10.32,106.9717,2.542506254719,0.66,-0.679696140115,4.4711282013,电网设备,2026-04-30
776,600965,*ST福成,0.03,264741302.88,13.821814633,-15.5374,23973421.36,3.39,5.3235,2.658858642641,1.107,0.098137128703,27.7446803506,养殖业,2026-04-30
777,600962,国投中鲁,0.103,572659316.06,58.0299113239,-33.0142,27011173.38,217.54,-4.8339,3.537926374776,3.01,1.441637322642,15.6554645748,农产品加工,2026-04-30
778,600960,渤海汽车,0.0006,997273453.71,-13.7985946459,8.3272,556801.9,101.2310446267,100.0518,3.707726915291,0.02,-0.030066352215,11.1502654429,汽车零部件,2026-04-30
779,600959,江苏有线,0.0209,1889405046.89,1.4717884573,-19.0662,104285204.93,49.39,-27.1489,4.525323270023,0.4619,0.085896840352,23.0188952367,电视广播Ⅱ,2026-04-30
780,600958,东方证券,0.16,3884727756.24,7.5941726732,5.3025,1435653008.94,62.0,2881.0369,9.139213241159,1.79,-0.557633822255,,证券Ⅱ,2026-04-30
781,600939,重庆建工,-0.02,6953167892.62,-6.27,-2.5313,-42970900.68,-196.27,88.7997,4.082058752441,-0.65,-0.912810601204,5.5458877908,房屋建设Ⅱ,2026-04-30
782,600935,华塑股份,-0.02,1065668162.28,-0.5730104799,-21.4182,-55427538.04,-37.1930886528,74.469,1.668950001232,-0.95,-0.055469016328,12.4851842674,化学原料,2026-04-30
783,600933,爱柯迪,0.26,1665534015.15,1.4137008595,-5.9943,257254872.92,10.94,30.1084,8.521050600238,3.09,0.497623509581,28.729099655,汽车零部件,2026-04-30
784,600918,中泰证券,0.05,2482580529.36,-2.2251683164,-26.6056,369863960.38,11.61,-14.9082,5.438762739741,0.88,-0.921680379599,,证券Ⅱ,2026-04-30
785,600908,无锡银行,0.28,1350376000.0,3.5319084665,22.706,617657000.0,3.13,27.0439,9.866802570942,2.88,0.0185457392,,银行Ⅱ,2026-04-30
786,600906,财达证券,0.04,486241621.52,12.9119747187,-34.1977,118112014.48,6.34,-62.7011,3.717321027304,0.98,-0.156038420009,,证券Ⅱ,2026-04-30
787,600905,三峡能源,0.0855,7628320608.76,-3.4651576436,-4.1365,2446780116.92,1.16,140.3433,3.118617047698,2.78,0.144885571352,49.3184536512,电力,2026-04-30
788,600900,长江电力,0.2117,17015283778.59,8.6769265327,-6.3096,5180785597.87,30.56,15.8689,8.82021509774,2.43,0.484189412184,52.9766746662,电力,2026-04-30
789,600897,厦门空港,0.3028,487674335.82,6.89020681,5.7608,126242541.82,4.1,110.6127,11.015776613996,2.79,0.199659194909,38.9748914776,航空机场,2026-04-30
790,600892,大晟文化,-0.0181,55890050.68,37.6867367622,7.9329,-10141839.58,-17.286861402,78.9599,0.118440762682,-14.22,-0.058470650475,76.7607931072,游戏Ⅱ,2026-04-30
791,600887,伊利股份,0.77,33018237383.48,1.3535751604,23.4781,4874104242.93,-17.71,301.7744,9.16387029101,8.74,0.148930988161,37.667573801,饮料乳品,2026-04-30
792,600886,国投电力,0.2676,13121801284.04,-6.9891423071,-2.2517,2078173518.71,2.1,3085.5438,8.167401525799,3.43,0.908898732166,43.6251287197,电力,2026-04-30
793,600885,宏发股份,0.2816,3982795719.1,15.349306654,23.173,411101183.24,15.47,13.7009,9.178486797714,4.23,-0.481665837601,33.7653002972,电网设备,2026-04-30
794,600884,杉杉股份,0.015,4804304603.0,28.0356721979,-10.967,33142762.49,145.2264419606,108.4905,9.604205826811,0.153,-0.066762895494,14.8112406515,电池,2026-04-30
795,600883,博闻科技,0.0258,11626947.04,64.2453013605,-47.6149,6100039.69,-75.01,-55.5625,4.155722086552,0.6208,-0.06971857587,4.7712308149,种植业,2026-04-30
796,600876,凯盛新能,-0.19,891764438.56,-37.9760969631,-0.8818,-125133008.15,-1869.6316009057,65.4938,6.027937215741,-3.16,-0.464114989929,-13.4416418066,玻璃玻纤,2026-04-30
797,600875,东方电气,0.37,16548081132.37,9.93,-24.2511,1153823686.96,27.39,288.0233,12.822495942492,2.93,-1.056258712865,16.6241514566,其他电源设备Ⅱ,2026-04-30
798,600868,梅雁吉祥,-0.0087,36783307.87,58.593339727,-64.133,-16518903.69,-71.5344141032,82.5094,1.037530071405,-0.8,-0.004519406759,0.0039951274,电力,2026-04-30
799,600866,星湖科技,0.2854,4039271975.9,-3.815419868,-11.1238,474173136.28,88.55,78.3059,5.05588122741,5.83,0.219943117082,22.4619778307,化学制品,2026-04-30
800,600865,百大集团,0.04,50587847.77,-14.1625449214,-2.5964,16812232.43,-53.69,1276.4472,6.267189822395,0.72,-0.02195527281,89.3003607218,一般零售,2026-04-30
801,600860,京城股份,-0.02,323134237.51,0.8116138383,-39.4896,-11910593.71,-82.5910580406,-150.5892,1.9630511303,-1.1,-0.106611524833,18.761030093,通用设备,2026-04-30
802,600859,王府井,0.053,2985255890.01,-9.7641536163,3.928,55641242.98,-72.43,135.1726,17.344259313271,0.283,0.225345672327,39.2419893755,一般零售,2026-04-30
803,600857,宁波中百,0.022,154709591.45,-44.6931824597,22.8826,4939896.94,206.5792249162,161.4094,3.706961874304,0.59,-0.075510813777,10.6246144961,一般零售,2026-04-30
804,600855,航天长峰,-0.0904,99810834.68,-33.8880591549,-80.1119,-42825150.31,1.0641664471,70.7666,3.344056088306,-2.7,-0.279296992461,26.1132796089,军工电子Ⅱ,2026-04-30
805,600850,电科数字,0.0735,2001472089.45,0.3607796632,-44.4894,50425845.08,6.41,-79.6968,7.145642446769,1.04,-1.646503331381,17.8169361761,IT服务Ⅱ,2026-04-30
806,600847,万里股份,-0.06,124077746.91,0.4447615897,-37.2457,-8974797.71,-30.9237069445,37.1342,3.513308014423,-1.67,-0.201265036265,5.1041826498,电池,2026-04-30
807,600846,同济科技,0.14,902749134.95,-9.3914157125,-28.6771,87515630.39,16.97,-12.0079,6.665044707107,2.12,0.020966589994,11.0837771177,工程咨询服务Ⅱ,2026-04-30
808,600844,金煤科技,-0.036,237740080.32,17.9139183503,29.8674,-36621153.52,27.1575062506,66.3838,0.189536795502,-17.3682,0.012400379326,-4.6607125332,化学原料,2026-04-30
809,600843,上工申贝,-0.0357,1098630442.1,0.9577015827,7.067,-25055496.62,-255.03,87.8061,4.148278749444,-0.8479,-0.185498124407,17.4040541817,专用设备,2026-04-30
810,600834,申通地铁,0.02,127629923.02,-8.6754059719,-15.4761,9148544.93,-32.64,3993.6866,3.577918871935,0.53,-0.04150836111,19.7564268655,铁路公路,2026-04-30
811,600833,第一医药,0.0212,503963782.8,9.0657503447,-7.7461,4739088.09,-86.86,-69.8844,5.109618241227,0.42,0.056912741146,16.9476051941,医药商业,2026-04-30
812,600831,广电网络,-0.208,350646630.28,-14.531927851,-12.0272,-148131739.92,-58.996512749,70.2114,2.707967408434,-7.41,0.004387923073,9.4179739083,电视广播Ⅱ,2026-04-30
813,600827,百联股份,0.108,7592873215.97,-14.0029251429,25.3459,192758677.91,0.09,468.6821,11.137943979407,0.98,-0.292629358997,24.5742138034,一般零售,2026-04-30
814,600826,兰生股份,-0.03,231649106.43,30.9821341586,-67.4602,-24589963.5,-369.5602055923,-123.5412,5.603790628047,-0.01,-0.105740050601,26.2110323004,专业服务,2026-04-30
815,600825,新华传媒,0.001,173840443.16,6.7262736395,-72.6353,976362.71,-37.52,-96.8161,2.346941792643,0.04,-0.068200458059,38.7213512785,出版,2026-04-30
816,600822,上海物贸,0.0136,472353020.25,-45.2135608189,142.2325,6742079.94,30.58,41.822,2.443591875301,0.5577,-0.116106312854,14.0536613643,汽车服务,2026-04-30
817,600821,金开新能,0.06,853330421.15,1.2049399805,9.078,120371754.23,-44.79,113.8646,4.717123017226,1.29,-0.10667514187,50.422563404,电力,2026-04-30
818,600820,隧道股份,0.1,10549386215.7,-25.3343569203,-59.3116,330395366.4,-25.38,-75.3723,9.811754683523,1.0,-1.553307971607,14.9536008913,基础建设,2026-04-30
819,600814,杭州解百,0.12,479963898.46,-6.2129961793,11.2412,86771059.94,-29.58,966.0387,5.071503583952,2.35,0.109025385221,76.8955802164,一般零售,2026-04-30
820,600810,神马股份,-0.07,3235035781.61,-6.2100436062,-14.0178,-73306527.94,-254.54,-9326.3811,6.700027720658,-1.03,0.048500987457,8.9200913607,化学纤维,2026-04-30
821,600809,山西汾酒,5.45,16522645535.5,7.7228680556,255.0667,6647582867.87,6.15,644.4846,31.470658464163,17.26,5.759627489502,78.7981457048,白酒Ⅱ,2026-04-30
822,600807,济高发展,-0.03,87692970.19,57.8096821608,-14.4512,-26403899.9,-48.989859089,96.5251,0.076849989185,-46.87,-0.003401311688,11.2571792683,医疗器械,2026-04-30
823,600805,悦达投资,0.02,683436070.11,-11.8746414917,4.4706,15827940.27,1.65,648.9706,5.146809645451,0.36,-0.034240893854,10.1028520032,综合Ⅱ,2026-04-30
824,600803,新奥股份,0.32,33739590000.0,-1.4353973335,-9.1364,976430000.0,-9.64,-2.5597,7.976687794026,4.05,0.186142475679,11.8309252835,燃气Ⅱ,2026-04-30
825,600801,华新建材,0.11,7161642321.0,1.101708517,-24.6004,233909321.0,31.8,-81.6951,14.662652434921,0.77,-0.051061958716,26.1139405764,水泥,2026-04-30
826,600800,渤海化学,-0.15,838713853.99,-35.7675967548,-40.3711,-168903048.09,4.779137081,-77.991,1.438340800768,-10.06,-0.29611390967,-9.6617840798,炼化及贸易,2026-04-30
827,600797,浙大网新,-0.03,568073578.8,-16.4818243608,-44.0619,-30487459.57,-1.8016653733,-118.5762,3.226102839667,-0.93,-0.159282041793,19.8566805392,IT服务Ⅱ,2026-04-30
828,600793,宜宾纸业,0.0906,612362460.03,9.5053999798,-46.8707,16027143.43,99.8,1210.9798,1.344488396311,7.0,1.479418986858,21.7461353695,造纸,2026-04-30
829,600787,中储股份,0.04,13387078069.37,-3.8925031598,-16.4911,77778460.93,-76.49,253.0373,6.342599197965,0.5565,-0.050291768168,3.3501633116,物流,2026-04-30
830,600783,鲁信创投,-0.05,21907157.45,31.4959532698,-12.4879,-38250993.42,74.7940605548,74.2202,5.971655385081,-0.84,-0.016646702419,47.3652090358,通用设备,2026-04-30
831,600779,水井坊,0.3927,958932533.45,2.740275959,-32.8819,190291824.21,2.15,-11.9058,11.011315785809,3.61,-1.180872650296,81.9743903246,白酒Ⅱ,2026-04-30
832,600775,南京熊猫,-0.0386,405735194.47,-16.1709293014,-50.374,-35281525.82,23.1718916111,60.7664,3.369318292094,-1.14,-0.015000186439,13.5071619044,通信设备,2026-04-30
833,600773,西藏城投,-0.036,534871205.91,599.7790622967,-44.28,-34386600.19,30.3693212489,-121.2768,5.055638031984,-0.71,-0.372560122286,8.9870714275,房地产开发,2026-04-30
834,600765,中航重机,0.13,2306301514.23,-21.146343358,-18.5261,197809382.77,-38.97,153.0161,9.003761349023,1.41,-0.314295205093,33.8029537222,航空装备Ⅱ,2026-04-30
835,600764,中国海防,0.044,511390876.38,42.7306261897,-60.6931,31293314.08,700.3,-60.3528,11.507527065409,0.38,-0.312069660894,35.3240998331,航海装备Ⅱ,2026-04-30
836,600759,ST洲际,0.0108,546943165.4,-14.1387450808,-12.8458,42562570.1,-56.06,-87.1802,2.087402382178,0.49,0.030359588967,57.2965081063,油气开采Ⅱ,2026-04-30
837,600756,浪潮软件,-0.27,106795650.9,-59.7864334166,-87.231,-88481484.74,-209.4898109526,-181.6506,6.906161220898,-3.88,-0.540584423199,43.6963574609,IT服务Ⅱ,2026-04-30
838,600755,厦门国贸,0.13,70534221784.2,-27.1941219793,3.5582,421707986.11,2.76,588.2959,9.317668448152,1.44,-1.382165138705,2.0058903221,物流,2026-04-30
839,600754,锦江酒店,0.03,2941576615.63,-8.2540040008,-10.1162,36012056.27,-81.03,118.5024,14.4730104897,0.23,0.563353608729,31.8453326625,酒店餐饮,2026-04-30
840,600751,海航科技,0.0148,261919253.36,-11.2703530147,-6.6507,42977774.69,-22.68,236.1176,2.598899211603,0.57,-0.004758282774,7.4348820372,航运港口,2026-04-30
841,600748,上实发展,-0.04,634283313.96,17.4381198578,-28.9912,-81654199.12,44.9768834485,-567.7616,5.94752934853,-0.74,-0.481692696781,27.5464117792,房地产开发,2026-04-30
842,600745,*ST闻泰,0.21,13098840565.62,-19.3780173561,-35.9071,261409257.75,82.29,108.0494,26.52935549131,0.39,2.027572801254,13.9687633204,半导体,2026-04-30
843,600743,华远控股,-0.006,71062368.05,-92.9556699751,-94.0447,-14016601.1,89.4032586754,97.9261,0.279343936036,-2.116,-0.007715297944,29.8308151722,房地产服务,2026-04-30
844,600739,辽宁成大,0.23,2461056129.92,5.1760260057,-1.0907,347390144.67,295.12,169.2306,19.347746423208,1.18,-0.182004015224,12.2642706231,生物制品,2026-04-30
845,600735,ST新华锦,0.0147,373005968.81,-20.6962166542,12.7227,6299795.18,-14.35,103.5821,2.825826712201,0.5211,0.15197993322,23.4834018124,饰品,2026-04-30
846,600730,*ST高科,0.001,21938223.57,-19.3350877132,-59.4562,488175.84,-91.1,-97.8027,3.088425012244,0.03,-0.045480274725,72.7391891558,教育,2026-04-30
847,600728,佳都科技,0.0562,2253776216.14,106.2559910885,-27.7175,120400848.12,165.8653452647,54.0169,3.601215613848,1.57,-0.022080415267,7.3505521535,IT服务Ⅱ,2026-04-30
848,600727,鲁北化工,0.07,1390746503.21,-9.601016477,-17.0747,36006372.51,-28.76,50.9693,6.040582995407,1.13,0.031642827159,11.4490037201,化学原料,2026-04-30
849,600722,金牛化工,0.0197,116541009.78,-9.1947563287,-13.1468,13410351.4,6.4,-1.8486,1.782133589989,1.1124,0.003644805284,26.8871765305,化学原料,2026-04-30
850,600720,中交设计,0.0409,1674304617.44,-21.774552304,-70.6606,93931655.49,1.91,-87.8122,6.592016490165,0.62,-0.467542596383,14.8296354417,工程咨询服务Ⅱ,2026-04-30
851,600716,凤凰股份,0.0015,162718509.49,266.9222463248,-77.06,1385990.13,109.6127472011,100.9231,5.319029270135,0.03,0.017164508913,15.5527249784,房地产开发,2026-04-30
852,600715,文投控股,0.004,130978553.48,-3.8660790645,44.6824,14788133.0,118.3640814645,102.8768,0.278634562846,1.32,0.016770290618,42.2932811275,游戏Ⅱ,2026-04-30
853,600713,南京医药,0.135,14246884352.7,2.1095743247,11.6703,177360973.0,11.49,37.7613,5.353699027135,2.56,-2.749841533282,5.9615322846,医药商业,2026-04-30
854,600707,彩虹股份,0.09,2965971788.42,1.771803168,11.4663,322306546.72,16.09,2873.9344,6.086030304236,1.49,0.279282842174,20.397196257,光学光电子,2026-04-30
855,600706,曲江文旅,-0.17,306124269.18,-23.6652501951,62.2009,-43608929.35,-2161.76,-188.1003,2.414594174734,-6.84,0.410345279402,3.467355332,旅游及景区,2026-04-30
856,600697,欧亚集团,0.02,1951078697.42,0.38282254,27.0213,3408897.99,-74.64,107.493,14.431017246893,0.15,0.66742431851,35.5377469928,一般零售,2026-04-30
857,600692,亚通股份,-0.0303,79943275.03,-38.108666018,-61.4822,-10655481.14,-49086.84,-671.1797,2.635485933862,-1.14,-0.42406640634,6.1256425236,房地产开发,2026-04-30
858,600691,潞化科技,-0.0589,2340025256.71,-15.1110468369,-21.4015,-139848571.8,-273.54,52.3754,1.615215676419,-3.5823,0.0358086323,1.8426216498,农化制品,2026-04-30
859,600689,上海三毛,0.019,367088822.33,50.6572873345,-5.7898,3762142.11,-26.59,78.0109,2.315502834269,0.81,-0.05505038518,4.7184284746,综合Ⅱ,2026-04-30
860,600688,上海石化,-0.008,19520645000.0,-8.2773998235,-7.6494,-89839000.0,-206.87,-131.8622,2.356106645112,-0.359,0.169516314177,16.9648287749,炼化及贸易,2026-04-30
861,600685,中船防务,0.1305,3641442907.15,29.7332662084,-45.7747,184464019.76,1099.85,-2.9141,12.112454824523,1.12,0.254310377204,10.8336863032,航海装备Ⅱ,2026-04-30
862,600684,珠江股份,0.01,345241931.96,7.0813368666,-19.1357,5490086.62,316.2774140396,411.4754,0.545783447951,1.19,-0.137548478455,16.3269773489,房地产服务,2026-04-30
863,600683,京投发展,-0.31,253771315.92,-1.0087560434,-12.5956,-148750443.06,-97.3013603012,29.0021,0.248040321338,-75.12,0.420090160664,-7.1436707511,房地产开发,2026-04-30
864,600682,南京新百,0.1,1569215691.23,-0.7003541979,-14.1631,128531976.08,-0.96,1409.9792,13.124924165462,0.73,0.073662868568,43.1020277353,综合Ⅱ,2026-04-30
865,600678,ST金顶,0.0517,125883335.26,46.188700821,-5.5015,18031856.14,353.6365057006,238.4509,0.725224064529,7.81,0.037114882518,25.3303274926,水泥,2026-04-30
866,600676,久事动娱,-0.05,1069871672.37,12.2168113072,-24.3371,-54422148.43,22.92,67.2326,4.963280789683,-1.06,-0.039761974079,4.4289495865,体育Ⅱ,2026-04-30
867,600671,天目药业,0.0418,52293464.92,88.5452475996,-43.537,5094308.04,152.3955722194,-73.1049,0.471988168064,9.274,-0.079260916784,40.9415357211,中药Ⅱ,2026-04-30
868,600658,电子城,-0.06,280633604.32,-73.2552425998,-51.1065,-66995330.25,-185.67,93.8487,5.133902758587,-1.16,-0.019288014189,29.9192954612,房地产开发,2026-04-30
869,600651,飞乐音响,0.0005,422734237.83,-1.4177489803,-25.7593,1188688.83,-89.55,-91.6014,0.980682366228,0.05,-0.000142333252,15.3115214543,汽车零部件,2026-04-30
870,600650,锦江在线,0.0239,382026886.18,-17.7935489193,-23.9946,13186818.4,-67.92,-61.6702,7.578617570617,0.299,-0.06173916623,12.2623071791,铁路公路,2026-04-30
871,600649,城投控股,0.01,2339745978.74,455.6388184084,-72.5265,23588808.57,555.8278049101,-94.8595,8.272006892268,0.11,-0.696151617663,20.6873011706,房地产开发,2026-04-30
872,600648,外高桥,0.0359,1316164958.85,4.3381696917,-38.7895,40751608.28,4.29,-92.0763,11.512774245449,0.3123,-1.328386201573,29.3390110998,房地产开发,2026-04-30
873,600643,爱建集团,0.058,538409252.15,-12.4,207.9181,92800973.25,-19.51,111.9145,7.448701356058,0.79,0.096894503233,33.7711115922,多元金融,2026-04-30
874,600641,先导基电,-0.0225,192390406.02,94.0880775487,-29.7432,-20485773.83,-23.222883841,-114.7151,8.793908076714,-0.25,-1.668955105129,36.3139506201,半导体,2026-04-30
875,600639,浦东金桥,0.0919,510483658.07,-43.8792241165,-26.1012,102950334.86,-54.87,-83.1603,12.843211975444,0.71,0.904580933079,61.4757147715,房地产开发,2026-04-30
876,600637,东方明珠,0.0359,1481937587.56,-7.0829704719,-40.963,120818143.84,1.86,341.3671,9.006911561901,0.401,0.002986332689,31.2064054851,电视广播Ⅱ,2026-04-30
877,600635,大众公用,0.07,2099047300.81,-4.1953308934,35.6913,194118526.26,601.27,209.0592,2.947737496553,2.25,0.135421531868,13.3874728034,燃气Ⅱ,2026-04-30
878,600629,华建集团,0.06,1286976965.45,-23.1602237065,-57.127,60185838.86,-24.6,-57.0486,5.467649472042,1.14,-0.814004708948,23.1688498143,工程咨询服务Ⅱ,2026-04-30
879,600628,新世界,0.03,258877031.49,-6.1412072204,-17.3699,17071258.76,-33.95,271.1148,6.533566115989,0.4,-0.059096905301,41.8626623097,一般零售,2026-04-30
880,600626,申达股份,-0.0396,2439622339.41,-15.793071487,-15.4247,-52306440.72,-406.3481557797,-147.2089,2.397315056393,-1.65,-0.132283177464,9.1017762743,汽车零部件,2026-04-30
881,600624,ST复华,-0.012,160921239.79,3.4989344088,-4.5292,-8124350.92,26.8320921966,91.9562,0.929232678786,-1.28,-0.018101353137,34.0175897547,化学制药,2026-04-30
882,600622,光大嘉宝,-0.08,310713649.4,-9.049094335,-48.1008,-118220254.22,11.2265975469,89.6413,2.251805202862,-3.44,-0.003252826775,41.496526879,房地产开发,2026-04-30
883,600620,天宸股份,0.0048,71934740.66,1707.8833250852,-68.8048,3310302.62,116.6501357083,-90.7163,2.149276996786,0.22,-0.253773759327,48.8014370218,综合Ⅱ,2026-04-30
884,600619,海立股份,0.01,6753488847.9,21.0346501161,88.958,15256118.62,333.804089313,36.9785,5.701355203672,0.25,0.176448207324,10.9944881624,家电零部件Ⅱ,2026-04-30
885,600617,国新能源,0.06,5501551901.96,-5.9916260038,29.7894,116504757.0,-4.38,135.3353,1.810580095511,3.4,0.431510977875,8.9605087934,燃气Ⅱ,2026-04-30
886,600616,金枫酒业,0.004,137481541.73,-12.0258587121,-38.4602,2840327.15,6.26,-91.9813,2.941810770145,0.14,-0.015718922498,44.9358973376,非白酒,2026-04-30
887,600611,大众交通,-0.02,541987785.91,-26.1355074146,-14.8249,-36090335.0,-296.76,-202.0605,4.083708824361,-0.37,0.012375574288,17.3594537399,铁路公路,2026-04-30
888,600609,金杯汽车,0.059,1112359915.77,10.8708604967,18.4525,76649986.83,3.56,-15.0116,1.12778071907,5.35,0.13437515816,15.3284443077,汽车零部件,2026-04-30
889,600597,光明乳业,0.1,6368233484.0,-0.7611368535,8.5837,141037966.0,-18.16,-76.7142,7.025548534869,1.47,-0.148704194089,18.6576701684,饮料乳品,2026-04-30
890,600589,大位科技,0.035,102732937.97,4.4328101195,3.5129,51055207.72,1103.78,799.76,0.485006070438,7.38,-0.000301758793,19.2546399635,IT服务Ⅱ,2026-04-30
891,600587,新华医疗,0.27,2307531823.28,-8.7405031561,-11.1579,160455800.07,-23.97,115.0649,12.956414184179,2.09,-0.269706406242,23.7867828371,医疗器械,2026-04-30
892,600586,金晶科技,0.006,1217555740.42,-31.4025003033,-12.4365,8521353.05,-95.0,103.6037,4.083680055824,0.15,0.062991851537,12.8901919239,玻璃玻纤,2026-04-30
893,600585,海螺水泥,0.34,19058359570.0,-10.6404222445,-16.7303,1811730433.0,20.51,-27.5144,35.892514885967,0.96,0.094960223822,22.8890771369,水泥,2026-04-30
894,600582,天地科技,0.347,6769122143.39,-8.0890491082,-20.7306,1436493269.29,107.53,222.029,6.253386028426,5.71,-0.742593496141,26.3094926471,专用设备,2026-04-30
895,600580,卧龙电驱,0.1722,4038934318.36,7.9498275628,-0.3369,268088884.09,20.45,73.3899,7.941322669556,2.63,0.233241309828,24.3501704529,电机Ⅱ,2026-04-30
896,600577,精达股份,0.06,5527240329.76,22.0006732948,-11.3664,125263612.32,14.8,-14.1187,2.717652250697,2.15,0.185506495021,5.5740066187,电网设备,2026-04-30
897,600576,祥源文旅,0.03,218282741.07,59.7058285533,-11.8203,28876406.74,158.67,-14.2258,2.698096789864,1.04,0.014284058606,50.2117004683,旅游及景区,2026-04-30
898,600571,信雅达,-0.11,402248316.08,5.6131153516,-41.7785,-49812723.63,-1.655422673,-163.9446,2.464637543858,-4.24,-0.57399605723,9.7529270979,IT服务Ⅱ,2026-04-30
899,600570,恒生电子,0.02,1025881877.64,-13.615051473,-57.1356,31334213.72,186.6964693473,-94.7579,4.599730234457,0.36,-0.558930862527,64.7029248647,软件开发,2026-04-30
900,600569,安阳钢铁,0.006,7443574570.49,-12.5071021212,36.0812,18291831.47,103.779688499,101.6699,0.931425690325,0.69,0.037436862121,6.4429516856,普钢,2026-04-30
901,600568,ST中珠,-0.0089,141459196.22,8.8136499536,2.8895,-17779912.53,22.34,96.6313,0.86888628833,-1.02,0.012248554415,16.7749658729,医疗服务,2026-04-30
902,600567,山鹰国际,0.006,6766066822.07,1.4536665232,-11.2895,32814533.4,-16.0,106.3207,2.730224428021,0.22,0.048767515722,9.8761442375,造纸,2026-04-30
903,600563,法拉电子,1.17,1203595253.86,22.7843880164,-9.6859,264291878.55,22.61,-0.0517,24.672966845067,4.88,1.282628515689,31.3008414358,元件,2026-04-30
904,600557,康缘药业,0.15,877554089.34,-35.379382114,11.346,83412980.21,-38.37,140.2642,8.074309017828,1.83,0.135103817762,74.1813930842,中药Ⅱ,2026-04-30
905,600552,凯盛科技,0.0252,1264741274.78,0.122770423,-4.1534,23847546.42,73.01,-15.7937,4.439412268486,0.57,0.042266614084,17.7400514472,光学光电子,2026-04-30
906,600551,时代出版,0.0877,1368061432.26,-16.7231313155,-33.4113,59447387.22,-3.19,-56.9417,8.621004294106,1.02,-0.93479833045,11.0140461486,出版,2026-04-30
907,600547,山东黄金,0.2,25935464215.71,36.8101213,67.1924,1026208555.63,46.62,15.8596,5.700485672956,3.59,0.564710851885,15.5715181248,贵金属,2026-04-30
908,600543,*ST莫高,-0.0315,61521839.37,-24.0818830051,-40.7055,-10013195.08,-1341.0238781703,59.6845,2.490055776812,-1.24,-0.112696722222,15.6226487836,非白酒,2026-04-30
909,600540,新赛股份,0.0313,844459391.59,186.4026123716,19.3211,18190724.27,315.74,109.8415,0.866110049012,3.68,-0.304896642051,5.416403572,种植业,2026-04-30
910,600539,狮头股份,0.0025,116812722.75,8.494327962,-27.2968,583014.18,115.0460438002,102.59,1.401673333043,0.181,0.089215835478,30.8737390936,互联网电商,2026-04-30
911,600533,栖霞建设,0.003,359072137.34,-30.28877466,-55.2562,3018994.4,111.6004525319,100.395,3.09726061659,0.09,-0.152027493486,39.0358058261,房地产开发,2026-04-30
912,600528,中铁工业,0.14,6338871173.67,-10.9508442268,-25.1092,317852812.36,-32.05,-29.5951,11.001988685972,1.19,-1.114470333857,16.7038375846,基础建设,2026-04-30
913,600527,江南高纤,0.0041,128552301.2,6.9131547211,-0.8591,7041037.16,7.02,-11.6627,1.245757377406,0.33,0.012767995717,9.5343225174,纺织制造,2026-04-30
914,600526,菲达环保,0.05,643472137.1,7.397265373,-70.8074,41085344.21,7.46,-50.2458,4.951675785476,0.92,0.03827045738,30.1942293486,环保设备Ⅱ,2026-04-30
915,600521,华海药业,0.21,2368563881.42,-5.2070575224,2.9913,297404077.75,9.81,239.0648,6.326059818262,3.29,0.129389644686,64.7788136058,化学制药,2026-04-30
916,600518,康美药业,0.001,1299297937.56,8.1631011529,-1.2376,8505782.8,13.85,139.0524,0.518089210385,0.12,-0.007312902835,18.1236119933,中药Ⅱ,2026-04-30
917,600517,国网英大,0.106,2218165346.69,8.65,-38.2844,603688285.67,45.22,395.5645,3.861719788668,2.77,-0.556161620668,13.4533925078,多元金融,2026-04-30
918,600516,方大炭素,0.0018,850331610.98,-38.7382057188,17.9082,6941360.18,-95.95,109.8341,4.016616428099,0.04,-0.050930282729,13.1852502473,冶钢原料,2026-04-30
919,600505,西昌电力,0.0037,386735441.84,7.2505156948,-3.8269,1355305.79,111.0817168005,-59.4676,3.332625151858,0.11,0.339047821789,17.7419723167,电力,2026-04-30
920,600498,烽火通信,0.05,4048540130.36,-19.9704927087,-45.2529,55196899.87,33.08,-82.148,11.214978076457,0.39,-0.1294695545,25.9333487794,通信设备,2026-04-30
921,600491,ST龙元,0.1259,1392616130.88,-49.3995538552,-38.3969,192551729.46,5337.4881126,155.4862,6.726056581644,1.89,0.014574317935,28.1106119418,房屋建设Ⅱ,2026-04-30
922,600482,中国动力,0.176,12311390405.42,7.9776511164,-18.3428,395585225.75,348.96,-38.9256,17.56775769712,1.0,0.980243081791,16.1784712773,其他电源设备Ⅱ,2026-04-30
923,600481,双良节能,-0.0861,2078655535.27,-51.0648409421,-22.7612,-161271551.83,45.27,79.694,2.36452714366,-3.44,0.191164634573,4.5211667814,光伏设备,2026-04-30
924,600478,科力远,0.022,886507493.21,39.1976840937,-39.863,36947949.05,9.5,-35.8223,1.683758175347,1.33,0.132869332494,15.2975788077,电池,2026-04-30
925,600477,杭萧钢构,0.021,1633979020.12,-10.4072757015,-16.9702,49306888.92,-22.96,235.6595,2.161616689981,0.97,-0.041261973355,15.2932781971,专业工程,2026-04-30
926,600469,风神股份,0.04,1629141578.91,10.9111498866,-10.8765,28224077.72,-62.09,450.1924,4.582312273283,0.85,-0.384277979099,13.4709385723,汽车零部件,2026-04-30
927,600467,好当家,0.004,206907042.39,-8.1578816162,-53.4049,6575620.2,-11.75,-52.6958,2.336381814552,0.19,0.033003336309,33.4449835398,渔业,2026-04-30
928,600461,洪城环境,0.26,1922161805.53,-10.640391287,-25.6078,331740981.18,2.63,23.7111,7.511553277114,3.56,0.081077064519,31.1186422407,环境治理,2026-04-30
929,600460,士兰微,0.09,2999841284.77,21.6987114021,-1.8895,148565355.87,1072.4303055473,-22.2128,7.429443103918,1.21,0.239596875675,21.3149071558,半导体,2026-04-30
930,600459,贵研铂业,0.27,13126928480.3,25.6923168892,24.5932,203556844.23,4.54,51.6751,9.583419717453,2.83,-0.647530896912,2.5463721155,小金属,2026-04-30
931,600458,时代新材,0.18,4158410554.87,-1.112277145,-40.5032,151535656.36,26.3,8.0965,7.633994109723,2.42,-0.785922429844,15.5509723792,综合Ⅱ,2026-04-30
932,600448,华纺股份,0.0006,757271939.17,14.4927197626,-8.2967,474599.76,-49.8,100.8177,1.915386150202,0.04,-0.036738232459,11.1624616915,纺织制造,2026-04-30
933,600438,通威股份,-0.5759,15933400532.91,-18.5842694812,-32.8326,-2592750476.39,-229.56,15.4216,9.852454605176,-6.52,-0.323535536546,-2.8749826724,光伏设备,2026-04-30
934,600436,片仔癀,1.66,3141529110.84,-0.9197494514,34.3946,999783695.43,2.59,244.3757,25.298341459015,6.77,1.518131095398,45.0548676813,中药Ⅱ,2026-04-30
935,600425,青松建化,-0.035,437740645.51,-10.9282183319,-49.9159,-55531028.98,-296.23,-7.0009,3.941290685371,-0.873,-0.013685285087,6.9480085233,水泥,2026-04-30
936,600423,*ST柳化,0.003,39128261.21,20.6126190723,-5.9622,2181583.68,-14.03,348.5127,0.693362045815,0.39,0.014011448983,6.1695450177,化学原料,2026-04-30
937,600420,国药现代,0.2695,2606778071.34,-16.5405790024,11.201,361413759.19,9.1,179.9563,10.114534848954,2.7,0.227269263659,37.0952958079,化学制药,2026-04-30
938,600416,湘电股份,0.04,1209341778.24,-4.0764749203,2.1784,52484629.12,-13.19,-35.3216,5.68359103659,0.7,-0.278030415281,14.3880540721,电机Ⅱ,2026-04-30
939,600406,国电南瑞,0.09,8895111236.27,14.7621051062,-64.5669,680191940.97,14.14,-78.3194,6.235199503465,1.37,-0.035684780316,24.2006761482,电网设备,2026-04-30
940,600405,动力源,-0.081,89414704.34,-27.8558852001,-32.3171,-49490488.75,13.3108750753,80.8515,0.51130648421,-14.64,-0.234249123787,8.5747054767,其他电源设备Ⅱ,2026-04-30
941,600403,大有能源,-0.1293,1076260990.72,-23.6339405129,1.819,-309149590.92,-14.3573602134,-1.2714,2.250169618139,-5.61,-0.033996119015,8.7238787608,煤炭开采,2026-04-30
942,600398,海澜之家,0.19,6186981848.33,0.1601625748,8.5878,935199788.22,5.46,272.6805,3.736620213858,5.35,0.330478585614,46.6205705538,服装家纺,2026-04-30
943,600396,华电辽能,0.0989,1307954148.27,-1.3042733498,-1.8342,145588469.42,17.27,140.6174,1.007551820221,10.35,0.060285400621,25.9187551367,电力,2026-04-30
944,600392,盛和资源,0.096,2991543878.05,3.6575674941,-4.4143,168335785.33,178.09,47.2409,5.515812045438,1.91,-0.052205372503,7.9779488327,小金属,2026-04-30
945,600390,五矿资本,0.02,1586614713.21,-17.41,33.6077,192104115.32,-58.17,126.976,9.408047309462,0.19,-0.373617472044,3.9839256659,多元金融,2026-04-30
946,600386,北巴传媒,-0.01,910926161.15,-14.0891233476,-25.3648,-8081320.77,-24.0591352377,-87.1526,2.184200243142,-0.46,0.017153419705,13.1367356416,汽车服务,2026-04-30
947,600383,金地集团,-0.15,5966495311.27,-14.3248409204,-82.6255,-657806845.89,-138.3412977543,75.6807,12.925309614047,-1.12,-0.236514570516,12.5134429197,房地产开发,2026-04-30
948,600382,广东明珠,0.08,160975660.66,36.511699508,-0.3159,53883232.87,57.63,418.0305,3.958460776225,1.95,0.069741803829,60.3071669543,冶钢原料,2026-04-30
949,600381,*ST春天,0.0156,83559075.47,-1.112817142,15.6851,8918082.08,133.1464804976,108.2335,1.77404125368,0.86,-0.13277682934,60.627026502,食品加工,2026-04-30
950,600378,昊华科技,0.1433,3156902838.56,10.9592987446,-16.0232,184741510.38,10.53,-8.8411,13.422957916995,1.07,-0.108364994293,22.6879154158,化学制品,2026-04-30
951,600377,宁沪高速,0.2404,4781525555.03,37.6615005991,-47.6843,1210866236.48,-2.88,46.4186,7.86681067036,3.09,0.340071566012,34.671769551,铁路公路,2026-04-30
952,600376,首开股份,-0.4394,3885818630.68,12.3397427445,-60.1463,-1079295376.0,-33.7357488707,72.0242,3.364209372348,-6.44,1.792516324885,7.2765427529,房地产开发,2026-04-30
953,600373,中文传媒,0.13,1697381814.95,-25.3102570854,-33.4833,175347064.85,-37.12,969.3765,12.922746303203,0.98,-0.402272073754,34.9546748495,出版,2026-04-30
954,600370,*ST三房,-0.0301,4019901336.43,-25.7727248579,-31.2424,-117270512.69,-346.1678524959,35.0992,1.356750355485,-2.12,0.012520840336,0.1485796844,化学纤维,2026-04-30
955,600363,联创光电,0.256,800981567.81,11.5423703573,19.4601,116112503.97,10.57,223.1694,9.403690032192,2.76,0.171701958736,18.8420404595,消费电子,2026-04-30
956,600359,新农开发,0.08,153567612.16,-3.7491015979,-14.0829,29291128.94,-41.12,407.5467,1.844821904517,4.01,0.159607667155,34.6583882053,种植业,2026-04-30
957,600358,国旅联合,-0.0169,87056909.6,-29.1561626801,14.6534,-8536345.13,-94.9771457126,76.3579,0.15117425851,-10.6,-0.065029975324,6.2725450801,广告营销,2026-04-30
958,600356,恒丰纸业,0.09,674235983.11,26.8010175687,-21.1637,28029546.64,26.55,384.5922,8.707624795344,1.07,0.30635420806,15.6759241375,造纸,2026-04-30
959,600354,敦煌种业,0.121,594565560.13,34.1497068224,27.7111,63879931.71,61.85,100.3029,1.355867762003,9.34,-0.023313091206,42.9597881963,种植业,2026-04-30
960,600353,旭光电子,0.0363,342815327.85,-11.3820728912,-26.7589,30141222.89,19.34,39.2971,2.222737012525,1.65,-0.020275075038,23.8298320213,其他电子Ⅱ,2026-04-30
961,600350,山东高速,0.135,4470421079.65,-1.3482755128,-47.9747,806669493.39,4.85,18.5255,6.230739404256,2.19,0.477028089332,39.1842253327,铁路公路,2026-04-30
962,600345,长江通信,-0.04,68359792.13,5.246494783,-85.8552,-13782835.73,49.5409283616,-111.4014,10.67204130402,-0.39,-0.390957514877,12.0842362339,通信设备,2026-04-30
963,600343,航天动力,-0.04101,158225121.75,-1.0463043713,-52.2971,-26173674.31,-14.4239897644,74.8246,2.25343547349,-1.8043,-0.142719248446,9.0609115806,通用设备,2026-04-30
964,600340,*ST华幸,-0.69,1176580670.2,-11.733553076,-88.0596,-2700529545.44,-40.2838053555,-4.802,0.521374913653,-88.19,-0.690220238511,11.9165828312,房地产开发,2026-04-30
965,600337,ST美克,0.0734,726106540.7,-11.6605567084,-21.2533,105351502.12,167.4874351861,124.8909,1.983025028069,3.77,0.034823250352,35.1604794517,家居用品,2026-04-30
966,600331,宏达股份,-0.0177,821622032.7,15.0441974838,-17.0212,-35928145.61,-556.3332956064,-342.4943,0.175533918415,-9.63,-0.094221260709,1.5752492162,农化制品,2026-04-30
967,600329,达仁堂,0.49,1455299952.25,-30.2211328542,-14.1823,374247760.07,-3.38,-73.7458,10.671063707199,4.66,0.46166514268,73.8561830101,中药Ⅱ,2026-04-30
968,600328,中盐化工,0.0117,2768790413.37,3.2933630455,-16.6651,17274986.02,-73.41,131.2989,8.241456819243,0.14,-0.278742951783,9.4800746009,化学原料,2026-04-30
969,600325,华发股份,0.07,18507583306.58,164.3898653378,-34.9921,190975600.61,-45.41,150.2134,7.351179906638,0.95,1.489819789925,8.8442565141,房地产开发,2026-04-30
970,600322,津投城开,-0.1689,142567251.99,8.5193320483,-91.5626,-186711362.42,3.97,-4109.4359,-0.153565720232,,-0.043082469657,-16.6786205865,房地产开发,2026-04-30
971,600313,农发种业,0.05,1569632552.22,85.2862755666,-38.222,51620298.52,13.55,708.6618,1.812889053486,2.67,-0.025739124379,7.0112569846,种植业,2026-04-30
972,600308,华泰股份,0.04,3085680306.58,-10.142695755,-9.8246,59829434.62,-47.04,145.5317,6.058169929461,0.65,0.072826252627,11.2914232277,造纸,2026-04-30
973,600305,恒顺醋业,0.0514,625962688.95,35.96585546,-5.8259,56519138.72,2.36,684.6806,3.043355035832,1.69,-0.118822201606,35.4995548669,调味发酵品Ⅱ,2026-04-30
974,600303,曙光股份,-0.11,362154130.62,1.4890033395,-31.804,-72777759.84,-14.1663282445,37.8794,1.857741641998,-5.57,-0.067026159162,1.746873661,商用车,2026-04-30
975,600302,ST标准,-0.0134,97870501.27,-17.463870443,-3.8759,-4643403.6,72.785383237,95.6062,1.860943703982,-0.73,-0.100360376118,19.5909922614,专用设备,2026-04-30
976,600300,维维股份,0.04,852527010.04,-23.1069109157,-8.7217,70897770.39,-44.04,-57.0706,2.199953536967,2.01,0.014742498078,24.7298286784,饮料乳品,2026-04-30
977,600299,安迪苏,0.17,4298951797.0,22.984967398,3.3818,464790261.0,67.85,131.1856,6.024376798527,2.92,0.351531515157,29.6417451317,化学制品,2026-04-30
978,600295,鄂尔多斯,0.16,5602616569.58,-16.3901967344,-31.9701,459012443.6,32.44,264.744,7.664435132827,2.16,0.256921149328,23.7552337111,冶钢原料,2026-04-30
979,600292,电投水电,0.03,3038175647.19,261.3689060191,-45.9819,146642079.62,26.83,176.598,6.650016530495,0.89,1.199333891535,33.0003694532,电力,2026-04-30
980,600288,大恒科技,-0.0189,362834393.39,22.731204272,-41.1575,-8237866.81,61.95,67.824,4.181285983173,-0.45,-0.020240885875,32.8696466329,软件开发,2026-04-30
981,600284,浦东建设,0.123,3526470128.09,-41.3334102451,-26.3216,119344134.1,-18.48,-9.2308,8.106336371318,1.19,-1.37226578807,6.4839826522,基础建设,2026-04-30
982,600281,华阳新材,0.1921,92412428.25,120.8891987967,-33.2933,98815223.73,481.9960776106,200.3101,0.311162428667,89.44,-0.082081986808,-2.8675555119,小金属,2026-04-30
983,600272,开开实业,0.033,269631863.97,15.0460601576,-22.7397,7978415.0,-65.7,1922.0751,2.57958009284,1.28,0.343112910741,17.5279542574,医药商业,2026-04-30
984,600271,航天信息,-0.17,1173159437.88,-22.7130304158,-53.6615,-314927870.95,-5.7252336703,-1004.8917,7.385883029065,-2.27,-0.533089369048,16.0182843041,IT服务Ⅱ,2026-04-30
985,600266,城建发展,-0.0017,6614453514.57,435.8966614006,-51.6528,43174900.95,113.0793484256,102.8852,9.125104767489,-0.02,1.865334565972,19.8285237919,房地产开发,2026-04-30
986,600261,阳光照明,0.04,687317959.0,-17.0557653268,-5.0204,59780661.47,15.43,16.792,2.684226577974,1.68,0.023384688582,35.4653735259,照明设备Ⅱ,2026-04-30
987,600257,大湖股份,-0.007,151179789.38,-27.4716922874,-45.9395,-3439404.31,56.52,93.8061,1.650082149304,-0.433,0.086959693086,32.8520860385,渔业,2026-04-30
988,600252,中恒集团,0.0052,521920141.02,-31.3604900178,193.3847,17426674.08,-66.61,104.4891,1.786300615975,0.29,-0.023514858767,41.8678192899,中药Ⅱ,2026-04-30
989,600248,陕建股份,0.113,23241808527.87,-16.3043035419,-52.8704,416939636.5,-24.5,3163.0647,6.683050394653,1.67,-1.749681002195,11.0970668712,房屋建设Ⅱ,2026-04-30
990,600246,万通发展,-0.0188,115288438.13,51.2106477083,-29.3412,-35264235.9,44.76,89.6589,2.647951558617,-0.68,0.005645046166,22.350089721,房地产开发,2026-04-30
991,600238,ST椰岛,-0.01,44269920.47,-18.4687526606,272.77,-6505449.39,13.0476100258,94.1332,0.227245726127,-6.19,-0.009341202767,32.612599541,非白酒,2026-04-30
992,600232,金鹰股份,-0.011,251251443.36,7.2007647872,14.8334,-4170454.75,-148.32,86.4546,2.641674842697,-0.432,-0.004885580564,6.9455561595,专用设备,2026-04-30
993,600231,凌钢股份,-0.09,3880702054.33,-25.1486840479,-7.8852,-251907534.31,21.176643017,20.053,1.865265958487,-4.58,-0.046723856461,-3.3422015227,普钢,2026-04-30
994,600230,沧州大化,0.02,1052588374.37,-15.4294454851,-19.7983,8118255.68,-59.98,24.8412,9.648439312673,0.2,-0.196632390009,7.4791134119,化学制品,2026-04-30
995,600229,城市传媒,0.0957,603593422.48,-9.2618674532,20.4083,63244937.05,-27.68,234.4717,4.831818100365,1.97,-0.178169487655,28.7422574383,出版,2026-04-30
996,600222,太龙药业,0.0028,323274192.26,-35.2300727789,-46.188,1530570.06,-92.8,-92.9237,2.750390401542,0.1,0.019081218517,26.8112671148,中药Ⅱ,2026-04-30
997,600221,海航控股,0.0063,17601299000.0,0.2928506048,30.312,272274000.0,-60.34,108.7998,0.057928690456,11.4,0.069051471076,10.2489821916,航空机场,2026-04-30
998,600218,全柴动力,0.07,1292542229.27,5.7797752621,39.3299,29837884.73,17.65,41.404,7.439355800316,0.92,-0.710674186627,9.1267523729,汽车零部件,2026-04-30
999,600215,派斯林,-0.0291,272056970.34,-57.0921475887,-29.5615,-13312265.33,-125.62,41.3591,4.291177812012,-0.67,0.052606129569,9.5406845844,自动化设备,2026-04-30
1000,600212,绿能慧充,-0.0099,201389631.41,31.3329878779,-50.0002,-6984539.31,7.1905619866,-140.3553,0.70824031182,-1.39,-0.136423001194,31.7868833623,其他电源设备Ⅱ,2026-04-30
1001,600208,衢州发展,0.05,344892534.27,-84.6252389088,-85.4094,423951614.64,14.0,143.8326,4.884868512405,1.02,0.03634430211,27.5522558414,房地产开发,2026-04-30
1002,600195,中牧股份,0.0627,1258677218.22,11.8766027538,-31.5484,64012338.75,-16.35,686.3023,5.453751184583,0.98,-0.305045349526,19.5061246494,动物保健Ⅱ,2026-04-30
1003,600192,长城电工,-0.0904,285210415.77,-26.2267000039,-35.0066,-39929848.54,-43.27,62.224,2.576286141397,-3.4426,-0.130048120988,13.5339030224,电网设备,2026-04-30
1004,600191,华资实业,0.0223,66077551.12,-45.8159034782,-35.3026,10809158.56,557.95,160.1812,3.394829353951,0.66,-0.109988718728,4.8000746339,农产品加工,2026-04-30
1005,600187,*ST国中,-0.0006,51934115.43,21.1302788606,-3.3041,-1023073.82,-152.0,-102.9585,1.985376240776,-0.032,-0.029276524407,12.6911093516,环境治理,2026-04-30
1006,600177,雅戈尔,0.17,2794901583.35,-15.5992299178,-51.7151,803415019.27,-13.33,214.4014,8.965020692712,1.95,0.033268973036,50.9351232816,服装家纺,2026-04-30
1007,600172,黄河旋风,-0.1203,319887881.2,-2.6146341095,-11.6802,-167411096.39,-58.1414748464,69.9926,0.931016131857,-11.74,-0.059458565917,7.9736291179,通用设备,2026-04-30
1008,600170,上海建工,-0.04,40315925842.8,-46.056271156,-53.232,-179397444.08,-161.79,-121.9748,3.483946512447,-1.01,-2.619896958898,7.5396067541,房屋建设Ⅱ,2026-04-30
1009,600165,ST宁科,-0.094,93821604.79,74.07684653,-41.6498,-64076567.31,-24.5304187148,-7.9358,0.01126747926,-161.178,-0.095658230114,-28.6990058529,化学制品,2026-04-30
1010,600163,中闽能源,0.13,513845212.01,10.4325712661,-20.422,251211954.52,18.1,3.7907,3.691420690263,3.64,0.097097688374,68.1639530764,电力,2026-04-30
1011,600162,香江控股,-0.007,353824981.52,-6.5728612802,-33.702,-22684931.33,-190.94,-252.5446,1.7951416633,-0.39,-0.007226480511,24.7168414181,房地产开发,2026-04-30
1012,600161,天坛生物,0.12,1317766404.91,7.8408151251,-32.7157,244145675.45,-22.9,-50.9201,5.756556287533,2.17,-0.15254580206,45.8721049101,生物制品,2026-04-30
1013,600159,大龙地产,-0.001,162206133.88,71.4939536525,-18.6738,-876285.8,91.3540922971,99.5241,2.079900189618,-0.05,-0.092970748613,17.1170655239,房地产开发,2026-04-30
1014,600158,中体产业,-0.0289,294611737.37,-57.9193682875,-69.4351,-27748423.04,-240.1,-170.0259,2.720542427808,-1.06,-0.236590123061,18.1365202951,体育Ⅱ,2026-04-30
1015,600155,华创云信,-0.02,536984014.95,-12.0379534828,-53.7714,-39633714.72,-314.23,14.0582,8.870376496845,-0.2,-0.683745892912,,证券Ⅱ,2026-04-30
1016,600152,维科技术,-0.0312,273755478.51,-19.7210463384,-35.9361,-16506951.55,-381.39,43.5244,3.299278848906,-0.94,0.010029506272,11.2214483842,电池,2026-04-30
1017,600150,中国船舶,0.232,27962098360.55,83.113413155,-29.2553,1374209099.84,180.99,-16.1209,11.63446410043,1.48,-1.298286329582,12.9061377442,航海装备Ⅱ,2026-04-30
1018,600149,廊坊发展,0.019,89449825.53,0.8033871516,-8.9836,7035029.88,84.93,-53.0938,0.629165588016,2.99,-0.03424081634,36.7722327183,电力,2026-04-30
1019,600138,中青旅,-0.0466,2053762556.79,6.837825412,-29.4008,-33705204.97,-16.2288705315,-556.0204,8.664618194463,-0.5359,-0.026903623701,20.5474708873,旅游及景区,2026-04-30
1020,600137,浪莎股份,0.096,64601839.32,-9.6503872804,-54.9606,9314578.34,96.33,18.3931,5.662393864884,1.71,0.071666777106,23.5002365719,服装家纺,2026-04-30
1021,600132,重庆啤酒,0.98,4355306415.67,1.4621564101,175.3733,472682480.54,4.59,317.4496,3.424437476835,33.26,2.789430344076,48.4171442708,非白酒,2026-04-30
1022,600130,波导股份,0.003,95394342.47,26.3169216717,-36.3629,2077461.82,-37.14,107.3323,1.285916815827,0.22,-0.015341139533,15.3114483855,消费电子,2026-04-30
1023,600129,太极集团,0.13,2828016217.23,-32.7890731438,44.8631,74544042.01,-69.8,114.379,6.403595392133,2.11,-0.295596320541,28.8638686701,中药Ⅱ,2026-04-30
1024,600127,金健米业,0.0143,769311754.54,-16.0303323829,-52.7793,9163087.98,314.9676520191,480.0959,1.054241707018,1.36,-0.076116525861,9.1647818305,农产品加工,2026-04-30
1025,600125,铁龙物流,0.155,2673528537.21,-22.8389379391,-7.5693,202473047.19,-7.66,1632.0815,5.726074768855,2.747,0.202312558334,12.2876220058,铁路公路,2026-04-30
1026,600120,浙江东方,0.05,415755853.62,-85.0200259211,195.9453,161401525.26,238.74,-68.8443,4.616283010402,1.03,-0.211391804155,52.2590096389,多元金融,2026-04-30
1027,600117,西宁特钢,-0.05,1105639301.22,-4.8700565476,-30.927,-149498273.35,21.8165967163,67.5361,1.360761251009,-3.32,-0.034068537588,-2.3824554401,特钢Ⅱ,2026-04-30
1028,600115,中国东航,-0.04,33406000000.0,0.6538310886,13.1065,-995000000.0,-23.9103362391,75.6605,0.628504777713,-2.49,0.107218159795,2.077471113,航空机场,2026-04-30
1029,600113,浙江东日,0.06,172684891.48,4.6507337133,-3.5204,25230131.86,28.45,-14.2664,5.779122792154,1.04,0.024476622071,36.4788380791,一般零售,2026-04-30
1030,600108,亚盛集团,0.0127,646943173.71,9.6719893787,-67.3502,24654985.53,3.08,-58.6702,2.207814727805,0.57,-0.030101776276,21.5640982762,种植业,2026-04-30
1031,600107,*ST尔雅,-0.02,74230286.84,-42.7768469995,2.9827,-8266706.9,38.9981902681,57.7097,1.344234798333,-1.69,0.035330547694,31.6638154998,服装家纺,2026-04-30
1032,600104,上汽集团,0.264,140860138690.5,-1.55,-28.5365,3023194058.76,11.4,157.683,25.22832232523,1.04,0.345547043989,8.1294968936,乘用车,2026-04-30
1033,600103,青山纸业,0.0139,627288437.05,-5.9320166208,5.6027,30686917.75,41.63,1646.3915,1.758510328534,0.78,-0.008923247498,22.1329224882,造纸,2026-04-30
1034,600098,广州发展,0.1293,10843716799.38,1.3961301641,-11.9495,452344191.06,1.09,212.1066,7.626173539306,1.6991,0.440625651217,10.5780297301,电力,2026-04-30
1035,600089,特变电工,0.3187,23382844177.97,-0.7663369167,-8.3953,1600181657.2,-19.74,1084.0003,12.950867676577,2.4756,0.208461116673,20.586206663,电网设备,2026-04-30
1036,600084,*ST尼雅,0.0016,35756709.96,-4.3388850744,-40.0746,1854082.54,67.86,-84.1773,1.153071852836,0.1432,0.006211548566,60.2635634378,非白酒,2026-04-30
1037,600081,东风科技,0.0649,1520303286.1,-8.7591319927,-12.8786,35878369.92,86.67,19.4695,8.356841506524,0.78,-0.107469776521,12.2935466791,汽车零部件,2026-04-30
1038,600079,ST人福,0.33,6137399886.05,-3.6117202315,-2.4588,540345459.39,11.09,307.8656,11.11033396115,3.02,-0.206331505473,48.5573037679,化学制药,2026-04-30
1039,600076,康欣新材,-0.03,57212497.99,8.9639960463,-46.2907,-45507149.74,-35.243711253,78.4917,2.94738444789,-1.14,-0.009121523531,-26.4450347766,包装印刷,2026-04-30
1040,600075,新疆天业,-0.01,2417232703.29,8.1669183358,-28.0084,-17359612.47,89.97,-129.7534,5.244292107148,-0.19,-0.207237536979,13.3742727711,化学原料,2026-04-30
1041,600072,中船科技,-0.206,890755910.13,10.5431015509,-73.4515,-309583610.88,-216.6095642611,-242.6484,7.098994531223,-2.85,-0.522759755616,3.1412148066,风电设备,2026-04-30
1042,600071,凤凰光学,0.02,354321480.68,-10.2410541132,-27.9906,5443622.19,124.2788084089,-88.7713,1.69840311365,1.14,-0.012629528621,15.8966721018,光学光电子,2026-04-30
1043,600067,冠城新材,0.03,2531713397.03,5.0218976486,17.614,34803678.88,86.35,105.8488,4.226031014246,0.59,0.14621450179,13.2758039735,电网设备,2026-04-30
1044,600061,国投资本,0.1,2987246690.17,3.45,-31.2671,679756337.45,94.47,10.8256,8.197179184274,1.27,0.144000731859,54.0886277222,多元金融,2026-04-30
1045,600058,五矿发展,0.0376,12357403965.11,-14.6344076353,-22.0348,67112991.18,162.3427455742,728.6562,4.641962579512,0.81,-1.53251896342,3.6221531875,贸易Ⅱ,2026-04-30
1046,600057,厦门象屿,0.17,97134797634.12,-7.108496809,40.8323,509063945.72,24.88,-3.7805,6.0770784384,2.73,-3.275068064552,1.6560545267,物流,2026-04-30
1047,600054,黄山旅游,0.0506,403021557.03,19.7850331459,-22.391,36894968.31,44.69,22.5265,6.431215774344,0.79,0.081299349581,39.2377070362,旅游及景区,2026-04-30
1048,600053,*ST九鼎,-0.0767,37506423.86,-24.8362437366,-74.5001,-33269215.1,-737.4,76.6389,5.983332688342,-1.2742,-0.016404857582,20.8038521858,多元金融,2026-04-30
1049,600039,四川路桥,0.2,22985816779.58,3.979907618,-34.9968,1774197421.63,0.99,-27.1948,5.705332549316,3.64,-0.350549372677,14.5076307988,基础建设,2026-04-30
1050,600035,楚天高速,0.17,1214571569.08,23.7580025602,-28.7007,276684332.67,-1.45,164.2776,5.532211405513,3.16,0.240264942623,36.5543124738,铁路公路,2026-04-30
1051,600033,福建高速,0.0897,744143546.1,-0.4120325895,-1.7807,246261766.79,0.95,2075.1807,4.365994046447,2.09,0.207026541368,60.4395176894,铁路公路,2026-04-30
1052,600031,三一重工,0.2918,21176768000.0,18.7689397508,5.7644,2469401000.0,56.4,123.1397,8.834476738465,3.36,0.520672856024,26.8427494732,工程机械,2026-04-30
1053,600029,南方航空,-0.04,43407000000.0,-2.6770700209,9.7161,-747000000.0,-198.8095238095,79.5957,1.875282821036,-2.17,0.244578113791,8.4825028221,航空机场,2026-04-30
1054,600020,中原高速,0.1444,1299076678.14,18.6858771008,-42.6126,355790743.84,25.28,520.9279,5.23139798043,2.8,0.255532652258,47.7842533397,铁路公路,2026-04-30
1055,600019,宝钢股份,0.11,72879660120.95,-9.8176035759,-8.0501,2434085745.8,26.4,64.4871,9.272475894684,1.21,0.198781810395,7.221091507,普钢,2026-04-30
1056,600018,上港集团,0.1683,9518353410.15,6.337082017,4.7046,3907450687.02,5.71,24.292,5.906214215175,2.8857,0.124021111239,36.9840749087,航运港口,2026-04-30
1057,600016,民生银行,0.29,36813000000.0,7.4110816094,6.3038,12742000000.0,-5.13,603.9779,12.727011100452,2.305,-2.68,,银行Ⅱ,2026-04-30
1058,600015,华夏银行,0.32,18194000000.0,-17.7263272135,-30.0527,5063000000.0,-14.04,-44.7572,19.165190072259,1.67,2.31,,银行Ⅱ,2026-04-30
1059,600009,上海机场,0.21,3172262268.56,4.7165568294,-0.1788,518983551.43,34.53,-29.1321,16.951078707201,1.24,0.283138761687,26.8707430394,航空机场,2026-04-30
1060,600008,首创环保,0.0544,4241699419.57,-2.6570318238,-31.4089,399052438.39,9.45,44.1544,2.879423288698,1.31,0.052718612977,35.0098859216,环境治理,2026-04-30
1061,600007,中国国贸,0.31,950096879.0,-3.286062912,-1.1982,311496694.0,-7.45,27.7785,9.892534085179,3.18,0.486116760166,58.9250537892,房地产开发,2026-04-30
1062,600004,白云机场,0.13,1821504052.94,9.520070907,-14.2067,295855594.61,57.71,14.7134,7.87565974866,1.6,0.386359971239,27.8484939993,航空机场,2026-04-30
1063,600000,浦发银行,0.57,45922000000.0,1.310448288,12.254,17598000000.0,1.02,75.3837,22.637775960752,2.55,-6.88,,银行Ⅱ,2026-04-30
1064,420079,神州城B3,-0.0002,12000.0,0.0,0.0,-383101.1,72.72,99.9756,-5.785023472405,,-2.3567548e-05,,,2026-04-30
1065,400296,熊猫3,0.047,60245916.66,-11.770577026,-47.2618,7884602.09,-25.59,101.5661,0.664178690542,7.417,0.044529999337,40.7659756073,,2026-04-30
1066,400079,神州城A3,-0.0002,12000.0,0.0,0.0,-383101.1,72.72,99.9756,-5.785023472405,,-2.3567548e-05,,,2026-04-30
1067,400059,天珑5,0.03,4376893350.66,21.1400988916,-16.2583,53918647.04,-8.74,290.5912,0.850043613734,3.44,0.039678133965,6.509643913,,2026-04-30
1068,301487,盟固利,-0.0501,435593434.51,24.5652352283,-9.6143,-23034044.18,-897.85,71.3265,4.041781255678,-1.23,0.191767111863,2.3993225315,电池,2026-04-30
1069,301238,瑞泰新材,0.04,465187906.52,-16.3711032452,-6.1782,26275253.72,-38.54,140.4919,9.780466568189,0.35,-0.010327630247,17.2397834329,电池,2026-04-30
1070,301152,天力锂能,-0.33,418269081.75,-4.4028274301,12.1199,-39689853.91,14.15,86.5635,11.44240340545,-2.88,-0.20353062814,3.5031413292,电池,2026-04-30
1071,301087,可孚医疗,0.45,737792254.37,-8.593473137,0.4784,91425130.39,-9.68,52.7969,23.404423238431,1.89,0.526362927276,52.1688355794,医疗器械,2026-04-30
1072,301076,新瀚新材,0.09,115730444.24,12.4279566158,1.5493,16188059.34,47.85,14.1271,8.66078821608,1.4,0.019890277423,25.3489982888,化学制品,2026-04-30
1073,301030,*ST仕净,0.26,735074234.49,-14.533994012,163.3236,52890626.74,-33.41,105.7781,5.531412907724,4.91,-0.513064816589,18.6634499841,环保设备Ⅱ,2026-04-30
1074,300999,金龙鱼,0.18,59078925000.0,3.1520977246,-6.8339,981413000.0,11.23,-8.3492,17.482292470551,1.04,1.896834546015,6.814981823,农产品加工,2026-04-30
1075,300866,安克创新,0.9329,5993381106.11,36.9061683165,-27.4534,495761205.29,59.57,-22.8829,17.613782047638,5.41,-0.541308125261,43.2786063095,消费电子,2026-04-30
1076,300813,泰林生物,0.03,66938979.3,-16.3331952348,-37.1648,3528154.63,-39.93,103.2348,6.795245932567,0.43,-0.088593980709,49.2733860075,专用设备,2026-04-30
1077,300761,立华股份,0.249,4086417957.77,11.6047728609,-18.9372,206056594.79,157.47,-42.7884,11.234421233882,2.24,0.468641782796,12.0497806088,养殖业,2026-04-30
1078,300716,*ST泉为,-0.1042,23096175.83,-61.5839710116,37.5022,-16678468.13,13.29,66.0974,0.070858463317,-0.85,-0.119191971629,-30.5464781786,塑料,2026-04-30
1079,300560,中富通,0.0334,285291049.38,-22.2784335859,212.1724,7670728.47,-29.75,105.645,4.178312758254,0.8,-0.064790624612,18.1357920525,通信服务,2026-04-30
1080,300534,陇神戎发,0.0634,274678515.06,7.7331928827,17.9608,19240192.81,9.18,1754.6555,2.290623869456,2.83,-0.106758703193,66.7955786385,中药Ⅱ,2026-04-30
1081,300430,*ST益通,0.05,189301895.29,-29.4185628444,16.3869,12591771.66,-59.09,934.5968,8.220769763269,0.56,-0.157527019978,40.9168984501,医疗器械,2026-04-30
1082,300417,南华仪器,-0.0289,20779531.31,44.1801286305,-63.613,-3885245.33,16.54,-3.8297,3.384698561494,-0.85,-0.051872521685,51.3155519772,通用设备,2026-04-30
1083,300396,ST迪瑞,0.0575,182424018.64,-72.465758932,192.0369,15678683.66,-87.13,112.3047,7.589895084,0.76,-0.153001441279,42.7768248676,医疗器械,2026-04-30
1084,300352,ST信源,-0.0364,61637996.68,-52.7137415491,-55.6211,-52822515.94,-1901.07,45.7092,0.928032640011,-3.85,0.00274973332,54.0623812013,软件开发,2026-04-30
1085,300227,光韵达,0.0003,271010756.98,29.3249450129,-0.126,157744.19,-97.42,100.2638,3.093922970122,0.01,-0.027335395399,30.7388782565,自动化设备,2026-04-30
1086,300167,ST迪威迅,-0.0036,132177196.38,23.0451279765,48.9745,-1287164.1,85.68,-106.2652,0.095686145444,-3.66,-0.068338208959,12.8453412654,IT服务Ⅱ,2026-04-30
1087,300094,国联水产,0.0053,812827860.03,-22.0407280477,105.1068,6028415.05,71.62,100.9094,1.632044646141,0.33,0.026429249174,9.7283071507,渔业,2026-04-30
1088,300076,*ST宁视,-0.0227,20195211.99,-47.9059632795,-75.4348,-9625340.67,-10022.56,69.8402,2.172948079788,-1.04,-0.01507230066,4.5664948724,光学光电子,2026-04-30
1089,300010,ST豆神,0.0181,189649918.75,-0.6336051604,-5.0833,37367113.18,68.05,42.2901,0.81317389417,2.3,-0.04285246246,62.3472680924,教育,2026-04-30
1090,201872,招港B,0.44,4214355369.19,8.991438131,6.304,1090726175.19,5.21,39.803,25.026420065346,1.77,0.468661256095,46.7096639353,航运港口,2026-04-30
1091,200726,鲁泰B,0.18,1452670259.98,5.0638223777,-14.0199,148397559.52,117.46,21.1725,11.647653411383,1.56,0.131229867538,23.5037650199,纺织制造,2026-04-30
1092,200725,京东方B,0.04,50598933939.0,10.2671888039,-7.4112,1613999380.0,64.06,-19.8404,3.520911787187,1.21,0.365089382932,15.7749666339,光学光电子,2026-04-30
1093,200553,安道麦B,0.065,7172735000.0,-4.4768747056,-9.944,151131000.0,166.4,114.1895,8.212957492635,0.79,-0.088791722584,27.1737907507,农化制品,2026-04-30
1094,200539,粤电力B,-0.0729,10573002085.0,-17.3300274061,-27.788,-382893805.0,-403.21,23.8527,4.320662761955,-1.68,0.380737124569,4.5084792868,电力,2026-04-30
1095,200505,京粮B,0.02,2134668845.32,-41.2939525824,9.9508,12880761.32,-43.44,847.1838,4.341586394019,0.41,-0.403617664175,6.6779142237,农产品加工,2026-04-30
1096,200488,ST晨鸣B,-0.49,797157638.89,-88.2108265567,-72.5566,-1451634120.47,-2594.38,78.336,2.619773260867,-17.22,0.180393614605,-131.920297198,造纸,2026-04-30
1097,200429,粤高速B,0.31,1049919860.48,-6.6294968944,-1.6549,657482517.83,56.28,219.5983,5.307472109191,6.1,0.671885866342,67.7465432261,铁路公路,2026-04-30
1098,200045,深纺织B,0.0412,777932127.47,2.1778662179,-4.3358,20864282.75,0.42,99.2858,5.868916017875,0.7,0.541005515657,15.4449500178,光学光电子,2026-04-30
1099,200029,深深房B,0.0716,330053200.67,457.3831975205,66.0311,72421123.75,3718.51,139.851,3.545616564429,1.94,-0.018568074521,29.2066227124,房地产开发,2026-04-30
1100,200028,一致B,0.59,18293519382.49,-4.1746533002,2.1292,327998492.13,-15.63,177.5321,32.336787936445,1.84,-3.265152760995,10.3446750297,医药商业,2026-04-30
1101,003027,同兴科技,0.1,182079248.42,77.5473045915,-42.8545,13620221.18,61.68,-30.29,12.978273948618,0.8,0.096876142414,18.8774711497,环境治理,2026-04-30
1102,003010,若羽臣,0.0853,573811489.21,54.1555975543,-6.2014,27422020.97,113.88,-42.7894,6.491613292286,2.39,0.553201267696,53.9386491923,互联网电商,2026-04-30
1103,002999,天禾股份,0.04,3934068590.5,21.5907435268,28.5034,14264172.96,107.32,21.8139,3.524538782279,1.17,-0.08993514166,5.8027265201,农化制品,2026-04-30
1104,002989,中天精装,0.02,51805702.26,-41.5156968084,-42.0701,3798998.4,151.17,101.189,7.38019544975,0.25,0.196993117272,7.1575581804,装修装饰Ⅱ,2026-04-30
1105,002981,朝阳科技,0.16,396897301.12,39.3319576471,-24.369,21163432.83,145.23,-43.0358,7.792012725178,2.03,0.53259926117,21.4395670845,消费电子,2026-04-30
1106,002959,小熊电器,0.8261,1320214914.1,10.5847166693,-18.4687,129741420.82,-13.96,20.5603,18.318759208257,4.49,1.905320966032,36.8094645379,小家电,2026-04-30
1107,002949,华阳国际,0.0126,264022283.95,15.3584119198,-25.5845,2475672.55,-20.22,-81.5569,7.366522468583,0.16,-0.664824450709,19.4843283076,工程咨询服务Ⅱ,2026-04-30
1108,002939,长城证券,0.15,1277113603.75,41.02,9.1137,605272462.39,71.56,25.6502,7.59415184055,2.0,1.108340159385,,证券Ⅱ,2026-04-30
1109,002938,鹏鼎控股,0.21,8086837206.27,20.9419270818,-30.6077,488156707.96,-1.83,-70.3445,14.104066600593,1.51,1.080283566135,17.8331736876,元件,2026-04-30
1110,002933,新兴装备,0.09,90606955.05,-1.0882690354,-41.4859,10595864.92,286.74,442.1674,12.902631537452,0.7,0.21544000392,33.1285883997,航空装备Ⅱ,2026-04-30
1111,002929,润建股份,0.25,2378972199.23,11.2414733233,-10.2557,69327929.91,-45.62,260.7522,21.95684281402,1.12,-5.147499544077,14.0748863071,通信服务,2026-04-30
1112,002925,盈趣科技,0.1,859335932.62,12.4508864474,-16.8978,76640349.59,37.81,-3.6223,6.085646126257,1.63,0.183120531183,28.8195724895,消费电子,2026-04-30
1113,002907,华森制药,0.0966,238944153.42,4.6198406218,48.7854,40355212.38,0.01,1774.0322,4.072107511706,2.4,0.052349463626,59.2212975771,中药Ⅱ,2026-04-30
1114,002905,金逸影视,0.28,505596225.68,37.2789303482,172.2385,106452480.17,493.15,504.6261,0.483800540577,82.71,0.520849922141,36.9385328122,影视院线,2026-04-30
1115,002901,大博医疗,0.25,550336243.99,28.7999372545,-9.2306,103101566.47,67.04,-11.8243,7.714267852733,3.29,0.062608282664,69.6359736334,医疗器械,2026-04-30
1116,002895,川恒股份,0.3727,1493111365.85,43.0650646994,-22.7239,201991873.9,50.02,-28.9563,11.476320117505,3.22,-0.554221866834,28.7530831852,农化制品,2026-04-30
1117,002886,沃特股份,0.023,394846589.62,8.4773485935,-35.2144,6111968.01,12.26,-46.978,6.775631551267,0.34,0.058992753233,15.7567885568,塑料,2026-04-30
1118,002884,凌霄泵业,0.29,366380722.34,12.8063268467,-13.6988,104283565.77,10.29,-7.2021,6.774165981625,4.4,0.166502813002,36.809605647,通用设备,2026-04-30
1119,002883,*ST中设,-0.0428,60833011.11,-57.0904028067,-45.4612,-6680414.73,-173.05,59.396,3.381720299086,-1.25,0.088919298715,17.233271572,工程咨询服务Ⅱ,2026-04-30
1120,002881,美格智能,0.18,997062263.72,73.5666758135,31.3054,46304131.97,616.02,4.7245,6.181053076311,2.91,-0.255495094336,14.5417029433,通信设备,2026-04-30
1121,002878,元隆雅图,0.02,656057250.93,19.9341795836,-28.7439,4533749.72,-13.74,102.1441,4.887368638651,0.36,0.367527544196,13.6602558379,广告营销,2026-04-30
1122,002873,新天药业,0.0172,193151214.98,8.9268597528,-1.8059,4187454.45,-73.11,148.2599,4.911448624238,0.35,0.065489088728,71.4526890055,中药Ⅱ,2026-04-30
1123,002866,传艺科技,0.13,464535675.18,8.510220817,-14.9715,39046319.1,189.82,132.6567,7.071325350062,1.93,0.339017692063,22.5932853035,消费电子,2026-04-30
1124,002840,华统股份,0.05,2079318974.83,4.1520031548,-20.231,34204150.99,121.74,74.373,3.837575072125,1.4,0.233031694251,7.8954237165,食品加工,2026-04-30
1125,002839,张家港行,0.23,1324359596.29,3.2922930096,22.7841,562303527.23,3.2,43.1932,7.39923443768,3.14,-1.193184182136,,银行Ⅱ,2026-04-30
1126,002828,贝肯能源,0.025,141918056.39,-14.8140894788,-58.9969,5022849.61,-49.27,125.0941,3.402189742402,0.75,0.181068723792,18.5212909609,油服工程,2026-04-30
1127,002824,和胜股份,0.04,741441320.94,4.3975816648,-29.9658,12015642.27,-29.55,-51.6828,6.146102133056,0.7,0.287882402321,11.2059029276,工业金属,2026-04-30
1128,002822,ST中装,-0.1085,185003691.08,-59.8814804427,-58.4914,-79033132.09,10.17,92.0321,1.144001044937,-7.48,-0.059148384527,0.6481276849,房地产服务,2026-04-30
1129,002816,*ST和科,0.0327,33797536.66,1379.2575926372,-84.2765,3266704.74,134.06,53.7363,2.1404119621,1.45,-0.21748397,43.7120398407,专用设备,2026-04-30
1130,002785,万里石,0.0096,227118837.37,-3.9350316106,12.8321,2162987.81,-37.82,103.5857,3.907915387098,0.24,-0.046139687638,14.7960866871,装修建材,2026-04-30
1131,002779,中坚科技,0.2284,285928164.35,4.9584238532,-18.2229,42209506.9,36.13,70.3514,5.947373965152,5.53,0.207443799394,31.7395728526,专用设备,2026-04-30
1132,002763,汇洁股份,0.19,777223596.69,1.4854579865,-0.5315,77032476.71,-19.57,275.9859,4.893365528488,3.92,-0.105353172295,68.0188439197,服装家纺,2026-04-30
1133,002747,埃斯顿,0.0146,1244130343.59,24.0326261631,93.8024,12629943.07,93.43,101.6982,2.11249810652,0.73,0.054811460593,28.2680953135,自动化设备,2026-04-30
1134,002743,富煌钢构,0.04,933308674.21,1.6529025121,-8.1757,17416646.9,4.04,205.4719,7.431221430213,0.54,-0.088970772448,13.8637924885,专业工程,2026-04-30
1135,002738,中矿资源,0.1868,1536394281.81,36.3708051633,-14.3834,134780160.94,-47.38,-36.1898,17.055115371313,1.1,-1.10415671237,22.2799295755,能源金属,2026-04-30
1136,002737,葵花药业,0.1,663495324.67,-56.2966935938,61.7724,57111821.08,-77.62,160.2509,7.596318989418,1.3,0.174161934092,37.2852593065,中药Ⅱ,2026-04-30
1137,002736,国信证券,0.21,5155230903.6,57.1,-33.1039,2328936185.84,89.52,-30.2321,9.386854633382,2.26,0.558496001217,,证券Ⅱ,2026-04-30
1138,002732,燕塘乳业,0.06,334267939.87,-11.8141523263,-22.0973,8698362.68,-46.17,-59.7512,9.427767650461,0.59,-0.064610869336,24.1886684201,饮料乳品,2026-04-30
1139,002725,跃岭股份,0.0271,143176200.93,-8.6605220651,-28.2269,6937210.77,214.45,-87.0491,3.979859868672,0.68,0.070133071563,16.1964073214,汽车零部件,2026-04-30
1140,002723,小崧股份,-0.028,330955782.73,-10.9135481324,-3.2929,-8908726.8,-552.48,95.1905,3.138455889551,-0.89,-0.02456112949,11.7553580751,照明设备Ⅱ,2026-04-30
1141,002721,金一文化,-0.0079,144165674.28,14.7702022969,50.2418,-20933943.25,-892.76,-250.3212,0.777816550055,-1.01,-0.000158020643,27.3153278245,饰品,2026-04-30
1142,002692,远程股份,0.0301,829934777.1,2.4466317903,-34.5858,21645234.27,31.14,14.9419,1.665495224342,1.83,-0.206452071125,9.8804848035,电网设备,2026-04-30
1143,002682,龙洲股份,-0.06,623795067.26,3.4043763362,21.2255,-35326924.25,-949.62,87.2124,2.009195044949,-2.81,-0.021446301943,-0.5445194084,物流,2026-04-30
1144,002678,珠江钢琴,-0.04,123513992.29,-42.1057483313,-17.7758,-51684654.06,-162.52,47.084,2.49968049619,-1.51,-0.051679222631,10.1223677886,文娱用品,2026-04-30
1145,002677,浙江美大,0.0121,98363802.84,-63.9702179053,-56.0078,7793785.69,-89.9,102.5705,2.568361616328,0.47,-0.055746067249,41.111323406,厨卫电器,2026-04-30
1146,002671,龙泉股份,-0.0262,178257698.87,35.8639606551,-52.3259,-14689410.5,-77.04,-6.0961,2.91053516249,-0.89,-0.062909167267,21.7319762431,水泥,2026-04-30
1147,002667,*ST威领,-0.106,61209882.99,-42.9881356479,-13.5323,-24993926.43,-58.75,87.189,1.405117212332,-7.08,-0.206852618548,-1.8746580519,专用设备,2026-04-30
1148,002666,德联集团,0.03,1086817759.72,11.0288012487,-26.2652,27969678.01,26.75,390.2861,4.480910969476,0.79,0.07951022034,14.9215678985,化学制品,2026-04-30
1149,002663,普邦股份,-0.001,344000687.71,0.5500099717,-50.1781,-1739969.01,88.13,99.6116,1.418213490358,-0.07,-0.135080818196,5.4621418129,基础建设,2026-04-30
1150,002660,茂硕电源,0.0017,301663691.85,14.7004058881,-19.9615,597963.07,-95.0,-97.9702,3.635938089896,0.05,0.009406939963,19.3140313449,消费电子,2026-04-30
1151,002656,摩登大道,0.0049,108274327.61,71.3916233848,60.5703,3465719.51,106.92,107.5804,0.787740928293,1.03,-0.012390197163,49.2104876346,服装家纺,2026-04-30
1152,002647,仁东控股,0.429,201713286.51,-45.8594987027,-10.5496,484905871.2,1766.26,170.2587,0.77643755179,561.37,0.00637212888,29.6542599573,多元金融,2026-04-30
1153,002645,华宏科技,0.0541,1436270011.27,18.7562138702,-6.0746,31133457.74,212.29,108.6897,5.595147930453,0.93,-0.269759714084,9.1799821221,环保设备Ⅱ,2026-04-30
1154,002644,佛慈制药,0.038,216124672.92,-21.2171240088,-20.4529,19381644.03,5.41,-7.6927,3.543028010857,1.08,0.015882278222,34.2778999867,中药Ⅱ,2026-04-30
1155,002640,跨境通,-0.0025,1253661767.23,-1.7784335282,-17.5479,-3886587.13,77.67,99.157,0.548818058954,-0.45,0.100420453076,11.4690233704,互联网电商,2026-04-30
1156,002631,德尔未来,-0.0408,194346886.95,-23.8633470934,-50.9213,-32502833.14,-51.09,64.1961,2.791447628373,-1.46,-0.138347171147,19.9604814046,家居用品,2026-04-30
1157,002630,*ST华西,0.0143,696129289.89,-15.1541742263,28.4425,16854197.17,-63.8,103.9722,0.137690450796,8.07,0.047901666328,20.4732673686,其他电源设备Ⅱ,2026-04-30
1158,002629,仁智股份,-0.007,36683284.47,-0.0126916908,-80.4485,-2877718.28,63.0,-111.6365,0.12634317481,-5.22,-0.004010560998,10.1903788715,油服工程,2026-04-30
1159,002628,成都路桥,0.005,118358510.9,-27.1191953903,-56.8221,4141734.15,16.26,105.7955,3.82994812799,0.14,-0.055443329614,4.6439821507,基础建设,2026-04-30
1160,002626,金达威,0.2,827237760.43,11.3120425564,-7.8085,121743621.33,71.97,0.4101,7.191023604998,2.8,0.178747428125,41.7381147641,食品加工,2026-04-30
1161,002616,长青集团,0.1092,960815810.42,-3.3043756919,-3.5747,81046998.85,44.74,-13.4585,3.747878030799,2.85,-0.070517790917,23.0914366171,电力,2026-04-30
1162,002609,捷顺科技,0.0025,305163707.03,27.5223049804,-48.7432,1580576.15,110.96,113.5995,3.685341401064,0.07,-0.042190485427,37.7214325748,IT服务Ⅱ,2026-04-30
1163,002605,姚记科技,0.3417,778703314.14,-20.6720845562,61.6578,140732004.65,-6.7,22.4616,8.656547755377,3.93,0.121242916467,44.2670831638,游戏Ⅱ,2026-04-30
1164,002602,世纪华通,0.19,8144700960.78,91.117952435,14.8629,1349918665.01,107.2,328.7961,3.608705048816,5.31,0.173247634423,69.3621136634,游戏Ⅱ,2026-04-30
1165,002600,领益智造,0.08,11494277784.77,17.1112263738,-9.6835,565180793.18,23.52,62.2169,2.905641954838,2.81,0.116131870088,15.1521925956,消费电子,2026-04-30
1166,002599,盛通股份,-0.0186,454335459.59,-6.0035077793,-16.009,-9973830.22,-23.35,94.824,2.288798119058,-0.81,0.017034823165,14.0626853113,包装印刷,2026-04-30
1167,002597,金禾实业,0.44,1301342312.24,7.2430201201,3.2282,241943306.17,87.3,63.958,13.77503610114,3.13,-0.1616241118,29.876039933,化学制品,2026-04-30
1168,002596,海南瑞泽,-0.0147,279752572.53,-20.4482844533,4.6084,-16841656.59,-2.0,89.0994,0.63840183248,-2.27,0.010322218602,16.4035780458,水泥,2026-04-30
1169,002595,豪迈科技,0.6515,2278671602.8,29.0554224237,-6.9271,519648870.94,29.96,-12.5825,13.011698575938,5.12,0.204101425388,33.8085008543,专用设备,2026-04-30
1170,002591,恒大高新,0.0071,82020872.16,-20.8196943904,-43.3923,2118387.73,151.54,108.5317,2.208439523567,0.32,0.072552295526,13.7179078248,化学制品,2026-04-30
1171,002583,海能达,0.0149,1002814253.43,-20.7632205523,-49.0522,27131095.4,-75.83,100.7262,1.33443453068,1.13,-0.026217530869,51.7790600955,通信设备,2026-04-30
1172,002573,清新环境,0.0069,1904940492.27,-11.2399982281,-32.8501,9744898.9,-92.58,102.001,4.165916172328,0.16,0.00781110265,14.786657332,环境治理,2026-04-30
1173,002572,索菲亚,0.0126,2038095098.8,-3.4585186413,-28.2062,12101242.34,-92.69,-97.3069,7.751868490005,0.16,-0.729266830778,32.6127874436,家居用品,2026-04-30
1174,002569,*ST步森,-0.03,32345327.93,-9.3186454159,5.6913,-4166018.89,47.9,89.1731,0.21052876335,-14.0,0.006891304701,36.9443679652,服装家纺,2026-04-30
1175,002564,天沃科技,0.021,605201334.18,-4.0745793538,-20.602,18392486.69,23.83,-0.8561,0.182955359319,12.45,-0.026471521082,19.838296071,专用设备,2026-04-30
1176,002559,亚威股份,0.0653,467065839.6,-16.2947949536,-17.5218,35903502.94,-13.77,233.6235,3.168915453487,2.08,0.083781508789,24.244334023,通用设备,2026-04-30
1177,002553,南方精工,0.263,179069353.73,9.1843599631,-20.3956,91507623.49,727.82,515.6355,3.518107416494,7.76,0.032682145287,33.4790731475,汽车零部件,2026-04-30
1178,002545,东方铁塔,0.1655,954487028.38,6.4776325534,-12.0451,205859499.84,22.7,110.1873,7.352148211063,2.28,0.424449274522,41.6136698719,农化制品,2026-04-30
1179,002537,海联金汇,0.05,1664671640.55,-18.0046925573,9.0392,50641363.71,-8.07,916.2194,3.461477658549,1.25,-0.063352831863,12.9046020691,汽车零部件,2026-04-30
1180,002533,金杯电工,0.19,4096568451.82,16.3170779643,-16.8776,136411461.96,1.84,-3.8777,5.623540190861,3.38,-1.300190709809,9.9982546116,电网设备,2026-04-30
1181,002531,天顺风能,0.0198,926160501.63,-12.1041175898,-28.755,35645632.96,-75.98,140.8798,4.987064206976,0.4,0.042837245101,23.4788574137,风电设备,2026-04-30
1182,002530,金财互联,0.018,205626134.31,-33.0010459657,-42.6545,13647287.37,466.95,210.411,1.643351260121,1.07,0.01139790697,33.492089919,通用设备,2026-04-30
1183,002514,*ST宝馨,-0.0329,40441364.02,-66.7292457559,-62.8845,-23716236.78,38.21,95.8624,0.213804985508,-14.3,0.010239362442,16.2507874036,通用设备,2026-04-30
1184,002513,蓝丰生化,-0.059,543942036.72,43.8584108779,48.4142,-22154823.78,27.38,67.1636,0.033395895934,-98.31,-0.350720995522,2.3606019103,农化制品,2026-04-30
1185,002510,天汽模,0.0204,444025794.45,-1.1577778239,-46.3408,20711277.38,-14.4,326.5717,2.461182008203,0.83,0.038776939979,13.0239339432,汽车零部件,2026-04-30
1186,002494,华斯股份,0.0034,90163818.82,-40.659693131,-42.8253,1258180.39,-90.22,-93.5312,3.263459751626,0.1,0.055318772975,32.8149079722,服装家纺,2026-04-30
1187,002491,通鼎互联,0.107,660085265.09,-15.2662232782,-11.3684,131645459.28,582.97,90.2091,2.176789618978,5.04,-0.037950573901,18.8309042852,通信设备,2026-04-30
1188,002489,浙江永强,0.17,2544615909.35,11.9025669276,6.9927,371566711.46,44.53,1562.8202,2.057295000644,8.69,0.37479154719,21.7264289038,家居用品,2026-04-30
1189,002486,嘉麟杰,0.0115,269883510.58,14.8763758583,-8.6014,9529647.31,245.36,355.3975,1.26730116522,0.91,0.041212459052,21.5791681251,服装家纺,2026-04-30
1190,002471,中超控股,-0.0155,1035292953.17,0.8135310973,-33.8922,-20237919.29,23.08,-38.7488,1.264303552827,-1.17,-0.177971351454,10.4567658505,电网设备,2026-04-30
1191,002470,金正大,0.0027,2347531089.87,19.6719360014,21.4911,8803293.21,-67.26,107.3084,0.629062792009,0.43,0.012341999236,11.9308023067,农化制品,2026-04-30
1192,002467,二六三,0.01,188287518.96,-27.0145013755,-4.6678,16088884.52,-41.17,298.7334,1.38996713928,0.84,0.031581243112,45.0126050458,通信服务,2026-04-30
1193,002462,嘉事堂,0.16,4677941616.65,-37.1496105412,-15.3861,46148136.04,-38.9,163.3584,14.990329591715,1.06,-0.149562649448,6.7791406077,医药商业,2026-04-30
1194,002460,赣锋锂业,-0.18,3771800382.54,-25.4274604827,-24.2794,-355829529.74,18.93,75.1797,20.524722717386,-0.86,-0.778991190519,12.9540080297,能源金属,2026-04-30
1195,002454,松芝股份,0.15,1213032081.46,13.0853016604,-13.8237,93239717.16,54.27,1883.8231,6.378277692236,2.49,-0.422481776909,18.4410312875,汽车零部件,2026-04-30
1196,002453,华软科技,-0.028,103307169.44,-18.6199019772,18.0375,-22724505.2,7.6,88.3571,1.255475346241,-2.2,-0.010691747822,3.8778588376,化学制品,2026-04-30
1197,002452,长高电气,0.0539,339084914.96,33.5692104298,-46.0411,33449095.44,12.54,-52.9295,3.951801019304,1.38,0.182210174491,36.7147836537,电网设备,2026-04-30
1198,002442,龙星科技,0.0582,1061046267.41,6.0448645489,-13.8784,28581215.33,5.1,-4.6687,3.693237089977,1.54,-0.230325481794,9.3894960126,橡胶,2026-04-30
1199,002428,云南锗业,0.016,240098237.36,83.7766404388,-9.2755,10199386.7,188.73,-56.8208,2.247084976314,0.7,-0.151437010779,25.2173728244,小金属,2026-04-30
1200,002423,中粮资本,0.17,2350133276.66,-8.74,-53.6405,391596237.79,-58.32,681.2828,9.409191469362,1.85,2.623105345288,52.9714853475,多元金融,2026-04-30
1201,002421,达实智能,-0.0196,437534173.06,-25.8390749446,-57.3055,-41481950.47,-1181.49,-87.6439,1.581740142668,-1.23,-0.112774120035,26.833464049,IT服务Ⅱ,2026-04-30
1202,002403,爱仕达,0.02,648824657.38,-5.0836215385,-20.0738,5891756.47,-71.28,-56.0656,4.864973190104,0.36,0.14834229164,32.3847033232,小家电,2026-04-30
1203,002401,中远海科,0.0119,365709318.09,-15.0246166246,-33.5455,4503733.6,-91.83,131.3817,4.503305089208,0.27,-0.56790001123,12.440828844,IT服务Ⅱ,2026-04-30
1204,002399,海普瑞,0.1067,1394250050.21,1.5290805674,15.0571,156590188.54,1.0,217.4085,8.373914530171,1.28,0.37077171594,27.3395589652,化学制药,2026-04-30
1205,002386,天原股份,0.0087,3140732382.73,4.4226409641,-7.4168,11368269.29,73.46,103.1367,5.752542788033,0.15,-0.150766884888,6.1395440573,化学原料,2026-04-30
1206,002374,中锐股份,-0.05,138030542.81,-16.7863775485,-22.0009,-52161926.96,-15.39,69.9961,0.8155908243,-5.72,0.000861410831,15.6259674134,包装印刷,2026-04-30
1207,002371,北方华创,2.1935,8206029208.83,37.903283475,-13.4869,1580707286.38,38.8,36.4246,61.154138312935,4.95,-3.236182267629,43.0156502414,半导体,2026-04-30
1208,002368,太极股份,0.0042,1222170475.52,-26.4417460108,-65.0669,2628911.61,-0.42,-98.8888,7.896354139224,0.05,-2.254551647059,30.5151866479,IT服务Ⅱ,2026-04-30
1209,002365,永安药业,-0.0151,171153602.96,-12.9629483599,-22.238,-4367181.24,-115.23,-4794.7792,6.699148200657,-0.22,0.083825589779,9.7135313966,化学制药,2026-04-30
1210,002349,精华制药,0.0764,363535559.83,-0.9788138245,1.8547,62219690.39,-12.47,28.5067,3.251495935016,2.38,0.075660399445,51.8264967884,中药Ⅱ,2026-04-30
1211,002347,泰尔股份,-0.0183,309843246.2,26.0910694076,-7.9491,-9242566.91,-683.23,-130.4349,2.37492287354,-0.77,-0.152048756483,14.0921206563,通用设备,2026-04-30
1212,002345,潮宏基,0.21,2252067657.04,25.364541507,35.7838,188898822.29,44.38,254.5019,4.187811772139,5.21,-0.318247674279,22.9317031425,饰品,2026-04-30
1213,002343,慈文传媒,0.0043,188694112.37,4562.3025437513,-39.8077,2026983.38,148.03,-89.2972,2.103532030485,0.2,-0.133250794464,5.2524665585,影视院线,2026-04-30
1214,002340,格林美,0.1,9495947222.52,13.6672572625,14.0326,511283142.9,12.1,338.8068,3.961524320582,2.58,0.123666253404,13.0801350081,电池,2026-04-30
1215,002329,皇氏集团,0.0068,446486599.34,-6.9024496872,-16.6668,5683390.02,10.05,100.8533,1.091920455045,0.61,-0.096437055924,27.6274680701,饮料乳品,2026-04-30
1216,002316,亚联发展,0.0087,104953421.29,26.0047353725,-42.5255,3415360.16,113.19,499.2788,0.187770658705,4.76,0.116692394943,13.6233828057,综合Ⅱ,2026-04-30
1217,002315,焦点科技,0.353,443049123.31,15.3034914385,-2.9763,111973222.11,45.94,19.7934,7.656362814257,4.38,0.069450357141,80.485540394,互联网电商,2026-04-30
1218,002310,东方新能,-0.0009,7191685.68,-97.9290750615,-96.2614,-4877965.69,98.31,99.6316,0.255625765909,-0.32,-0.00480408866,24.9377485307,电力,2026-04-30
1219,002284,亚太股份,0.136,1258283186.2,23.1470495741,0.205,100188111.33,65.35,79.3095,4.073192005898,3.39,0.281237142145,19.1066973664,汽车零部件,2026-04-30
1220,002279,久其软件,-0.1341,311673387.96,-56.7538515034,-76.3155,-115934384.98,2.5342288248,-260.2125,1.502116464054,-8.57,-0.350357453537,31.2528720522,软件开发,2026-04-30
1221,002277,友阿股份,0.0263,289507746.93,-14.2221628693,-13.8725,36627589.51,-35.48,142.412,4.822163159294,0.54,0.079877482813,65.7194431653,一般零售,2026-04-30
1222,002276,万马股份,0.0814,3969820994.52,4.4306788167,-16.2513,81827268.9,23.05,-5.2312,5.71090745127,1.42,-0.861113231051,11.9566550833,电网设备,2026-04-30
1223,002269,美邦服饰,0.0,143053736.81,-48.7408388437,-8.0917,6389305.19,-90.62,102.5847,0.114522551152,2.27,-0.030570976856,47.8043041272,服装家纺,2026-04-30
1224,002263,大东南,0.0025,311349684.76,0.0243802984,-10.6266,4658799.2,152.25,-87.9831,1.469215744617,0.17,-0.043126576459,10.8018213463,塑料,2026-04-30
1225,002249,大洋电机,0.12,3161751095.05,16.1636888967,-3.2972,284448537.65,36.52,31.1077,3.931575309116,3.02,0.095907290834,22.8987606603,电机Ⅱ,2026-04-30
1226,002242,九阳股份,0.14,1999944950.1,-3.1657058014,-25.0187,101488347.36,-21.91,317.8586,4.66105595949,2.87,0.320177954126,26.3259127934,小家电,2026-04-30
1227,002240,盛新锂能,-0.17,686207101.99,-43.4377805927,-36.6612,-154736888.23,-7.69,3.2449,12.578965959591,-1.33,0.378205568779,3.2220001376,能源金属,2026-04-30
1228,002238,天威视讯,-0.0193,268473707.39,-0.0486926767,-35.8349,-15450703.51,-507.7,44.4444,2.810783262096,-0.68,-0.027259566198,19.58445773,电视广播Ⅱ,2026-04-30
1229,002235,安妮股份,0.0023,81117675.85,15.7334901395,-14.7494,1357086.22,-59.52,-60.8639,1.291425176846,0.18,0.01615340267,20.3641740926,造纸,2026-04-30
1230,002221,东华能源,0.0334,7979525193.86,12.1843799537,10.7477,52585016.26,-5.68,-83.1802,7.05644820622,0.47,0.118000950909,4.7198591366,炼化及贸易,2026-04-30
1231,002218,拓日新能,-0.0289,253675644.48,-10.5113633735,23.7486,-40814435.94,-1708.1,-102.2235,2.932316515986,-0.98,-0.026547635027,7.5437598273,电力,2026-04-30
1232,002214,大立科技,-0.1099,58871255.0,94.9592189774,-65.5702,-65154531.86,15.46,48.0039,2.455239199151,-4.33,-0.049828659696,6.3414769058,军工电子Ⅱ,2026-04-30
1233,002212,天融信,-0.0604,335664964.65,-20.4534274349,-72.8874,-68388818.56,23.43,-127.1073,7.906226988872,-0.73,-0.195079590018,68.2871912828,软件开发,2026-04-30
1234,002209,达意隆,0.1473,396701516.96,74.1572420014,-29.1835,29494724.65,245.76,5.8952,3.764062002708,4.02,0.396876197872,29.3140167351,专用设备,2026-04-30
1235,002203,海亮股份,0.17,20531229116.22,-6.0457389205,5.6992,344879123.47,9.46,296.4204,6.791964545499,2.4,-1.273633452393,3.7026876926,工业金属,2026-04-30
1236,002198,ST嘉应,0.0304,121632944.06,28.8274480628,4.3499,15403257.18,197.23,-13.1636,1.426864953919,2.08,-0.023317291037,66.8103401821,中药Ⅱ,2026-04-30
1237,002188,中天服务,0.03,96153103.25,11.7006495772,-2.4657,9543230.79,42.26,135.3902,0.952026495199,3.11,-0.052027988303,25.1810306913,房地产服务,2026-04-30
1238,002184,海得控制,-0.018,691634451.68,44.7550140296,-0.9339,-6345648.61,48.39,94.4608,3.229943078734,-0.56,-0.322910085316,12.1520321516,自动化设备,2026-04-30
1239,002181,粤传媒,0.0315,129562083.01,17.1062262364,-32.1161,36566694.28,373.24,-46.2472,3.66754266387,0.86,-0.017423566056,31.3962495006,出版,2026-04-30
1240,002180,奔图科技,0.0593,5927421584.72,-5.7942160166,-15.5795,84379106.8,-69.64,125.4144,7.140520141121,0.84,-0.290131979084,31.7019519679,计算机设备,2026-04-30
1241,002178,延华智能,-0.0071,118810984.84,-20.6529095819,-17.8516,-5066796.59,-1.47,59.5697,0.595113102486,-1.19,-0.059978716119,18.5848612902,软件开发,2026-04-30
1242,002173,创新医疗,-0.03,193334481.58,-3.9782824851,-5.9727,-13937418.26,-368.03,78.9178,3.993480980966,-0.79,0.010743746676,8.959298832,医疗服务,2026-04-30
1243,002172,澳洋健康,0.02,452119969.79,-22.2748901936,-11.0671,18499176.25,-39.82,881.9914,0.1998369269,12.87,-0.234991643542,15.0859360253,医疗服务,2026-04-30
1244,002170,芭田股份,0.1771,1111680815.14,69.3686404125,26.3988,170681380.12,223.51,-16.6513,3.523724469943,5.18,0.334763127482,31.1719619103,农化制品,2026-04-30
1245,002168,ST惠程,-0.0215,60760002.19,94.4651238274,21.388,-16847844.06,55.23,74.6371,-0.093587618441,,0.009433649494,51.9962932707,电网设备,2026-04-30
1246,002166,莱茵生物,0.0418,444292336.62,30.2087937335,-26.1721,30794889.8,14.95,-49.8349,4.192804309761,0.99,0.246669783014,22.0195195655,化学制品,2026-04-30
1247,002159,三特索道,0.17,131585793.25,-7.0288280416,-5.3584,30165648.84,-10.73,324.1745,7.866185461276,2.19,0.037987402012,59.3457902721,旅游及景区,2026-04-30
1248,002156,通富微电,0.0668,6092434550.56,15.3428032812,-10.4106,101389231.19,2.94,-18.9361,9.741203271452,0.69,0.960924394475,13.1966091308,半导体,2026-04-30
1249,002138,顺络电子,0.3,1460735182.67,16.0333561805,-14.1625,233150820.5,37.02,12.0881,7.358455199533,3.69,0.408156176388,36.5627276098,元件,2026-04-30
1250,002135,东南网架,0.04,2437451945.75,-18.9404073665,13.2432,46902034.9,-47.44,73.0497,5.715426246812,0.72,-0.018876543437,5.7047762296,专业工程,2026-04-30
1251,002133,广宇集团,-0.0493,866667354.46,-35.4461628773,-33.3118,-38161346.94,-1233.24,95.5467,3.712159389612,-1.32,0.093151092844,3.1649149503,房地产开发,2026-04-30
1252,002125,湘潭电化,0.08,417808438.86,16.1532054469,-21.0214,47328658.27,-2.54,-33.1851,4.836686605716,1.57,0.003273225508,24.853105905,电池,2026-04-30
1253,002114,罗平锌电,-0.14,185136761.18,-53.5495015652,-33.2728,-45008821.7,-52.44,-433.3622,2.775956655235,-4.88,-0.120332266953,-8.2644983754,工业金属,2026-04-30
1254,002109,ST兴化,-0.0929,839505582.23,-7.5333258781,-24.8664,-118504831.28,20.37,6.085,3.391506108123,-2.7,0.018686374368,-9.6748526096,化学原料,2026-04-30
1255,002103,广博股份,0.0567,484375944.22,10.1159252297,-52.5119,29910266.91,31.24,-36.1244,2.020352600237,2.8,-0.221064839885,20.4684918694,文娱用品,2026-04-30
1256,002100,天康生物,0.11,4180253944.24,10.6809171206,2.2404,148142983.18,174.02,275.7257,5.217051866769,2.1,0.090858296026,11.8238567631,养殖业,2026-04-30
1257,002097,山河智能,0.0302,1513123642.26,-8.9634691801,-22.567,32459478.72,57.31,-14.9761,4.395093118009,0.7,-0.404035560469,25.4818539775,工程机械,2026-04-30
1258,002096,易普力,0.1331,2009837745.64,13.1770763508,-10.391,165157700.48,22.54,-12.5697,6.156043521352,2.19,0.024902708615,20.392996353,化学制品,2026-04-30
1259,002094,青岛金王,0.0126,323208398.97,-2.481731462,-25.0611,8735826.0,-5.23,129.407,2.15531577328,0.59,0.064086089962,18.1422670595,家居用品,2026-04-30
1260,002091,江苏国泰,0.15,8875164960.28,9.630405801,-10.3768,242440247.99,13.81,11.258,9.529062369945,1.53,-0.371357524259,15.6288632807,贸易Ⅱ,2026-04-30
1261,002082,ST万邦,0.0249,315110184.08,-26.577295794,-14.5751,15201816.26,-47.29,56.1568,4.351155027228,0.57,-0.028029912173,33.8450644213,化学制药,2026-04-30
1262,002076,星光股份,-0.0011,46659687.74,53.3987206912,-31.3001,-1211289.68,-313.61,95.8125,0.261220911837,-0.42,-0.008817748151,37.970128816,照明设备Ⅱ,2026-04-30
1263,002073,软控股份,0.0746,1808155639.63,23.4774377587,-21.3759,75992628.82,11.07,-53.3222,5.915116685607,1.27,0.08765964137,20.5193283796,专用设备,2026-04-30
1264,002068,黑猫股份,-0.0483,2180225925.43,-8.5817428969,-23.0163,-35518062.63,-1046.17,-144.3229,3.888945153318,-1.2,-0.345093367279,3.6558930861,橡胶,2026-04-30
1265,002065,东华软件,0.0172,3108657365.16,-3.15722735,-39.4749,55238978.09,-21.93,463.1822,3.763889650421,0.46,-0.068506197355,18.502699694,IT服务Ⅱ,2026-04-30
1266,002062,宏润建设,0.08,1359806528.23,-23.4128265894,-17.1372,91622758.47,-22.75,175.2156,4.075271300681,1.83,0.117558890056,12.5809076459,基础建设,2026-04-30
1267,002060,广东建工,0.0383,14421528872.77,6.2480064053,-46.795,143688150.48,-14.92,-72.5662,3.708862525203,1.04,-1.051523823332,8.2540406186,基础建设,2026-04-30
1268,002054,德美化工,0.0672,687741966.65,1.1556246961,-11.9018,31716458.94,79.0,288.989,5.156749871211,1.29,0.112568700972,26.0991786054,化学制品,2026-04-30
1269,002052,同洲电子,0.1685,313540547.04,662.6352247626,-13.4059,125701984.39,3126.1,49.8498,0.285349380633,83.82,-0.309190850451,47.0485779184,其他电源设备Ⅱ,2026-04-30
1270,002050,三花智控,0.24,7669450484.82,19.0990093073,3.862,903416215.84,39.47,13.3245,5.420775704924,4.57,0.125270466484,26.8271507758,家电零部件Ⅱ,2026-04-30
1271,002044,美年健康,-0.07,1754077010.26,-2.6236102954,-50.7482,-275338119.16,3.94,-206.8838,1.948270398415,-3.55,-0.118208387361,24.0404911411,医疗服务,2026-04-30
1272,002031,巨轮智能,-0.0139,192634921.7,21.1705558683,104.1162,-30624704.31,-116.62,85.7166,0.99456457349,-1.39,0.144615406836,10.6142250063,专用设备,2026-04-30
1273,002025,航天电器,0.1,1466109655.32,-9.1487062283,42.3222,46561119.51,-79.35,171.9742,14.249455693281,0.72,-0.993525373624,31.4295235536,军工电子Ⅱ,2026-04-30
1274,002024,ST易购,0.002,12893845000.0,2.496439132,-31.3029,17960000.0,118.54,57.5992,1.361734424454,0.14,0.099212742068,20.3654844618,互联网电商,2026-04-30
1275,002021,中捷资源,0.0096,226539533.82,-10.3740932794,-3.0234,11563968.23,13.71,974.3212,0.532982168336,1.81,-0.006220479389,18.6833517119,专用设备,2026-04-30
1276,002010,传化智联,0.071,6030777211.48,-5.7821622437,-17.7483,196192432.15,15.8,337.2361,6.421019268024,1.11,-0.252824960981,14.9484716756,物流,2026-04-30
1277,002006,精工科技,0.08,404122762.91,-25.9284301695,-26.1712,43461254.18,-24.0,-41.1997,4.566078229344,1.85,-0.446636498164,33.1360168395,专用设备,2026-04-30
1278,001979,招商蛇口,0.04,20447728414.17,-13.8951608142,-79.7423,445439544.24,34.02,-69.0215,10.968736058722,0.34,-0.970491896559,11.7591810626,房地产开发,2026-04-30
1279,001896,豫能控股,0.029,3033864955.16,-11.6391027546,9.6838,44289115.97,622.62,238.0529,2.078570882952,1.41,0.719352313722,10.0021962274,电力,2026-04-30
1280,001872,招商港口,0.44,4214355369.19,8.991438131,6.304,1090726175.19,5.21,39.803,25.026420065346,1.77,0.468661256095,46.7096639353,航运港口,2026-04-30
1281,001389,广合科技,0.5642,1116984677.76,42.4075952111,6.0135,240371973.05,65.68,30.9179,7.829676536983,7.51,0.49567440443,35.1916210049,元件,2026-04-30
1282,001380,华纬科技,0.24,449994028.27,47.3633701871,-28.1463,63847450.15,57.43,-12.4486,9.583147770117,3.71,-0.406766146311,25.0406122106,汽车零部件,2026-04-30
1283,001330,博纳影业,-0.7,525416831.43,19.4346847879,4.7757,-955171611.39,-17303.99,-86.3599,3.147362859057,-19.89,0.020972883515,-129.2490675607,影视院线,2026-04-30
1284,001325,元创股份,0.43,283196198.81,,-24.3753,25253058.95,,-36.3357,,2.03,,17.2376712488,橡胶,2026-04-30
1285,001324,长青科技,0.0925,96655277.78,18.4626740948,-26.1677,12709061.09,-8.7,10.8262,8.147441248261,1.14,0.117242354058,30.034477989,轨交设备Ⅱ,2026-04-30
1286,001316,润贝航科,0.3,238392428.98,21.3447286382,-1.226,34043369.48,67.91,105.1739,14.853612513946,2.82,0.311387670507,28.8407766363,炼化及贸易,2026-04-30
1287,001311,多利科技,0.4,872670954.55,11.8220707296,-20.9915,95274428.09,-17.1,14.5604,19.480044829561,2.07,0.561920356573,20.9067151002,汽车零部件,2026-04-30
1288,001309,德明利,-0.31,1252045531.07,54.4077355578,6.5077,-69087664.28,-135.34,2.9012,14.982166847852,-2.82,-3.073686715966,5.8487525,半导体,2026-04-30
1289,001308,康冠科技,0.31,3141628657.07,10.8241935229,-25.1186,214700249.72,15.81,-21.9997,11.332831865574,2.75,0.743350110985,13.3616714345,光学光电子,2026-04-30
1290,001289,龙源电力,0.2279,8163575719.34,-18.7629612406,-24.0618,1905444497.21,-22.07,118.4607,9.001798259852,2.56,0.323429765547,42.6122554494,电力,2026-04-30
1291,001278,一彬科技,-0.0574,437233424.12,-8.2012142833,-29.1659,-7094325.14,-137.55,46.1081,10.529526036624,-0.54,0.484348843643,18.6940308336,汽车零部件,2026-04-30
1292,001228,永泰运,0.36,1058338276.93,57.8082726212,15.5266,37448309.0,8.4,1481.4841,16.191805592991,2.2,-2.855205418527,9.2478955192,物流,2026-04-30
1293,001226,拓山重工,0.11,177175605.75,20.2602107021,10.8637,8109787.93,48.34,64.8373,10.052521355169,1.08,0.101740044491,12.8323232105,工程机械,2026-04-30
1294,001225,和泰机电,0.16,52087227.06,-37.4680138466,-26.1203,10544538.51,-48.06,-29.9879,22.225513972394,0.73,0.099215115639,32.0687743672,专用设备,2026-04-30
1295,001219,青岛食品,0.15,134818291.9,2.1873724163,3.2334,29743354.3,3.77,173.4599,5.423275991871,2.85,0.028191914147,38.8376760839,休闲食品,2026-04-30
1296,001218,丽臣实业,0.21,1054889511.23,25.8290630622,-1.7002,27656536.17,-14.9,-16.7287,17.199890459052,1.28,-0.075846247676,9.8390135313,化学制品,2026-04-30
1297,001202,炬申股份,0.05,259596933.62,22.7408269805,-20.3209,7838878.34,-46.93,-43.7066,5.901602477252,1.04,-0.285207105978,12.1591691049,物流,2026-04-30
1298,000993,闽东电力,0.02,131005807.91,52.2402502279,-14.0865,11238874.65,153.62,-79.5243,5.502248133484,0.45,-0.010662671374,35.1696204963,电力,2026-04-30
1299,000987,越秀资本,0.13,1852350673.84,-9.42,17.3034,656037015.99,40.52,14.1574,6.105039556374,2.15,0.576314335258,45.69101113,多元金融,2026-04-30
1300,000981,山子高科,0.0081,1050621492.19,-7.4173841644,-37.0507,81253019.89,298.14,121.4522,0.117310551525,7.03,-0.012798454099,18.9425049696,汽车零部件,2026-04-30
1301,000978,桂林旅游,-0.028,82627053.64,-6.6320717257,-7.7449,-13080374.52,2.47,93.8086,2.262009649093,-1.23,-0.026976521928,22.3903967466,旅游及景区,2026-04-30
1302,000977,浪潮信息,0.3143,46858373514.91,165.3117922327,48.091,462663827.52,52.78,-53.6174,13.773748928341,2.3,3.941936994123,3.4478014409,计算机设备,2026-04-30
1303,000951,中国重汽,0.26,12908129340.81,12.9653208806,13.8047,310358920.17,13.26,-43.1313,13.307361061233,2.0,-2.714222704072,7.0523609749,商用车,2026-04-30
1304,000949,新乡化纤,0.0167,1880605316.19,-4.3957946787,4.005,27650293.89,-55.57,-40.2334,3.837609159789,0.42,-0.033465033476,8.4501805904,化学纤维,2026-04-30
1305,000932,华菱钢铁,0.0814,30229632530.74,-18.4046924014,-8.446,562046632.67,43.55,115.5318,7.86554712665,1.04,0.049585746186,9.0811522064,普钢,2026-04-30
1306,000912,泸天化,0.02,1502840486.25,16.6852782077,57.2585,32074909.63,10.26,175.4025,4.090971964636,0.5,0.043936131161,5.7087162726,农化制品,2026-04-30
1307,000905,厦门港务,0.1111,4939796230.47,-21.9861169574,4.1779,171371654.99,-18.46,543.9431,6.769370085839,1.69,-0.114096818904,9.4483701415,航运港口,2026-04-30
1308,000898,鞍钢股份,-0.059,25079000000.0,-9.8882541051,-2.945,-554000000.0,66.55,72.8165,5.033514782794,-1.17,0.040666026257,0.5303241756,普钢,2026-04-30
1309,000892,欢瑞世纪,-0.0042,85547977.57,19.0707734751,-63.0461,-4070239.52,-127.35,97.8253,0.89258026815,-0.46,-0.128908091782,74.034661881,影视院线,2026-04-30
1310,000890,法尔胜,0.0,68538910.5,-38.6230484296,59.6296,-750786.92,95.91,98.8374,0.039264181883,-4.46,0.028139665106,-1.6012248108,环保设备Ⅱ,2026-04-30
1311,000889,中嘉博创,-0.006,372606893.05,2.4522785493,-3.2489,-5642431.49,9.38,54.2536,0.10111497339,-5.79,-0.025590392946,9.3243896069,通信服务,2026-04-30
1312,000880,潍柴重机,0.07,1105208601.3,25.8172132864,-10.4598,30933438.08,33.18,-21.4965,6.316037185856,1.26,0.893121038656,10.2402368763,通用设备,2026-04-30
1313,000876,新希望,0.09,24417096879.71,2.1274643134,-5.5571,444687554.65,122.99,38.8168,4.913976462957,1.64,0.213585273837,8.3952322437,饲料,2026-04-30
1314,000859,国风新材,-0.03,487938576.38,-1.4296051777,-26.4618,-24081717.75,2.48,-455.7154,3.08860053181,-0.87,-0.058374701823,4.5352703724,塑料,2026-04-30
1315,000858,五粮液,1.1378,17085765657.95,-50.9493543725,-19.6327,4416313048.41,-68.56,-36.2025,35.475399599084,3.26,4.083050694925,79.070497312,白酒Ⅱ,2026-04-30
1316,000838,*ST发展,-0.0032,114996773.69,-70.0397534456,43.4421,-3551538.36,58.58,98.6024,0.386516478754,-0.85,0.006128134773,11.249425636,房地产开发,2026-04-30
1317,000837,秦川机床,0.0273,1043629758.66,6.3873505569,7.1537,27486107.65,7.81,1248.0792,4.799006118739,0.57,0.030962693543,17.2438144521,通用设备,2026-04-30
1318,000811,冰轮环境,0.09,1372925379.61,-16.0468448578,-18.2153,93725984.08,-22.45,-39.1807,7.73151814599,1.6,-0.49275824829,25.0302432954,通用设备,2026-04-30
1319,000800,一汽解放,0.0071,14341057158.45,-24.6008554173,6.6587,29053517.4,-83.42,-88.7728,5.353685422003,0.13,0.083598930346,3.7873036959,商用车,2026-04-30
1320,000793,ST华闻,-0.0153,64643605.51,-26.306037941,-16.4444,-30500947.57,11.5,94.9451,0.092901205498,-15.19,-0.01122101163,16.859753589,出版,2026-04-30
1321,000792,盐湖股份,0.2245,3300266749.2,21.1596617565,-33.4349,1187934997.03,22.52,-24.7958,7.125652610599,3.38,0.31398763322,54.1102009798,农化制品,2026-04-30
1322,000791,甘肃能源,0.1479,2238396151.92,0.9076182272,-66.1016,479609768.53,31.59,-53.2286,4.334732220014,3.48,0.37380400115,40.6593245114,电力,2026-04-30
1323,000790,华神科技,-0.0234,126911245.23,-29.2095447506,-36.8278,-14592429.76,-740.09,-17.4154,1.621588321378,-1.43,-0.014240006584,47.3542781659,中药Ⅱ,2026-04-30
1324,000783,长江证券,0.17,2500803065.28,88.81,26.2666,979562361.76,143.76,144.2524,6.176990462099,2.7,0.589707051439,,证券Ⅱ,2026-04-30
1325,000782,恒申新材,0.0018,629104598.28,-18.4857878606,-24.9769,1226623.11,116.38,102.1584,2.589310548371,0.07,-0.482991933315,7.4968382999,化学纤维,2026-04-30
1326,000759,中百集团,-0.15,2565882301.78,-21.2938714633,14.0246,-98851022.32,-303.27,49.7476,2.523056762097,-5.68,0.127110396742,22.8570741516,一般零售,2026-04-30
1327,000750,国海证券,0.03,750210592.9,-6.506295754,-36.4031,200216272.32,113.99,-18.0092,3.486263543936,0.9,1.619250195564,,证券Ⅱ,2026-04-30
1328,000737,北方铜业,0.195,6837512185.02,23.5648979541,15.2773,371046892.84,57.29,459.7232,3.481666268538,5.77,0.208280782462,10.42315844,工业金属,2026-04-30
1329,000726,鲁泰A,0.18,1452670259.98,5.0638223777,-14.0199,148397559.52,117.46,21.1725,11.647653411383,1.56,0.131229867538,23.5037650199,纺织制造,2026-04-30
1330,000725,京东方A,0.04,50598933939.0,10.2671888039,-7.4112,1613999380.0,64.06,-19.8404,3.520911787187,1.21,0.365089382932,15.7749666339,光学光电子,2026-04-30
1331,000722,湖南发展,0.01,55897928.79,-34.2024290529,-27.7136,4245264.37,-83.52,-33.5537,6.699078920776,0.14,0.110772194279,33.7671369558,电力,2026-04-30
1332,000718,苏宁环球,0.0155,392739356.29,-13.6452348154,2.5391,46934627.2,-48.32,124.8567,3.117056218433,0.5,-0.024011222466,47.3998479802,房地产开发,2026-04-30
1333,000713,国投丰乐,-0.0172,548267505.72,-5.4976622899,-54.5218,-10590069.59,22.88,-107.5164,3.256939375274,-0.53,-0.065908387773,12.5617027913,种植业,2026-04-30
1334,000710,贝瑞基因,-0.02,217759068.08,-22.0832361038,-14.7717,-6462206.12,-178.47,96.8137,4.716467593531,-0.39,-0.097853722291,49.48176391,医疗服务,2026-04-30
1335,000702,正虹科技,-0.026,202344528.38,36.4641454705,-39.813,-9019990.07,-5.27,79.0277,1.016876432535,-2.52,-0.181584171662,6.8163810163,饲料,2026-04-30
1336,000700,模塑科技,0.162,1598973929.91,-11.6514478394,-15.2716,148371285.01,2.74,70.1546,3.964886625849,4.16,0.112728797839,20.9380380191,汽车零部件,2026-04-30
1337,000691,亚太实业,-0.028,90156251.62,-13.6416990111,-4.6591,-9051136.88,-1.37,89.2263,-0.228738672379,,0.035046465308,7.2250418057,化学原料,2026-04-30
1338,000685,中山公用,0.21,977119263.79,8.2492416162,-59.1467,304604173.97,62.19,72.1049,11.692641820055,1.76,-0.289917802348,20.8863210104,环境治理,2026-04-30
1339,000681,视觉中国,0.0254,189399793.98,8.4260126575,-6.7716,17817148.94,12.26,-52.4287,5.120020615694,0.5,0.049312199501,44.3893702434,数字媒体,2026-04-30
1340,000680,山推股份,0.1851,3300766451.06,2.8579413449,-24.6795,277732847.77,13.63,-36.3091,3.673645311441,5.16,-0.178930383277,19.364974237,工程机械,2026-04-30
1341,000679,大连友谊,-0.0364,94091926.37,141.2997944161,-62.0065,-12979046.02,-2.69,64.2426,0.677669688608,-5.23,-0.000677037823,16.8535649782,一般零售,2026-04-30
1342,000678,襄阳轴承,-0.03,363234653.61,2.3994768663,0.8338,-13628204.54,-1.77,14.3685,1.70006026562,-1.72,0.049770049505,7.8825129611,汽车零部件,2026-04-30
1343,000677,ST海龙,0.0151,262418025.76,-5.123878351,12.3869,13033948.83,24.79,181.7486,0.599673078531,2.55,0.026325752935,22.6385033604,化学纤维,2026-04-30
1344,000669,ST金鸿,-0.0235,351724583.76,-10.3384880421,-1.0173,-15995263.44,-388.14,86.3195,0.02620923937,-58.29,0.013440306313,4.9298427863,燃气Ⅱ,2026-04-30
1345,000628,高新发展,0.008,722068877.15,-37.5656376857,-70.7736,2788092.19,-91.92,104.7193,6.003710967384,0.13,-0.304212765215,12.7680289177,房屋建设Ⅱ,2026-04-30
1346,000626,远大控股,0.0254,16967819555.92,-18.1162884051,-8.9365,12902723.07,364.9,105.7171,4.640583127008,0.55,-2.135132459737,0.7199419446,物流,2026-04-30
1347,000623,吉林敖东,0.4396,622624001.54,-27.7141594997,-11.1889,516839939.37,259.75,68.1998,24.60598124876,1.77,0.046781766221,47.114617876,中药Ⅱ,2026-04-30
1348,000609,*ST中迪,-0.1,280525.78,-99.2584339482,-98.6605,-29007829.11,13.36,79.7447,0.377498205857,-22.79,-0.0054457178,91.8486422175,房地产开发,2026-04-30
1349,000607,华媒控股,-0.0373,212617405.03,-28.5331958706,-41.6775,-37928501.88,-263.97,-94.5828,1.541984891064,-2.39,-0.118850632949,4.9746362009,广告营销,2026-04-30
1350,000592,平潭发展,0.0023,292317789.36,-51.5108078931,-22.8859,4326093.83,639.18,103.1037,0.978950482724,0.23,0.010552134207,9.5990924574,林业Ⅱ,2026-04-30
1351,000576,甘化科工,0.0167,96346976.39,23.7617842561,-18.2863,7290072.27,-47.25,1399.3425,3.712242771219,0.45,0.072421750023,39.6327030185,地面兵装Ⅱ,2026-04-30
1352,000573,粤宏远A,0.1769,125570395.64,14.7321618825,72.6543,112913644.14,721.81,1363.4349,2.661182249524,6.88,-0.042999776709,5.3494029431,房地产开发,2026-04-30
1353,000571,新大洲A,-0.0398,88372912.65,-56.9149990592,-64.5015,-33402365.19,-99.53,-0.8215,0.234385034768,-15.81,-0.143585857061,23.395203236,煤炭开采,2026-04-30
1354,000561,烽火电子,-0.0727,243082116.8,-18.0329393777,-49.9878,-54542375.88,5.72,41.5795,3.842951671344,-2.1,-0.311819779381,32.681172797,航空装备Ⅱ,2026-04-30
1355,000560,我爱我家,0.0027,2822697784.35,2.5411928112,-25.2027,6270710.06,-75.29,-90.3417,3.988675343081,0.07,0.53774113337,10.2820746089,房地产服务,2026-04-30
1356,000553,安道麦A,0.065,7172735000.0,-4.4768747056,-9.944,151131000.0,166.4,114.1895,8.212957492635,0.79,-0.088791722584,27.1737907507,农化制品,2026-04-30
1357,000547,航天发展,-0.11,289733260.96,-33.0947943135,-57.309,-181054865.3,-3.34,83.7595,3.132890197416,-3.55,-0.102780291737,7.9313721331,军工电子Ⅱ,2026-04-30
1358,000546,金圆股份,0.0208,1742838031.5,84.5910605162,-22.2675,16168661.25,-29.92,121.0883,5.371815520331,0.39,-0.244202209957,-0.4993037869,环境治理,2026-04-30
1359,000543,皖能电力,0.1957,6419690208.37,-8.0964487041,-15.0086,443609385.72,-1.98,-7.7613,7.119126694026,2.76,0.972795245987,15.01566112,电力,2026-04-30
1360,000539,粤电力A,-0.0729,10573002085.0,-17.3300274061,-27.788,-382893805.0,-403.21,23.8527,4.320662761955,-1.68,0.380737124569,4.5084792868,电力,2026-04-30
1361,000538,云南白药,1.08,10841237721.29,0.6213568975,7.1465,1934639584.6,13.67,357.6998,22.848716522626,4.86,0.399939761361,31.5545374065,中药Ⅱ,2026-04-30
1362,000533,顺钠股份,0.0282,486489736.09,7.4413574039,-32.6472,19503995.08,39.11,-14.3145,1.285600303409,2.22,0.019621593492,21.7864793391,电网设备,2026-04-30
1363,000531,穗恒运A,0.0936,1020227838.27,-7.7857661284,6.726,97458424.85,210.36,671.5966,6.448576417617,1.47,-0.049057696961,14.6902847676,电力,2026-04-30
1364,000510,新金路,-0.0566,370906784.2,-10.9273369866,-28.9271,-36677499.6,41.91,-29.501,1.967225480399,-2.83,-0.076364593807,7.5647048383,化学原料,2026-04-30
1365,000509,华塑控股,0.0008,190136682.61,-17.2815736342,-40.0013,827703.36,169.46,151.7094,0.125757894352,0.62,0.040144401602,6.1956166208,光学光电子,2026-04-30
1366,000507,珠海港,0.0714,1192621946.44,-10.8870017127,9.2763,78243568.74,36.92,46.782,5.619296562027,1.28,0.140104344687,28.564682149,电力,2026-04-30
1367,000505,京粮控股,0.02,2134668845.32,-41.2939525824,9.9508,12880761.32,-43.44,847.1838,4.341586394019,0.41,-0.403617664175,6.6779142237,农产品加工,2026-04-30
1368,000501,武商集团,0.19,1787400489.1,-8.6205119666,12.7723,142558450.11,2.85,55.1891,14.463259286582,1.29,0.13856318006,48.6516040078,一般零售,2026-04-30
1369,000498,山东路桥,0.0977,9764372534.02,1.950281641,-65.9415,249335611.32,1.89,-71.2079,9.694072591508,0.96,-0.336240106988,11.4547044518,基础建设,2026-04-30
1370,000488,ST晨鸣,-0.49,797157638.89,-88.2108265567,-72.5566,-1451634120.47,-2594.38,78.336,2.619773260867,-17.22,0.180393614605,-131.920297198,造纸,2026-04-30
1371,000429,粤高速A,0.31,1049919860.48,-6.6294968944,-1.6549,657482517.83,56.28,219.5983,5.307472109191,6.1,0.671885866342,67.7465432261,铁路公路,2026-04-30
1372,000426,兴业银锡,0.2108,1149284450.85,50.3746332727,18.003,374357743.86,63.22,62.7525,4.661400796935,4.63,0.674795516267,55.5658699374,贵金属,2026-04-30
1373,000419,通程控股,0.0156,510009345.73,6.1009508537,-25.8063,8461840.64,-77.87,107.606,6.430221610824,0.24,0.043419574545,22.7263864442,一般零售,2026-04-30
1374,000401,金隅冀东,-0.328,3902706837.55,16.8223213663,-42.0055,-873099096.75,19.91,-25.7603,9.957510050836,-3.24,-0.115222177012,8.4580215404,水泥,2026-04-30
1375,000338,潍柴动力,0.31,57463810771.91,1.9220380991,6.9354,2710563216.84,4.27,-9.7163,10.253825141525,3.08,-0.532389186473,22.2275993372,汽车零部件,2026-04-30
1376,000333,美的集团,1.64,128428421000.0,20.6091036529,44.7334,12422233000.0,38.02,81.6614,30.001774068986,5.56,1.869491182916,25.4471362931,白色家电,2026-04-30
1377,000166,申万宏源,0.08,5306394256.14,-6.5835689553,-24.7195,1977325721.8,42.5,45.3069,4.257544429449,1.87,0.673205101283,,证券Ⅱ,2026-04-30
1378,000158,常山北明,-0.0624,1246468489.18,38.3706796855,-68.1052,-99762045.13,27.67,67.7078,3.298599609531,-1.87,-0.772219382447,10.402662184,IT服务Ⅱ,2026-04-30
1379,000155,川能动力,0.13,836388483.21,-16.6190720765,7.5343,236828686.83,-43.03,143.931,5.695234973513,2.28,0.120547303768,52.1953357541,电力,2026-04-30
1380,000100,TCL科技,0.0545,40119483879.0,0.4333336011,-4.0917,1012576836.0,321.96,2510.2564,2.851930371912,1.91,0.642997798125,13.2381478376,光学光电子,2026-04-30
1381,000078,ST海王,0.009,7375593948.22,-8.8074864372,27.9464,23715783.03,-44.38,101.9131,0.691323745579,1.31,0.018027019853,9.2342078856,医药商业,2026-04-30
1382,000069,华侨城A,-0.1812,5362658900.04,-38.4018233119,-78.6158,-1418802686.45,-303.09,77.5203,6.042571361593,-2.96,0.024365884188,5.4134092627,房地产开发,2026-04-30
1383,000060,中金岭南,0.07,15686143962.49,-12.9657145167,13.7483,273025334.39,14.07,-3.3092,3.728816182583,1.91,-0.075389198918,5.2525021421,工业金属,2026-04-30
1384,000050,深天马A,0.0392,8311597227.87,7.2521965078,-12.3274,96408914.1,132.0564664429,149.1981,11.138773269068,0.35,0.904331245636,16.2470531371,光学光电子,2026-04-30
1385,000048,京基智农,0.2127,1108082547.35,-11.9003100335,-18.8491,112031779.68,106.99,0.0313,8.311672461769,2.58,0.024184205242,20.9791754934,养殖业,2026-04-30
1386,000045,深纺织A,0.0412,777932127.47,2.1778662179,-4.3358,20864282.75,0.42,99.2858,5.868916017875,0.7,0.541005515657,15.4449500178,光学光电子,2026-04-30
1387,000042,中洲控股,0.2087,1050310413.82,-38.3131127117,127.7708,138754958.09,61.63,109.2131,5.220406607098,4.1,4.004944987271,53.5173345483,房地产开发,2026-04-30
1388,000036,华联控股,0.0039,109346028.64,4.2665333144,17.4333,5734396.34,-71.93,87.6665,3.425107660133,0.11,-0.016856947565,48.6242751761,房地产开发,2026-04-30
1389,000031,大悦城,-0.06,5113330517.86,32.2146454412,-66.6093,-257654608.44,-174.79,89.2195,2.415612115043,-2.46,0.150096619614,34.5989047477,房地产开发,2026-04-30
1390,000029,深深房A,0.0716,330053200.67,457.3831975205,66.0311,72421123.75,3718.51,139.851,3.545616564429,1.94,-0.018568074521,29.2066227124,房地产开发,2026-04-30
1391,000028,国药一致,0.59,18293519382.49,-4.1746533002,2.1292,327998492.13,-15.63,177.5321,32.336787936445,1.84,-3.265152760995,10.3446750297,医药商业,2026-04-30
1392,000027,深圳能源,0.27,9780396044.05,1.7763449309,-9.4333,1351602009.94,22.31,1223.132,6.863410606786,4.02,0.712133043419,26.2632061981,电力,2026-04-30
1393,000014,沙河股份,-0.0269,87555773.69,-58.4532881155,-75.7754,-6512419.39,-120.56,68.6607,6.668186593483,-0.35,-0.027216591695,27.6937432086,房地产开发,2026-04-30
1394,000009,中国宝安,0.0654,4863763165.21,-2.7259702949,-13.0499,168578339.85,138.2,179.236,3.917994340136,1.69,-0.196655901148,28.2526640274,综合Ⅱ,2026-04-30
1395,000008,神州高铁,-0.0157,222911241.04,23.620106892,-77.5376,-42625888.92,12.33,88.3361,1.100598069436,-1.48,-0.019677845222,30.8498062543,轨交设备Ⅱ,2026-04-30
1396,000006,深振业A,-0.0192,1618061918.99,540.2783310996,30.7715,-25936023.31,2.49,97.5177,3.983599563128,-0.48,0.001242171099,16.52048883,房地产开发,2026-04-30
1397,000002,万科A,-0.53,37994649925.08,-38.3145144444,-69.1806,-6246208543.03,-1625.63,80.1929,16.489285836624,-3.13,-0.48551754786,6.1002956388,房地产开发,2026-04-30
1398,920982,锦波生物,1.46,366465963.91,62.5121273866,-19.3588,168530398.04,66.25,-20.6367,19.248780687547,10.41,1.96836411857,90.1123085011,医疗美容,2026-04-29
1399,920978,开特股份,0.22,239608388.09,48.0461528999,-12.1861,40130135.15,41.6,-6.4561,4.002540218905,5.77,0.048598458649,32.8744743237,汽车零部件,2026-04-29
1400,920961,创远信科,0.04,60914101.63,27.4701688149,-14.0668,5657978.51,244.8119235714,-46.3242,5.35755530406,0.74,0.304558018794,53.7280388354,通用设备,2026-04-29
1401,920953,国子软件,0.08,31078046.75,19.2120909457,-74.8369,7512052.32,191.55,-78.5455,6.035233187131,1.37,-0.534571228411,56.1833998142,IT服务Ⅱ,2026-04-29
1402,920946,森萱医药,0.068,125565724.8,-8.7955487381,-15.639,29032478.96,-16.72,-10.3748,2.861950973622,2.41,0.091456244232,45.7275105619,化学制药,2026-04-29
1403,920943,优机股份,0.15,182512563.63,20.4844795574,-46.782,15509012.45,99.9,-50.9567,6.164404438935,2.51,-0.349235018165,29.1209441547,通用设备,2026-04-29
1404,920925,锦好医疗,0.03,55628550.27,53.9548814332,-29.4374,3360866.95,287.3,-65.5775,3.675574701446,0.93,-0.076634757528,41.6707437952,医疗器械,2026-04-29
1405,920906,舜宇精工,-0.03,115778483.4,-2.3545760843,-57.1908,-1751852.36,-206.98,-110.8563,8.461073814068,-0.32,-0.052089253194,14.2581723436,汽车零部件,2026-04-29
1406,920895,花溪科技,-0.05,3720033.16,-76.5012625093,-76.5603,-2954622.26,-246.28,-17.2962,3.459304441653,-1.5,-0.10898650184,17.8203726012,专用设备,2026-04-29
1407,920779,武汉蓝电,0.14,27241638.72,-12.3526603609,-51.3079,11526595.69,-24.41,-35.9816,9.154643966084,2.23,0.101454620979,64.0710224131,电池,2026-04-29
1408,920770,艾能聚,0.04,31354864.79,28.1382219929,13.8327,5107094.25,-21.64,186.9477,4.551677103068,0.91,-0.054905431343,44.0022255634,光伏设备,2026-04-29
1409,920765,美之高,0.0021,115130652.36,-13.9414313869,-22.4403,144981.44,-98.48,-94.9475,4.762250713817,0.04,0.143607068669,26.1453222083,家居用品,2026-04-29
1410,920751,惠同新材,0.12,51453551.85,6.5269742055,4.6619,10733404.71,28.37,26.6735,4.517385414612,2.78,0.054351228394,39.9811754103,金属新材料,2026-04-29
1411,920725,惠丰钻石,-0.03,39984190.35,-35.4182434615,-25.7417,-2869481.09,-233.01,5.842,6.839581941605,-0.46,0.107683808491,16.1409405155,通用设备,2026-04-29
1412,920720,吉冈精密,0.06,155180188.85,48.446834672,-13.8675,15653350.48,49.27,24.5279,2.628902778371,3.18,0.108230949472,20.4826582797,通用设备,2026-04-29
1413,920719,宁新新材,-0.19,69229797.07,-25.7935623713,-13.9314,-17489807.88,-134.45,91.5333,7.0383356181,-2.63,0.461251846533,17.5029237739,非金属材料Ⅱ,2026-04-29
1414,920718,合肥高科,0.2,325387202.51,21.3745913957,-15.1408,17883391.4,-12.18,-35.5704,6.384871070415,3.14,0.023222865947,12.3768160762,家电零部件Ⅱ,2026-04-29
1415,920706,铁拓机械,0.12,92702170.59,-6.5036620159,-12.1046,11060836.66,-22.7,68.7075,6.152888115604,1.97,0.052912440198,30.7187110817,工程机械,2026-04-29
1416,920682,球冠电缆,0.05,641973029.81,5.6347245071,-34.3085,16075919.7,-24.11,-65.4578,4.185842273188,1.43,-0.577565910207,10.6773752552,电网设备,2026-04-29
1417,920675,秉扬科技,0.12,133571655.29,-7.6406027228,-3.4567,20313392.27,-9.5,3798.1933,3.632912650052,3.3,0.120421501272,24.8651171971,非金属材料Ⅱ,2026-04-29
1418,920662,方盛股份,0.08,74458066.25,21.0163565148,-26.4181,7014667.1,-16.03,34.5982,5.263942792371,1.53,0.123351910603,22.2430786671,通用设备,2026-04-29
1419,920579,机科股份,0.03,76497832.44,-6.4315718175,-60.2696,4478610.22,-43.47,23.2788,4.066506892493,0.85,-0.285757792632,18.6561907113,自动化设备,2026-04-29
1420,920575,*ST康乐,-0.25,13499.14,-90.5092084822,-94.9568,-70345547.8,18.12,14.0576,1.717083469211,-13.59,-0.1922205871,62.458201041,生物制品,2026-04-29
1421,920553,凯腾精工,-0.0143,98071642.72,5.8037816436,-16.499,-2058810.82,-763.89,-148.8627,2.379201329859,-0.6,-0.037853361385,27.5141107986,专用设备,2026-04-29
1422,920519,万德股份,0.06,104551042.3,-30.4028238942,-15.1651,5368328.47,-47.89,3.7971,5.7579177782,1.05,-0.019134127586,22.3834350621,化学制品,2026-04-29
1423,920510,丰光精密,-0.01,50953654.87,-11.1527657691,3.1994,-2368374.85,-141.34,-159.2157,2.158893525527,-0.59,0.03855996568,25.8542346444,通用设备,2026-04-29
1424,920508,殷图网联,-0.06,8905064.36,-0.4147498313,-77.3844,-2752518.46,-96.01,-122.7181,4.00501559,-1.37,0.156758274,31.7922349076,电网设备,2026-04-29
1425,920496,许昌智能,0.0112,108130974.37,53.6508324751,-56.4413,1862179.15,30.41,-89.996,3.491002252514,0.32,-0.303912988495,19.7316438184,电网设备,2026-04-29
1426,920493,并行科技,0.06,198273022.42,51.6795238148,-10.2486,3594034.82,43.77,-60.2467,6.331350031309,1.02,-0.050810240406,25.3258115739,IT服务Ⅱ,2026-04-29
1427,920469,富恒新材,0.04,168426146.23,-3.0960158565,229.1879,5932974.7,-69.04,114.6065,3.355022896712,1.23,-0.474027769642,13.5685897241,塑料,2026-04-29
1428,920455,汇隆活塞,0.04,35626541.19,13.7051531747,-9.3352,7766273.78,-42.64,35.566,2.005154012792,2.21,0.006821315976,39.4558392156,专用设备,2026-04-29
1429,920433,大唐药业,0.01,45426052.56,19.2168330135,-8.0194,1288881.3,4.56,707.1204,1.874382788989,0.27,0.042577814013,63.4335912898,中药Ⅱ,2026-04-29
1430,920415,恒拓开源,-0.01,27743545.97,-16.9971368124,-57.2051,-1691139.03,-154.82,-123.7432,3.776448558117,-0.32,-0.093213872827,46.3864812519,软件开发,2026-04-29
1431,920402,硅烷科技,-0.03,127429840.0,-39.3124184329,-11.5287,-12883053.31,-127.53,-20.2176,3.912289964713,-0.78,0.034988594597,0.1941113243,化学制品,2026-04-29
1432,920392,佳合科技,0.07,156439591.85,106.5982919076,-17.2822,5195069.1,48.81,181.4053,5.736723462862,1.55,0.219837330664,15.6247808697,包装印刷,2026-04-29
1433,920375,派诺科技,-0.12,71279399.78,-6.5701531245,-69.8595,-11580423.51,-127.33,-145.0628,9.436864943977,-1.53,0.211302454717,39.9993620148,电网设备,2026-04-29
1434,920367,新赣江,0.08,34137710.78,-14.3359568451,-19.4704,5322521.92,-60.82,148.7816,6.763936897105,1.12,0.059551899381,46.2056478293,化学制药,2026-04-29
1435,920300,辰光医疗,-0.1,25074439.29,20.208561076,-23.7753,-8582701.78,5.22,80.9372,2.556860800442,-3.84,-0.09548783159,30.8382780192,医疗器械,2026-04-29
1436,920273,一致魔芋,0.31,152092618.5,35.0260559628,-15.7432,22701930.67,36.95,-7.9354,8.726194814247,3.6,1.016637953603,26.0512114926,农产品加工,2026-04-29
1437,920263,中航泰达,0.11,79055552.68,-6.0462875075,17.1237,15543353.37,6554.01,50.6861,4.064362794147,2.74,0.526634678179,27.4206692068,环境治理,2026-04-29
1438,920230,欧康医药,0.02,58372908.24,-14.4605003893,-32.4714,1672606.52,-80.67,-42.6449,5.283463409568,0.41,-0.046404987548,16.9810431052,化学制药,2026-04-29
1439,920199,倍益康,-0.0239,50936993.54,1.5371483735,-43.9147,-1628764.91,-138.74,-123.1412,7.641667536683,-0.31,-0.302610793748,34.4404139326,小家电,2026-04-29
1440,920191,瑞尔竞达,0.142,101302691.53,26.7623212878,7.6245,18892764.38,63.6118565619,2923.7441,4.554954705687,3.16,0.49590865246,37.1760096116,装修建材,2026-04-29
1441,920186,中科仪,0.0961,184429149.05,,-52.6554,16518568.8,,-77.4178,,0.99,,26.1121198943,通用设备,2026-04-29
1442,920185,贝特瑞,0.16,3391585021.58,-3.877154112,-14.5165,176477806.85,-19.2,-31.8289,11.006871290918,1.43,-0.56027881252,22.7804665212,电池,2026-04-29
1443,920181,赛英电子,0.73,136496080.37,69.2293132761,-2.938,23524408.74,64.8774613611,10.9217,12.38773452716,6.04,-0.04653788858,26.8288060659,半导体,2026-04-29
1444,920179,凯德石英,0.13,85317542.06,0.8087028903,14.6815,9976972.59,-13.56,191.8138,9.907183613867,1.35,-0.031714322667,42.0028752525,半导体,2026-04-29
1445,920168,通宝光电,0.28,147897537.83,41.2478318634,-30.8174,16040699.2,3.6281215156,-52.7681,8.509966600568,3.4,-0.261405035474,18.768041806,汽车零部件,2026-04-29
1446,920160,北矿检测,0.229,41706384.38,40.7396447268,-1.6425,19474328.22,49.7152496464,122.2326,3.791362363701,6.23,0.206496182674,66.453181622,专业服务,2026-04-29
1447,920156,海昌智能,0.34,177031733.2,-2.7909215457,-27.9974,27294443.56,14.1503803705,-20.3266,6.714312311625,5.21,0.323511801,37.2317471216,自动化设备,2026-04-29
1448,920139,华岭股份,-0.04,64032460.39,-0.09139855,-25.3684,-9720190.46,-286.27,-4935.0312,4.044274361091,-0.89,0.067275507196,20.0386531016,半导体,2026-04-29
1449,920128,胜业电气,0.12,132177234.08,3.0036591142,-27.5434,9409729.45,-9.8,-13.1345,6.582707919325,1.78,-0.249795326764,23.6659345596,元件,2026-04-29
1450,920125,鸿仕达,-0.03,92992915.34,24.6154874297,-70.1584,-1472515.54,82.8388937487,-104.5867,9.695285597046,-0.36,-2.305415519691,21.072844623,自动化设备,2026-04-29
1451,920121,江天科技,0.49,133784685.13,2.122762944,14.9775,25733384.74,-9.6566766591,17.7466,8.481883399774,5.92,0.587293608765,29.6447568954,包装印刷,2026-04-29
1452,920118,太湖远大,0.06,293798577.27,-13.1366975819,-26.2064,3046477.43,-79.21,-87.393,11.699010761553,0.51,-2.908246149599,6.9705937518,电网设备,2026-04-29
1453,920108,宏海科技,0.03,144831816.96,21.4376548694,5.0868,3860450.61,-83.48,-61.1153,3.902681244959,0.92,-0.118624403659,16.5261152504,家电零部件Ⅱ,2026-04-29
1454,920106,林泰新材,0.69,100679441.28,107.4318352353,-15.7706,38361621.98,287.62,9.8807,12.415336106576,8.15,0.381313452197,48.9638052449,汽车零部件,2026-04-29
1455,920098,科隆新材,0.14,84191855.55,7.4324156937,-37.1378,11066017.61,-2.71,-39.8151,11.320849847349,1.25,-0.121976862033,36.3344693619,橡胶,2026-04-29
1456,920092,汉鑫科技,-0.13,34600505.76,29.0151646302,-72.0944,-7832103.2,25.8,-172.3772,6.240476602013,-2.0,-0.490340959927,20.5891519604,IT服务Ⅱ,2026-04-29
1457,920088,科力股份,0.1639,74787780.47,18.4791069036,-49.6814,14438527.61,68.46,-27.2532,7.534432972414,2.2,-0.187230241565,40.6922598836,油服工程,2026-04-29
1458,920081,欧伦电气,1.09,526536220.72,55.1552736763,75.8869,58292037.76,72.5929296704,99.1162,13.814726543843,8.2,-1.256253247761,23.7580869572,小家电,2026-04-29
1459,920080,奥美森,0.3,77812975.33,19.7205607372,-32.697,17780047.76,48.7684859419,-12.6438,6.345744509667,4.78,0.299179826167,47.6402496792,专用设备,2026-04-29
1460,920068,天工股份,0.08,191781914.31,4.1056314148,-4.6381,48704297.04,2.447585939,57.5881,,4.61,,32.0541606862,小金属,2026-04-29
1461,920062,科润智控,0.06,319598613.52,56.5543720635,-35.8632,11914740.26,234.28,-28.6633,3.900656521487,1.57,-0.867785182723,14.5244352717,电网设备,2026-04-29
1462,920060,万源通,0.1869,241999073.18,12.1226623358,-15.492,28419681.99,-5.12,-4.9164,6.941869930285,2.73,0.337798109691,23.4077560941,元件,2026-04-29
1463,920057,百甲科技,-0.01,181099676.13,17.5640798271,-38.9888,-1310929.65,-124.55,89.9532,3.89467732301,-0.19,-0.383437372818,13.6203866606,专业工程,2026-04-29
1464,920039,国义招标,0.06,59829342.1,-14.7944719341,-33.5159,9690754.23,-25.11,-6.0955,3.55154438467,1.79,-0.489082613899,47.0547375783,专业服务,2026-04-29
1465,920027,交大铁发,-0.01,40442843.07,109.574667549,-77.6716,-321413.07,82.0259407136,-100.7708,4.489571927162,-0.12,0.105940112489,34.0186847057,轨交设备Ⅱ,2026-04-29
1466,920021,流金科技,0.01,63372023.7,-49.0329370605,-72.0083,1674904.24,-32.32,109.0,2.065539298913,0.26,-0.182271871064,30.109126119,电视广播Ⅱ,2026-04-29
1467,920017,星昊医药,0.2,142178012.19,-7.8564146468,-20.9021,25031096.91,0.31,508.6464,12.783744351949,1.61,0.21469460275,68.3338740101,化学制药,2026-04-29
1468,920015,锦华新材,0.5123,282066254.76,-9.9832926827,4.8248,50202639.83,-17.8102838424,4.5392,9.14782671551,5.77,0.893586687245,29.9000107658,化学制品,2026-04-29
1469,920014,特瑞斯,0.03,97191086.97,-3.9536621307,-56.7004,3213667.11,-48.92,-84.1185,6.552143677817,0.39,-0.402114768437,28.5062996657,燃气Ⅱ,2026-04-29
1470,920009,丹娜生物,0.56,53922111.25,-4.6691633356,-14.6903,26654870.23,37.1923037075,2.2009,10.35529095632,5.59,0.483334541886,84.3691479532,医疗器械,2026-04-29
1471,920007,酉立智能,1.07,272290448.45,47.3319317359,58.9123,32872825.65,16.237255052,34.8183,10.80196275871,10.43,-1.298662492126,19.4108340307,光伏设备,2026-04-29
1472,900939,汇丽B,0.0073,3814398.63,-0.242902239,3.6244,1248889.89,-37.99,-54.3159,0.770549502314,0.9,0.009991036804,92.7998553208,房地产开发,2026-04-29
1473,900928,临港B股,0.05,1580915545.06,-17.1326563743,-77.7441,131203099.75,-16.45,-72.558,6.485429950901,0.79,-0.823992362904,52.3292687744,房地产开发,2026-04-29
1474,900917,海欣B股,0.0274,202449804.82,-3.0172365326,6.2827,33024491.25,2.58,169.1714,3.540787317602,0.759,0.058734274628,58.7488908847,化学制药,2026-04-29
1475,900916,凤凰B股,0.0595,656723976.89,11.4779453011,82.7402,30680991.45,7.97,116.2112,3.976613724515,1.4972,-0.389203119607,16.5265548098,摩托车及其他,2026-04-29
1476,900908,氯碱B股,0.2002,1732953071.88,-16.4377626083,-20.3588,231564694.5,9.45,28.0559,7.71919812552,2.63,-0.388035874657,16.1896076179,化学原料,2026-04-29
1477,900904,神奇B股,0.03,479926834.64,-16.4660137354,-1.155,14994496.83,-37.38,24.5984,4.444465338777,0.63,-0.053878162874,46.7695393587,化学制药,2026-04-29
1478,874912,风和医疗,0.0087,78315226.26,,,696918.91,,,,0.14,,63.0596863962,,2026-04-29
1479,874411,友邦股份,0.38,78386676.0,8.4711649731,-1.5211,19503445.9,16.34,5.218,6.347900633789,6.19,0.498340875391,34.2047529226,,2026-04-29
1480,836331,优晟股份,-0.0451,1046234.35,,,-984394.29,,,,-348.79,-0.02744343289,-39.4850771245,,2026-04-29
1481,835319,康安租赁,0.04,21550206.14,13.0743213236,5.8232,12460814.8,39.43,54.2877,1.261898669142,3.26,0.035836200006,86.6853870383,,2026-04-29
1482,835312,上瑞控股,0.024,32825539.0,-13.7203023846,-9.1891,7460817.86,-29.57,279.7435,1.785315019935,1.36,0.087258001968,,,2026-04-29
1483,835072,东海租赁,-0.002,1839774.97,-40.5920607064,-53.8121,-984112.54,-84.83,78.6754,0.18127471648,-1.08,-0.00030343114,10.7815120455,,2026-04-29
1484,834960,金雨茂物,0.0285,21112023.32,-3.9414531338,9.6678,14253864.75,-40.85,-16.4832,3.8571614153,0.74,0.03094615484,,,2026-04-29
1485,834670,宏达小贷,0.02,20233815.34,11.254082312,-48.1555,12305492.24,51.53,18.8043,1.34963647662,1.84,0.15825329392,,,2026-04-29
1486,834038,诚信小贷,0.01,2113537.47,-6.5799909663,-21.5306,1492203.81,6.13,223.0679,1.1194988007,1.34,0.0159187568,,,2026-04-29
1487,833979,天图投资,0.09,172803932.73,,,62276815.1,,,9.372446200466,0.96,0.448491077385,,,2026-04-29
1488,833962,方富创投,-0.03,866839.62,-58.7044394967,-59.2981,-1328547.18,79.35,-114.393,2.480896940628,-1.13,0.31892721883,,,2026-04-29
1489,833689,架桥资本,0.03,10701977.59,-54.4151410265,-40.7619,3161002.2,-31.42,-77.8925,2.641549849576,1.04,0.200967485109,,,2026-04-29
1490,832793,同创伟业,0.04,74652268.32,4.0986803673,259.2247,15907870.11,-7.43,20.6735,5.112523000963,0.74,0.010180674129,,,2026-04-29
1491,832621,三维钢构,0.03,69077712.93,,,1525216.89,,,,0.85,0.007117221187,12.6654591168,,2026-04-29
1492,832381,国汇小贷,0.01,3809173.72,0.893220529,-32.3167,2028177.27,0.41,73.526,1.147288306067,1.19,0.0601307196,,,2026-04-29
1493,831896,思考股份,-0.03,286058.8,-18.9809628255,24.27,-10585781.68,-177.26,17.4689,0.217254715944,-12.68,-0.003393411639,-391.2161275933,,2026-04-29
1494,688818,电科蓝天,-0.02,249829627.69,,-83.5179,-32305462.98,,-113.9189,,-0.92,,28.5594216946,航天装备Ⅱ,2026-04-29
1495,688813,泰金新能,0.69,695178788.06,48.0294654189,-7.24,82384042.88,237.715644428,36.7132,,13.53,,21.3084289041,专用设备,2026-04-29
1496,688808,联讯仪器,0.28,201104984.03,,,19328657.44,,,9.196054768442,3.1,-0.682658861039,65.3278539185,通用设备,2026-04-29
1497,688800,瑞可达,0.37,761377937.38,64.6605622497,-7.7367,75608903.44,81.36,9.0935,13.735611361777,3.54,0.333770521581,23.7417219708,其他电子Ⅱ,2026-04-29
1498,688779,五矿新能,-0.03,1408036228.0,29.4573903636,-20.2685,-63870479.33,-2101.0,80.9408,3.452170953602,-0.91,-0.130083360805,2.7147179831,电池,2026-04-29
1499,688775,影石创新,0.49,1355033429.43,40.7,-16.3393,176349310.42,-2.5,15.2956,9.325457441722,5.39,-1.058674209806,52.9321153539,消费电子,2026-04-29
1500,688766,普冉股份,0.12,406309770.43,0.341666821,-7.0425,18465821.97,-63.01,-72.7104,21.275658871315,0.83,-1.354367640445,31.4514463102,半导体,2026-04-29
1501,688739,成大生物,0.175,358395731.16,-1.731112404,-4.0572,72218005.25,-11.35,450.2984,23.135276639116,0.75,0.09243738492,75.8792668456,生物制品,2026-04-29
1502,688729,屹唐股份,0.08,1159925765.82,14.6291297089,-10.9988,217565687.5,113.09,80.2802,2.308164259571,3.61,-0.087007136891,35.6353504457,半导体,2026-04-29
1503,688726,拉普拉斯,0.62,1450826030.3,36.4787151492,1.7462,252114302.89,44.36,64.5219,9.374331268686,6.76,0.414660624532,32.4105842692,光伏设备,2026-04-29
1504,688718,唯赛勃,0.03,87762780.12,15.3788387334,-5.4119,5125906.97,38.44,-41.9724,4.473017523603,0.66,0.062959060447,29.9953448649,塑料,2026-04-29
1505,688717,艾罗能源,0.29,798669901.25,16.716420326,19.936,45946671.15,35.29,6.5335,27.782750548813,1.04,-0.190099400313,29.9311145989,光伏设备,2026-04-29
1506,688716,中研股份,0.05,64564876.11,64.8080848848,-22.9817,5660174.75,6430.46,-39.9881,9.679603481345,0.48,-0.123711997288,44.663595127,塑料,2026-04-29
1507,688701,卓锦股份,0.01,19335337.83,-63.7112636428,-65.5758,1189371.71,120.626334856,102.9886,1.490029124565,0.6,-0.035829809583,37.9029489137,环境治理,2026-04-29
1508,688698,伟创电气,0.27,387126412.9,18.1590761956,-19.882,56656643.91,5.6,63.852,10.201179214746,2.67,-0.220851654153,37.7146212025,自动化设备,2026-04-29
1509,688691,灿芯股份,-0.22,138818685.56,-59.2338012919,-38.8461,-25813105.48,-146.35,-23.3831,11.181016435833,-1.91,0.033204916667,21.6204481687,半导体,2026-04-29
1510,688686,奥普特,0.4752,267728001.48,18.0896157894,50.3116,57857653.98,0.97,1238.5471,24.12997158983,1.96,0.019029554396,62.6976489579,自动化设备,2026-04-29
1511,688685,迈信林,0.28,188173923.58,168.8161475253,6.9287,40495794.15,407.62,338.6106,5.47759073623,5.27,-0.22563623204,64.2408918463,航空装备Ⅱ,2026-04-29
1512,688683,莱尔科技,0.07,165243565.94,65.9425535949,3.2612,10656257.32,27.87,9.3052,6.532321117586,1.06,0.057016474295,21.7504413473,电子化学品Ⅱ,2026-04-29
1513,688680,海优新材,-0.69,315524915.79,-64.0210795787,-41.4142,-57438181.79,-204.8626628145,81.4627,16.378425289238,-3.62,0.538601387462,-1.0437812373,光伏设备,2026-04-29
1514,688652,京仪装备,0.21,337775516.09,54.2253326945,32.9344,35878705.93,27.94,55.1876,12.560585003095,1.71,-1.09268366756,31.3716639491,半导体,2026-04-29
1515,688648,中邮科技,-0.16,228552917.03,9.6237900774,-28.1775,-22212879.3,-12.070538449,71.8249,11.296464431324,-1.44,-0.876313538382,3.044274009,专用设备,2026-04-29
1516,688613,奥精医疗,0.01,42459701.13,-10.3485710858,-26.4407,1041517.76,-84.99,105.9344,10.379366523375,0.07,-0.113103953916,60.7078617701,医疗器械,2026-04-29
1517,688598,金博股份,-0.42,159629727.79,-20.9886227076,65.6008,-85509491.77,-56.3256115289,87.2189,24.946741193812,-1.67,-0.304362613057,-9.0817225467,非金属材料Ⅱ,2026-04-29
1518,688588,凌志软件,0.168,252251585.41,-5.8813466326,-17.6591,65528927.4,766.7358002188,13879.9909,3.29363969418,5.1,-0.081739083585,27.0892698569,软件开发,2026-04-29
1519,688575,亚辉龙,0.02,417808388.45,-3.1331973185,-32.3678,10147993.57,-84.63,-87.7582,4.859358158102,0.37,0.010543738986,59.4893086714,医疗器械,2026-04-29
1520,688571,杭华股份,0.07,282824548.93,0.1368078669,-18.6738,28327004.03,8.53,-25.058,3.756568303126,1.81,0.072410938368,24.1360566783,化学制品,2026-04-29
1521,688543,国科军工,0.14,124509750.82,-32.1083051466,-71.7332,28691292.33,-12.96,-42.0196,13.197741604646,1.36,1.41928822913,36.753235878,地面兵装Ⅱ,2026-04-29
1522,688538,和辉光电,-0.04,1207854653.38,7.4532672166,-4.2149,-507569396.31,20.8794598672,32.844,0.68873103527,-5.19,0.011748902146,-13.1640772493,光学光电子,2026-04-29
1523,688533,上声电子,0.17,636072724.12,6.4021885402,-18.624,27325457.18,-53.27,-40.0346,9.80313941892,1.68,-0.476692203988,20.6211877677,汽车零部件,2026-04-29
1524,688531,日联科技,0.21,199506647.54,33.1889545745,-12.3721,35328431.69,4.45,-7.6927,28.570384700104,1.07,0.039420297544,44.7272287517,专用设备,2026-04-29
1525,688512,慧智微,0.01,136864395.13,30.6318092899,-2.5307,3567106.59,104.3964240315,102.5467,3.960233151068,0.2,-0.1198519491,12.8532867977,半导体,2026-04-29
1526,688509,正元地信,-0.0341,140459292.37,19.4814203584,-47.0024,-26243031.55,17.572972516,72.3658,1.659677379429,-2.03,-0.121365679532,28.9883437137,IT服务Ⅱ,2026-04-29
1527,688503,聚和材料,0.37,2993996794.13,1.3829694374,12.4988,89653255.21,18.24,3012.0259,19.622172385638,1.91,-0.490525876396,6.3305710347,光伏设备,2026-04-29
1528,688496,*ST清越,-0.04,171821233.65,4.8348781757,-15.0109,-15988402.6,-99.7832189236,22.4611,2.244681446822,-1.56,0.038606033844,4.5728638441,光学光电子,2026-04-29
1529,688480,赛恩斯,0.19,170297088.13,63.457836093,-50.264,17725068.02,-77.68,-52.7264,11.481808865957,1.63,-0.547395976713,36.2053682051,环境治理,2026-04-29
1530,688468,科美诊断,0.04,81300127.46,-27.013533276,-12.1109,14542813.84,-62.12,-2.5526,3.567243613216,1.02,0.037905007055,66.8766317208,医疗器械,2026-04-29
1531,688459,哈铁科技,-0.0032,109012382.36,8.031431863,-82.2863,-1528063.13,-142.11,-102.0315,7.095046291458,-0.04,0.166331080729,40.6993803818,轨交设备Ⅱ,2026-04-29
1532,688435,英方软件,-0.15,32813297.1,-4.7165897953,-54.5146,-12280347.69,-0.8382071672,-498.8825,13.191485842515,-1.11,-0.228399864192,78.6363990835,软件开发,2026-04-29
1533,688433,华曙高科,0.0034,126019834.83,1.3221391631,-14.3069,1410133.0,-94.63,-93.9759,4.724902472977,0.07,-0.108504777231,41.4422042375,通用设备,2026-04-29
1534,688432,有研硅,0.041,265926449.86,13.3132611453,3.5814,50808245.37,-12.96,28.4063,3.524667369008,1.16,0.057021007872,35.6300891731,半导体,2026-04-29
1535,688429,时创能源,-0.41,181223359.02,25.7390956292,-28.6459,-164149138.43,-180.8374974847,-21.0212,3.832809022732,-10.22,-0.164396886056,-7.3197352547,光伏设备,2026-04-29
1536,688425,铁建重工,0.06,2356410826.26,-1.6148482051,-27.3948,332208781.84,-9.91,-30.5713,3.354209908178,1.87,0.008355581576,30.434522856,工程机械,2026-04-29
1537,688420,美腾科技,0.03,114524236.37,4.8008512167,-23.1728,2496762.76,-66.59,-59.0727,16.363564353387,0.17,-0.628592775529,37.7444474201,专用设备,2026-04-29
1538,688411,海博思创,0.58,1548060746.74,14.856249974,-49.6077,93857163.67,-40.62,-71.9341,22.557623192437,2.53,-4.400251520243,18.6975858718,其他电源设备Ⅱ,2026-04-29
1539,688400,凌云光,0.03,614455518.85,38.5695594883,-5.4261,14985033.45,324.4905123915,404.4286,8.465493544617,0.38,-0.267192526796,35.78203483,专用设备,2026-04-29
1540,688393,安必平,-0.12,72543474.19,-28.5065058746,-38.5812,-11064498.81,-238.49,-32.6762,13.307718756769,-0.88,0.041560798027,61.9670889104,医疗器械,2026-04-29
1541,688390,固德威,-0.12,1882073404.8,67.1271608054,4.8824,-28028280.96,2.7520622309,60.2224,11.251180047955,-1.02,-1.044687203904,19.4110747561,光伏设备,2026-04-29
1542,688382,益方生物,-0.1,8188968.92,-4.8463164573,-94.5273,-57499070.16,30.8719850189,-188.3206,3.060966942411,-3.21,-0.107248774641,85.8917411791,化学制药,2026-04-29
1543,688373,盟科药业,-0.09,33216965.04,0.60828895,1.5485,-61632475.69,39.6568307475,58.7536,0.586207013068,-14.97,-0.079389504732,84.5291302086,化学制药,2026-04-29
1544,688372,伟测科技,0.1752,285217551.52,55.3869386971,-15.2341,25918206.33,8577.5343301755,-60.8551,23.330630190895,0.98,1.738351815368,32.6690364087,半导体,2026-04-29
1545,688361,中科飞测,-0.05,294158044.69,24.8920878082,-48.207,-14960459.19,-143.69,-137.0673,7.680175493969,-0.61,-0.152329554188,58.0761934626,半导体,2026-04-29
1546,688356,键凯科技,0.2,69104053.22,6.6601706396,67.0387,11880461.89,-17.79,521.899,21.080610746784,0.93,-0.18242901368,56.491477129,化学制药,2026-04-29
1547,688332,中科蓝讯,0.37,367302485.85,1.2008874367,-35.6774,44890188.42,-18.21,-51.9302,33.5809684062,1.11,-0.961515169039,22.8607088094,半导体,2026-04-29
1548,688331,荣昌生物,-0.46,525968624.06,59.1747055363,3.5397,-254144470.06,27.1628928162,35.9731,3.254309548148,-13.61,-0.345956336143,83.2631164896,生物制品,2026-04-29
1549,688320,禾川科技,-0.19,229502682.51,11.7719890735,37.3665,-26939053.18,-79.4841599315,68.1045,8.558835354426,-2.17,-0.245610174107,22.2090764834,自动化设备,2026-04-29
1550,688314,康拓医疗,0.3,82490998.95,17.9826300733,0.8111,24048177.86,20.63,105.7878,8.115520096758,3.71,0.271142666742,77.7599466566,医疗器械,2026-04-29
1551,688310,迈得医疗,-0.07,40176271.66,-45.8692936688,-27.3179,-10797370.24,-202.7,60.8948,4.721615394783,-1.34,0.178762741706,32.8874540222,自动化设备,2026-04-29
1552,688298,东方生物,-0.57,191951815.38,4.9361530669,12.7124,-115452483.95,-71.41,56.7377,32.350285796875,-1.75,-0.269288740923,27.3597728972,医疗器械,2026-04-29
1553,688296,和达科技,-0.13,38041491.7,-51.4948252321,-79.022,-14308206.31,-1420.2071546687,-74.0166,6.279645992181,-2.09,-0.662579613243,35.9286490072,软件开发,2026-04-29
1554,688295,中复神鹰,-0.05,401816630.89,-10.3972083925,-8.3916,-45228808.57,-208.24,61.0248,5.089752666478,-0.98,0.022285758422,3.3799891209,化学纤维,2026-04-29
1555,688292,浩瀚深度,-0.05,46019149.29,-46.9974438861,-63.3366,-7744154.98,-376.99,-889.4806,6.529560095446,-0.74,-0.124684039292,71.3829442674,计算机设备,2026-04-29
1556,688288,鸿泉技术,0.2,166119018.8,29.5958376572,4.5552,20204554.87,299.9292310134,-25.1928,7.437029991678,2.74,0.026298727136,38.1714073789,计算机设备,2026-04-29
1557,688280,精进电动,0.08,403900117.12,46.9718649684,4.6894,48517684.53,140.45,197.0528,1.066149729895,8.03,0.135299535234,4.8326278212,汽车零部件,2026-04-29
1558,688279,峰岹科技,0.55,171196416.6,47.3376135387,2.2084,50412604.19,-0.29,30.7718,28.481648136307,1.95,0.605389539447,52.5022906875,半导体,2026-04-29
1559,688278,特宝生物,0.45,673345118.05,23.4810735694,-21.9271,182128916.89,41.4,-33.3966,6.758319104621,6.86,0.508210859882,93.1737000866,生物制品,2026-04-29
1560,688277,天智航,-0.03,58583819.68,102.398992925,-32.4461,-13204889.44,-31.2190669886,70.6276,2.908593662625,-1.05,-0.031904925958,75.1202425523,医疗器械,2026-04-29
1561,688271,联影医疗,0.45,2477948927.49,5.4231754453,-25.939,370082216.76,1.87,-37.3492,24.61214004933,1.84,-0.42889133491,49.9402229833,医疗器械,2026-04-29
1562,688268,华特气体,0.37,337877035.17,1.5668400689,0.4051,44396504.71,-1.55,-14.7974,15.235025719967,2.25,0.515512365172,33.7026375239,电子化学品Ⅱ,2026-04-29
1563,688266,泽璟制药,-0.11,167641962.39,54.8735538299,12.6345,-28262235.13,28.4489200177,29.2166,4.631564535484,-2.28,-0.023622814672,88.3872555281,化学制药,2026-04-29
1564,688246,嘉和美康,-0.13,101199221.48,-17.428596667,-12.9054,-17433344.55,-47.1095917432,91.8861,11.178118439693,-1.13,-0.683638100116,42.7227420505,软件开发,2026-04-29
1565,688244,永信至诚,-0.16,30085001.1,2.1654035791,-83.5946,-23974336.54,-20.0759334237,-159.8391,9.811536217016,-2.36,-0.351753769372,50.1365135067,软件开发,2026-04-29
1566,688234,天岳先进,0.02,407961034.96,-4.2499028056,-16.2162,8518174.22,-81.52,-76.3338,12.40015540827,0.16,0.335024146412,23.948280188,半导体,2026-04-29
1567,688232,新点软件,-0.13,276561428.89,-5.9374205212,-68.8673,-40428438.41,23.2049003084,-118.5317,16.611477099727,-0.73,-0.665961285697,59.5297657344,软件开发,2026-04-29
1568,688226,威腾电气,0.07,873596037.97,9.8950149255,18.7327,13294742.22,-62.33,193.8509,9.000264148815,0.79,-1.148002889353,11.3274949163,电网设备,2026-04-29
1569,688222,成都先导,0.07,106736382.81,-0.6016659153,-17.0768,28284392.84,102.9,33.1854,3.55607505603,2.01,0.168970284616,51.8706868103,医疗服务,2026-04-29
1570,688210,统联精密,0.02,173957583.38,33.9331387772,-21.673,2742739.43,-81.31,-87.8514,7.950486812798,0.21,0.253909008694,31.0462337373,消费电子,2026-04-29
1571,688200,华峰测控,0.46,197651861.61,44.4578472713,-30.4402,61931236.61,164.23,-48.7414,26.842994221542,1.72,0.163006524459,75.294138096,半导体,2026-04-29
1572,688193,仁度生物,0.03,40684805.73,-9.2163984708,-12.8951,1220931.14,-67.04,109.7804,22.83561184875,0.13,-0.07111386775,76.6812482209,医疗器械,2026-04-29
1573,688191,智洋创新,-0.05,136710017.72,26.5413186551,-53.6156,-11119190.23,-343.2,-176.2961,5.712831539522,-1.26,-0.186654763742,28.9390917212,电网设备,2026-04-29
1574,688185,康希诺,-0.05,137160578.06,20.0191105075,-50.8843,-11545431.51,93.2123973733,92.6215,19.797026670478,-0.24,-0.055776472675,82.6890547591,生物制品,2026-04-29
1575,688183,生益电子,0.25,1579448108.26,78.5468421218,4.787,200182838.04,656.87,37.6304,5.435965215192,4.56,0.219755035654,29.8384716032,元件,2026-04-29
1576,688178,万德斯,-0.06,90439557.91,-41.0152389076,-58.0772,-5247402.73,-169.22,93.3546,12.070892730113,-0.51,1.159305350185,22.1249989301,环境治理,2026-04-29
1577,688172,燕东微,-0.18,227648859.92,-26.3267057295,-68.2011,-210612492.47,-971.32,-275.7051,12.064257007124,-1.44,-0.002507753843,9.510736029,半导体,2026-04-29
1578,688167,炬光科技,-0.35,169523549.92,23.7503207548,4.7318,-31954633.0,-97.3758233609,74.0465,23.289805238173,-1.52,0.043037536991,33.3882456135,半导体,2026-04-29
1579,688162,巨一科技,0.19,959587559.29,13.200645034,-19.2275,26484699.3,3.3,-35.9591,17.190964479457,1.13,0.446618572287,15.2038405988,专用设备,2026-04-29
1580,688147,微导纳米,0.1852,510288574.65,198.9480479158,-55.8432,84102906.38,2253.57,10.7283,5.830082810359,3.17,-0.34113806476,36.1366103732,半导体,2026-04-29
1581,688143,长盈通,0.07,65463488.96,14.7537798785,-55.5888,8276017.88,26.76,-61.7491,9.646229558617,0.7,-0.226208736293,53.0054836998,通信设备,2026-04-29
1582,688137,近岸蛋白,-0.17,33444619.29,28.2038916462,-5.7262,-11808403.41,-348.9077009477,67.342,29.818918712429,-0.56,-0.189172931145,62.2579100974,生物制品,2026-04-29
1583,688136,科兴制药,0.13,353559464.74,-1.9697191516,-4.0985,25577232.91,106.21,78.8287,8.336373682174,1.55,0.127453721044,67.8757358133,生物制品,2026-04-29
1584,688135,利扬芯片,-0.04,130068084.45,11.2218276279,1.546,-7584467.18,-2340.63,84.6531,5.235163551737,-0.69,0.215501525588,22.7799266786,半导体,2026-04-29
1585,688132,邦彦技术,-0.18,27705846.88,-73.5544541644,-69.351,-27205560.94,-177.05,20.8823,9.387306890126,-1.89,-0.240604532808,52.4084480539,军工电子Ⅱ,2026-04-29
1586,688130,晶华微,-0.08,37040423.65,38.7028850842,-2.7981,-10139213.96,-787.119598846,-225.8013,13.555877777337,-0.8,-0.20712600265,54.3628003564,半导体,2026-04-29
1587,688122,西部超导,0.26,1073751836.76,35.3079404452,-22.0419,169994932.2,53.85,-13.7632,10.553787493362,2.51,0.004071331375,35.2879401551,航空装备Ⅱ,2026-04-29
1588,688119,中钢洛耐,0.0174,541376196.77,1.5836526303,-1.1879,19597245.36,117.0,136.8883,2.645614169449,0.66,-0.031364638773,16.5384097609,装修建材,2026-04-29
1589,688108,赛诺医疗,0.01,100849103.23,10.746961282,-28.0948,2969330.7,277.5023297052,-76.0802,2.10560379148,0.34,-0.007099438997,59.6622738259,医疗器械,2026-04-29
1590,688107,安路科技,-0.1507,93294153.4,-34.2914343817,-40.0377,-60396918.8,-8.5137776009,-27.9545,2.881718152894,-5.1,-0.040655737496,42.0163981787,半导体,2026-04-29
1591,688101,三达膜,0.23,263688492.93,-7.2588915222,-24.4812,76224948.98,14.2,-25.5225,12.421937674157,1.87,0.036715281787,43.4791239603,环境治理,2026-04-29
1592,688100,威胜信息,0.28,555425609.19,23.9582688407,-30.8779,139366328.87,25.33,-33.0598,6.433705627,4.0968,0.162420366427,41.6065132623,通信设备,2026-04-29
1593,688099,晶晨股份,0.45,1529708116.46,10.9792853908,18.9298,188164299.77,47.53,-17.518,15.876144687529,2.89,0.643614156303,36.2269271809,半导体,2026-04-29
1594,688098,申联生物,-0.01,78741129.63,-10.5805444464,42.8752,-3019866.61,-36.6959751709,90.1361,3.425340337299,-0.21,-0.069551620382,58.8724749922,动物保健Ⅱ,2026-04-29
1595,688096,京源环保,0.01,75666658.36,50.8502255403,-62.4243,1952044.38,131.4909351436,113.0136,5.304060070641,0.25,0.664112234465,27.406213317,环境治理,2026-04-29
1596,688095,福昕软件,-0.065,202168454.41,19.7750386676,0.1165,-5833076.84,45.0174538441,50.2122,27.919047283098,-0.23,-0.583120289646,91.6038589405,软件开发,2026-04-29
1597,688069,德林海,-0.04,46414274.17,21.36307555,-68.676,-4700130.46,-63.2532157533,95.8896,10.916900571504,-0.38,-0.589804883097,56.8491012988,环境治理,2026-04-29
1598,688067,爱威科技,0.09,53295253.92,13.8451195468,6.1731,6321040.42,24.63,376.2639,7.383701645882,1.27,0.010693600735,55.5947579957,医疗器械,2026-04-29
1599,688062,迈威生物,-0.73,44788452.49,-33.7008945909,-23.6808,-291728135.28,-41.8507383272,16.6083,3.196075141116,-20.5,-0.542083936862,77.7273759744,化学制药,2026-04-29
1600,688056,莱伯泰科,0.19,99050789.19,-6.0942635074,-12.2798,12766699.84,10.3,215.1059,12.309103685321,1.55,-0.046612562833,44.9870606629,通用设备,2026-04-29
1601,688049,炬芯科技,0.24,191951509.22,62.0301370056,3.6437,41449725.71,385.67,16.2025,13.149403860793,2.18,0.238625530022,49.8183852362,半导体,2026-04-29
1602,688047,龙芯中科,-0.38,124955396.95,4.1313356454,-36.4019,-151280445.14,-102.2236890674,46.466,6.960310611721,-5.28,-0.358090255362,37.9966348464,半导体,2026-04-29
1603,688039,当虹科技,-0.11,49071359.61,-21.1268644025,-64.3146,-11889351.28,48.4502194595,63.6894,10.252558903098,-1.03,0.104574744458,51.7285782822,IT服务Ⅱ,2026-04-29
1604,688038,中科通达,0.04,37456097.54,-31.0378737005,-68.0796,4583885.38,7.79,123.0795,5.19884015342,0.76,0.021114312979,21.4180961362,软件开发,2026-04-29
1605,688028,沃尔德,0.1395,154483636.04,4.2740390089,-16.0431,21097047.61,-11.04,-6.9401,12.940888400721,1.08,0.172505804622,43.5910403433,通用设备,2026-04-29
1606,688019,安集科技,1.01,545283664.76,44.08319325,4.3038,168825875.37,60.66,19.6706,22.271765671614,6.05,0.446123567382,55.7015956518,电子化学品Ⅱ,2026-04-29
1607,688013,天臣医疗,0.17,65846058.15,9.3432375724,-6.3112,13186665.95,16.16,44.2247,7.043915180715,2.38,0.161791685355,58.4599998261,医疗器械,2026-04-29
1608,605599,菜百股份,0.41,8222330154.04,30.1784980572,68.241,319667226.06,17.32,93.7614,5.597015478341,7.67,1.978399542466,8.3393315286,饰品,2026-04-29
1609,605580,恒盛能源,0.15,224178988.34,21.6680914787,0.678,42383074.1,77.43,70.9219,3.515064850786,3.75,0.151066145214,28.7420456873,电力,2026-04-29
1610,605577,龙版传媒,0.2445,500669691.58,-20.7550276387,91.1161,108686226.23,-20.45,584.9237,8.614366859687,2.88,-0.299770045433,49.8198424879,出版,2026-04-29
1611,605398,新炬网络,0.03,120717420.21,-9.4423953844,-16.9781,5461213.88,-41.32,257.4133,6.318323250237,0.53,0.115417614965,38.7213058303,IT服务Ⅱ,2026-04-29
1612,605389,长龄液压,0.21,219303426.24,-2.644832679,7.078,30824700.98,-7.63,900.4717,14.770036870276,1.46,0.28109718582,25.3993281295,工程机械,2026-04-29
1613,605388,均瑶健康,0.0182,401482952.19,1.4088272363,42.6949,10907104.58,-58.29,113.8878,2.957266555845,0.62,-0.161642579886,32.9432401024,饮料乳品,2026-04-29
1614,605377,华旺科技,0.14,848227874.55,-10.8874725706,-7.5378,80688373.43,-45.05,33.7318,8.726933794488,2.01,-0.7810195859,13.6731708094,造纸,2026-04-29
1615,605376,博迁新材,0.18,249811049.6,24.9758417512,14.3878,47866169.95,207.25,1897.0022,6.0504067362,3.07,-0.076994307301,32.381247879,金属新材料,2026-04-29
1616,605336,*ST帅电,-0.01,48950596.21,-58.3110841526,-57.9131,-1288344.63,-105.79,-107.9404,10.490040502376,-0.07,-0.175910417259,34.1633526755,厨卫电器,2026-04-29
1617,605298,必得科技,0.04,79494700.31,7.6919610845,-63.7985,7222620.15,436.9242013953,-72.5828,5.465998088475,0.71,-0.023362027362,46.445493531,轨交设备Ⅱ,2026-04-29
1618,605277,新亚电子,0.15,881594453.3,27.3939900791,-16.1745,47267361.55,18.82,-8.765,4.697674783723,3.15,0.271260422024,14.1766730952,消费电子,2026-04-29
1619,605268,王力安防,0.05,494316724.27,13.5935851342,-52.2473,23797747.91,47.67,-59.2033,3.694494114474,1.44,-0.191104482219,27.4788852776,家居用品,2026-04-29
1620,605222,起帆电缆,0.17,4123654208.9,-14.1047781348,-35.5513,69962759.78,-17.72,193.6153,10.963961075636,1.47,-2.57445896112,7.2779833688,电网设备,2026-04-29
1621,605199,ST葫芦娃,0.06,336826637.75,-28.4153423875,-11.5846,24346967.51,-11.23,115.5167,1.811703449916,3.42,-0.246501282756,39.2091076324,中药Ⅱ,2026-04-29
1622,605186,健麾信息,0.03,77062237.46,116.2656148979,-37.4056,3426112.19,-34.65,630.2445,7.904950063971,0.32,-0.211429289044,37.1705589328,自动化设备,2026-04-29
1623,605180,华生科技,0.05,76192452.55,-13.5358012924,-26.017,8265448.88,-52.93,272.1608,6.798086893669,0.72,0.026114910237,29.6003718809,纺织制造,2026-04-29
1624,605178,时空科技,-0.36,70565243.37,17.4296915507,-48.4767,-35632921.96,-0.0931996894,71.7043,13.100499539756,-2.7,0.467372988345,28.3475035509,专业工程,2026-04-29
1625,605167,利柏特,0.08,668013586.98,1.452103383,-25.9693,35866613.96,-8.07,-10.7941,4.17463417897,1.93,-0.22079057127,12.3313859367,专业工程,2026-04-29
1626,605133,嵘泰股份,0.2,661834584.13,29.6823383746,10.642,48225882.42,13.76,30.1816,19.194783553318,1.8,0.321566490437,21.628788459,汽车零部件,2026-04-29
1627,605118,力鼎光电,0.1397,165101512.26,13.7718598023,-0.1825,56871301.97,65.79,-4.5951,3.80253759153,3.71,0.167602921711,48.1171674278,计算机设备,2026-04-29
1628,605099,共创草坪,0.39,793123104.66,15.2681261419,14.4843,155994239.9,28.73,32.6099,7.255114081421,5.5,0.147797565519,32.5487243119,家居用品,2026-04-29
1629,605028,世茂能源,0.21,77272501.07,-16.14190106,-15.0726,33423800.59,-3.42,-29.2469,8.204395436563,2.52,0.209993392875,52.941374478,电力,2026-04-29
1630,603990,麦迪科技,0.08,63339962.76,-43.1329223863,-38.9597,23595895.17,138.55,121.0201,2.687516367026,2.91,-0.057223805086,66.0951030689,软件开发,2026-04-29
1631,603985,恒润股份,0.0678,707632091.86,108.2678285721,7.0501,29894472.05,335.3574479871,146.2714,7.33361219828,0.93,0.089658365304,12.3344153147,风电设备,2026-04-29
1632,603977,国泰集团,0.07,483062339.71,-1.2636927683,-25.7664,43083930.43,-8.23,214.0487,5.249481339206,1.33,0.077763096918,32.720603673,化学制品,2026-04-29
1633,603937,丽岛新材,-0.06,410940701.19,33.0639426613,-10.8616,-12256166.87,-1158.6192467557,60.2195,7.3965325631,-0.78,0.000655879901,3.2469836503,工业金属,2026-04-29
1634,603933,睿能科技,0.0632,532822997.91,23.2890867112,10.5542,13112729.74,-27.4,155.4531,6.301491056993,1.01,-0.141643385042,24.5424421962,其他电子Ⅱ,2026-04-29
1635,603928,兴业股份,0.05,364294527.68,8.6346103096,-8.4079,13015076.69,-17.47,230.6982,5.833127836806,0.86,0.06419808631,11.9804603099,塑料,2026-04-29
1636,603926,铁流股份,0.12,552345346.48,-1.7933677609,-14.1594,26575076.46,-0.91,4.8742,7.300619600008,1.56,-0.124664296362,17.0682911263,汽车零部件,2026-04-29
1637,603922,ST金鸿顺,0.02,127454602.98,-28.8769524188,-43.8825,3568395.59,121.24,-11.5345,5.712164529911,0.35,-0.059776288337,14.9715589424,汽车零部件,2026-04-29
1638,603920,世运电路,0.25,1217401029.79,11.3332904966,-9.6041,179844990.21,65.61,-6.2526,9.243480576423,2.74,0.368766889961,22.6722688922,元件,2026-04-29
1639,603899,晨光股份,0.3472,5244822850.5,-4.3854383784,-26.2739,318201988.44,-16.23,-14.97,9.951172244214,3.52,0.121246233938,20.6538495655,文娱用品,2026-04-29
1640,603896,寿仙谷,0.29,175913262.03,-20.3657996418,-22.2359,58662418.69,-24.32,4.1571,11.518477828907,2.5,0.357788896996,80.3334343524,中药Ⅱ,2026-04-29
1641,603888,新华网,0.0745,332980852.86,0.3879954915,-64.2519,38656511.72,41.43,-50.5071,6.815648674171,1.1,-0.178303819268,34.6519531886,数字媒体,2026-04-29
1642,603868,飞科电器,0.42,1157139176.38,-1.4701373865,40.0554,180945694.41,0.49,2786.4156,7.377023734137,5.79,0.732567715542,56.2121152405,小家电,2026-04-29
1643,603866,桃李面包,0.0525,1201171488.4,-14.2021786522,-16.5656,84037214.32,-27.07,-3.4373,3.260898027992,1.62,0.121589323271,21.9748045045,休闲食品,2026-04-29
1644,603855,华荣股份,0.35,797977883.48,23.9883069209,-47.3107,116073461.65,36.58,-17.6145,6.63136686821,5.33,-0.087949518856,49.3591394078,专用设备,2026-04-29
1645,603839,安正时尚,0.06,574701113.35,12.8946829212,1.9116,23049475.53,268.0669577808,124.8641,4.721823376798,1.23,-0.027955945305,49.1637628702,服装家纺,2026-04-29
1646,603838,*ST四通,-0.0271,67683217.01,76.9063953388,-19.6471,-8674162.18,-41.327235497,43.4086,3.009615289642,-0.8966,-0.131495231145,0.8438250651,家居用品,2026-04-29
1647,603819,神力股份,0.002,326379696.84,21.5485713263,-2.831,458101.91,-95.01,-95.0136,3.630029054905,0.06,-0.520037667905,7.0024037314,电机Ⅱ,2026-04-29
1648,603803,瑞斯康达,-0.05,250310257.72,-34.8857817934,-28.9152,-19367142.83,-195.18,66.2875,3.723995445509,-1.2,-0.246406783763,45.0294753266,通信设备,2026-04-29
1649,603797,联泰环保,0.09,257452311.78,-3.1118202142,11.0478,53904229.28,-2.99,315.1636,5.611110081386,1.66,0.060850660938,61.1637297802,环境治理,2026-04-29
1650,603788,宁波高发,0.21,386508300.95,10.9018527379,2.3118,46225017.57,13.61,21.1639,9.473449558046,2.21,-0.646371233572,21.2493331419,汽车零部件,2026-04-29
1651,603779,威龙股份,0.03,101455084.79,-25.5063294194,-28.1251,8715101.26,-52.81,46.6217,1.697200982861,1.56,-0.012468360883,53.2128892916,非白酒,2026-04-29
1652,603777,来伊份,0.04,1048215425.93,-1.2262229872,23.7108,12435685.97,-79.72,138.0948,5.15001380619,0.72,0.018004977646,34.6426305764,休闲食品,2026-04-29
1653,603757,大元泵业,0.24,379816241.07,37.2148685572,-37.9995,39213239.92,-3.95,-36.387,9.908589693931,2.34,-0.087133458926,26.9659335345,通用设备,2026-04-29
1654,603719,良品铺子,-0.09,1732123213.77,-29.3400718485,3.1629,-36148557.92,-157.85,44.807,5.503507891945,-1.62,0.901472297556,24.6408465799,休闲食品,2026-04-29
1655,603716,塞力医疗,-0.07,287429208.68,-40.7511399254,-26.4077,-14320949.69,-553.66,90.653,4.437198068968,-1.6757,-0.265037646009,23.6032062787,医药商业,2026-04-29
1656,603713,密尔克卫,1.0572,3341957456.13,15.4045956878,30.279,172240959.18,14.02,129.7869,27.904146130423,3.96,3.447695237957,11.6117703479,物流,2026-04-29
1657,603701,德宏股份,0.02,188129344.27,11.9011977336,-14.4698,4718330.01,-33.76,-84.9834,3.08640739256,0.59,-0.286976821155,15.6304436951,汽车零部件,2026-04-29
1658,603700,宁水集团,0.14,266021270.02,5.8511322736,-45.4218,28227958.48,141.62,63.8295,7.982356369845,1.75,-0.68322250219,18.4605347521,通用设备,2026-04-29
1659,603683,晶华新材,0.072,438015694.57,12.6723740568,-16.7344,18790723.23,-12.92,43326.5066,5.157125613662,1.4,0.084483794126,16.8364480735,化学制品,2026-04-29
1660,603678,火炬电子,0.23,762059147.98,16.95553648,17.1927,106664992.69,43.6,439.2463,12.17335040941,1.93,-0.16767575148,34.3501654463,军工电子Ⅱ,2026-04-29
1661,603669,灵康药业,-0.0258,50121123.94,-34.7904467579,-66.3051,-18621240.46,-16.0816216226,77.7985,0.957601476339,-2.45,-0.01881464164,28.0281446737,化学制药,2026-04-29
1662,603660,苏州科达,-0.1294,285643234.65,42.0578498442,-51.684,-69446178.05,54.3828327703,-145.4804,1.820927086645,-6.67,-0.333233362431,63.3581958284,计算机设备,2026-04-29
1663,603639,海利尔,0.31,1263995067.89,10.1556883336,82.2175,104923877.98,15.64,823.5941,10.392333147668,3.02,-0.113598036973,23.9669934445,农化制品,2026-04-29
1664,603615,茶花股份,-0.0061,136055298.71,-4.0460828098,-5.9527,-1476979.78,-58.5868526156,93.5006,4.701853384584,-0.13,-0.294285577744,21.2688084583,家居用品,2026-04-29
1665,603611,诺力股份,0.48,1634241184.1,-6.6878259344,-10.777,122714009.79,6.3,23.8629,11.965239441559,4.08,-0.97227338083,21.3208883762,工程机械,2026-04-29
1666,603596,伯特利,0.45,2637957471.92,41.8293085657,-21.4512,270361200.59,28.79,-37.2453,11.248865340193,4.04,0.069735105797,17.9691986477,汽车零部件,2026-04-29
1667,603587,地素时尚,0.18,478788989.65,-10.9004927539,-20.9133,82603060.58,-24.98,236.869,7.824087184004,2.23,0.141778936617,76.3235882924,服装家纺,2026-04-29
1668,603578,三星新材,0.06,371390028.96,46.3632315352,17.7642,10296200.18,-50.02,110.9963,5.681226655693,1.01,0.545609038133,15.5499156754,家电零部件Ⅱ,2026-04-29
1669,603566,普莱柯,0.16,278619332.69,18.3151247426,-0.7835,52907653.44,93.75,492.9045,7.741379998102,1.99,0.135512042597,59.7128579534,动物保健Ⅱ,2026-04-29
1670,603559,中通国脉,-0.02,78739504.29,201.3878873274,-29.5216,-8116643.2,24.4704945128,96.2513,2.511760143011,-0.81,-0.009004337924,12.2606136107,通信服务,2026-04-29
1671,603536,惠发食品,-0.0737,309592187.6,-26.5845529323,-50.2503,-18036331.64,-344.81,-254.696,1.768807797834,-4.09,0.146848568297,16.4442339113,食品加工,2026-04-29
1672,603516,淳中科技,-0.07,39141280.88,-47.6658175486,-76.7529,-14516275.47,-342.29,-142.3345,7.098304525199,-1.01,-0.183134615703,52.5402389182,计算机设备,2026-04-29
1673,603508,思维列控,0.33,319064376.63,6.722913016,-47.6399,126810305.02,26.4,-42.5386,12.664955601855,2.66,0.004852554831,61.9763444884,计算机设备,2026-04-29
1674,603505,金石资源,0.08,858933129.34,91.6772023547,-6.8688,66866229.24,10.46,902.9327,2.749616626695,4.1,0.195229745163,18.4911290675,化学制品,2026-04-29
1675,603496,恒为科技,-0.0247,124844542.72,-51.8867753365,-47.1613,-7898536.11,-119.56,84.6419,4.224318679989,-0.58,0.107264684892,36.133865043,计算机设备,2026-04-29
1676,603489,八方股份,0.09,300764124.17,1.6867026027,-12.5915,21844670.32,32.11,73.5275,11.362329818661,0.82,0.090285710319,23.8909791912,电机Ⅱ,2026-04-29
1677,603458,勘设股份,-0.06,256902854.31,-2.1236150324,-55.7053,-19501848.31,33.0575185417,90.839,9.721498741587,-0.65,-0.695118437199,19.2267006113,工程咨询服务Ⅱ,2026-04-29
1678,603421,鼎信通讯,-0.21,227323784.27,-51.4699790659,-72.682,-138580803.64,-32.3671305844,35.2275,4.59743084485,-4.52,-0.283130422025,24.8757531956,通信设备,2026-04-29
1679,603418,友升股份,0.61,945682980.2,33.1500962705,-23.3115,88475318.58,48.0149069672,-39.0426,,4.44,,18.3377267108,汽车零部件,2026-04-29
1680,603373,安邦护卫,0.2,646486141.08,7.6176914167,-10.9364,21209412.98,7.44,-46.1719,16.897730368672,1.18,-1.784755461244,23.2314655499,专业服务,2026-04-29
1681,603369,今世缘,1.3186,5099283163.42,9.1740850626,217.886,1644056273.98,7.27,404.1167,13.713603246797,10.1,1.14480511354,73.6262801224,白酒Ⅱ,2026-04-29
1682,603367,辰欣药业,0.32,920204017.65,-19.9089122126,-6.0366,143544555.3,-11.86,29.5679,13.466861742767,2.38,0.127030133435,59.7134672801,化学制药,2026-04-29
1683,603355,莱克电气,0.4,2387324193.84,3.2342956029,-5.2133,227938441.94,-16.19,-35.1917,8.841078277848,4.5,0.030012235471,23.4081261499,小家电,2026-04-29
1684,603348,文灿股份,0.012,1270327046.15,-14.1652713724,-17.793,3860312.02,-93.78,-78.4229,13.562581917769,0.09,-0.090261815108,13.4333728639,汽车零部件,2026-04-29
1685,603345,安井食品,1.35,3599860139.52,-4.1252254829,-11.1148,394524301.61,-10.01,-9.8764,45.551462384231,3.0,2.295312612217,23.322639706,食品加工,2026-04-29
1686,603341,龙旗科技,0.33,9378472092.33,-9.2694054941,-18.1749,154135185.32,20.33,119.326,12.421225504484,2.71,1.450152551789,7.4480624286,消费电子,2026-04-29
1687,603337,杰克科技,0.54,1792752584.89,10.0637823823,29.2126,245709887.92,30.76,27.3911,10.014518639411,5.2,0.418804203803,32.7878527095,专用设备,2026-04-29
1688,603334,丰倍生物,0.34,665694662.72,,18.6679,36673255.11,,-1.2531,,4.73,,9.9827183049,化学制品,2026-04-29
1689,603331,百达精工,0.11,388084372.54,4.0207167971,-8.3155,21485795.27,-27.52,85.3881,6.452422591959,1.66,0.229393804306,21.4238666597,通用设备,2026-04-29
1690,603329,上海雅仕,0.039,605549722.76,24.1566092589,-42.6886,9748680.95,129.78,-2.9014,7.11371702931,0.87,-1.744978726216,9.9176703634,物流,2026-04-29
1691,603328,依顿电子,0.116,946241286.28,15.5759117602,6.7631,116252345.18,11.04,63.8137,4.157141280301,2.84,0.159691947773,22.7577445111,元件,2026-04-29
1692,603313,梦百合,0.1,2042802136.22,12.3055727185,-12.0879,58719654.96,196.22,3658.5967,6.478235259333,1.6,0.263991360492,39.3674366774,家居用品,2026-04-29
1693,603311,金海高科,0.19,227363430.72,20.5682456608,24.2668,43678660.35,132.17,208.4205,5.764034213958,3.29,0.1041391407,23.9004410858,家电零部件Ⅱ,2026-04-29
1694,603307,扬州金泉,0.45,239093575.05,8.8462742876,19.3465,30729510.06,-26.99,-11.3137,20.783226986903,2.2,0.617311195545,24.6048334162,服装家纺,2026-04-29
1695,603306,华懋科技,0.271,536742126.34,14.3743284817,-20.2809,86421910.38,60.34,6.3047,8.800097054036,2.58,0.057760065996,32.844747956,汽车零部件,2026-04-29
1696,603305,旭升集团,0.1,1046469899.94,-8.1197538316,-7.7648,95644060.12,-39.15,2.5309,7.10189007072,1.41,0.312723618553,20.8009254755,汽车零部件,2026-04-29
1697,603289,泰瑞机器,0.06,261592974.47,2.1491393837,-8.5734,18013023.33,-27.82,-52.9941,4.915929841404,1.25,-0.188660583735,31.5103239057,专用设备,2026-04-29
1698,603285,键邦股份,0.23,154992189.56,-7.7557331094,-0.1065,36633816.53,-17.17,32.0096,10.2402554385,2.26,0.345352444875,30.7760904052,化学制品,2026-04-29
1699,603284,林平发展,0.92,603379762.39,,-0.9381,52072729.54,,84.1806,,3.82,,12.9826204992,造纸,2026-04-29
1700,603282,亚光股份,0.2,178719438.86,-17.2058708002,-43.1236,26516329.96,-38.15,14.0116,9.567731773502,2.09,0.067305222089,24.9817554905,环保设备Ⅱ,2026-04-29
1701,603279,景津装备,0.29,1405878458.58,-6.6992462424,-1.3909,166849184.85,-26.99,-8.9335,8.039047095568,3.67,0.285834253518,25.1409088583,通用设备,2026-04-29
1702,603270,金帝股份,0.18,381400948.77,39.8141409425,-11.7484,38674356.76,34.65,140.4155,10.001775337124,1.78,-0.247641230789,30.4274754387,通用设备,2026-04-29
1703,603269,海鸥股份,0.06,261956874.28,-2.4501904463,-47.3708,18945838.37,47.02,-65.5307,4.872191097822,1.88,0.09241407535,35.6242642826,通用设备,2026-04-29
1704,603267,鸿远电子,0.26,466371247.99,8.6698958858,43.7424,60201673.06,-16.89,128.5467,18.586666224051,1.41,-0.26000575608,41.8573025377,军工电子Ⅱ,2026-04-29
1705,603255,鼎际得,-0.03,199555689.13,9.2637825117,-6.6558,-3370444.86,-180.13,85.2749,11.730270882315,-0.17,-0.101460406994,8.3372151967,化学制品,2026-04-29
1706,603239,浙江仙通,0.25,343089974.99,27.2823563114,-10.4232,66688344.1,28.38,56.7895,4.531729836916,5.59,-0.26933597732,32.4554911793,汽车零部件,2026-04-29
1707,603229,奥翔药业,0.14,306636220.57,1.9014720282,191.585,119199188.77,5.97,637.0626,2.856535872456,5.11,0.00246464451,61.0105980442,化学制药,2026-04-29
1708,603225,新凤鸣,0.21,14557105243.21,0.72547122,-18.6473,305789183.41,11.35,-13.6573,11.337418043837,1.75,-2.839791795807,6.5145454045,化学纤维,2026-04-29
1709,603221,爱丽家居,0.09,310113002.27,-6.3083773588,-17.4479,22171310.08,-37.81,-50.0289,6.60838389623,1.38,0.255989748181,20.508813305,家居用品,2026-04-29
1710,603219,富佳股份,0.0947,680783861.76,60.068949764,-19.294,53190032.81,7.92,46.3026,2.940781391771,3.29,0.226161749163,15.1419306861,小家电,2026-04-29
1711,603213,镇洋发展,0.08,586044143.07,48.9966498655,-33.9227,33076931.6,-26.79,-20.7554,4.31609140799,1.7,0.058169876479,12.9573519056,化学原料,2026-04-29
1712,603201,常润股份,0.28,642974880.57,1.8692019274,-17.1375,52072577.35,10.24,-43.679,10.658370154257,3.12,-0.24768305104,21.3966299925,汽车零部件,2026-04-29
1713,603200,上海洗霸,0.056,102798215.36,-17.7259251586,-24.0853,9828510.35,-51.39,280.3161,5.533232258075,1.03,0.03535584493,33.6978584878,环境治理,2026-04-29
1714,603187,海容冷链,0.27,909045298.25,6.7421252784,26.0313,104111015.61,-9.2,27.3864,10.948800735938,2.49,-0.077681329029,25.4179383387,通用设备,2026-04-29
1715,603185,弘元绿能,-0.091,1656777559.33,-24.3723691958,-15.7538,-61875827.2,56.2326571066,94.2023,17.3839478524,-0.52,-0.86661103152,5.1292706894,光伏设备,2026-04-29
1716,603180,金牌家居,0.23,587135951.32,-8.3531273787,-44.5371,34896159.75,-4.16,-56.2312,18.184904245502,1.23,-2.696217634486,29.9566178659,家居用品,2026-04-29
1717,603172,万丰股份,0.08,121964942.35,22.9502761045,-22.6397,10363457.55,77.96,-44.6529,8.037029780177,0.97,0.136657603989,26.7896761729,化学制品,2026-04-29
1718,603155,新亚强,0.09,169909626.85,-9.8866317851,3.6808,30846730.58,-7.26,101.5364,7.268723914394,1.35,-0.063331489125,22.117791291,化学制品,2026-04-29
1719,603150,万朗磁塑,0.44,908964072.22,23.5371029999,-9.1329,37585105.85,8.89,17.5967,19.067102008937,2.33,-0.53468074857,22.2556577111,塑料,2026-04-29
1720,603131,上海沪工,0.03,207708830.88,-6.1089506152,-39.87,8435397.53,-54.88,124.4939,3.817165970646,0.69,-0.079713226526,20.3760982144,通用设备,2026-04-29
1721,603126,中材节能,-0.0137,545700677.01,-0.5335713518,-34.6859,-8364335.14,-131.31,56.7029,3.331667827437,-0.41,-0.255207890156,14.4088094962,环保设备Ⅱ,2026-04-29
1722,603124,江南新材,0.33,2265287776.32,25.5157861117,-1.64,36539405.61,10.85,-10.476,11.816984393428,2.66,-2.285701891422,3.6504081289,金属新材料,2026-04-29
1723,603109,神驰机电,0.3331,732044767.21,38.7811484479,-8.2099,69571392.81,284.73,17.0901,9.533403745043,3.41,-0.281047681725,25.5199289276,通用设备,2026-04-29
1724,603108,润达医疗,-0.11,1661846010.13,-19.8135919651,-22.1798,-69258725.43,-406.4,-1526.3395,7.022234435269,-1.6,0.193273353365,20.7793044371,医疗服务,2026-04-29
1725,603100,川仪股份,0.22,1447908793.87,-7.6286183097,-26.5007,113559445.18,-23.46,-48.3795,8.631562702279,2.6,-0.085798086383,33.5072294943,通用设备,2026-04-29
1726,603099,长白山,0.02,128827088.45,0.7304230005,-13.327,4394691.37,-58.93,222.8541,4.370094067537,0.38,0.001054481756,22.8562571617,旅游及景区,2026-04-29
1727,603096,新经典,0.1588,150745053.84,-33.1205879224,-16.8416,24498284.16,-49.53,7922.7478,12.576467598936,1.27,-0.828568043191,49.7390287907,出版,2026-04-29
1728,603089,正裕工业,0.14,615936361.58,46.1430219416,-7.135,30207747.42,95.11,22.1946,5.59466754374,2.42,0.43559860702,23.91305952,汽车零部件,2026-04-29
1729,603088,宁波精达,0.0831,185524331.86,1.4339339635,-21.1626,36377093.07,-31.78,-20.7591,1.862491353931,4.57,-0.043864205654,37.8233934905,通用设备,2026-04-29
1730,603085,天成自控,0.05,539252278.15,46.7353430375,-30.2021,20919276.47,108.77,148.9566,2.19199902619,2.54,0.189350833996,19.4513439071,汽车零部件,2026-04-29
1731,603076,乐惠国际,0.07,206166022.98,-5.8713674431,-62.0529,8938268.88,160.61,146.0008,10.910891365054,0.66,1.44821156689,20.6643267131,专用设备,2026-04-29
1732,603069,海汽集团,-0.06,184829678.48,-24.4040348571,-4.6808,-19517623.35,-115.25,78.718,2.502233680411,-2.44,0.235580955095,10.4136201438,铁路公路,2026-04-29
1733,603068,博通集成,0.11,165385544.61,-1.5624988664,-34.3862,16492772.62,1256.1,76.7608,11.233593294281,0.96,0.680559490836,28.4611459853,半导体,2026-04-29
1734,603067,振华股份,0.17,1019775090.59,7.5888769271,-4.9721,117381003.04,37.27,7.6845,6.429091788501,3.65,-0.020834640951,26.4093950828,化学原料,2026-04-29
1735,603065,宿迁联盛,0.02,304649191.0,-3.0869467885,-31.1404,7781604.2,-28.72,-71.8308,4.920814466495,0.38,0.069597223434,12.5077630684,化学制品,2026-04-29
1736,603050,科林电气,0.1803,911806138.2,21.2186104769,-39.1229,72705684.06,8.24,151.7047,4.177900334215,4.27,0.149690644229,21.7824933041,电网设备,2026-04-29
1737,603043,广州酒家,0.0897,1046119633.19,3.3359048818,2.4806,51010230.81,-27.93,11.2964,6.907878322869,1.31,-0.079427946834,25.3562992056,休闲食品,2026-04-29
1738,603040,新坐标,0.5,178990622.69,26.1530485627,-2.5368,66816657.74,37.59,33.9024,10.472296011286,4.81,0.598816133674,53.6614371449,汽车零部件,2026-04-29
1739,603036,如通股份,0.13,98616109.92,11.9942254326,-17.5157,27610783.41,36.84,11.395,6.555293249166,2.07,0.224466349953,42.8631185861,专用设备,2026-04-29
1740,603033,三维股份,0.02,1062340226.74,-9.6373368528,-26.5851,25156666.86,-3.94,112.5335,2.968459529234,0.82,-0.118064449648,7.204182123,橡胶,2026-04-29
1741,603031,安孚科技,0.34,1377665386.81,5.7992030262,31.9639,71173491.92,10.01,290.4468,9.033103131347,3.8,1.465647444439,49.2176004792,电池,2026-04-29
1742,603029,天鹅股份,0.06,122368988.8,15.5522739156,-64.3917,7363068.67,5.47,-74.4376,7.449261914176,0.82,-1.391064944619,29.466367201,专用设备,2026-04-29
1743,603026,石大胜华,-0.14,1588130085.08,30.0885427914,14.5803,-28538891.57,-203.07,-653.6746,19.131955445185,-0.74,0.206407678607,5.6012298291,电池,2026-04-29
1744,603020,爱普股份,0.0872,607686199.59,-18.6786761775,-1.779,32755306.92,-5.43,-53.2945,8.596610044343,1.0,-0.036828368568,16.4539884775,化学制品,2026-04-29
1745,603017,中衡设计,0.08,242799352.2,-26.2504784139,-41.5651,21373960.87,-28.6,237.4481,5.379815881167,1.45,-0.037412668284,21.651885717,工程咨询服务Ⅱ,2026-04-29
1746,603015,弘讯科技,0.06,215346810.49,20.6875216688,8.8131,23243759.36,37.7,61.6923,3.402973893879,1.7,0.041934761973,36.1382924516,自动化设备,2026-04-29
1747,603013,亚普股份,0.25,1974708669.07,6.2325072454,-17.8027,129114535.37,0.9,2.2387,8.597350351385,3.0,-0.003349761482,15.6337852477,汽车零部件,2026-04-29
1748,603011,合锻智能,0.01,420239970.54,32.536971886,-30.7604,7392417.83,35.48,107.6473,4.360799726526,0.34,-0.263733914145,25.950255686,专用设备,2026-04-29
1749,603009,北特科技,0.0681,542145797.19,10.7293651849,-4.3099,23060084.38,40.31,116.9995,4.951495173454,1.3859,-0.096071218459,18.1709583456,汽车零部件,2026-04-29
1750,603005,晶方科技,0.1,290803813.8,20.7423909328,-3.1508,65356761.36,32.73,-4.3026,6.660629474579,1.52,0.094426488336,42.3846954651,半导体,2026-04-29
1751,603002,宏昌电子,0.01,559560108.48,15.2098087198,6.4956,6455609.76,-45.65,-53.5224,3.041395384726,0.19,0.021678709168,7.1774399267,电子化学品Ⅱ,2026-04-29
1752,601999,出版传媒,0.01,558185231.7,3.2886319898,-12.187,6966504.3,191.4593388297,-88.0848,4.742192377422,0.27,-0.501524538463,19.5476759279,出版,2026-04-29
1753,601991,大唐发电,0.1004,30206052000.0,-1.7403693952,-7.0237,2238433000.0,68.12,2815.0059,1.746152841529,5.93,0.503198110134,16.7780781149,电力,2026-04-29
1754,601963,重庆银行,0.47,3581312000.0,5.3044595097,17.6195,1624256000.0,5.33,135.6665,15.43122297512,2.96,11.908076265996,,银行Ⅱ,2026-04-29
1755,601958,金钼股份,0.21,3282371654.33,14.488302542,-5.4944,677950685.64,7.07,-13.9311,5.491199332692,3.9,-0.130175570061,37.0394096393,小金属,2026-04-29
1756,601929,吉视传媒,-0.0295,498964009.74,23.1387094918,-10.1226,-102974411.09,12.1,33.6417,1.505576001116,-1.94,0.021217464567,9.1984092047,电视广播Ⅱ,2026-04-29
1757,601921,浙版传媒,0.0726,2652232155.21,-1.8901730356,-35.3004,161350567.3,46.15,-75.1436,6.235874559765,1.17,-0.122645543726,23.5713845789,出版,2026-04-29
1758,601908,京运通,-0.04,683089128.18,-53.5028815576,4.2006,-91413983.66,80.2874411204,90.3948,3.699412162719,-1.02,0.09738832514,11.7718141532,电力,2026-04-29
1759,601886,江河集团,0.13,4203023683.83,2.8668098446,-39.8161,144405339.93,-20.53,-29.4319,6.626614749835,1.94,-0.956568474218,15.0278142588,装修装饰Ⅱ,2026-04-29
1760,601880,辽港股份,0.01,2527150885.94,-12.5126920294,-18.913,204230577.18,-45.09,2.9046,1.672088356126,0.51,0.036261710725,22.8581791615,航运港口,2026-04-29
1761,601858,中国科传,0.04,446314224.8,-4.0403278377,-59.0738,34760748.52,10.7,-83.8347,6.851402746022,0.64,-0.337130296066,29.4662864687,出版,2026-04-29
1762,601801,皖新传媒,0.2,2748935669.74,-6.1425255326,14.0087,385752557.54,31.63,460.519,6.048894196763,3.31,-0.026266738192,25.2584384172,出版,2026-04-29
1763,601778,晶科科技,-0.01,1112184199.98,43.0030323468,25.6505,-34871267.83,64.6494029108,-133.3483,4.323788927253,-0.22,0.335800892109,29.8709517152,电力,2026-04-29
1764,601718,ST际华,0.002,1631494936.47,-37.3478071621,-38.2462,7396081.8,128.0201578287,100.1768,2.87181494842,0.06,-0.155668368885,14.8385200039,服装家纺,2026-04-29
1765,601686,友发集团,0.0925,11402394007.62,6.0612243527,-22.7048,132637495.04,9680.17,-59.1033,4.518804797407,1.98,0.136377075238,3.3200062725,普钢,2026-04-29
1766,601668,中国建筑,0.36,555423385000.0,1.1112153512,-0.9391,15012008000.0,0.6,131.545,11.332230770329,3.18,-2.320219049239,7.8520293127,房屋建设Ⅱ,2026-04-29
1767,601619,嘉泽新能,0.1,660698113.8,10.9795097628,9.0286,239616982.54,21.57,201.9187,2.832943453519,3.41,0.119793662663,60.8199114614,电力,2026-04-29
1768,601615,明阳智能,0.13,7703617576.77,51.7849215536,11.2967,302060615.88,-0.7,165.325,11.692892347232,1.14,-0.958981181296,13.1885468037,风电设备,2026-04-29
1769,601601,中国太保,1.0,93717000000.0,-1.7929748082,0.2053,9627000000.0,-18.1,44.7669,27.402286902287,3.5,6.710810810811,,保险Ⅱ,2026-04-29
1770,601599,浙文影业,0.03,780692249.76,26.7798590147,68.0719,39175463.42,10.42,339.4148,1.338936634453,2.55,-0.29250306061,17.572805716,纺织制造,2026-04-29
1771,601598,中国外运,0.089,23771708199.46,-2.1860851907,20.3723,644994648.83,-19.76,-40.9574,5.489866104495,1.62,-0.18555868204,5.8013165423,物流,2026-04-29
1772,601577,长沙银行,0.54,6809292000.0,3.7841248648,5.3214,2173115000.0,3.81,32.5056,16.985826623241,3.21,-13.125568872133,,银行Ⅱ,2026-04-29
1773,601555,东吴证券,0.2,2261739043.82,1.6491222898,-0.172,979608543.78,114.86,83.2311,8.518316575699,2.33,1.261266086024,,证券Ⅱ,2026-04-29
1774,601388,怡球资源,0.0097,1794133300.41,13.711531221,-8.4147,21441881.58,-25.17,136.5165,1.938079675059,0.5,0.043311063296,6.1476666346,工业金属,2026-04-29
1775,601368,绿城水务,0.0025,541356915.51,-0.2256881567,-12.5993,2170299.47,-89.63,104.7056,5.372283831096,0.05,0.089251982912,35.1744920078,环境治理,2026-04-29
1776,601366,利群股份,0.006,2143662484.57,-5.1355161062,18.818,5104337.09,-58.24,258.4377,4.426752679742,0.12,0.356227422683,29.9678617452,一般零售,2026-04-29
1777,601326,秦港股份,0.08,1610990685.11,-5.9927614752,-10.284,420609792.74,-3.07,86.0636,3.527734220983,2.15,0.050224549539,40.4230749581,航运港口,2026-04-29
1778,601318,中国平安,1.54,232801000000.0,-5.1993533386,-8.1805,27016000000.0,-26.4,263.8519,51.605326743548,2.9,13.356452498627,,保险Ⅱ,2026-04-29
1779,601233,桐昆股份,0.26,19419946618.44,-8.0119685238,-23.1137,610595164.95,5.36,213.002,15.450314924439,1.66,-2.241798823563,7.7126671295,炼化及贸易,2026-04-29
1780,601231,环旭电子,0.15,13648634687.74,1.161479359,-18.193,334959613.24,0.08,-5.7922,8.155404875127,1.85,0.405352338827,9.4219166323,消费电子,2026-04-29
1781,601228,广州港,0.035,3449229328.69,6.5316756705,-16.9165,266237231.7,-17.55,79.5512,2.798642642693,1.26,0.114410503729,20.8971955841,航运港口,2026-04-29
1782,601226,华电科工,-0.0707,1496882104.1,17.419966665,-42.7579,-82383277.59,15.18,-1190.5729,3.603360142214,-1.94,-0.765655557606,7.5530734545,专业工程,2026-04-29
1783,601200,上海环境,0.11655,1341570465.43,1.3937395078,-32.2753,156899282.48,23.52,112.3824,8.439062241909,1.39,-0.034170571056,29.241791384,环境治理,2026-04-29
1784,601199,江南水务,0.1018,294164452.48,-0.4346297713,-42.0242,95163197.29,13.13,-27.0233,4.785268445666,2.15,0.045703589338,38.2721839607,环境治理,2026-04-29
1785,601168,西部矿业,0.34,16541553094.0,50.7352341069,24.3695,807802492.0,9.61,305.6152,7.522462580361,4.61,1.097445047,17.4005488701,工业金属,2026-04-29
1786,601163,三角轮胎,0.21,2244315251.25,-5.9154274694,-11.7833,166025345.13,-43.54,-24.2254,17.013932791263,1.23,-0.040950524738,15.4514534042,汽车零部件,2026-04-29
1787,601158,重庆水务,0.05,1680088388.07,10.5359534713,-11.9644,243601523.02,28.91,324.8234,3.61303259985,1.41,-0.007464433938,29.5689983157,环境治理,2026-04-29
1788,601139,深圳燃气,0.08,7513035670.69,9.4793732203,-1.2566,233040865.02,-15.47,-41.9438,5.412765341882,1.49,-0.23409971617,13.361847499,燃气Ⅱ,2026-04-29
1789,601138,工业富联,0.26,160415051000.0,35.156965874,-7.1468,5230775000.0,24.99,-35.2261,7.91389806795,3.48,0.065418599878,6.73449962,消费电子,2026-04-29
1790,601136,首创证券,0.06,432325471.0,-23.3402141682,-23.3878,151053533.6,-31.42,-35.7657,4.87453192306,1.14,-0.243903847931,,证券Ⅱ,2026-04-29
1791,601133,柏诚股份,0.08,1037005668.0,-9.4118414069,-26.2676,44197410.03,-20.61,-17.4936,5.553807315207,1.52,-1.28575361217,10.271810578,专业工程,2026-04-29
1792,601118,海南橡胶,-0.0253,8251091695.05,9.5384182716,-9.3461,-108376973.15,32.7626782019,-119.2193,2.281775812562,-0.0109,0.123891948363,5.3500822041,种植业,2026-04-29
1793,601096,宏盛华源,0.0332,2292200943.8,-9.2836224526,-10.4906,88728797.48,113.13,71.902,1.678297813129,2.0,-0.111825685386,11.1913578203,专业工程,2026-04-29
1794,601077,渝农商行,0.33,7223676000.0,1.3455828937,7.0639,3744632000.0,6.25,210.8136,11.216803997535,3.0,1.987285638813,,银行Ⅱ,2026-04-29
1795,601068,中铝国际,0.0094,4804261000.0,-3.63081857,-38.8855,65797000.0,-36.71,319.024,0.955633531112,0.98,-0.12896153707,8.9121511092,专业工程,2026-04-29
1796,601065,江盐集团,0.12,572893126.74,-17.3405210984,-15.0549,74701507.51,-46.68,-28.2125,6.926247580831,1.69,0.111532931128,31.7196228124,化学原料,2026-04-29
1797,601038,一拖股份,0.4712,4556516000.85,-2.1342488188,290.1157,529498722.85,-11.66,396.0089,6.931085528358,7.04,0.077470313271,15.9131025012,专用设备,2026-04-29
1798,601033,永兴股份,0.22,904910020.17,-2.5215813361,-6.6743,196637139.28,-3.4,14.1941,11.879208702989,1.86,0.454272302667,42.9123815456,环境治理,2026-04-29
1799,601020,华钰矿业,0.06,261347980.19,5.6707849859,-62.0011,45658532.7,19.64,-54.5041,4.155082248151,1.35,0.028051014704,42.7247712949,工业金属,2026-04-29
1800,601018,宁波港,0.06,7082515000.0,2.2474172927,2.4256,1175138000.0,4.54,48.6085,4.080769541555,1.48,0.297512160239,29.880727397,航运港口,2026-04-29
1801,601012,隆基绿能,-0.19,13652473612.63,-22.7520994965,-43.09,-1430653676.59,39.1277599453,32.0293,7.769269498029,-2.38,-0.230578690194,-4.1822825189,光伏设备,2026-04-29
1802,601010,ST文峰,0.03,484582232.47,-13.1420620782,-3.3518,57032935.18,-43.45,34.8976,2.383929198842,1.3,-0.034697396044,48.625034659,一般零售,2026-04-29
1803,601000,唐山港,0.0644,1237269815.4,-16.6352314709,-14.1834,381399740.1,-29.53,-4.0881,3.568982987259,1.82,0.032990943799,44.3603195316,航运港口,2026-04-29
1804,600995,南网储能,0.12,1556753233.53,17.5171616001,-5.9279,373992065.83,31.1,359.9692,6.799993919354,1.74,0.27838858012,51.405330474,电力,2026-04-29
1805,600990,四创电子,-0.0785,292813165.61,-13.6665642851,-42.7202,-21129810.11,-178.9562508954,89.715,6.847361422899,-1.1228,-0.675101206444,19.0812479601,军工电子Ⅱ,2026-04-29
1806,600985,淮北矿业,0.26,10599489102.33,-38.9534440139,16.6182,691528521.53,-56.5,-3.4449,15.984991114491,1.62,0.163382810478,18.3383739365,煤炭开采,2026-04-29
1807,600975,新五丰,0.02,1863428098.96,30.3167285427,5.0256,19620628.64,107.7151895283,-48.4908,2.41907565762,0.84,0.268618239207,8.6373682623,养殖业,2026-04-29
1808,600970,中材国际,0.25,10147407722.6,-1.3650499764,-29.5132,663084595.86,4.19,-28.1829,8.24669053796,3.09,-0.708782608672,16.9721470986,专业工程,2026-04-29
1809,600968,海油发展,0.0584,10074340632.16,9.4194143069,-46.5348,594007096.25,18.48,-38.614,2.732207460787,2.1627,-0.018103160941,12.9032605455,油服工程,2026-04-29
1810,600956,新天绿能,0.23,6910854202.78,-12.5963681303,23.7882,954491421.38,14.71,439.2856,5.390713476941,4.3,0.534187301452,23.6189807651,电力,2026-04-29
1811,600938,中国海油,0.77,106854000000.0,-4.1393045538,13.0946,36563000000.0,-7.9,71.8428,16.491158402212,4.78,1.205008530395,54.6465270369,油气开采Ⅱ,2026-04-29
1812,600919,江苏银行,0.53,22304128000.0,6.2143212123,20.4836,9780003000.0,8.16,171.0403,13.104919568746,4.125,9.21324216171,,银行Ⅱ,2026-04-29
1813,600916,中国黄金,0.08,11002944108.3,-39.7120627145,-20.7837,134557383.5,-62.96,84.7771,4.514175305244,1.79,-0.430082879381,5.645794077,饰品,2026-04-29
1814,600909,华安证券,0.11,1240223118.46,49.0574294115,4.7796,524640682.5,87.79,53.3384,4.815065146126,2.32,0.465053314532,,证券Ⅱ,2026-04-29
1815,600894,广日股份,-0.0154,1247861833.4,-9.9599218079,-46.1266,-13001500.41,-79.5719962824,-104.8798,10.042411875963,-0.15,-0.238373942423,13.8177636406,专用设备,2026-04-29
1816,600881,亚泰集团,-0.14,1026176214.11,2.5509247754,-48.0364,-468952958.9,9.1,71.1762,0.68412624465,-18.42,-0.097005268098,24.8342600048,综合Ⅱ,2026-04-29
1817,600879,航天电子,0.009,1700401957.41,-55.4143382696,-66.3064,29716968.33,-79.22,315.6601,6.278525658797,0.144,-0.445123125621,26.6108652421,航天装备Ⅱ,2026-04-29
1818,600877,电科芯片,0.0105,197186829.99,-2.2176394743,-38.0059,12438578.05,-35.52,28.2569,2.089063978476,0.5,-0.031899326491,33.6561471998,半导体,2026-04-29
1819,600871,石化油服,0.012,17850312000.0,-3.685401552,-31.8988,218352000.0,23.0,589.359,0.476035294681,2.5,0.087813731906,8.1093764636,油服工程,2026-04-29
1820,600867,通化东宝,0.06,651502983.92,10.165428633,15.9682,109164049.37,-49.15,361.5959,3.31620139518,1.7,0.050535273191,69.3233742465,生物制品,2026-04-29
1821,600854,春兰股份,0.0057,18182047.67,-3.9453216173,8.8066,2964044.11,316.4,489.2531,4.693047407318,0.1222,-0.00500850295,36.6797525287,白色家电,2026-04-29
1822,600851,海欣股份,0.0274,202449804.82,-3.0172365326,6.2827,33024491.25,2.58,169.1714,3.540787317602,0.759,0.058734274628,58.7488908847,化学制药,2026-04-29
1823,600848,上海临港,0.05,1580915545.06,-17.1326563743,-77.7441,131203099.75,-16.45,-72.558,6.485429950901,0.79,-0.823992362904,52.3292687744,房地产开发,2026-04-29
1824,600838,上海九百,0.0308,23102530.36,0.0201692609,-13.1938,12335598.14,22.12,-14.3923,3.802307335684,0.8,-0.019306378253,30.1453509268,一般零售,2026-04-29
1825,600817,宇通重工,0.096,707089559.18,0.7910922965,-45.3248,51547797.24,62.47,-46.4801,4.638659881517,2.09,-0.130928900264,19.0784060942,环保设备Ⅱ,2026-04-29
1826,600816,建元信托,0.0027,67954405.22,55.74,13.0333,26341709.14,27.56,125.9043,1.408023523387,0.19,-0.001816717804,,多元金融,2026-04-29
1827,600815,厦工股份,0.0006,134557355.56,-5.4916368334,11.1481,1069898.26,19.92,243.9778,0.858684542054,0.07,-0.024572978255,15.388581021,工程机械,2026-04-29
1828,600796,钱江生化,0.04,377833176.21,1.0287691422,-19.2252,30504599.36,6.0,-2.059,3.816286353554,0.93,-0.074993738519,23.1791366334,环境治理,2026-04-29
1829,600795,国电电力,0.102,39812753757.94,-12.6052957586,-12.151,1810595874.4,1.45,182.8119,3.246564239832,3.178,0.786392160078,13.9109457202,电力,2026-04-29
1830,600790,轻纺城,0.02,213460235.23,-5.3322123369,-8.153,29605709.0,-46.8,136.9886,4.253587107636,0.48,-0.061447176756,37.9382522242,一般零售,2026-04-29
1831,600778,友好集团,0.0661,485303480.51,-6.1061987174,63.5991,20582515.19,52.39,356.8285,0.761685478799,9.04,0.295650400753,28.1441445663,一般零售,2026-04-29
1832,600774,汉商集团,0.0094,257418265.66,-23.5144952292,-5.2268,2761438.28,-78.21,116.1675,5.63757845401,0.08,-0.014744361638,45.3732707936,化学制药,2026-04-29
1833,600760,中航沈飞,0.16,5833686188.53,-38.5480395317,-66.7401,430567219.42,-39.87,-72.6838,6.357865914091,2.49,0.16457616656,12.645957341,航空装备Ⅱ,2026-04-29
1834,600758,辽宁能源,0.07,1486266464.69,-5.5998310943,-9.5641,94355286.06,14.32,-33.7249,4.291098285111,1.69,-0.048145932723,18.2062160466,煤炭开采,2026-04-29
1835,600757,长江传媒,0.33,2100513191.96,9.3086431254,13.3313,400162987.21,53.14,56.9221,8.155109080011,4.13,0.079929587203,35.5924843739,出版,2026-04-29
1836,600753,ST海钦,-0.006,221268372.41,23.9026116944,-48.8927,-1311281.13,93.1985010781,99.0796,-0.031531906116,,0.103074127934,1.2451068176,物流,2026-04-29
1837,600749,西藏旅游,-0.0409,25531252.98,11.5170624211,-41.4596,-9122368.95,53.9250159842,-171.7387,4.550500841676,-1.761,-0.20836551801,-15.3807668706,旅游及景区,2026-04-29
1838,600741,华域汽车,0.405,40577212392.8,9.6055832978,-18.2057,1277483938.43,0.59,-42.7121,20.109557598703,2.04,0.65418527734,10.8504280937,汽车零部件,2026-04-29
1839,600738,丽尚国潮,0.08,177428125.23,-8.5089378913,18.4222,58849317.44,-7.79,268.4819,2.614143138017,3.0,0.039711490866,69.5312049091,一般零售,2026-04-29
1840,600736,苏州高新,0.1,1586303169.81,-62.4121171113,110.043,146875955.64,31.68,238.0766,6.463186068825,1.57,-0.080374768512,9.0256891826,房地产开发,2026-04-29
1841,600734,*ST实达,-0.0078,67096550.96,1470.0563913452,-83.0692,-16949308.93,-44.53,36.4428,0.173658787424,-3.0054,0.004938034602,11.4996473732,IT服务Ⅱ,2026-04-29
1842,600729,重百集团,1.08,4275620986.61,-11.8450628918,3.4004,474985975.7,9.23,21.2961,18.04350367007,6.16,1.618847561747,29.6384509955,一般零售,2026-04-29
1843,600725,云维股份,-0.0027,149271957.16,-33.2035484871,-28.1377,-3312162.26,-8359.06,93.8179,0.238743571487,-1.12,-0.004625525035,1.7559327819,贸易Ⅱ,2026-04-29
1844,600724,宁波富达,0.0401,338757890.82,-39.0780262448,-26.056,57954595.06,-14.34,16.3639,2.036879363339,1.9884,0.003331750223,30.3310930326,房地产服务,2026-04-29
1845,600718,东软集团,-0.01,1849804893.0,1.0586833334,-60.3819,-12090412.0,-330.18,86.4631,7.901246525278,-0.13,-0.447819665998,26.0591577968,IT服务Ⅱ,2026-04-29
1846,600717,天津港,0.1,3014077463.73,8.1249677211,-2.4028,275177698.62,-9.94,173.0757,6.796926851116,1.41,0.135586247554,28.2645853334,航运港口,2026-04-29
1847,600714,金瑞矿业,0.053,86486897.02,17.9296309284,-3.1344,15283539.43,617.43,39.2224,2.6322747413,2.04,0.023474742801,29.7813125658,化学原料,2026-04-29
1848,600712,南宁百货,-0.0122,134579801.71,-12.9439387658,-30.0935,-6630189.87,-405.73,82.208,1.45060277367,-0.84,-0.045223758195,31.4233612419,一般零售,2026-04-29
1849,600708,光明地产,-0.0898,1270196280.38,-34.914633637,-25.0423,-200142846.17,-2530.19,65.0504,4.322338947164,-2.06,-0.021107778846,5.8034385495,房地产开发,2026-04-29
1850,600686,金龙汽车,0.07,4922186061.66,23.6922517118,-42.5365,46761319.43,164.79,-42.5189,4.38466237359,1.47,0.561218589412,11.2815535712,商用车,2026-04-29
1851,600681,百川能源,0.0778,2064343869.88,1.9373146424,28.6571,104323987.93,15.36,-28.9334,2.817519966655,2.8,-0.190280273492,10.5791603064,燃气Ⅱ,2026-04-29
1852,600679,上海凤凰,0.0595,656723976.89,11.4779453011,82.7402,30680991.45,7.97,116.2112,3.976613724515,1.4972,-0.389203119607,16.5265548098,摩托车及其他,2026-04-29
1853,600668,尖峰集团,1.41,584142938.11,-2.9128842262,-31.6356,582274744.86,23878.7,1455.8075,16.608745729253,10.19,-0.100642445422,25.6634229637,水泥,2026-04-29
1854,600666,奥瑞德,-0.0031,98383753.85,12.7402505847,30.9911,-8332041.48,48.0966271386,94.2097,0.300564238109,-0.9981,-0.001349902469,7.2187558841,IT服务Ⅱ,2026-04-29
1855,600657,信达地产,-0.07,518452959.88,-34.2166590513,-88.5528,-209051523.6,-7.006693865,70.0148,8.285621765316,-0.88,-0.122184211344,23.1720121933,房地产开发,2026-04-29
1856,600654,中安科,0.003,746359087.56,21.9856295639,-26.0155,8581262.77,-56.64,-8.1224,0.580851714386,0.51,-0.007378921925,16.4604547325,软件开发,2026-04-29
1857,600633,浙数文化,0.11,706427491.06,4.1558655832,-23.8484,143753242.27,44.86,290.3775,8.003187120527,1.43,0.006916086487,57.5221330048,游戏Ⅱ,2026-04-29
1858,600630,龙头股份,0.04,464901388.04,0.4080678972,-15.8055,18152056.88,-3.06,713.8988,1.820240954115,2.38,-0.016112126015,32.4487588402,服装家纺,2026-04-29
1859,600618,氯碱化工,0.2002,1732953071.88,-16.4377626083,-20.3588,231564694.5,9.45,28.0559,7.71919812552,2.63,-0.388035874657,16.1896076179,化学原料,2026-04-29
1860,600613,神奇制药,0.03,479926834.64,-16.4660137354,-1.155,14994496.83,-37.38,24.5984,4.444465338777,0.63,-0.053878162874,46.7695393587,化学制药,2026-04-29
1861,600606,绿地控股,-0.02,35686750019.35,-30.8551300901,-55.8227,-247164302.88,-401.3,98.4345,4.526013276863,-0.39,-0.189136638368,9.6223514475,房地产开发,2026-04-29
1862,600605,汇通能源,0.05,29452096.47,-10.0131549692,-14.8829,9598288.99,-15.59,389.5716,6.749901997082,0.69,0.03353572543,50.8729667012,一般零售,2026-04-29
1863,600598,北大荒,0.303,955666697.5,-0.0547787086,-2.5342,538641555.27,-2.9,306.9942,4.699917904287,6.67,2.908313887616,65.3078997565,种植业,2026-04-29
1864,600596,新安股份,0.0245,3622628221.36,-8.8504045423,27.6843,33130542.34,-69.61,138.7054,9.244803090741,0.27,-0.219646361986,9.8110551252,农化制品,2026-04-29
1865,600593,大连圣亚,-0.0632,84316729.67,-7.878030558,8.0641,-8145669.71,-738.54,95.3543,1.09011625528,-5.6379,0.076947022904,40.3690598452,旅游及景区,2026-04-29
1866,600590,泰豪科技,0.04,956254787.46,8.2921173094,-46.0738,34737573.51,751.84,104.3924,3.735554415361,1.11,-0.231385035323,20.6755242173,其他电源设备Ⅱ,2026-04-29
1867,600584,长电科技,0.11,9335146486.99,36.4383328133,-15.0096,203363562.72,50.39,-61.8607,15.539755657533,0.73,0.639571629279,12.6334720607,半导体,2026-04-29
1868,600579,中化装备,-0.05,224042058.35,-90.182387527,-91.487,-24368155.71,-164.85,97.8296,3.3655559634,-1.47,0.071468384864,13.8534180674,专用设备,2026-04-29
1869,600561,江西长运,-0.09,336849781.89,3.9510404695,-27.5591,-26437647.83,-7.0906332919,-405.8084,3.123036979958,-2.94,0.089402605169,-11.5914919407,铁路公路,2026-04-29
1870,600560,金自天正,0.03,107469169.47,-23.5179567702,-58.1489,7415137.2,-37.02,-48.438,4.252851168032,0.78,-0.481469652866,23.7397920593,专用设备,2026-04-29
1871,600556,天下秀,0.0074,896709381.9,-7.085600295,-12.1762,13332627.11,-8.8,195.7274,2.128920863502,0.35,-0.035085815855,18.0983496678,广告营销,2026-04-29
1872,600548,深高速,0.203,1771765261.39,-13.0628352582,-47.6724,478007244.1,1.5,308.7676,9.084974715574,2.42,0.386497547503,37.9070416723,铁路公路,2026-04-29
1873,600545,卓郎智能,-0.0535,641084000.0,-23.8400494203,-46.3105,-95679000.0,-183.3086580599,-1112.8153,1.737732961255,-4.1,-0.005630030309,11.4836745263,专用设备,2026-04-29
1874,600538,国发股份,0.01,78612049.21,-10.2328621121,2.108,3144410.97,125.4443543525,104.3093,1.485184642474,0.4,-0.042918058681,20.2094127931,医疗器械,2026-04-29
1875,600531,豫光金铅,0.2099,10395324263.08,21.2915239052,0.6575,228802305.78,35.38,-9.5739,5.227087928612,4.07,-0.8558857871,5.3114157052,工业金属,2026-04-29
1876,600530,ST交昂,-0.009,73412200.59,-2.8300305655,-16.8467,-6884668.5,-107.4131217498,-128.9955,0.411431301747,-2.14,-0.034745639743,27.0455547449,食品加工,2026-04-29
1877,600525,ST长园,-0.0689,1397010526.49,-15.3015322698,-40.8537,-90816550.64,-650.55,90.2349,2.87615653662,-2.37,-0.041083797355,33.9364490976,电网设备,2026-04-29
1878,600512,腾达建设,0.04,699462337.55,-7.4573008184,-49.0077,58718900.09,-49.23,145.1122,3.900525869436,0.94,-0.29835571614,9.6271146,基础建设,2026-04-29
1879,600503,华丽家族,0.0008,79241234.64,-30.5582957929,-11.94,1348809.02,-90.89,103.7351,2.235516842276,0.0377,-0.037874289879,47.7367251935,房地产开发,2026-04-29
1880,600500,中化国际,-0.11,10802565900.58,-7.0085622823,-19.5872,-396244947.94,-38.6413817617,82.9226,3.401518658183,-3.2,0.105580139333,3.0567918239,化学制品,2026-04-29
1881,600497,驰宏锌锗,0.0971,5144124667.46,10.1015774284,23.9335,494373172.45,1.4,372.8907,3.286265417744,2.9931,0.222376031362,19.7096001039,工业金属,2026-04-29
1882,600496,精工钢构,0.0624,4819515658.31,41.1618990757,-25.2286,124142613.62,27.34,243.0808,4.411897952563,1.38,0.18182132724,9.1617765117,专业工程,2026-04-29
1883,600495,晋西车轴,0.0065,372882914.57,52.6735470472,-15.3724,7818862.45,133.1092522476,-54.187,2.707530023538,0.24,0.029296696358,12.8812786221,轨交设备Ⅱ,2026-04-29
1884,600489,中金黄金,0.21,14859313309.95,12.8777380737,-23.8425,1038462806.87,32.65,39.7943,5.870616097231,3.72,-0.404347417418,19.6402989749,贵金属,2026-04-29
1885,600479,千金药业,0.1254,1005023395.38,0.4279342912,9.8196,53155316.53,15.06,-15.1958,5.937400600769,2.13,-0.293324902796,47.231914484,中药Ⅱ,2026-04-29
1886,600475,华光环能,0.1369,1964636183.73,-32.2461697346,4.4563,129026633.3,-30.77,-42.135,9.367360124748,1.45,0.657807105206,20.3425897405,电力,2026-04-29
1887,600468,百利电气,0.0294,495374881.56,-2.1361139726,-9.0972,31975942.53,-8.05,115.054,1.800016315329,1.65,-0.100722237427,22.8076953648,电网设备,2026-04-29
1888,600463,空港股份,0.01,152833618.1,-6.1293475606,-38.1886,3754340.46,161.7701342229,110.4851,3.289506129267,0.37,-0.256883313433,33.1887108743,房地产开发,2026-04-29
1889,600455,博通股份,0.2537,74448603.11,4.6709194596,-1.5085,15843885.02,60.7,64.4506,4.748277051298,5.489,-1.245930360242,64.2607533271,软件开发,2026-04-29
1890,600452,涪陵电力,0.06,708592346.85,-4.086903067,0.053,89856979.33,-16.29,-4.7339,3.516663318221,1.68,0.05089819181,16.7922973539,电力,2026-04-29
1891,600444,国机通用,0.082,167219845.17,3.2277518406,-19.2503,12003871.75,20.58,13.114,4.923753309374,1.68,-0.02957141885,12.4818351726,专用设备,2026-04-29
1892,600439,ST瑞贝卡,0.0056,305163351.31,11.257275195,-17.0602,6360600.31,18.59,104.9858,2.332630944334,0.23,0.080586042467,41.3241145992,饰品,2026-04-29
1893,600428,中远海特,0.161,5196010995.19,51.470747131,9.6893,345342532.73,1.56,5.1714,5.980577915162,2.71,0.371609859976,19.4355814101,航运港口,2026-04-29
1894,600418,江淮汽车,-0.1,9818234691.82,-12.9776218799,-1.1367,-223002941.67,-311.39,90.744,5.124175917662,-1.98,-0.59269454874,10.0250937063,商用车,2026-04-29
1895,600395,盘江股份,-0.049,2481915365.01,27.3317687654,1.2603,-104571819.2,-590.37,-251.6117,4.837064076007,-1.008,0.042061979702,17.2801773641,煤炭开采,2026-04-29
1896,600369,西南证券,0.04,613823621.28,5.0150932128,-23.3709,245545239.72,6.98,13.4798,3.907470519673,0.95,-0.620217408512,,证券Ⅱ,2026-04-29
1897,600362,江西铜业,0.57,110955154641.0,-9.4366613944,-10.3982,1952431637.0,13.85,-1.2925,23.103682506926,2.47,0.160965208543,4.424899272,工业金属,2026-04-29
1898,600336,澳柯玛,0.0518,2205112404.42,-13.796044712,53.7259,41358438.67,29.37,180.5391,3.109792426749,1.68,-0.218507437949,14.2068770559,白色家电,2026-04-29
1899,600327,大东方,0.045,920892642.43,-8.5524768884,4.5378,39931980.96,78.14,169.8174,3.837163751015,1.16,0.028762351764,19.4628974239,一般零售,2026-04-29
1900,600326,西藏天路,-0.09,338632122.68,10.7632497179,-69.0438,-124040094.79,-68.7276249312,-223.7584,2.792919977994,-3.28,-0.128363877063,0.5230800569,水泥,2026-04-29
1901,600323,瀚蓝环境,0.52,2600616022.88,-4.2410806714,-17.5697,420064646.72,10.26,50.7654,16.957691001484,3.09,0.731502130161,32.276228691,环境治理,2026-04-29
1902,600283,钱江水利,0.1,491383957.36,7.8095571076,-35.1636,53849906.42,77.44,8.1321,5.556114324475,1.74,-0.009740792268,39.857371344,环境治理,2026-04-29
1903,600280,中央商场,0.002,646930404.25,2.1540676306,30.602,1882869.18,-69.76,101.5394,0.595032407704,0.28,0.086347820112,50.1636154412,一般零售,2026-04-29
1904,600279,重庆港,-0.0073,1109949399.14,-20.3024131322,20.7432,-8716728.31,-213.9784591938,-101.9184,5.669226790504,-0.0026,0.058144805222,8.876562015,航运港口,2026-04-29
1905,600278,东方创业,0.06,8444109048.25,-3.4448860772,-18.5253,55628692.4,-7.75,96.0485,8.569308388861,0.83,-0.62413086717,4.5247789545,贸易Ⅱ,2026-04-29
1906,600262,北方股份,0.37,880967399.98,6.4051143736,-13.1706,63462155.57,22.19,-10.0552,9.967027966176,3.82,3.810090610471,16.7315844234,专用设备,2026-04-29
1907,600259,中稀有色,0.14,1506361190.27,-14.0494452208,-60.9487,47271220.42,115.5521111287,305.701,10.132631674663,1.13,-0.102688078214,3.187654054,小金属,2026-04-29
1908,600258,首旅酒店,0.1278,1765413982.68,-4.3373948246,-5.2112,142704757.44,18.37,71.6666,10.604172763421,1.21,0.603112935553,35.3589156716,酒店餐饮,2026-04-29
1909,600255,鑫科材料,0.005,1023937586.47,13.752260066,-6.0917,8932145.58,5.42,-60.3887,0.79706076363,0.62,-0.073580437407,7.1053330116,金属新材料,2026-04-29
1910,600249,两面针,-0.0258,239980888.7,15.4893518307,-8.288,-14169477.46,-1011.748562757,-385.4913,3.945963037473,-0.65,0.022709666436,17.510146957,个护用品,2026-04-29
1911,600239,ST云城,-0.02,419118271.18,-3.1490458644,-24.1287,-36627428.81,32.2921935537,45.6794,0.797900290124,-2.82,0.063390635272,30.5534831563,房地产开发,2026-04-29
1912,600234,科新发展,0.0064,51479534.35,1268.9491405399,-76.3121,1681714.5,122.8843871637,-94.0995,1.792609249814,0.36,-0.027552569028,13.521344468,装修装饰Ⅱ,2026-04-29
1913,600217,中再资环,-0.0012,754591380.08,46.2377898777,-32.8916,-2046233.2,-156.95,94.99,2.078084051149,-0.06,0.201007972478,6.1453429186,环境治理,2026-04-29
1914,600211,西藏药业,0.84,712108915.5,1.1200647134,12.8058,269280367.86,-13.95,3.8004,12.723512719733,6.74,0.96118986835,94.7558505676,生物制品,2026-04-29
1915,600210,紫江企业,0.112,2362905046.49,5.3427652065,-31.4964,169266605.02,7.75,-39.8163,4.171190784765,2.71,0.061365859269,21.6287588534,包装印刷,2026-04-29
1916,600207,安彩高科,-0.0984,1012148217.81,-22.6815296131,15.1904,-107211222.84,-3846.3452770676,59.3565,2.392010461719,-3.98,-0.225156340124,-4.3171091478,光伏设备,2026-04-29
1917,600199,金种子酒,-0.0592,296051937.04,-29.4135942308,148.1787,-38927701.4,-320.62,75.3721,3.240913758638,-1.81,-0.109097793455,41.6959941773,白酒Ⅱ,2026-04-29
1918,600196,复星医药,0.29,9420322797.34,-7.2552323046,-7.2374,764757750.06,25.42,0.7262,17.940013022688,1.61,0.395189390844,47.7693477661,化学制药,2026-04-29
1919,600189,泉阳泉,0.007,307040872.56,31.7397089362,2.7374,5109271.76,190.2296139768,133.4436,1.700709768279,0.42,0.151417413662,33.6527038008,饮料乳品,2026-04-29
1920,600188,兖矿能源,0.2771,33966917000.0,-14.3074621059,-6.7087,2782369000.0,-27.89,-10.2595,6.208428902395,3.17,0.355156546008,31.9269894292,煤炭开采,2026-04-29
1921,600183,生益科技,0.24,5611370948.47,26.8605175622,-0.5699,563647263.06,43.76,53.8239,6.423104032566,3.7,0.111632806877,24.60087772,元件,2026-04-29
1922,600180,*ST瑞茂,0.0317,5136783715.87,-26.3100812721,-42.6243,34122302.27,-67.02,158.1172,7.285305534253,0.43,-0.489629263503,4.6896743687,物流,2026-04-29
1923,600168,武汉控股,0.03,1021807615.18,26.2973189056,10.9,31249805.22,-36.64,101.0394,5.377343923156,0.59,0.07286461298,18.7484097842,环境治理,2026-04-29
1924,600167,联美控股,0.2779,1698416238.8,-1.0632889965,40.163,618094108.13,9.56,309.8483,5.040347432717,5.57,-0.113800447849,49.3022357012,电力,2026-04-29
1925,600160,巨化股份,0.298,5800398312.94,6.0465910543,-11.5249,803837703.86,160.64,15.2165,6.895716110411,4.41,0.180102454309,28.4173451736,化学制品,2026-04-29
1926,600151,航天机电,-0.0078,915770168.28,-34.2636171231,-23.5561,-11179203.64,76.5719633371,63.9761,3.388152462057,-0.2302,0.041427743507,7.6303379418,汽车零部件,2026-04-29
1927,600141,兴发集团,0.28,7228421912.2,4.9399385483,13.8964,310585558.06,-18.61,8.1886,19.78110894717,1.43,-0.31961575419,12.9333907479,农化制品,2026-04-29
1928,600135,乐凯胶片,-0.0517,289979103.84,-18.0671940625,-24.8134,-28596200.17,-45.4179430969,-483.0502,4.413032354732,-1.1648,-0.141124269129,13.4090090062,塑料,2026-04-29
1929,600128,苏豪弘业,0.0137,1998165570.52,19.4244878795,14.0636,3373984.36,11.08,211.2594,8.622847176918,0.1587,-1.296563656762,3.3979096398,贸易Ⅱ,2026-04-29
1930,600111,北方稀土,0.1191,9287010012.19,61.1850449689,-18.5823,430626962.99,727.3,-28.1033,6.326366699301,1.9,0.11344963603,11.2089249321,小金属,2026-04-29
1931,600101,明星电力,0.1328,776971780.58,11.3808957745,9.8385,72770843.96,4.25,602.0466,5.595162008186,2.4,0.124737743352,13.5894049461,电力,2026-04-29
1932,600100,同方股份,-0.01,2019043512.87,-31.1964587176,-72.9509,-19972289.66,87.4443702475,-536.0585,4.859083556617,-0.12,-0.258397465163,28.9794371345,计算机设备,2026-04-29
1933,600097,开创国际,0.05,583352435.34,5.0432683841,-0.4174,12919084.68,70.33,-71.1701,9.415586954573,0.57,0.145924902289,32.4571894158,渔业,2026-04-29
1934,600088,中视传媒,-0.023,88571741.19,-18.4524838327,-87.6257,-9053770.14,-187.19,86.4448,3.212517069904,-0.71,-0.443412584736,12.3950632928,影视院线,2026-04-29
1935,600082,ST海泰,-0.0212,7784799.42,-35.1461080493,-97.446,-13711951.41,7.7671082603,-123.6365,2.727559013993,-0.78,0.068391287648,45.6848758474,房地产开发,2026-04-29
1936,600080,ST金花,0.0034,107322617.51,-7.3121223757,-35.5538,1215305.87,-94.93,-97.2279,4.183857988294,0.0778,-0.325149162409,76.2164473228,中药Ⅱ,2026-04-29
1937,600073,光明肉业,0.18,6154272980.02,8.4589185501,9.8473,165685581.14,66.82,200.2408,5.397156320336,3.33,-0.458058557031,14.3759094248,食品加工,2026-04-29
1938,600060,海信视像,0.424,13375476796.65,5.3060966924,-25.1938,553394605.68,18.61,-40.8509,15.499320621211,2.78,0.930731245792,15.928720149,黑色家电,2026-04-29
1939,600056,中国医药,0.1154,8527171982.91,-2.8225446212,2.6603,172569266.59,14.27,88.3836,8.013866233992,1.42,-0.984375148162,10.5636285942,医药商业,2026-04-29
1940,600037,歌华有线,0.0247,455672436.18,-13.9494575629,-38.9816,34350572.57,470.208727185,159.7535,9.157267610749,0.27,0.002505196684,10.356260393,电视广播Ⅱ,2026-04-29
1941,600036,招商银行,1.48,83751000000.0,-3.0850411377,-1.2126,37286000000.0,-2.08,5.9051,42.258564631245,3.5325,3.767882632831,,银行Ⅱ,2026-04-29
1942,600028,中国石化,0.109,735356000000.0,-6.9130735841,3.8608,13264000000.0,-27.6,118.6614,6.883255553174,1.6,0.067099816956,15.6609859714,炼化及贸易,2026-04-29
1943,600027,华电国际,0.17,33646986000.0,8.7071465666,-5.7003,1985800000.0,3.66,253.4369,4.328913511247,3.86,1.06321076941,10.1577181386,电力,2026-04-29
1944,600025,华能水电,0.08,5384785431.51,21.8353163832,-1.4493,1508225430.7,41.56,40.7795,3.362122314448,2.03,0.167606465526,54.8763822591,电力,2026-04-29
1945,600017,日照港,0.05,1823066727.61,-8.2240311362,-16.3803,151577337.94,-17.8,673.4363,4.528874223041,1.09,0.085215487989,23.3365167532,航运港口,2026-04-29
1946,600012,皖通高速,0.3323,2821340301.98,95.3311077517,37.7351,551150344.38,5.19,23.0528,7.295808370039,3.32,0.524737284666,27.6411418687,铁路公路,2026-04-29
1947,600011,华能国际,0.27,60334914635.0,-7.6980417589,-1.3413,4972738942.0,8.19,1892.4841,3.941530296832,7.15,1.108152760095,19.0450864139,电力,2026-04-29
1948,600010,包钢股份,0.001,15433215974.75,-13.0416265672,-15.3143,44964320.33,-29.33,-94.2432,1.147344064314,0.09,-0.021798037269,8.2506289744,普钢,2026-04-29
1949,600006,东风股份,0.0756,2628304485.68,-20.0269477616,-11.1658,151212615.7,7.92,5.1506,4.213805615745,1.81,-0.39873128591,6.270510768,商用车,2026-04-29
1950,430719,九鼎集团,-0.01,76790186.55,181.1315551481,104.3542,-91062642.26,64.15,93.6412,1.249804066817,-0.48,-0.006930958469,15.8604654175,,2026-04-29
1951,420244,建车B3,-0.0129,167096539.49,22.1518027545,-4.737,-1542062.55,89.37,98.7847,-1.05029403845,,-0.392401518157,12.0736688274,,2026-04-29
1952,400294,观典5,-0.04,13163703.83,-60.5138454834,-16.2785,-16530780.44,-96.4810409317,77.9796,2.219288153103,-1.99,-0.047554688386,16.1031621296,,2026-04-29
1953,400293,万方3,-0.0081,101054289.56,265.8992656594,-64.1714,-2521912.92,27.62,4.5881,0.47374709067,-1.73,-0.0565176637,2.9433380443,,2026-04-29
1954,400291,立方3,-0.027,43628581.6,151.4821769551,17.1484,-17332325.84,-10.66,76.3957,0.385226346794,-6.87,-0.001629887023,7.7224533928,,2026-04-29
1955,400214,世茂3,0.01,2617291856.31,153.2476754196,-2.669,52572161.57,181.5432864275,100.4377,-1.172335656609,,-0.021320777477,45.3430332956,,2026-04-29
1956,400199,阳光城3,-0.27,671745427.42,-85.6442533006,-96.1347,-1136848307.87,-2.7816337019,91.3792,-5.75511282638,,0.144791221384,2.0437337196,,2026-04-29
1957,400195,泰禾3,-0.41,456575346.74,-1.2909725954,-92.5291,-1015077722.75,-78.0844339762,94.6567,-9.97425704228,,0.258981781472,6.7628836556,,2026-04-29
1958,400165,蓝光3,-0.3454,701335125.84,-75.1754624182,-78.5537,-1048271110.07,-7.9119977095,79.1821,-16.776659413816,,0.019760067667,1.7693782349,,2026-04-29
1959,400134,金刚5,-0.0093,70467271.03,,,-9729542.07,,,,-0.85,-0.005198204132,18.1747834602,,2026-04-29
1960,400093,千山3,-0.04,18549979.82,-39.4144138645,-66.8867,-15310060.49,-254.84,-87.0951,-13.270836083298,,-0.000800506824,14.8139658192,,2026-04-29
1961,400082,华锐5,0.0006,426866272.46,12.4153377249,-68.6957,3606729.81,-64.43,-87.5522,0.29548140226,0.2,-0.033412399585,21.427547176,,2026-04-29
1962,302132,中航成飞,0.0586,3308640285.35,-81.1040412128,459.5688,156494308.41,-89.5,1623.1151,7.323124578059,0.8,0.781954829715,11.0532694436,航空装备Ⅱ,2026-04-29
1963,301696,三瑞智能,0.23,193628501.7,,-0.8272,82704128.07,,8.2242,,10.35,,60.6526108961,航空装备Ⅱ,2026-04-29
1964,301687,新广益,0.224,141830457.59,10.5186462815,-17.881,24612431.15,-15.2811652594,-14.218,,3.56,,30.9735937728,塑料,2026-04-29
1965,301683,慧谷新材,1.1979,238775107.46,,7.9975,56707084.67,,44.0387,,5.47,,42.756109427,化学制品,2026-04-29
1966,301668,昊创瑞通,0.4045,217979415.65,3.2893738604,12.3678,33208523.53,4.4624976172,65.6692,,7.33,,27.2987281081,电网设备,2026-04-29
1967,301667,纳百川,0.18,337172103.82,,-35.6806,14885419.07,,-70.4358,7.677783184203,2.34,-0.674938022524,14.1644636519,汽车零部件,2026-04-29
1968,301666,大普微,-0.32,297019044.01,,12.9973,-123760903.49,,-6.1326,,-16.41,,5.4938191941,计算机设备,2026-04-29
1969,301662,宏工科技,0.29,259273691.29,-44.5031690317,-58.9407,17337179.46,-62.88,-82.0106,17.262276252,1.69,1.7750780855,25.8130624156,电池,2026-04-29
1970,301658,首航新能,0.14,654789831.51,-9.0348477411,-1.5468,52484194.65,7.01,27.2981,7.582486714716,1.96,-0.228022044584,27.9748263588,光伏设备,2026-04-29
1971,301638,南网数字,0.0038,572752137.66,,-85.6175,10234863.34,,-98.3322,,0.13,,41.693186469,IT服务Ⅱ,2026-04-29
1972,301636,泽润新能,0.687,216427379.73,16.3288787323,-6.3001,32907367.69,14.74,3.5485,13.016379679516,5.43,-1.084581134826,23.8494124839,光伏设备,2026-04-29
1973,301633,港迪技术,-0.09,60779665.37,-5.498853194,-73.4342,-5191864.98,-878.31,-114.2864,16.534773163973,-0.56,-2.093830958872,35.4466299195,自动化设备,2026-04-29
1974,301631,壹连科技,0.66,958094589.76,22.5688120561,-19.176,60151014.75,-0.16,21.6198,36.886828809867,2.53,3.161365569006,14.6945466298,汽车零部件,2026-04-29
1975,301618,长联科技,0.1801,135751952.94,2.7140547795,-2.3714,16246865.52,-15.89,16.6431,14.706170031145,1.73,-0.167591282109,32.8453469761,化学制品,2026-04-29
1976,301602,超研股份,0.1,98432423.04,28.6855829846,-14.1398,39321956.98,47.7,-26.1642,3.020058516754,3.43,0.0888078404,73.8332818958,医疗器械,2026-04-29
1977,301600,慧翰股份,0.4142,216295307.1,16.8533765115,-24.6663,43298021.06,30.67,6.655,19.109402203136,3.28,-1.469895615253,29.3264392235,计算机设备,2026-04-29
1978,301599,理奇智能,0.23,635509947.12,,-30.5175,85218960.95,,-43.3271,,8.46,,28.7898262032,自动化设备,2026-04-29
1979,301590,优优绿能,1.95,360554012.52,6.4669557536,-17.2939,61377338.16,-14.66,-0.9904,34.498424167937,5.81,-0.850520644127,31.2863647617,其他电源设备Ⅱ,2026-04-29
1980,301588,美新科技,0.14,212687454.17,-0.780388709,12.6247,16150006.29,-9.64,-5.3301,7.914435454968,1.73,-0.2857764973,32.916274866,家居用品,2026-04-29
1981,301586,佳力奇,0.1326,182325425.47,69.7567011428,-4.4277,11006446.99,-55.94,-49.5256,15.205701582189,0.88,-0.992228220177,20.6193651177,航空装备Ⅱ,2026-04-29
1982,301585,蓝宇股份,0.13,95041860.84,-10.1260891898,-21.1149,13375111.51,-46.81,-27.349,12.039176584,1.4,-0.139903460125,31.8694217183,化学制品,2026-04-29
1983,301580,爱迪特,0.4108,205392055.0,18.0677325123,-16.8573,31271385.8,34.21,-20.618,26.500684346721,1.56,0.292540768436,50.9951221677,医疗器械,2026-04-29
1984,301568,思泰克,0.1776,77235744.6,22.5069606143,-41.7751,18334702.23,25.98,-26.4735,9.864213534976,1.82,0.026521593691,51.182916051,自动化设备,2026-04-29
1985,301565,中仑新材,0.08,479424728.19,-15.0609765062,-27.5264,30249202.61,-45.14,1548.5365,5.936268963551,1.28,-0.44440738604,15.1863070153,塑料,2026-04-29
1986,301560,众捷汽车,0.22,250601163.43,17.7431703543,-1.286,20371927.26,49.31,-26.2713,5.351532809759,4.27,-0.052417090241,23.7660981118,汽车零部件,2026-04-29
1987,301558,三态股份,0.0178,402865974.97,3.4773826359,-19.6701,14004424.28,-53.47,148.907,1.695024120575,1.05,0.010577395581,31.5936403538,互联网电商,2026-04-29
1988,301522,上大股份,0.0611,582077985.64,-6.0529511381,-6.9871,22715588.42,-38.73,-38.3716,4.942483051808,1.21,-0.348601106106,12.0503157,金属新材料,2026-04-29
1989,301510,固高科技,0.02,103642288.5,21.7600056464,-15.1631,7794165.72,65.0,-62.9091,3.461702176371,0.57,0.017502355316,48.563830487,自动化设备,2026-04-29
1990,301503,智迪科技,0.34,304768703.09,32.8955508353,-16.0393,27477872.04,38.47,-42.1758,13.66762872425,2.55,0.65882838,17.1030582837,计算机设备,2026-04-29
1991,301502,华阳智能,0.14,113166954.09,2.8596499363,1.7176,7867033.66,1.0,-6.9328,14.610423709478,0.95,-0.349997604562,17.6582159171,电机Ⅱ,2026-04-29
1992,301499,维科精密,0.0869,226372660.03,14.8307388183,-8.7755,12008109.58,22.37,-20.2426,9.218224850328,0.95,0.262977550389,18.4246522148,汽车零部件,2026-04-29
1993,301486,致尚科技,0.19,266132095.16,52.5440311714,7.1042,23585500.71,64.57,211.5603,19.50701873373,0.94,-0.076266792311,33.4008915522,消费电子,2026-04-29
1994,301398,星源卓镁,0.1512,88337757.48,7.2758742914,-26.7576,16939469.01,-4.08,-30.1493,14.0480387955,1.52,0.062459587625,33.712835994,汽车零部件,2026-04-29
1995,301396,宏景科技,0.1974,352184746.2,662.7420568919,12.3886,21651236.47,334.14,148.2465,11.092367154115,1.8,0.119509152724,15.3554320519,IT服务Ⅱ,2026-04-29
1996,301391,卡莱特,0.03,105567947.6,-26.0387214156,-51.3639,3151100.58,-83.32,-58.78,21.851897469964,0.15,0.527006176437,47.2639820271,计算机设备,2026-04-29
1997,301383,天键股份,0.02,435683547.94,5.221262335,-20.7996,3479490.35,-91.38,-92.0922,12.697633634862,0.17,0.144048983361,11.4394612203,消费电子,2026-04-29
1998,301380,挖金客,0.24,255730423.78,37.0405016518,-16.9965,17070434.56,36.66,-45.8015,10.620548309511,2.33,-0.156272649003,16.3787895593,通信服务,2026-04-29
1999,301376,致欧科技,0.28,2091255102.87,13.5558097052,-12.7192,110895216.95,10.3,97.8869,8.337154975467,3.37,1.70927655741,35.3910716959,家居用品,2026-04-29
2000,301370,国科恒泰,-0.02,1738389865.52,1.3967942856,-6.8872,-8952497.24,-132.43,-128.9764,5.244312595453,-0.36,0.845411491798,9.2676903447,医疗器械,2026-04-29
2001,301365,矩阵股份,0.02,108824366.26,-1.7191038905,-26.06,3859180.65,10.38,135.0431,9.840641846056,0.22,0.090051983778,30.8503602399,工程咨询服务Ⅱ,2026-04-29
2002,301362,民爆光电,0.58,403419250.16,15.6587799642,-1.6136,60293824.47,18.45,38.6394,24.912751923951,2.34,0.837314189357,28.6312992561,照明设备Ⅱ,2026-04-29
2003,301356,天振股份,0.13,412244044.06,168.7308257989,15.0823,27472581.08,375.16,433.843,13.753773250463,0.93,-0.01149835088,16.9036918893,家居用品,2026-04-29
2004,301355,南王科技,0.04,375424377.73,24.1258052866,-8.7728,7165340.92,-61.2,932.2366,7.821013788112,0.47,0.012058458714,12.8748459603,包装印刷,2026-04-29
2005,301353,普莱得,0.17,227286136.13,23.8751544001,0.8351,17762417.07,4.75,133.8891,16.868052730658,1.38,0.186613567105,30.6635114075,通用设备,2026-04-29
2006,301345,涛涛车业,0.79,639259166.21,22.9592258835,-15.4891,86210358.92,69.46,-33.6347,29.580764686446,2.7,2.028585184877,37.2297863543,摩托车及其他,2026-04-29
2007,301336,趣睡科技,0.24,75166036.56,25.7608717432,-51.3838,9579437.78,24.16,-3.2652,20.5845801065,1.17,-0.0206676955,25.259392405,家居用品,2026-04-29
2008,301330,熵基科技,0.1518,413684716.15,3.5045202743,-28.712,29462660.08,11.88,-52.7597,17.215944204828,0.88,0.594158494633,50.9614797598,计算机设备,2026-04-29
2009,301329,信音电子,0.08,196403072.9,5.6445028404,8.0826,13809218.79,-20.46,-34.4098,9.274315964689,0.88,0.104121160987,23.1949992571,消费电子,2026-04-29
2010,301326,捷邦科技,-0.1558,165659267.81,1.6573718438,-16.8058,-11244534.21,-121.43,44.0708,17.462746362284,-0.89,0.149698943502,24.2843371288,消费电子,2026-04-29
2011,301325,曼恩斯特,0.04,438099607.17,139.2024103952,-34.5155,5600000.57,-90.24,116.7375,19.995303403176,0.19,-0.970235353144,26.5041435919,电池,2026-04-29
2012,301320,豪江智能,0.09,210882548.78,6.6988270375,-9.7425,16247446.5,28.98,492.661,5.829570128698,1.55,0.437988143157,25.5006688373,自动化设备,2026-04-29
2013,301317,鑫磊股份,2.5,127632164.64,-22.7774005288,-52.2105,393663628.03,3015.05,2262.0234,9.17522768115,31.64,-0.315151344742,20.2510302265,通用设备,2026-04-29
2014,301316,慧博云通,0.0104,505760744.75,37.4632286408,-5.7123,4162722.07,-72.13,-84.8119,2.50609028802,0.41,-0.234428041807,19.1246849689,IT服务Ⅱ,2026-04-29
2015,301313,凡拓数创,-0.22,133314742.09,75.3454066355,9.7148,-22619206.35,38.17,62.4829,7.541328560062,-2.83,-0.046193720426,25.7874830203,数字媒体,2026-04-29
2016,301312,智立方,0.29,160525036.73,98.7773507927,14.748,24904973.87,488.96,64.8987,13.970923426659,2.06,-0.368971820561,29.2912563596,自动化设备,2026-04-29
2017,301300,远翔新材,0.2719,111200818.54,11.0882911223,-10.6747,17025586.99,149.54,14.1941,12.642124581655,2.11,0.09556263511,26.5189824204,橡胶,2026-04-29
2018,301297,富乐德,0.12,737980263.93,342.1265147907,-2.7284,66255724.24,9.82,-1.8903,4.598916170897,2.04,-0.033481101894,30.0120995473,半导体,2026-04-29
2019,301295,美硕科技,0.08,186851021.88,49.296364688,-1.8303,8182602.64,-6.19,1715.6068,9.583738799901,0.85,-0.19463820754,17.0349615805,电网设备,2026-04-29
2020,301293,三博脑科,0.19,393473847.68,16.7819364963,6.1551,38313576.61,14.56,7916.4882,11.344185537264,1.65,0.000663074119,26.4382376372,医疗服务,2026-04-29
2021,301291,明阳电气,0.36,1305573471.21,26.2146166864,-44.532,112261685.91,25.01,-50.5124,15.345369576393,2.37,-2.050307028347,21.7836747155,电网设备,2026-04-29
2022,301286,侨源股份,0.1398,256113644.34,10.2361260229,-12.0798,55432621.21,103.62,170.7047,4.523467204174,3.11,0.055900844939,32.8432838581,化学制品,2026-04-29
2023,301283,聚胶股份,0.45,503020401.44,4.8007228789,-9.9764,35516984.5,13.62,218.2938,19.388465326625,2.33,2.613178544875,16.7438985136,化学制品,2026-04-29
2024,301280,珠城科技,0.4,448392925.89,24.5079387727,-3.9119,53924241.97,12.49,6.5344,19.12386004958,2.94,-0.76894624724,24.4484149527,家电零部件Ⅱ,2026-04-29
2025,301278,快可电子,0.1236,228376442.92,-11.3213165654,43.2802,10302653.13,-74.16,2.831,15.300917731233,0.53,-0.030867384212,11.2032582796,光伏设备,2026-04-29
2026,301260,格力博,0.3627,1535488273.72,-6.1375504706,6.2001,177843328.64,36.93,126.2712,9.648414388682,3.91,-0.535004510433,35.1053615775,专用设备,2026-04-29
2027,301259,艾布鲁,0.0546,57130730.06,134.5442965004,-20.1188,8510093.41,316.08,216.2316,5.402370855833,1.01,0.079689502244,31.1230354685,环境治理,2026-04-29
2028,301257,普蕊斯,0.09,176466917.68,-4.3709123803,-15.9975,7431617.71,-67.32,-78.2478,14.849493337446,0.63,-0.45359126287,16.2333466446,医疗服务,2026-04-29
2029,301246,宏源药业,0.0224,433455447.87,1.7348484887,-3.3521,8886072.24,-71.52,-42.0075,10.89256262021,0.21,-0.308964764699,13.1200426294,化学制药,2026-04-29
2030,301231,荣信文化,0.0031,81971601.57,52.3269605577,19.4607,260655.57,104.68,101.3457,10.270867266706,0.03,-0.016895597867,44.0327988458,出版,2026-04-29
2031,301230,泓博医药,0.09,169429129.41,29.6065507778,10.6881,11973873.82,226.47,550.9136,7.495305275675,1.15,-0.013441890789,28.3891671624,医疗服务,2026-04-29
2032,301227,森鹰窗业,-0.09,63808512.06,-27.9566689017,-66.3192,-7975519.72,-353.01,18.2182,17.385832679761,-0.48,0.108842669733,20.4771830092,家居用品,2026-04-29
2033,301220,亚香股份,0.73,261583939.37,50.2827483032,18.3833,82168087.18,361.7,677.8926,21.203454057302,4.97,0.487111291337,31.575496496,化学制品,2026-04-29
2034,301215,中汽股份,0.0308,126536668.31,86.7765662871,-30.5448,40819723.66,23.92,-48.2576,2.179466373677,1.38,0.012505107358,57.7284252665,汽车服务,2026-04-29
2035,301210,金杨精密,0.08,324130734.97,26.5919960281,-15.834,9340328.97,-14.49,-52.4855,22.166666717603,0.51,-0.011829044568,12.0617292259,电池,2026-04-29
2036,301206,三元生物,0.12,150204941.37,-21.7252898062,-24.1317,24913986.7,2.75,4.0503,22.203036773677,0.55,0.201498704712,17.6404271047,化学制品,2026-04-29
2037,301205,联特科技,0.1442,235925674.16,31.015483967,-5.0458,18702761.74,499.92,-39.0716,11.836019172524,1.23,0.161348766417,25.1403718952,通信设备,2026-04-29
2038,301199,迈赫股份,0.2201,342233428.75,-8.5832302114,78.8613,41086773.48,42.75,114.8163,14.108951558872,2.21,-0.370941651492,21.1991255019,自动化设备,2026-04-29
2039,301196,唯科科技,0.6228,539491778.48,64.3747648333,12.3398,77392822.37,105.12,80.8286,25.656449488542,2.45,0.383386390545,30.4373635392,塑料,2026-04-29
2040,301185,鸥玛软件,0.06,30653555.45,-12.2717534291,-56.9597,9752344.86,7.21,-65.475,7.049038407914,0.91,-0.087756352531,69.9794868004,IT服务Ⅱ,2026-04-29
2041,301179,泽宇智能,0.03,162152871.54,14.8081589323,-74.461,12117067.4,-46.84,-86.048,7.231416689043,0.5,0.139751203177,26.9351093417,电网设备,2026-04-29
2042,301175,中科环保,0.0528,411907596.61,14.083382027,-11.0916,77674264.74,7.11,36.2163,2.491182159388,2.14,0.060082614235,39.4493029061,环境治理,2026-04-29
2043,301168,通灵股份,0.18,419364837.64,2.645228053,12.4185,20880674.01,-41.64,3671.9259,17.856021662833,1.03,0.413281665167,14.5078290022,光伏设备,2026-04-29
2044,301155,海力风电,0.29,436487320.44,251.4968661592,48.6317,63879126.65,-13.27,408.7487,25.198038135331,1.17,-0.78851557769,15.0534243134,风电设备,2026-04-29
2045,301149,隆华新材,0.13,1509309537.0,11.5156995691,16.4973,57124666.11,19.52,65.0085,4.594970815955,2.93,-0.139842611402,5.2274086127,化学制品,2026-04-29
2046,301139,*ST元道,0.09,306712740.12,-26.7779180881,72.7404,10636024.65,-47.67,344.904,16.040731274922,0.55,-1.031184086139,12.4670137879,通信服务,2026-04-29
2047,301133,金钟股份,0.1,233923977.66,-12.3637517509,-28.081,10919181.17,-59.59,-43.3945,9.511262663518,0.97,-0.669031893433,21.6719351804,汽车零部件,2026-04-29
2048,301132,满坤科技,0.19,340626195.09,43.0934909718,-4.5317,28189372.38,313.78,-19.0388,12.150555011492,1.55,0.245854618007,19.8819448229,元件,2026-04-29
2049,301131,聚赛龙,0.3307,360274965.61,5.7555976283,-31.6825,15802312.47,9.32,29.5431,17.842479525775,1.8,-0.964667352851,13.4000777957,塑料,2026-04-29
2050,301130,西点药业,0.1084,52219200.85,-21.716750867,-18.1821,8294245.85,-40.94,33.7293,11.9463857502,0.88,0.171824489113,76.4409967794,化学制药,2026-04-29
2051,301123,奕东电子,-0.03,440111918.18,12.9959255567,-7.7156,-6135853.63,-126.25,93.3158,12.186450492765,-0.22,-0.096738243664,13.0989623999,消费电子,2026-04-29
2052,301122,采纳股份,0.06,72709290.01,-34.2788637912,-24.0847,7680170.44,-69.34,276.2211,14.876296768512,0.42,0.204295654084,31.1541353889,医疗器械,2026-04-29
2053,301112,信邦智能,0.11,93743204.65,26.684252603,-59.6099,11851231.09,268.0903517027,423.4553,11.172299438724,-0.58,0.516624543697,25.514110574,自动化设备,2026-04-29
2054,301105,鸿铭股份,0.0807,46810837.5,-0.3612956109,5.1811,4033383.05,-7.18,129.4638,16.9361828492,0.48,0.125518251,35.4517398882,专用设备,2026-04-29
2055,301092,争光股份,0.18,133050946.32,12.6553028987,-13.9315,24237160.12,-7.41,-5.5316,14.258397607704,1.28,0.112362829973,30.8104370798,塑料,2026-04-29
2056,301085,亚康股份,0.2,283912593.37,-23.5913141376,55.3857,17117712.89,-24.57,157.8282,12.64470446378,1.55,-3.713914882368,18.6688723599,IT服务Ⅱ,2026-04-29
2057,301075,多瑞医药,-0.2,49443387.5,-36.9805925298,23.2758,-15598165.78,-514.76,65.7844,8.264156304625,-2.33,-0.20038264975,16.725764876,化学制药,2026-04-29
2058,301073,君亭酒店,0.01,162191937.58,1.2945386757,-6.1567,2856548.12,-38.7,-58.5195,5.023511051671,0.29,0.324353054187,27.9920826074,酒店餐饮,2026-04-29
2059,301067,显盈科技,0.05,166595748.11,-3.3953515811,-33.3064,4965990.26,689.47,103.8781,8.631003315336,0.59,0.118206963882,19.9509020531,消费电子,2026-04-29
2060,301062,上海艾录,0.0018,284115685.55,5.4702205542,-9.9186,778286.88,-97.26,107.7241,3.526252967717,0.05,0.002499181057,18.1244495496,包装印刷,2026-04-29
2061,301061,匠心家居,1.16,772512162.27,38.155620094,10.5097,194094105.2,60.41,-23.0133,22.533131666788,5.28,0.733979986678,37.2054675884,家居用品,2026-04-29
2062,301060,兰卫医学,-0.02,350884969.11,-19.603151557,-16.8817,-8080860.79,-854.01,88.2635,4.119794069915,-0.49,0.004139981599,19.952543025,医疗服务,2026-04-29
2063,301053,远信工业,0.15,178728163.91,28.6262326679,-16.5182,12450730.36,-4.07,-4.2238,7.98179115684,1.79,-0.159324825717,23.9572803207,专用设备,2026-04-29
2064,301051,信濠光电,-0.5191,421078745.98,-3.5734933508,-7.0648,-105252065.61,-270.31,28.239,13.092744972367,-4.65,-0.011665627736,-6.2964835706,消费电子,2026-04-29
2065,301048,金鹰重工,0.0656,465537481.47,-21.6259835311,-61.6964,34974543.66,-20.71,-59.2589,5.03156842206,1.31,0.165988594901,14.7586900443,轨交设备Ⅱ,2026-04-29
2066,301047,义翘神州,0.1861,155301016.24,1.9377309688,4.4238,22636414.0,-48.27,0.1063,47.608869680265,0.39,0.130370864011,74.1271205348,生物制品,2026-04-29
2067,301043,绿岛风,0.26,123196330.27,4.0861245918,-20.7345,17403260.41,-25.79,-28.3938,13.138256697353,1.97,0.171516367647,36.1679861668,通用设备,2026-04-29
2068,301038,深水规院,-0.1321,96522742.03,-11.399579298,-69.1932,-29462011.86,-125.25,-151.9232,5.036166842308,-3.35,-0.637795499009,-1.453985393,工程咨询服务Ⅱ,2026-04-29
2069,301026,浩通科技,0.2179,715487645.56,129.4603684548,153.2444,24750455.09,10.4,40.2532,13.470020883265,1.54,1.742027197223,3.4916411814,小金属,2026-04-29
2070,301024,霍普股份,-0.1388,15438698.49,-40.6529868157,-74.0048,-8825161.87,-338.96,83.7889,6.644758041834,-2.07,-0.180124764174,-5.771772281,工程咨询服务Ⅱ,2026-04-29
2071,301019,宁波色母,0.15,106951087.3,-6.4597956504,-15.5796,25127729.8,26.81,-12.856,6.695654556002,2.22,-0.034343821558,36.4560319622,塑料,2026-04-29
2072,301018,申菱环境,0.2,628483116.38,27.1791711001,-39.5219,54135208.79,7.34,298.2551,9.739097979075,2.11,-0.334825499445,21.9930286491,通用设备,2026-04-29
2073,301017,漱玉平民,0.06,2378617267.98,-2.4790682317,-4.5598,25623877.14,143.85,114.5907,4.750839401254,1.34,0.217979294805,25.8453130714,医药商业,2026-04-29
2074,301016,雷尔伟,0.0169,43949515.31,2.7432596704,-65.549,3686770.54,-16.24,-82.5205,6.730560835064,1.41,-0.127461323718,41.2353551164,轨交设备Ⅱ,2026-04-29
2075,301015,百洋医药,0.16,1840874860.51,-0.3806223803,-5.622,85012813.37,-54.36,68.0217,4.491351062483,3.67,0.570737563066,35.8181127569,医药商业,2026-04-29
2076,301007,德迈仕,0.07,150892215.43,-10.5963064948,-9.6632,10873539.12,-16.37,-16.5017,4.444697812182,1.61,0.097745510043,19.521880712,汽车零部件,2026-04-29
2077,301006,迈拓股份,0.0584,52664122.37,4.8266656446,-59.0041,8038693.86,6.07,-76.407,9.013364867533,0.64,0.143253831634,49.4742005325,通用设备,2026-04-29
2078,301004,嘉益股份,1.05,719506425.26,66.5234636824,-15.4723,151823558.26,41.26,-24.8209,19.800483487132,7.42,1.7245551521,33.8919223386,家居用品,2026-04-29
2079,300998,宁波方正,0.0526,298311267.91,51.0975731538,-11.4567,6291794.14,206.45,-14.8785,9.38545654357,0.49,0.061633411079,12.4178698577,汽车零部件,2026-04-29
2080,300994,久祺股份,0.18,690254249.63,30.3916808941,-30.9226,40840253.82,90.01,1.6577,5.17080027732,3.31,-0.305242313676,12.9839193816,摩托车及其他,2026-04-29
2081,300992,泰福泵业,0.2369,166545838.7,-2.9560270786,-27.045,21808242.5,115.04,415.3242,9.043505364317,2.44,0.659853441258,17.3875709451,通用设备,2026-04-29
2082,300985,致远新能,0.1197,424530820.32,0.0954057636,131.2347,22325146.39,4.18,109.3306,5.296549795327,2.28,-0.903994380215,17.9902025635,通用设备,2026-04-29
2083,300984,金沃股份,0.14,295996879.32,10.6464226399,-3.028,12310856.6,103.41,157.7652,11.513099991771,1.26,0.141098065789,14.3506817935,通用设备,2026-04-29
2084,300982,苏文电能,0.1777,419656209.53,-15.5622156959,-39.5977,36770668.29,-28.52,228.1254,14.738761574425,1.21,0.069719717735,16.0017794102,基础建设,2026-04-29
2085,300980,祥源新材,0.05,118563595.63,26.9813108777,-17.3442,7187233.17,30.88,53.7958,10.136221889003,0.51,-0.081216810904,25.6710769763,塑料,2026-04-29
2086,300979,华利集团,0.65,5353142750.48,12.3443797329,-17.5814,761920359.87,-3.25,-23.5848,15.511398102279,4.29,1.038088625287,22.8970607218,纺织制造,2026-04-29
2087,300972,万辰集团,1.1937,10820875514.95,124.0164761188,-7.6381,214852188.58,3344.13,2.5759,7.35490331925,17.74,3.968498407362,11.0169165236,休闲食品,2026-04-29
2088,300969,恒帅股份,0.37,202832135.57,-16.0425810733,-21.4414,41800780.5,-35.48,-16.7087,16.5586049135,3.21,0.621340570875,32.2173425312,汽车零部件,2026-04-29
2089,300966,共同药业,0.01,139216213.1,13.8988138011,-18.685,1082077.92,-69.5,108.0578,7.164460890399,0.12,-0.249604678167,24.2423324759,化学制药,2026-04-29
2090,300965,恒宇信通,0.0854,42127247.38,21.5791674826,-31.0854,5126308.75,-23.98,-31.6164,20.689541351333,0.41,-0.51122423,37.0284834879,航空装备Ⅱ,2026-04-29
2091,300964,本川智能,0.1338,170487355.82,39.2585660071,1.8657,10341506.43,43.71,302.5815,12.952212994146,1.04,0.23164071456,22.9769161482,元件,2026-04-29
2092,300962,中金辐照,0.0977,85631926.03,2.4042921594,-1.559,25801991.28,-13.52,98.774,3.6903914109,2.68,0.116603995008,62.5466332746,专业服务,2026-04-29
2093,300961,深水海纳,0.0576,77161001.78,-24.3647075012,27.3007,10210419.03,1218.7,104.1632,4.33058715546,1.34,0.021662182762,24.1842075006,环境治理,2026-04-29
2094,300959,线上线下,0.13,192580385.26,-43.5888102098,-23.5747,10299860.51,359.14,-42.504,14.421025372599,0.89,-0.129019212919,14.4940486916,通信服务,2026-04-29
2095,300953,震裕科技,0.43,1792743904.1,24.2402724586,-15.1837,72861040.92,38.9,-10.6396,30.512483548111,6.67,-0.395044766388,13.2812365523,电池,2026-04-29
2096,300949,奥雅股份,-0.16,88920815.91,-44.035136474,45.4117,-9325721.86,75.83,94.7708,11.347241302009,-1.35,0.558093155611,31.6641308583,基础建设,2026-04-29
2097,300948,冠中生态,-0.0267,22831969.21,-31.8660554087,2976.0462,-3733990.62,-73.63,94.1452,5.480522280895,-0.49,-0.121974902747,42.3627093705,基础建设,2026-04-29
2098,300947,德必集团,0.01,298584271.71,-4.6785680569,-4.4024,2007764.11,-77.27,-83.1212,8.403899908333,0.16,0.962944815104,30.4233960214,一般零售,2026-04-29
2099,300940,南极光,0.1335,185916350.35,265.537718983,-15.0718,29728963.23,367.01,34.0835,4.981818854644,2.72,0.010088944669,26.9662552248,光学光电子,2026-04-29
2100,300937,药易购,0.0437,1137614693.12,-8.0647271836,-0.6745,4183729.42,-54.65,72.3978,8.923850893355,0.49,0.320064990233,11.0480711448,医药商业,2026-04-29
2101,300933,中辰股份,0.0317,649883076.32,-0.2790221336,-20.1104,14903991.72,-3.42,255.6451,3.397682048614,0.89,-0.345735154761,12.4455394958,电网设备,2026-04-29
2102,300923,研奥股份,0.06,92271859.98,21.8862611469,-51.739,4578856.52,17.24,-80.5497,14.68315764173,0.4,-0.51556328117,25.288246693,轨交设备Ⅱ,2026-04-29
2103,300919,中伟新材,0.33,10787416997.46,16.0907413425,7.2314,307573913.7,-18.88,114.6561,21.563008845009,1.52,0.115645259922,11.9398583645,电池,2026-04-29
2104,300915,海融科技,0.06,240055332.33,-5.5761708654,-25.2659,7233601.17,-79.89,-68.9461,17.333676449,0.46,-0.447820817444,28.6311611256,饮料乳品,2026-04-29
2105,300911,亿田智能,-0.307,57581826.32,-54.5879263197,-77.3298,-42645738.49,-1042.01,-213.4879,9.446480373326,-3.06,-0.133617757508,1.6614606051,厨卫电器,2026-04-29
2106,300909,汇创达,0.03,293030604.87,1.9212685007,-35.7259,5250839.51,-59.03,-79.1413,11.576690121004,0.26,0.063468965867,25.1884993831,光学光电子,2026-04-29
2107,300904,威力传动,-0.24,110320711.82,284.4592145242,516.7599,-17545505.45,-125.71,61.4889,10.18161453567,-2.36,-0.340942700238,6.2130612801,风电设备,2026-04-29
2108,300900,广联航空,0.15,265693115.98,18.8728773415,-31.029,45948494.58,50.63,145.7652,4.314489237482,3.16,-0.43756617117,33.0700406429,航空装备Ⅱ,2026-04-29
2109,300892,品渥食品,0.06,176511908.71,-15.0966934067,-25.83,5904365.0,231.4,-53.568,10.5392830003,0.56,-0.2844234237,18.6255714984,饮料乳品,2026-04-29
2110,300891,惠云钛业,0.0258,481734744.75,19.2897613571,12.0618,10256415.31,-7.16,230.6656,3.230674019929,0.76,-0.119602096253,10.0395637178,化学原料,2026-04-29
2111,300885,海昌新材,0.0703,69687384.4,2.9482971611,-13.1679,17619290.85,16.6,-30.904,3.562913944368,2.01,0.101432346169,35.8713109198,通用设备,2026-04-29
2112,300881,盛德鑫泰,0.45,676034713.87,13.8381896197,-4.6935,49406814.58,-0.76,50.1035,9.996185215,4.6,-0.352697685273,17.3861370797,特钢Ⅱ,2026-04-29
2113,300878,维康药业,-0.0681,69775938.28,-65.1038381014,455.0778,-9854658.34,-140.5,94.8546,7.927407616167,-0.86,-0.044813462809,51.4008167344,中药Ⅱ,2026-04-29
2114,300872,天阳科技,0.06,486808683.19,-0.1881503542,33.8413,25596408.01,-71.88,429.5991,7.091915655209,0.78,-0.624667832234,25.2452468154,IT服务Ⅱ,2026-04-29
2115,300861,美畅股份,0.0394,423143505.37,-50.6110398187,11.5795,26468639.35,-86.46,119.4298,13.476125105143,0.41,0.280793020591,17.8800026846,通用设备,2026-04-29
2116,300853,申昊科技,-0.27,12864470.42,62.1847792982,-84.5557,-40096267.18,-21.4,66.3765,4.765484573978,-4.75,-0.11663277584,0.1179574402,电网设备,2026-04-29
2117,300850,新强联,0.48,926356987.96,107.4563805916,-5.5131,170476449.19,429.28,68.0136,14.255221523735,3.28,0.28097468681,26.7127698259,风电设备,2026-04-29
2118,300844,山水比德,-0.06,88825120.76,5.2700166395,-48.4397,-5365966.78,-192.11,-167.5942,11.824160421875,-0.7,-0.580779428682,38.1698372599,工程咨询服务Ⅱ,2026-04-29
2119,300842,帝科股份,0.25,4056022922.37,11.2928006021,5.5827,34627885.56,-80.29,-48.3937,12.145429246411,2.1,2.184406175551,6.941214715,光伏设备,2026-04-29
2120,300838,浙江力诺,0.05,164624027.35,-9.4140485134,-25.3951,6331464.58,-5.17,214.4442,7.259067758701,0.63,-0.235710008987,19.59604469,通用设备,2026-04-29
2121,300834,星辉环材,0.1,321824071.31,-11.4577026922,-24.6462,18376211.78,-16.59,-29.8078,15.39166578943,0.62,-0.036800174483,4.4641375244,塑料,2026-04-29
2122,300830,金现代,-0.02,44527984.59,-12.0452876387,-82.8682,-8140035.91,44.04,-116.0729,2.776509467128,-0.67,-0.043242596119,39.2814694423,软件开发,2026-04-29
2123,300825,阿尔特,0.0252,268507407.54,6.5126893895,-24.2012,12393838.03,-40.23,109.2429,4.491560845955,0.55,0.052182646254,25.0662372061,汽车服务,2026-04-29
2124,300815,玉禾田,0.4046,1881971731.96,10.5849328064,-4.9221,161273308.17,9.2,102.7174,10.770885418072,3.83,0.254778247682,24.7595497784,环境治理,2026-04-29
2125,300814,中富电路,0.05,377041581.07,27.0402920373,-8.0855,9982603.37,-12.45,44.1687,8.338014934141,0.73,-0.046492516605,18.354745451,元件,2026-04-29
2126,300793,佳禾智能,0.04,487285341.81,8.9500471739,-8.8147,15774967.63,7.63,151.2372,7.947446974905,0.52,-0.103345162173,13.3744267759,消费电子,2026-04-29
2127,300789,唐源电气,0.0514,80248721.38,-12.2597170506,-57.3134,7383269.76,4.59,-60.3579,7.256200541391,0.71,-0.428865483344,45.2345197603,计算机设备,2026-04-29
2128,300783,三只松鼠,0.6,3723193572.97,2.1282799373,7.8273,239009727.0,-22.46,259.2434,7.66037492217,8.09,0.269229419152,26.7354453759,休闲食品,2026-04-29
2129,300781,因赛集团,0.0634,140965658.78,-2.7087555107,382.4367,10381416.92,12.62,112.2157,5.818433927837,1.64,-0.199258996234,33.4210782596,广告营销,2026-04-29
2130,300779,惠城环保,-0.04,285227485.84,-4.2674284909,-0.6165,-7044228.06,-140.43,-890.2283,6.588639957455,-0.53,-0.17220672975,20.3008106212,环境治理,2026-04-29
2131,300778,新城市,0.0288,41782052.68,-29.4233498524,30.3965,5879570.75,105.86,117.984,6.279302304548,0.46,-0.125539474882,14.096736331,工程咨询服务Ⅱ,2026-04-29
2132,300774,倍杰特,0.0399,177514578.1,24.6174247813,-54.1779,16291378.91,-36.98,177.2057,3.668810234378,1.09,-0.385394192453,22.5610759514,环境治理,2026-04-29
2133,300771,智莱科技,0.03,98324424.8,27.4768303619,-35.8378,6782341.4,-22.87,5.9245,8.118393278458,0.35,0.192428960542,29.6027202694,计算机设备,2026-04-29
2134,300770,新媒股份,0.7,406551869.0,1.4834427552,0.5148,160826563.53,8.69,-30.1653,16.351999335498,4.37,2.448832559513,48.9376602202,电视广播Ⅱ,2026-04-29
2135,300769,德方纳米,-0.6,2003633077.5,5.8970324166,85.0839,-167109754.82,9.51,67.6144,19.235493303015,-3.06,-3.28565552522,0.3043544783,电池,2026-04-29
2136,300766,每日互动,-0.0422,99186067.53,-0.9608328989,-27.6265,-16533208.39,-336.39,76.7469,3.959670624546,-1.06,-0.201706935064,61.2329341635,软件开发,2026-04-29
2137,300760,迈瑞医疗,2.1698,8237179005.0,-12.1162389669,13.7584,2628580553.0,-16.81,154.8527,31.828340210892,7.06,1.232561065958,62.5258297273,医疗器械,2026-04-29
2138,300759,康龙化成,0.1736,3098813569.89,16.028243611,-10.4001,305575186.04,32.54,-17.757,7.896866049334,2.21,0.479603695027,33.6552297109,医疗服务,2026-04-29
2139,300757,罗博特科,-0.17,96681300.02,-63.238367066,7.6653,-26170081.91,-543.7,-258.7825,6.326508448347,-2.63,-0.31200559664,17.4688632823,自动化设备,2026-04-29
2140,300755,华致酒行,0.21,2851591698.89,-31.0077439053,74.6671,85394532.59,-34.19,169.2639,7.778447031443,2.67,1.002727317835,10.4368465105,专业连锁Ⅱ,2026-04-29
2141,300748,金力永磁,0.12,1754254463.18,14.190901554,0.2887,160525258.63,57.85,70.4826,5.225888247474,2.26,-0.255399665678,15.6981385147,金属新材料,2026-04-29
2142,300745,欣锐科技,-0.2039,470365354.54,12.6712792735,-49.4603,-34094018.96,-4858.59,32.4256,13.547824723952,-1.5,-0.808564311641,12.8910284771,汽车零部件,2026-04-29
2143,300741,华宝股份,0.08,319600818.0,-3.8405084944,12.7156,48783787.0,-36.46,110.2602,11.10854027895,0.72,-0.010865139313,50.1780336495,化学制品,2026-04-29
2144,300738,奥飞数据,0.0529,535966430.05,40.6174893595,-8.1671,51747572.54,2.47,185.2829,3.468856375012,1.53,0.199247250159,31.5845606439,通信服务,2026-04-29
2145,300731,科创新源,0.08,252303104.42,86.3877805646,-30.892,10076941.42,839.66,52.5295,4.841582808468,1.66,0.062836416777,17.6909473954,橡胶,2026-04-29
2146,300720,海川智能,0.04,45171098.81,4.9294113802,-27.3501,7288054.49,31.85,-34.2973,3.051628439391,1.23,0.011730537246,50.5406015825,通用设备,2026-04-29
2147,300719,安达维尔,-0.0318,123318708.07,27.4580600937,-53.8602,-8104184.92,-248.72,-194.9158,4.072214984347,-0.78,-0.058533495147,38.2972191561,航空装备Ⅱ,2026-04-29
2148,300715,凯伦股份,0.02,465515449.98,-11.8342771271,-18.1507,6619446.89,-15.89,101.3069,4.736193299856,0.37,-0.031364361094,20.2771415136,装修建材,2026-04-29
2149,300711,广哈通信,0.0362,54025482.67,-0.7358413076,-82.5527,9016866.12,1033.85,-82.9602,3.063545791874,1.19,-0.289370753748,47.2355394877,通信设备,2026-04-29
2150,300701,森霸传感,0.03,89687724.23,-5.1310435352,-28.7536,7302316.13,-40.58,186.2422,3.348384113011,0.77,0.017319540803,36.2801180087,光学光电子,2026-04-29
2151,300687,赛意信息,0.06,489742418.45,-9.3684262539,-29.0522,24520335.24,20.29,-45.1679,6.759365064384,0.91,-0.315124472634,30.2067776584,IT服务Ⅱ,2026-04-29
2152,300686,智动力,-0.0924,348449930.55,7.8446594549,-15.5722,-23822813.25,33.57,68.0086,3.796586671684,-1.98,-0.074024481186,8.0991146979,消费电子,2026-04-29
2153,300684,中石科技,0.207,348814103.58,16.4057369539,-25.8276,61727912.71,105.7,-10.9568,6.991629776957,2.99,0.150619384799,32.9194515192,电子化学品Ⅱ,2026-04-29
2154,300674,宇信科技,0.08,525131893.7,-12.5700414507,-67.3269,58154316.48,81.09,-50.584,6.160677377086,1.35,-0.585114940002,27.7684780413,IT服务Ⅱ,2026-04-29
2155,300672,国科微,0.2372,305263053.6,-10.890595711,-60.6527,51505903.17,25.0,89.8257,19.14565214853,1.25,0.145548391367,34.4821461093,半导体,2026-04-29
2156,300666,江丰电子,0.59,1000450660.01,29.5267816422,2.1108,157212644.92,163.58,38.224,17.665165800897,3.42,0.227892175975,32.3857941367,半导体,2026-04-29
2157,300660,江苏雷利,0.2094,907894882.7,25.8084833741,-13.0007,93597138.5,28.15,74.5804,10.869019616304,2.74,0.269235537804,27.182971928,电机Ⅱ,2026-04-29
2158,300657,弘信电子,0.01,1587055577.68,-4.9660300171,11.2746,6800710.55,-75.8,221.5122,2.655407164914,0.59,-0.603094615154,9.3016738315,元件,2026-04-29
2159,300656,民德电子,0.1958,53978990.49,-17.8216493695,-63.9184,33471035.44,16299.56,132.2713,5.987505997251,3.23,-0.122816047727,36.6487408164,其他电子Ⅱ,2026-04-29
2160,300652,雷迪克,0.34,186212965.59,23.5490031417,-17.4283,34939113.36,6.22,28.6281,13.894142087743,2.48,0.084053323434,30.823684569,汽车零部件,2026-04-29
2161,300647,超频三,0.01,281056965.68,21.0133154397,79.371,5082450.4,60.54,101.3691,1.258401684502,0.89,0.02539699758,9.5992962725,消费电子,2026-04-29
2162,300645,正元智慧,-0.09,190863397.77,-0.2792500054,-57.0581,-11919712.91,-13.5,-710.0294,7.155526410746,-1.1,-1.074287714815,42.1260354156,计算机设备,2026-04-29
2163,300639,凯普生物,-0.0422,134063936.62,-26.7815183154,-34.6937,-27303972.82,-90.21,93.0517,6.219601207082,-0.68,0.072572232925,48.5474020538,医疗器械,2026-04-29
2164,300637,扬帆新材,0.04,232037501.09,74.6021396229,-1.4629,10051040.07,174.81,153.0481,3.01151748687,1.46,0.080168476541,17.9635809187,化学制品,2026-04-29
2165,300636,同和药业,0.0495,186897547.53,-9.4729781785,-1.09,20781376.97,-52.3,91.5751,5.526401223551,0.9,0.084607215214,27.5819988658,化学制药,2026-04-29
2166,300635,中达安,-0.0191,142127618.38,-12.3953295674,-26.8818,-2659807.83,-606.45,94.8446,2.656958150913,-0.71,-0.287134709278,22.6468396832,工程咨询服务Ⅱ,2026-04-29
2167,300634,彩讯股份,0.16,488405304.65,15.0836108394,10.574,73492681.19,-12.25,110.1906,6.264844489462,2.64,0.291366640567,37.2219747368,IT服务Ⅱ,2026-04-29
2168,300633,开立医疗,0.0187,430012001.93,-10.2896680321,-30.1543,8074620.52,-91.94,-75.8329,7.22077290673,0.26,-0.658323030767,63.1878848382,医疗器械,2026-04-29
2169,300626,华瑞股份,0.01,195951523.17,21.7422689228,-3.1934,1955172.21,-62.16,109.8349,2.874417385444,0.38,0.165957636389,16.3960251496,电机Ⅱ,2026-04-29
2170,300617,安靠智电,0.27,162871617.56,-35.8844465679,-60.8495,43716664.15,-28.92,-7.7076,17.468200383549,1.5,-0.073492277517,34.3627346302,电网设备,2026-04-29
2171,300616,尚品宅配,-0.17,741323598.36,-4.5244886798,-29.8586,-38855549.6,55.09,61.6088,15.026607205999,-1.15,-1.109688732312,35.2329503847,家居用品,2026-04-29
2172,300614,百川畅银,-0.07,107781621.35,-7.1855916184,-1.4535,-11675314.99,44.24,94.3834,6.897110328668,-0.88,0.163903127174,24.8548693965,环境治理,2026-04-29
2173,300606,金太阳,0.07,120293037.04,27.6110540566,-17.0282,9447336.69,65.26,125.6755,4.853551182797,1.42,0.190845191233,25.4141028378,通用设备,2026-04-29
2174,300605,恒锋信息,-0.0014,73628991.2,11.9842867312,100.7717,-231555.64,95.87,99.6276,2.834814602894,-0.05,0.034861109712,23.5619489107,软件开发,2026-04-29
2175,300598,诚迈科技,-0.1951,476131850.19,13.5892212275,-16.2143,-42339145.14,6.95,3.272,6.921054234789,-2.78,-0.58357682184,12.2460897285,软件开发,2026-04-29
2176,300597,吉大通信,-0.01,92735072.86,-4.7361595164,-46.8385,-3301989.99,-204.08,5.5565,3.75549484061,-0.34,-0.339039338771,16.2909122882,通信服务,2026-04-29
2177,300594,ST朗进,-0.15,102815137.19,-18.6750485576,-65.469,-13341250.0,38.77,59.7208,9.003064801202,-1.6,-0.6194352622,31.3316097419,轨交设备Ⅱ,2026-04-29
2178,300588,熙菱信息,-0.079,43479133.38,50.9853312809,-10.5996,-15018270.81,-0.48,57.1202,1.571262657124,-4.85,-0.152671357437,37.5165486797,计算机设备,2026-04-29
2179,300581,晨曦航空,-0.0276,3295055.93,149.2496619472,-96.6403,-15208821.35,-1.01,-399.4641,1.788857575851,-1.48,-0.01725794422,31.7766779151,航空装备Ⅱ,2026-04-29
2180,300571,平治信息,0.08,341973514.61,-51.8152994601,231.3149,10522252.36,287.38,108.6242,10.436176841021,0.73,-1.528717732118,14.2589516137,通信服务,2026-04-29
2181,300566,激智科技,0.22,479230965.84,-10.9462637541,-10.634,58838950.37,19.63,183.5233,7.784835573689,2.91,0.138186184391,26.018668483,光学光电子,2026-04-29
2182,300555,ST路通,-0.0202,24967910.36,-29.8410634798,-72.6475,-4035883.28,-8.74,81.1204,2.5372961821,-0.79,0.06472158845,14.5907099452,通信设备,2026-04-29
2183,300554,三超新材,-0.0548,50398979.08,-54.7819498906,-28.7548,-6255828.56,-267.47,93.3647,5.709693187933,-0.95,0.136250753196,16.4465384048,通用设备,2026-04-29
2184,300548,长芯博创,0.31,538505890.09,72.1297228471,4.7577,89701970.05,322652.08,159.4772,5.779533026129,5.34,0.413567746408,43.9715453364,通信设备,2026-04-29
2185,300547,川环科技,0.2141,315728743.23,5.5981818191,-26.0252,46435609.1,5.06,-15.8915,5.750329211883,3.79,-0.225651225354,24.8389938235,汽车零部件,2026-04-29
2186,300542,新晨科技,-0.02,124309868.84,-35.0334141241,-81.631,-6263314.8,52.57,90.171,1.868100977687,-1.12,-0.472098579756,20.246543428,软件开发,2026-04-29
2187,300540,蜀道装备,-0.004,51459839.55,28.0976342711,-85.8942,-655941.44,-116.5668113988,-101.3337,6.633178262035,-0.06,-0.361188919241,36.4938117845,专用设备,2026-04-29
2188,300539,横河精密,0.05,203082619.73,22.0428012997,0.1218,11177300.76,37.68,-18.7258,2.603946334422,1.86,0.124261317581,19.9899108028,塑料,2026-04-29
2189,300537,广信材料,0.0487,106732647.31,-8.5754963797,-19.1542,9763256.09,-34.63,114.3435,3.802127763918,1.29,0.032247318126,36.6182368423,电子化学品Ⅱ,2026-04-29
2190,300536,农尚环境,-0.0224,15772358.61,-58.0120902736,-87.4308,-6559742.71,-148.79,73.235,1.765352423652,-1.26,0.008003441926,28.6644117205,IT服务Ⅱ,2026-04-29
2191,300533,冰川网络,0.81,653547938.29,16.6463129917,-18.8516,188810943.44,142.38,-14.062,6.216431336038,13.86,0.815181832029,93.5677009509,游戏Ⅱ,2026-04-29
2192,300530,领湃科技,-0.15,44722415.94,13.1255561051,19.6804,-26631962.53,14.54,89.422,0.799455310134,-13.68,-0.165602695807,8.8861268705,电池,2026-04-29
2193,300527,ST应急,-0.025,102956972.03,-26.4598663313,-76.5749,-24707583.71,-113.39,-787.0075,2.631549359872,-0.93,0.073150125075,10.3487438101,地面兵装Ⅱ,2026-04-29
2194,300525,博思软件,-0.0838,256846082.57,-1.1679745383,-71.4163,-63487807.83,-12.79,-123.7376,3.422563720035,-2.42,-0.382295023244,59.0394486779,软件开发,2026-04-29
2195,300521,爱司凯,-0.0469,30938831.27,-8.8484110546,-54.342,-6759187.01,-591.94,-202.8741,3.355062423194,-1.39,-0.051623556181,32.7789400042,专用设备,2026-04-29
2196,300513,恒实科技,-0.0609,123326889.58,10.0263956563,-55.8527,-31398711.5,-228.87,97.099,3.934447984706,-1.49,-0.062954751912,9.7107969404,通信服务,2026-04-29
2197,300512,中亚股份,0.0427,291431981.62,24.2365854392,15.7352,17407193.47,-16.13,254.0694,3.974520590017,1.08,0.106793318629,22.421239926,专用设备,2026-04-29
2198,300500,启迪设计,0.0942,217608470.52,-33.0893155234,-0.5815,16388932.91,75.77,119.908,6.40649243702,1.48,-0.073232671783,28.1018889999,工程咨询服务Ⅱ,2026-04-29
2199,300492,华图山鼎,0.86,826994785.21,18.9124268143,17.8184,121447627.68,67.38,258.8843,2.714316805953,36.81,1.016238043635,61.3633574027,教育,2026-04-29
2200,300485,赛升药业,0.083,92536534.42,-15.5190074774,-1.1367,39970025.94,120.97,36.207,7.052660213023,1.18,0.022180838481,62.2186450691,生物制品,2026-04-29
2201,300477,ST合纵,-0.0297,340021994.58,-51.5681021662,-30.2175,-31833936.36,45.92,92.9363,1.016316145205,-2.88,0.084431490269,8.8894327314,电池,2026-04-29
2202,300476,胜宏科技,1.07,4312340862.19,80.314475653,42.1464,920647385.47,339.22,136.1731,11.510052664899,9.74,0.491321845595,33.3747055967,元件,2026-04-29
2203,300473,德尔股份,0.1694,1312945612.03,23.9346509826,7.8527,28809789.37,276.0,174.5553,10.580335302115,1.76,0.286176548563,19.6680794493,汽车零部件,2026-04-29
2204,300469,信息发展,-0.0799,45655814.37,93.825734123,-61.6808,-19839398.02,16.24,62.2593,1.771283679542,-4.41,-0.166046944897,27.1094925603,软件开发,2026-04-29
2205,300468,四方精创,0.0243,131573571.13,-21.4026283598,-37.4535,12896713.54,-21.52,-13.1025,3.110513709305,0.78,-0.067540185822,41.3685311211,软件开发,2026-04-29
2206,300464,星徽股份,-0.0061,334709745.15,-8.6526668755,3.3737,-2841810.14,-161.13,99.3176,0.278944111368,-2.2,-0.025410409663,19.3326302558,互联网电商,2026-04-29
2207,300463,迈克生物,0.0392,510257588.9,-17.2153179202,-15.1185,23979615.55,-80.09,115.5141,10.415556071788,0.38,0.090726050742,56.7609814397,医疗器械,2026-04-29
2208,300461,田中精机,-0.05,40255539.29,-10.2713458077,20.2999,-8042428.37,34.81,93.2704,3.306977452512,-1.56,0.445632339412,30.1110817636,自动化设备,2026-04-29
2209,300460,ST惠伦,-0.05,123793910.73,-6.4281846301,14.4077,-14830520.26,-61.26,92.2224,2.210015232177,-2.36,0.065902976554,15.1879958627,元件,2026-04-29
2210,300459,汤姆猫,0.0008,246530362.72,-17.0591625016,-10.2222,2948070.25,-95.25,100.3127,0.60180732237,0.13,0.009642879031,87.171907277,游戏Ⅱ,2026-04-29
2211,300451,创业慧康,-0.01,290357981.79,-22.6725434714,14.3028,-15647403.7,-226.6,93.0847,2.844595275401,-0.35,-0.09822750959,55.1231530689,软件开发,2026-04-29
2212,300450,先导智能,0.23,3098445659.16,-6.4176222835,12.9402,365253718.48,-35.3,213.2997,7.653462015232,3.1,0.551722890371,34.5295828148,电池,2026-04-29
2213,300439,美康生物,0.08,374030860.65,-22.3215996857,11.4133,30397722.74,-61.57,-9.621,7.73667968026,1.03,-0.120482382808,39.7515143247,医疗器械,2026-04-29
2214,300438,鹏辉能源,-0.0894,1690096309.63,5.8285409685,-26.9195,-44983142.63,-375.01,85.6265,10.020546678752,-0.86,-0.431456817688,14.1911208328,电池,2026-04-29
2215,300436,广生堂,-0.1789,97607995.93,-18.6922587553,-15.2276,-28488936.37,-94.56,66.7436,2.082602719647,-8.24,-0.078817462312,65.6291556544,化学制药,2026-04-29
2216,300432,富临精工,0.0724,2696813057.21,80.2979341347,4.2226,123756531.05,211.85,43.7136,3.68952208057,2.9,-0.123161081272,10.1232823384,电池,2026-04-29
2217,300429,强力新材,-0.0106,217419624.17,1.3079802563,-3.7054,-5622230.04,-144.4,96.3977,3.246888489966,-0.3,0.044897722034,24.2774020751,电子化学品Ⅱ,2026-04-29
2218,300428,立中集团,0.26,7183363169.55,20.3884474254,-8.8085,161946837.42,-40.96,-24.2428,11.532618505122,2.2,-0.28210089161,8.8332501794,汽车零部件,2026-04-29
2219,300421,力星股份,0.0583,251790694.27,4.662836067,-5.9912,17129258.14,11.28,279.4273,4.322993173218,1.36,-0.392962884114,16.4833564125,通用设备,2026-04-29
2220,300418,昆仑万维,-0.62,1763865850.09,46.0703912561,-3.8291,-768999941.39,-310.32,20.5796,10.951632702643,-5.54,-0.002412755618,69.0092812488,数字媒体,2026-04-29
2221,300410,正业科技,0.0259,163064497.17,-13.8180987857,-18.329,9507892.12,184.28,108.6955,0.618991776542,4.29,0.101502260531,32.6857100503,电池,2026-04-29
2222,300405,科隆股份,-0.0544,90695619.83,-34.8043276043,-44.4533,-15477219.17,-71.44,47.8207,1.519944259341,-3.52,-0.171003634453,5.3759524543,化学制品,2026-04-29
2223,300400,劲拓股份,0.1,154625639.82,21.2630805633,-9.7059,24758633.18,137.33,8.4132,3.372518609109,3.07,0.144978022906,34.7336875712,自动化设备,2026-04-29
2224,300383,光环新网,0.04,1831558870.01,-7.4115562845,25.8616,69174516.68,-57.82,239.9973,7.107337855723,0.54,0.254395988237,15.1371325301,通信服务,2026-04-29
2225,300382,斯莱克,0.02,532877568.25,54.8621916891,23.5827,11589747.76,-43.12,109.5013,3.542741005238,0.55,-0.011192947806,18.9706135336,专用设备,2026-04-29
2226,300381,溢多利,0.0099,202399201.05,1.7891721282,-7.0504,4870526.1,-75.19,141.6039,5.32930760834,0.19,-0.050403862603,47.1949749132,化学制药,2026-04-29
2227,300380,安硕信息,0.0119,149802988.99,8.924061689,-66.312,1648349.89,-35.99,-83.6323,2.762064562708,0.43,-1.124622034318,34.2920015858,软件开发,2026-04-29
2228,300378,鼎捷数智,-0.03,423462398.41,4.3257598762,-44.1058,-8333054.04,14.04,-107.8796,8.056401546975,-0.38,-0.520431433911,59.6770010416,软件开发,2026-04-29
2229,300376,易事特,0.02,638670246.26,-4.5175826944,-12.8802,44212148.85,-3.95,362.9268,2.952862880419,0.64,0.082534272637,32.6439619445,其他电源设备Ⅱ,2026-04-29
2230,300375,鹏翎股份,0.0307,634242028.52,21.703958013,-18.3399,23167641.97,-26.21,8064.2651,3.018483001571,1.02,-0.008409562644,19.4016164156,汽车零部件,2026-04-29
2231,300369,绿盟科技,-0.1274,363543374.36,1.8368905081,-66.4631,-101868672.07,32.14,-162.606,3.085337433101,-4.08,0.064736341615,55.7345578356,软件开发,2026-04-29
2232,300366,ST创意,-0.0978,153823341.9,61.6034813269,-81.7577,-59413798.26,3.42,-151.762,2.929987275537,-3.62,-0.081601813666,11.8378432916,软件开发,2026-04-29
2233,300359,全通教育,-0.03,54489350.58,-27.9320648487,-65.327,-19059869.23,-319.77,69.8301,0.908677245664,-3.26,-0.065187079137,18.0338209309,教育,2026-04-29
2234,300347,泰格医药,0.19,1564143614.71,-5.7860773815,1.8651,165468741.43,-29.61,140.5277,23.734676733092,0.8,0.228839749605,30.0331057789,医疗服务,2026-04-29
2235,300341,麦克奥迪,0.0674,315958512.39,5.9143282437,-11.6154,34881605.21,9.7,-10.9796,3.581936835236,1.9,0.061274427537,41.7673878864,电网设备,2026-04-29
2236,300323,华灿光电,-0.06,1059046920.26,27.8153274212,-9.7391,-97638300.34,9.13,61.1951,4.221988496422,-1.42,-0.161237923296,5.8344454129,光学光电子,2026-04-29
2237,300307,慈星股份,0.1,608303451.9,2.7335521514,40.1863,76109585.08,-66.46,395.6161,4.142278192192,2.34,0.040121815359,30.6570917965,专用设备,2026-04-29
2238,300304,云意电气,0.11,522659574.74,10.5469087264,-11.2115,97244412.03,-6.57,3.6483,3.527429714016,3.19,0.058119412021,32.028651987,汽车零部件,2026-04-29
2239,300301,ST长方,-0.0275,117875840.0,-13.9357494377,-7.0633,-22779951.18,-631.43,-458.2596,0.015048173466,-10.21,-0.030660743578,24.7317647365,光学光电子,2026-04-29
2240,300299,富春股份,0.0146,83420324.48,63.6602147058,-13.4544,10096302.92,171.97,110.6372,0.649442433373,2.28,-0.005143381215,46.3627780053,游戏Ⅱ,2026-04-29
2241,300272,开能健康,0.0369,412724229.76,8.2152068603,-6.6722,20830232.9,11.3,4310.1,2.018762287402,1.64,0.162712916336,40.7718995,小家电,2026-04-29
2242,300261,雅本化学,-0.0134,315662234.29,43.5206288624,20.3798,-12756486.98,72.01,93.653,2.067262921564,-0.64,-0.037912360264,20.8075616957,农化制品,2026-04-29
2243,300256,星星科技,-0.003,328108254.67,45.0201699603,-4.483,-7280076.5,72.1,98.518,0.406260378631,-1.0,0.028029271996,8.7420618262,消费电子,2026-04-29
2244,300255,常山药业,0.0041,258703492.68,-12.1009258445,4.828,3782609.17,106.13,101.4732,1.703877493336,0.24,0.112062547199,23.1002561198,化学制药,2026-04-29
2245,300250,初灵信息,0.0001,54678718.76,-33.8619964194,-12.8491,28222.67,-98.12,100.1291,2.424896283101,0.01,-0.004407075537,60.2257744088,IT服务Ⅱ,2026-04-29
2246,300241,瑞丰光电,0.0401,384844123.24,16.8978839147,-11.7017,27483184.14,264.49,310.6666,3.153259289875,1.28,0.018976767635,25.8284997945,光学光电子,2026-04-29
2247,300238,冠昊生物,0.06,94797135.39,3.6699880452,-4.5803,14866096.67,3.3,3644.3665,2.101434179611,2.7,0.056837389289,77.0496397275,医疗器械,2026-04-29
2248,300236,上海新阳,0.1643,433912779.66,45.8929546602,6.302,51181899.33,171.06,11.393,14.573936725001,1.15,0.04333268973,39.3045231518,电子化学品Ⅱ,2026-04-29
2249,300223,君正股份,0.1535,1060232459.55,5.276300879,4.8269,73904992.3,-15.3,19.6227,25.145627968521,0.61,0.363708581702,36.400958925,半导体,2026-04-29
2250,300220,金运激光,0.0183,59285007.32,-16.3768027565,-21.5123,2769930.84,-11.37,154.0608,0.427734030357,4.38,-0.139132816667,29.1107368628,自动化设备,2026-04-29
2251,300219,鸿利智汇,0.0087,909825364.86,12.975537987,-22.8554,6173101.73,-74.48,161.6351,3.657261848038,0.24,-0.059361071969,13.0782036373,光学光电子,2026-04-29
2252,300212,*ST易录,-0.1669,204443311.84,5.2206553762,517.058,-120168741.68,35.51,94.664,0.84548094786,-5.32,0.054912592176,19.3822648945,IT服务Ⅱ,2026-04-29
2253,300209,行云科技,0.0002,22491306.31,-80.8737518633,-61.7578,172896.74,105.8,-99.802,0.993784474545,0.02,-0.004549861105,27.8688760608,软件开发,2026-04-29
2254,300203,聚光科技,-0.05,547288925.64,1.3757935858,-58.1654,-20528411.73,18.77,-123.0109,6.898986395502,-0.66,-0.169450816892,43.5356579656,通用设备,2026-04-29
2255,300199,翰宇药业,0.08,309969965.34,106.2935449408,44.1898,69868367.53,595.45,150.3199,0.734109461426,11.39,0.045769252041,58.6771244209,化学制药,2026-04-29
2256,300197,节能铁汉,-0.058,201771822.28,-21.3472101787,142.9675,-154558931.43,23.47,92.1258,0.546691019754,-12.24,-0.081343299109,-21.1654713564,基础建设,2026-04-29
2257,300192,科德教育,0.1154,183347528.06,-2.2655411323,-15.3841,37972353.77,-6.8,-2.1879,2.861621279859,3.98,0.154767567506,36.7891140632,教育,2026-04-29
2258,300190,维尔利,-0.07,349294265.8,-9.0087048299,-40.8819,-54719922.96,-248.08,92.7016,3.477477824142,-1.99,-0.044264393618,17.9348255851,环境治理,2026-04-29
2259,300176,鸿特科技,0.022,460656138.06,5.743538674,9.1727,8529711.84,-12.97,624.5632,2.433134042973,0.91,0.147335244066,13.4087387721,汽车零部件,2026-04-29
2260,300171,东富龙,0.0263,1137333804.93,2.5762525831,-25.2025,20132627.86,-68.87,-51.3071,10.220372121919,0.25,-0.011755183696,24.4522411525,医疗器械,2026-04-29
2261,300168,万达信息,-0.1054,463768748.64,32.6059364286,-32.8131,-151861269.83,28.27,-19.839,1.032502586013,-9.71,-0.277731565281,14.5887027357,IT服务Ⅱ,2026-04-29
2262,300162,雷曼光电,0.0055,262707827.74,-13.5626740975,-14.2787,2248698.11,11.69,104.6322,2.121693248335,0.25,-0.137620280902,23.6363029355,光学光电子,2026-04-29
2263,300161,华中数控,-0.2929,202498947.95,-16.7593127586,-70.0027,-58200402.72,15.29,-597.7914,7.751616950593,-3.71,-0.278369044408,35.0133044926,通用设备,2026-04-29
2264,300159,新研股份,-0.0145,32471409.08,3.9292262581,-83.9886,-47789063.78,26.97,65.9972,-0.21267656944,,-0.019386379773,1.08241878,专用设备,2026-04-29
2265,300157,新锦动力,0.09,75310037.32,-62.0065900671,-53.3233,67103897.37,284.47,218.5275,-0.318386518446,,-0.044507812633,44.3195509095,通用设备,2026-04-29
2266,300149,睿智医药,0.01,261261312.24,11.3670794211,3.8073,6642081.65,126.09,104.0302,2.45043947519,0.55,0.020199747214,27.4443160356,医疗服务,2026-04-29
2267,300147,*ST香雪,-0.13,421004187.88,-25.9911759931,29.4991,-87732945.81,-146.03,86.308,1.462504638507,-8.68,-0.12469819861,29.3214521527,中药Ⅱ,2026-04-29
2268,300132,诺斯贝尔,0.0038,418793456.94,10.1677356452,-24.3039,1909572.83,131.83,-91.6128,2.516733359372,0.15,0.287647833393,14.39430169,化妆品,2026-04-29
2269,300131,英唐智控,0.0153,1264231402.71,0.5468354263,-4.9197,17412693.07,-5.96,24.3983,1.560080292075,0.99,0.003377774946,8.0723901733,其他电子Ⅱ,2026-04-29
2270,300130,新国都,0.28,701332804.2,-10.3921272732,-0.1736,156419012.47,-29.15,348.0836,7.682880093403,3.66,-0.130892368021,36.5913184801,计算机设备,2026-04-29
2271,300128,锦富技术,-0.0391,450824092.48,16.4976555061,-18.0586,-49785842.12,14.97,54.3832,0.566910802156,-6.54,-0.031074384083,7.1778942651,消费电子,2026-04-29
2272,300123,ST亚光,-0.0266,262960326.11,18.498205394,18.7545,-27143315.07,-116.73,96.7549,1.50891216469,-1.75,-0.061498179005,21.5973495737,军工电子Ⅱ,2026-04-29
2273,300120,经纬辉开,0.0223,587315807.7,-23.3689503076,-8.3856,12817831.72,-59.3,128.9769,5.214783237202,0.43,-0.128343342657,16.7393189662,光学光电子,2026-04-29
2274,300113,顺网科技,0.11,578017943.99,40.2527777491,30.4334,73467706.78,37.48,85.0605,3.351258618073,3.24,0.081236043811,33.3075347283,游戏Ⅱ,2026-04-29
2275,300101,振芯科技,0.015,168959911.61,21.4840350651,-27.6871,8546161.23,-46.06,127.6231,3.181667827916,0.48,0.06387217568,61.1555668948,军工电子Ⅱ,2026-04-29
2276,300100,双林股份,0.29,1286039374.47,20.9670917188,-23.1782,159416805.19,105.49,22.103,7.019647917595,5.85,0.335829203771,21.6323146836,汽车零部件,2026-04-29
2277,300098,高新兴,-0.0011,376200567.49,23.258200432,-19.762,-1966310.51,-125.19,98.9695,1.52378525712,-0.07,-0.019967777551,36.1304346155,通信设备,2026-04-29
2278,300095,华伍股份,0.0248,278416987.09,15.0778528556,-21.2044,9879992.43,-40.99,103.119,4.067073420934,0.58,-0.041960180958,23.345085851,专用设备,2026-04-29
2279,300086,康芝药业,-0.0213,112416086.22,7.3263218329,6.3407,-9691696.26,79.16,89.5472,2.429703832696,-0.85,0.089015524087,51.2104656956,化学制药,2026-04-29
2280,300084,海默科技,-0.0367,77681536.19,18.6567400935,-74.0248,-18577850.15,12.26,89.3341,2.530085036293,-1.43,0.08889098242,36.1613952655,专用设备,2026-04-29
2281,300081,ST恒信,-0.0566,74927057.48,-15.1199694714,-32.6405,-34227409.43,-11.32,83.1706,1.941952073026,-2.88,0.092831705353,9.3833301166,通信服务,2026-04-29
2282,300074,华平股份,-0.0312,71266998.22,99.0707861951,-75.5695,-16982427.65,43.81,-26.2294,1.851644283163,-1.68,-0.063429647941,29.7146897427,软件开发,2026-04-29
2283,300071,福石控股,-0.0092,285771628.21,-21.2865601194,62.629,-8705359.34,-460.73,91.3489,0.140331794312,-6.24,-0.032203758014,24.9418902697,广告营销,2026-04-29
2284,300069,金利华电,-0.0067,32877901.97,19.9602630863,-69.8601,-783896.6,81.19,-104.9085,2.344760240769,-0.29,0.011603740427,31.8325741087,电网设备,2026-04-29
2285,300068,ST南都,-0.3,1138941661.85,-61.8132815001,831.9098,-266313423.54,-422.47,84.7275,4.208396230939,-6.84,-0.328927525442,2.1824248083,电池,2026-04-29
2286,300063,天龙集团,0.019,1563040984.35,-16.4857753881,5.1007,14398273.56,9.04,-14.0242,2.166458676463,0.88,-0.01422006445,6.1071585055,广告营销,2026-04-29
2287,300056,中创环保,-0.0298,69177815.77,-30.210989263,-64.8638,-11486588.11,-165.85,88.2958,0.474767132087,-6.12,-0.105291979521,14.7467536037,环境治理,2026-04-29
2288,300052,中青宝,-0.0448,49276692.01,-34.1886524294,-2.2787,-11734649.52,-6.73,28.3386,1.503082882483,-2.93,0.029926374494,26.6435126314,IT服务Ⅱ,2026-04-29
2289,300051,琏升科技,-0.0626,99732851.73,80.8843763076,-47.3509,-23295323.82,18.23,47.1795,0.590340848777,-10.12,-0.157570599867,-9.546491547,光伏设备,2026-04-29
2290,300042,朗科科技,-0.0634,233899293.32,5.1942894743,-3.1751,-12707709.51,-200.67,59.0714,5.08426849496,-1.24,-0.030668925449,5.2926072603,计算机设备,2026-04-29
2291,300041,回天新材,0.1457,1071265746.6,10.4863978918,11.5613,81535577.9,2.73,233.1168,4.942405033114,2.86,0.111097086306,21.8118134815,化学制品,2026-04-29
2292,300040,九洲集团,0.04,308289020.7,-3.0451279665,-39.2713,22752067.44,-5.48,103.6816,3.893518463809,0.95,-0.054347669162,29.2660120153,电力,2026-04-29
2293,300035,中科电气,0.1962,1597772310.33,49.9173938564,-5.8691,134475970.27,465.8,12.5755,7.014506331488,2.84,-0.756783733165,22.507509581,电池,2026-04-29
2294,300032,金龙机电,0.0205,350219924.76,26.1476024899,-19.1936,16497254.45,285.78,127.097,0.843763116358,2.46,0.036919820826,12.1049671058,消费电子,2026-04-29
2295,300031,宝通科技,0.1306,758725719.48,-9.617578496,-11.1786,54546292.51,-36.47,296.449,9.337438729964,1.41,0.198388614347,38.547411311,游戏Ⅱ,2026-04-29
2296,300027,ST华谊,0.0071,105933151.57,11.2567417834,61.4539,19762692.69,206.48,108.1617,0.138875101693,5.32,-0.006113397998,41.6221260828,影视院线,2026-04-29
2297,300026,红日药业,0.02,1392772566.61,-4.8248430276,3.8068,60329743.62,3.8,141.0715,2.897436466242,0.7,0.034602841977,51.8865601208,中药Ⅱ,2026-04-29
2298,300016,北陆药业,0.03,282680687.56,36.2276657822,11.3629,14538525.05,26.13,235.3349,3.192885798152,0.87,0.090216582284,45.4539056379,化学制药,2026-04-29
2299,300007,汉威科技,0.05,602567028.47,1.5442549898,-8.4027,16936025.8,16.91,644.0623,8.716921145431,0.6,-0.064773402297,24.0389981788,通用设备,2026-04-29
2300,300005,探路者,0.0584,355519306.63,-7.0354344419,-26.5376,49322963.15,-30.7,911.3511,2.392717206846,2.5,-0.135151155641,48.8112730937,服装家纺,2026-04-29
2301,200596,古井贡B,4.41,9146061070.75,10.375467894,102.8258,2329843939.99,12.78,202.2799,50.059179668672,9.21,3.490692719031,79.6839537303,白酒Ⅱ,2026-04-29
2302,200056,*ST皇庭B,-0.07,130875079.48,-29.3493651403,-3.113,-82030124.46,-0.83,78.3478,0.227773084597,-25.91,0.042176488539,63.1611896691,房地产服务,2026-04-29
2303,200037,深南电B,-0.0204,58411466.37,-27.5120886656,-18.8312,-12305181.65,57.67,-118.2199,2.445879282811,-0.83,-0.048734421105,3.4842200453,电力,2026-04-29
2304,200017,深中华B,0.0086,160342458.39,42.4662410897,-46.625,5904967.75,83.62,-37.3352,0.507081887366,1.7,-0.065121019615,7.9323658735,饰品,2026-04-29
2305,200016,*ST康佳B,0.0394,2544411519.38,3.3245508367,-15.0385,94810677.19,118.59,104.4733,0.66058697371,4.0,-0.175164275842,5.6159778971,白色家电,2026-04-29
2306,200011,深物业B,0.0084,493396461.75,21.3521259493,-65.1643,5005715.62,979.79,100.4476,5.648501680911,0.01,-0.455274362343,25.8386192592,房地产开发,2026-04-29
2307,003816,中国广核,0.06,18812052068.93,-1.9256899175,-18.3669,3022684973.61,-16.07,264.3753,2.425621144463,2.34,0.047761733283,38.8747031981,电力,2026-04-29
2308,003043,华亚智能,0.18,230189688.45,101.0834182293,16.3582,17183667.01,-27.29,17.9564,17.683825782091,0.97,0.524382893899,27.9505824667,半导体,2026-04-29
2309,003042,中农联合,0.03,519949745.15,18.0832015361,6.7663,4058964.92,118.85,106.1103,9.543963863981,0.3,-0.409738944483,12.7129122529,农化制品,2026-04-29
2310,003037,三和管桩,0.058,1392322276.69,10.0679305659,-25.9313,34601282.47,418.95,683.404,4.656645494704,1.25,-0.218820804758,11.6913317624,水泥,2026-04-29
2311,003035,南网能源,0.0241,692918407.74,20.3470638342,-20.9084,91343899.85,1.65,143.4497,1.771740051905,1.37,0.082033466054,34.6686537804,电力,2026-04-29
2312,003031,中瓷电子,0.27,613825226.42,12.0139553607,-19.4485,122874159.3,48.81,-27.7077,13.658038729137,2.02,0.415023481139,35.9279960562,通信设备,2026-04-29
2313,003026,中晶科技,0.05,99981574.59,-6.131556459,-1.8708,7068533.01,475.88,-28.5953,4.997012024134,1.08,0.096775394358,41.2396788599,半导体,2026-04-29
2314,003025,思进智能,0.14,163258325.75,10.4457630615,3.5171,40127289.76,14.45,38.8769,5.144265076446,3.35,0.187802016934,38.3558805423,通用设备,2026-04-29
2315,003019,宸展光电,0.28,621757287.86,-2.9957225353,78.8618,49682559.81,-23.9,99.0779,9.104734061192,3.2,0.293110044163,21.2102810815,光学光电子,2026-04-29
2316,003018,金富科技,0.1,168961242.7,-11.5058793497,2.9412,25535748.74,27.42,1.2813,6.166967652577,1.61,-0.009467195192,27.2433644571,包装印刷,2026-04-29
2317,003012,东鹏控股,-0.0263,994298902.45,-1.7447393286,-44.3247,-30449929.37,-164.42,-253.1433,6.554403005006,-0.4,-0.025707118257,23.5445006188,家居用品,2026-04-29
2318,003011,海象新材,0.24,271154682.4,-10.0297213629,-20.4907,24677244.82,124.71,-49.0862,13.976878301064,1.73,1.036028225291,22.1581437828,家居用品,2026-04-29
2319,003007,直真科技,-0.29,35990209.74,-34.7207357597,-84.3864,-29397601.75,-103.22,-139.8679,8.306641786538,-3.35,-0.248990344808,48.7550625761,软件开发,2026-04-29
2320,003005,竞业达,-0.1284,33284208.91,16.1159818691,-81.5954,-21217359.52,17.01,-215.59,11.269037388767,-1.13,-0.268914269509,45.3258056119,IT服务Ⅱ,2026-04-29
2321,003003,天元股份,0.0825,224205662.82,-27.5706143844,-15.8309,14385867.73,-16.19,7.2826,7.307427846648,1.12,0.365778635598,18.5707529446,包装印刷,2026-04-29
2322,003002,壶化股份,0.12,222920538.03,25.2903563165,-31.0115,23419840.63,70.44,-35.7378,6.91230597545,1.68,0.01725515775,42.1577426874,化学制品,2026-04-29
2323,003001,中岩大地,0.0605,162030655.6,18.5024860344,-29.7574,10374304.83,153.13,-59.9692,9.582696691581,0.86,-0.64621531743,28.2025525668,专业工程,2026-04-29
2324,002995,天地在线,-0.0992,319553524.37,-22.892167345,33.8828,-17596540.58,-81.55,51.8523,5.156964915622,-1.9,-0.374658381913,3.7754597618,广告营销,2026-04-29
2325,002992,宝明科技,-0.1,306804938.19,-15.4147024325,-30.6073,-17605247.31,-79.79,-507.9466,3.906773843151,-2.45,-0.211577956605,11.2309957373,光学光电子,2026-04-29
2326,002990,盛视科技,0.12,304369807.6,2.6357200194,-1.8055,30255816.96,-44.88,-53.3461,9.328518202746,1.25,0.016901892915,43.160022581,计算机设备,2026-04-29
2327,002985,北摩高科,0.16,262293224.18,9.2665665277,379.5095,53795904.23,-26.72,180.1745,7.685199609738,2.13,0.363919329879,53.4332157486,航空装备Ⅱ,2026-04-29
2328,002984,森麒麟,0.35,2056110346.08,-2.7889520656,-5.276,361237832.16,-28.29,-21.5173,13.06571610599,2.64,0.01074500349,22.7479100736,汽车零部件,2026-04-29
2329,002973,侨银股份,0.17,935729464.83,-4.3150591411,-4.1618,67597549.55,-29.73,44.6656,6.057095798478,3.11,0.485209996199,27.7407982057,环境治理,2026-04-29
2330,002966,苏州银行,0.34,3249636546.0,0.7636431435,10.7371,1554338583.0,6.8,74.8986,10.897524250352,3.11,2.429759676145,,银行Ⅱ,2026-04-29
2331,002965,祥鑫科技,0.4207,1636288764.59,4.1301401602,-12.3082,85902900.27,-29.15,-4.8422,20.983749145763,2.02,0.402279113041,14.0257206709,汽车零部件,2026-04-29
2332,002962,五方光电,0.04,272419465.39,2.3083620585,26.3741,11085241.46,-48.15,1180.7142,6.290047329688,0.61,0.072696922088,11.8129165197,光学光电子,2026-04-29
2333,002958,青农商行,0.2,3056774000.0,0.9865499889,17.9945,1181615000.0,7.97,440.7558,6.43300791505,3.02,2.652191411974,,银行Ⅱ,2026-04-29
2334,002956,西麦食品,0.2443,655710080.04,15.9270216493,41.6016,54528762.12,21.17,119.5923,7.028959729181,3.54,0.382914546333,43.6516098613,休闲食品,2026-04-29
2335,002948,青岛银行,0.22,4046601000.0,9.6861290423,34.3785,1258058000.0,16.42,55.4709,6.616718022563,3.3075,-0.081774397364,,银行Ⅱ,2026-04-29
2336,002943,宇晶股份,-0.193,121946717.68,-65.6708507872,30.8037,-39563861.78,-230.92,90.2717,4.016239987311,-4.7,0.035423326798,9.4696737146,通用设备,2026-04-29
2337,002940,昂利康,0.08,345526779.17,-15.3106138536,-17.0047,15906128.54,-43.63,-47.6791,7.673249301315,1.03,0.14822901585,39.1028118123,化学制药,2026-04-29
2338,002936,郑州银行,0.11,3475467000.0,2.216641339,-9.4068,1015591000.0,4.98,375.6986,4.912106357053,2.28,-0.02,,银行Ⅱ,2026-04-29
2339,002932,*ST明德,-0.02,69960271.6,14.7577825532,-43.7817,-3662988.06,-111.43,42.933,24.974634111496,-0.06,-0.131276288915,16.3718897283,医疗器械,2026-04-29
2340,002930,宏川智慧,0.05,322983212.67,-14.9820521028,-10.9174,20951968.88,-65.1,262.1079,5.434139483057,0.8,0.43906578997,43.9425567746,物流,2026-04-29
2341,002927,泰永长征,0.06,193994721.27,-11.5749135451,-6.8262,13557119.11,-10.87,183.0191,4.598678593981,1.33,-0.023092387556,29.1244455211,电网设备,2026-04-29
2342,002922,伊戈尔,0.11,1083698272.48,40.0398364231,-22.3475,41994839.93,-28.01,-48.8104,8.304098065138,1.3,0.033301762826,15.7100696553,其他电子Ⅱ,2026-04-29
2343,002913,奥士康,0.35,1163974084.85,19.1563000444,-7.4935,112276073.26,0.61,50.7597,14.148122929941,2.53,0.30608100468,24.0645446076,元件,2026-04-29
2344,002910,庄园牧场,-0.13,210397052.46,-6.6051292814,-12.6127,-25950787.89,41.85,45.7415,5.450910863991,-2.41,0.081967645264,19.9263062243,饮料乳品,2026-04-29
2345,002909,集泰股份,-0.0138,244809020.63,7.4202852628,-28.0955,-5303618.33,45.96,-209.3673,2.410243558308,-0.56,-0.064919691487,22.9266464347,化学制品,2026-04-29
2346,002903,宇环数控,0.02,125292175.77,20.1120647155,-16.3278,3349001.89,-72.04,40157.4354,5.198113449953,0.41,-0.296407814448,30.3255508466,通用设备,2026-04-29
2347,002899,英派斯,0.11,290634361.2,21.9106620482,-8.4943,14189073.26,2.19,-34.9274,11.610250758175,0.83,-0.328993685297,25.384500692,文娱用品,2026-04-29
2348,002897,意华股份,0.35,1365349248.79,-10.6944849754,0.8476,64624430.08,-25.44,160.1013,12.855615961645,2.62,1.006849304366,18.7687581911,通信设备,2026-04-29
2349,002893,京能热力,0.71,687759849.66,5.1605798095,72.1963,187348372.16,5.31,677.2852,5.201931300448,14.68,-0.715888945684,38.7354229535,电力,2026-04-29
2350,002890,弘宇股份,0.0306,101604318.71,-3.9985752607,54.2398,5193627.49,-2.09,68.1652,3.527535095655,0.89,-0.196001568858,17.0783481355,专用设备,2026-04-29
2351,002887,绿茵生态,0.09,87525829.62,1.2064835251,-44.5339,26711279.08,-28.44,-44.6467,7.592617650264,1.12,-0.290956810902,46.3593223465,环境治理,2026-04-29
2352,002875,安奈儿,-0.04,143713035.77,-27.2777312137,-23.1704,-8333320.12,-169.01,77.4266,3.270836205709,-1.19,0.01420696105,65.6703486113,服装家纺,2026-04-29
2353,002872,ST天圣,-0.039,115533088.7,-21.9305362819,-30.9657,-12416708.34,39.32,75.6783,6.269059344151,-0.62,0.09998207673,48.3834298632,化学制药,2026-04-29
2354,002871,伟隆股份,0.12,120699355.43,21.357197446,-35.3084,25463909.0,16.02,-38.5392,3.864382929182,2.94,0.124783103452,37.5012801674,通用设备,2026-04-29
2355,002867,周大生,0.23,2673038039.89,-47.2810879815,-13.2877,252119798.7,-26.12,62.3469,6.029690732232,3.89,0.341370245753,26.2128248867,饰品,2026-04-29
2356,002858,力盛体育,0.0398,108310427.46,3.2742737163,0.2126,6441517.01,-44.3,112.1607,3.255627679122,1.22,0.142578979306,30.0831257471,体育Ⅱ,2026-04-29
2357,002857,三晖电气,-0.1118,54357029.61,1.0244932569,-89.5783,-14444637.9,-331.82,-136.6599,3.978834683515,-2.78,-0.399253846124,9.0971606717,电网设备,2026-04-29
2358,002856,*ST美芝,-0.157,63049275.24,-67.776603785,-62.8093,-21240345.1,-718.66,89.1959,0.636617574812,-22.2,-0.070154785347,-24.2379172192,装修装饰Ⅱ,2026-04-29
2359,002853,皮阿诺,-0.02,126227991.48,-27.5472425837,-41.7942,-3963711.88,51.66,98.9651,5.014516757092,-0.42,-0.100381205599,19.4597091358,家居用品,2026-04-29
2360,002851,麦格米特,0.1977,2316335377.78,26.5098175174,2.0671,107255949.15,-22.57,329.4548,11.232936086196,1.77,0.597692009999,22.9516683331,其他电源设备Ⅱ,2026-04-29
2361,002847,盐津铺子,0.66,1537467291.43,25.6876299051,6.5286,178202961.01,11.64,21.2993,7.061447312785,9.75,0.246413707002,28.465574352,休闲食品,2026-04-29
2362,002832,比音勒芬,0.58,1286065302.48,1.4056567018,28.0524,331428305.29,-8.47,1688.0897,9.484199856717,6.32,0.512189033315,75.4244727682,服装家纺,2026-04-29
2363,002820,桂发祥,0.03,146346658.05,-8.7568546852,57.3025,6644728.71,-64.46,176.908,4.614587403403,0.72,0.125701062828,43.6926518938,休闲食品,2026-04-29
2364,002818,富森美,0.1976,329927635.02,-13.1938018991,-5.9529,147863965.75,-21.06,2.5916,7.283045454424,3.39,0.541760270256,69.9906592202,一般零售,2026-04-29
2365,002815,崇达技术,0.11,1625554404.34,16.0666307207,-4.5534,115240619.59,-2.9,2610.7724,6.603955154494,1.59,0.154876166028,23.3542602423,元件,2026-04-29
2366,002813,路畅科技,-0.1663,75311328.46,25.4686229087,-51.6475,-19961953.4,-26.47,-32.1907,2.4353514135,-6.6,-0.171895443167,10.4702581554,汽车零部件,2026-04-29
2367,002807,江阴银行,0.1452,1126513000.0,6.0,19.3118,357469000.0,2.22,-60.688,7.666604486831,1.91,1.138671167205,,银行Ⅱ,2026-04-29
2368,002806,华锋股份,-0.0156,284450220.58,35.4611382998,-6.5234,-3065393.85,-214.84,-103.8208,4.951099669148,-0.31,-0.031685524281,11.9606261864,汽车零部件,2026-04-29
2369,002805,丰元股份,-0.32,367266847.86,109.521940397,-28.0107,-89884022.55,-129.7693519284,61.393,5.783960631567,-5.4,-0.033219707366,-19.043975403,电池,2026-04-29
2370,002801,微光股份,0.38,355597204.44,12.6861924301,-8.9254,86946788.5,19.39,851.2746,7.584558264092,5.12,0.072768704231,30.6094034995,电机Ⅱ,2026-04-29
2371,002798,帝欧水华,-0.12,506829495.36,-10.1560217409,-26.9147,-44072061.1,1.26,89.7112,3.352191025261,-2.07,0.046855052247,20.9033569277,家居用品,2026-04-29
2372,002797,第一创业,0.03,660809470.04,-1.87,-41.548,118001998.86,-17.59,-55.0511,3.968685367994,0.72,-0.129197898974,,证券Ⅱ,2026-04-29
2373,002795,永和智控,-0.04,149482777.24,-32.1433900009,-23.7615,-19607575.14,15.3,91.1302,1.118529640261,-3.86,0.035273446988,4.859212007,通用设备,2026-04-29
2374,002791,坚朗五金,-0.12,1206127384.05,-11.7037875369,-30.1642,-40614317.62,11.46,-171.0992,15.734641297285,-0.72,-1.232716851278,30.5487468457,装修建材,2026-04-29
2375,002789,*ST建艺,-0.1969,765184525.79,-10.0970108586,-56.9577,-31436055.28,-630.86,96.2277,-5.23865634533,,0.170052484435,8.6190076664,装修装饰Ⅱ,2026-04-29
2376,002786,银宝山新,-0.03,561622392.45,5.724280715,3.3883,-16252520.42,42.57,88.6813,0.440336815957,-6.13,0.088226655166,12.8140579734,专用设备,2026-04-29
2377,002780,三夫户外,0.08,194019641.39,14.5231058764,-35.4116,12673550.69,2806.26,142.1658,4.314739214762,1.88,-0.027947510693,59.5805964911,服装家纺,2026-04-29
2378,002771,真视通,-0.076,52727120.81,-35.1968966163,-81.9926,-15860362.23,-335.51,-152.6487,3.118968359219,-2.39,-0.496307523928,15.8326888549,IT服务Ⅱ,2026-04-29
2379,002768,国恩股份,0.42,4412095075.38,-0.2347467766,-12.7941,111050160.99,-9.79,-49.1046,18.578470295484,2.22,0.68562571012,8.8071650574,塑料,2026-04-29
2380,002765,蓝黛科技,0.08,813114463.85,8.0615830026,-11.7033,52163607.87,45.93,152.4774,3.862180960262,2.09,-0.011858087021,15.3731791276,汽车零部件,2026-04-29
2381,002761,浙江建投,0.2094,20182022516.27,5.326091493,-7.7628,226520119.41,11.62,317.3807,6.295282303676,2.46,-2.876608503197,4.0586569672,房屋建设Ⅱ,2026-04-29
2382,002759,ST天际,-0.04,517954747.18,16.284583131,-15.9538,-21869998.19,77.15,98.1182,6.302909886612,-0.69,-0.228116361097,11.5864009253,电池,2026-04-29
2383,002755,奥赛康,0.06,508555172.17,13.3922159105,29.3417,54730335.25,73.5,64.4709,3.388439397041,1.76,0.203074152335,82.5047512524,化学制药,2026-04-29
2384,002753,永东股份,0.0787,870437590.77,-9.3392684228,-18.0423,29663303.94,-6.16,1.3239,6.232386289911,1.26,0.147815870591,5.9490242746,橡胶,2026-04-29
2385,002748,世龙实业,0.1007,507104123.7,8.3241773268,-6.4986,24174067.32,342.56,801.5684,5.706234684917,1.78,0.074519733458,15.2953575538,化学原料,2026-04-29
2386,002727,一心堂,0.2733,4766597593.46,-6.5284638718,8.061,160069489.05,-33.83,189.7423,12.809138911001,2.11,0.837004484267,31.8375354723,医药商业,2026-04-29
2387,002726,ST龙大,-0.09,2548633936.68,1.0089416984,-14.3483,-124702473.52,-85.85,-253.5979,1.051324404576,-10.31,-0.077889854606,0.8329247616,食品加工,2026-04-29
2388,002724,海洋王,0.0142,331877067.3,26.7195447739,-46.4874,10975682.06,3163.94,105.5164,3.453931738337,0.42,-0.133306728118,56.5850411081,照明设备Ⅱ,2026-04-29
2389,002717,*ST岭南,-0.0365,67599148.79,-77.8530216786,19.4935,-66397302.8,26.36,90.6815,0.548378253012,-6.44,0.017919851151,-0.1855357682,基础建设,2026-04-29
2390,002715,登云股份,0.0022,123438864.88,0.0413556646,-8.1881,307833.08,-93.66,105.0283,3.469906824565,0.06,0.230492443478,23.5069221823,汽车零部件,2026-04-29
2391,002708,光洋股份,0.0453,605880250.56,6.3289330358,0.433,25442241.68,6.67,134.949,2.934210657001,1.49,-0.001615048396,16.8522663126,汽车零部件,2026-04-29
2392,002705,新宝股份,0.3046,3834157927.13,10.362235305,-7.1958,246869399.95,43.02,-7.8506,10.335956279826,2.96,0.231681863782,22.4195716185,小家电,2026-04-29
2393,002701,奥瑞金,0.26,5574337293.0,56.9599078795,97.9685,664581278.0,137.91,2160.8043,3.786605568523,7.08,-0.013753861905,13.6002933291,包装印刷,2026-04-29
2394,002694,*ST顾地,0.0011,189092696.62,29.9539071109,-20.4839,825009.91,103.85,100.8987,0.535804737521,0.2,-0.050863539111,15.4780065138,装修建材,2026-04-29
2395,002693,双成药业,-0.0242,36675823.05,-14.2321558719,-22.3731,-10040496.02,-14.84,75.1885,0.924477037183,-2.59,-0.011663560505,49.5726673542,化学制药,2026-04-29
2396,002691,*ST冀凯,-0.048,53945992.93,70.2820420854,-71.5705,-16390916.62,-691.13,-239.1618,2.582814583794,-1.82,-0.126822377382,20.624563245,专用设备,2026-04-29
2397,002689,ST远智,-0.0326,132770943.17,-31.5193609239,-71.2289,-34021200.7,19.02,-229.2433,1.098309247324,-2.93,-0.01036814992,24.8133632732,专用设备,2026-04-29
2398,002688,金河生物,0.0662,625145364.48,20.3475414136,-12.3652,51116537.85,13.23,476.9446,2.984415612772,2.25,0.074925969257,35.7810253374,动物保健Ⅱ,2026-04-29
2399,002687,乔治白,0.03,277102610.46,10.5758560486,-41.972,15496750.03,-31.53,-56.2831,2.939207729896,1.06,-0.265251178063,41.5237687942,服装家纺,2026-04-29
2400,002685,华东重机,0.0341,214923085.16,41.1182180277,-15.1338,34367670.04,64.64,-61.4761,1.553085938237,2.22,-0.12494993194,27.6410893812,工程机械,2026-04-29
2401,002681,奋达科技,0.0224,759510212.85,15.8230767983,-3.9036,40448625.71,84.07,172.1332,1.348154135591,1.67,0.051726935661,23.3939408469,消费电子,2026-04-29
2402,002679,福建金森,-0.09,5609355.49,7.0773256394,-89.8066,-20966769.68,-0.99,-154.9549,3.158985004836,-2.78,-0.151317061326,25.8945310667,林业Ⅱ,2026-04-29
2403,002670,国盛证券,0.0364,415309129.92,39.11,-20.5644,70390917.59,205.96,-16.4941,5.754375521493,0.63,-1.542698503836,,证券Ⅱ,2026-04-29
2404,002662,峰璟股份,0.03,661891219.15,-20.4119667772,-8.0776,42903717.78,-61.02,34.9308,2.90032539614,0.99,0.10647472274,28.792630125,汽车零部件,2026-04-29
2405,002661,克明食品,0.273,1121219637.32,-13.5388766796,2.7121,85786827.05,75.72,1052.0719,7.153648569095,3.4,0.910041602671,22.8797714722,食品加工,2026-04-29
2406,002657,中科金财,-0.1138,113940906.82,45.7670371424,-79.1161,-38684856.37,-40.85,-313.2126,5.26443196253,-2.14,-0.363239884418,26.5592485742,IT服务Ⅱ,2026-04-29
2407,002654,万润科技,-0.0022,1186500865.0,29.50759202,-34.9416,-1836407.34,-115.8,-106.2362,1.816417088838,-0.12,-0.196639500531,8.7252165872,光学光电子,2026-04-29
2408,002649,博彦科技,0.12,1652447977.79,0.7571479,-8.2163,71694240.59,271.83,232.4375,7.19900598494,1.72,-0.245275859534,19.5801896997,IT服务Ⅱ,2026-04-29
2409,002642,荣联科技,0.0013,171605513.23,-57.0872552114,-73.5279,886082.93,-83.02,-94.974,1.768879600745,0.08,-0.003863504203,16.5099820727,IT服务Ⅱ,2026-04-29
2410,002641,公元股份,-0.03,1173390842.61,-5.6029461022,-36.016,-38337510.19,-360.19,-189.7879,4.418647826786,-0.7,0.415047992075,15.5135779682,装修建材,2026-04-29
2411,002638,勤上股份,-0.005,149632088.84,29.8183283386,69.4525,-7034633.01,-24.77,96.6128,1.553382146974,-0.31,-0.016481487211,13.4565451409,照明设备Ⅱ,2026-04-29
2412,002636,金安国纪,0.032,959025471.54,14.766296227,-12.8192,23363591.79,212.22,137.4503,4.667646934245,0.63,-0.132059400495,10.7718744909,元件,2026-04-29
2413,002634,*ST棒杰,-0.11,123046234.86,-67.8031866962,-17.4717,-48627290.64,-71.35,89.8919,0.548680756493,-17.62,0.062819685456,18.9225205277,服装家纺,2026-04-29
2414,002623,亚玛顿,0.03,559591875.72,-36.8014178818,25.51,5049424.71,-58.25,105.0423,15.050269265331,0.17,-1.085354070656,7.2341635657,光伏设备,2026-04-29
2415,002622,皓宸医疗,-0.0145,142937780.75,-12.5781860408,-36.9034,-12214580.55,-167.13,76.1376,0.454828642464,-3.12,-0.020457976607,38.5048425414,医疗服务,2026-04-29
2416,002620,*ST瑞和,-0.05,110732660.96,-50.1391822971,-43.0731,-20091432.71,-14.02,74.0845,0.045300904889,-65.71,-0.008572541232,17.2958494395,装修装饰Ⅱ,2026-04-29
2417,002617,露笑科技,0.0518,859390227.69,10.4446896816,-7.8835,98063984.84,21.95,309.3381,3.239598592298,1.59,-0.010249713674,23.159186083,电力,2026-04-29
2418,002614,奥佳华,0.003,1147544843.46,9.1737675727,-17.963,1997005.34,-60.04,-84.9091,7.010167302421,0.04,-0.150723736015,34.6164109476,其他家电Ⅱ,2026-04-29
2419,002613,北玻股份,0.0205,375744860.36,-7.1490196818,-7.9605,22517221.75,-48.94,168.3564,2.023260777256,1.02,-0.091387219254,22.3670841431,玻璃玻纤,2026-04-29
2420,002612,朗姿股份,0.2204,1436524048.66,-5.3143842777,-7.5126,97514056.63,5.12,98.6036,6.515354071856,3.34,0.39902204506,59.7154515826,服装家纺,2026-04-29
2421,002607,中公教育,0.01,575021369.1,-24.6859724898,9.2737,39994460.25,-51.69,157.6319,0.123940614552,5.37,0.013544563245,59.7891821982,教育,2026-04-29
2422,002598,ST章鼓,0.0668,469910321.49,2.6806931187,-17.2615,20829197.62,-29.84,189.033,3.894513312896,1.63,0.234838698159,23.5231160851,通用设备,2026-04-29
2423,002594,比亚迪,1.0391,170360448000.0,36.3490097119,-38.0172,9154985000.0,100.38,-39.0327,71.851457651792,4.37,2.823552038686,20.0663143361,乘用车,2026-04-29
2424,002592,ST八菱,0.17,144217688.27,18.7560692153,-36.9528,46932913.26,139.02,149.0079,3.285756926302,5.19,0.020158206039,23.0014218214,汽车零部件,2026-04-29
2425,002586,ST围海,0.0032,286289494.95,-7.2753558886,-74.5971,3655233.68,105.87,105.3725,2.584151331153,0.12,-0.290802938104,7.2788366418,基础建设,2026-04-29
2426,002584,西陇科学,0.01,1723911446.26,-10.9287526746,-5.5764,8638951.94,22.59,458.0552,3.946797937191,0.37,0.135702766984,7.8725575774,电子化学品Ⅱ,2026-04-29
2427,002582,好想你,0.09,410041841.41,-16.969028465,-16.1521,39806100.77,216.08,453.8621,7.963922264728,1.11,0.146035960768,34.172506076,休闲食品,2026-04-29
2428,002581,*ST未名,-0.0559,35329856.7,-57.842672801,-22.6829,-36850397.17,-33.01,75.7467,2.866879232523,-1.93,-0.088844882577,79.9340672389,生物制品,2026-04-29
2429,002568,百润股份,0.18,736835463.98,-8.1149180083,11.3154,181367080.03,7.03,25.1924,4.471019020941,3.8,0.320248550968,69.6586842139,非白酒,2026-04-29
2430,002567,唐人神,-0.0538,5973387459.78,22.4034836223,-17.8529,-77051603.93,60.99,-175.7673,4.041512452101,-1.32,0.085935024753,5.5295261872,饲料,2026-04-29
2431,002563,森马服饰,0.08,3078754281.52,-1.9289948658,-41.0976,214367053.13,-38.12,-43.9324,4.474590103143,1.8,0.056617886341,46.9997155488,服装家纺,2026-04-29
2432,002547,*ST春兴,-0.0412,456472025.37,-2.9895842868,-25.0886,-46425425.3,0.53,-108.2927,0.001854815145,-184.08,0.064937839808,5.199003398,汽车零部件,2026-04-29
2433,002541,鸿路钢构,0.1987,4815493888.45,8.7750233669,-14.4228,136580761.6,-32.78,16.963,13.70721397681,1.41,-0.282582678807,9.8330548432,专业工程,2026-04-29
2434,002539,云图控股,0.21,5711541321.11,15.2838125756,21.9227,253760995.81,18.99,87.4846,7.423543115946,2.86,0.352393012468,11.6931187226,农化制品,2026-04-29
2435,002538,ST司特,0.0447,1080419157.25,33.6533032224,-11.3651,38156000.31,-50.84,-43.775,6.268897904495,0.72,0.202827184649,11.5525544315,农化制品,2026-04-29
2436,002535,林州重机,0.0289,309885753.16,-8.6125425727,-13.9539,23175067.45,-14.7,151.3126,0.82386299019,3.57,0.275060413824,28.6293418511,专用设备,2026-04-29
2437,002532,天山铝业,0.23,7925025818.02,16.116072692,8.6539,1058092960.94,46.99,-22.8466,5.99285307156,3.87,0.172198139964,20.1925390699,工业金属,2026-04-29
2438,002528,*ST英飞,0.004,103823880.16,-61.2640568979,-57.0863,4786768.91,111.29,101.4635,0.151349973612,2.68,-0.00825365755,35.2420692943,计算机设备,2026-04-29
2439,002526,山东矿机,0.0298,434743468.23,4.5897868366,-35.2576,53083589.04,81.62,1270.1232,1.781704855216,1.69,-0.003890947938,19.5463354598,专用设备,2026-04-29
2440,002522,浙江众成,0.02,356798091.77,-5.6072418551,-22.9994,14587275.94,-12.5,-50.6815,2.537958481429,0.64,-0.037620542893,17.2195084775,塑料,2026-04-29
2441,002520,日发精机,-0.064,350173299.1,-23.4902490861,0.1034,-48099473.17,-56.24,92.104,0.621965426686,-9.74,0.123482627974,14.9831734529,通用设备,2026-04-29
2442,002517,恺英网络,0.24,1352807839.06,3.4624130414,13.6236,518139178.5,21.57,48.7083,3.390623355748,7.58,0.182864673207,83.5715930221,游戏Ⅱ,2026-04-29
2443,002512,ST达华,-0.0353,312247748.56,-22.1902591714,-34.3896,-38657975.07,-811.48,-13.78,0.406536825511,-9.8,-0.049577789374,9.7470371621,计算机设备,2026-04-29
2444,002508,老板电器,0.36,2076194452.05,-7.1965202561,-45.605,340019016.58,-14.66,-9.3816,12.198405642127,3.0,-0.198418076889,52.7225402967,厨卫电器,2026-04-29
2445,002506,协鑫集成,-0.034,3155331161.2,7.0637059784,-25.7531,-197918328.32,-911.39,-1354.1826,0.365163451878,-8.85,0.02934669438,3.4183529851,光伏设备,2026-04-29
2446,002501,*ST利源,-0.0057,45971607.06,-52.0172993581,-52.2457,-21027315.53,44.01,96.5042,0.092110241211,-7.08,-0.012276324048,3.2673929107,工业金属,2026-04-29
2447,002498,汉缆股份,0.043,1830880344.48,2.514146644,-32.6136,142984415.86,-28.91,94.506,2.513587873939,1.73,0.013708174631,13.554405873,电网设备,2026-04-29
2448,002495,佳隆股份,0.0025,53792081.56,-1.7569721613,-34.2615,2339856.44,19.04,-73.4041,1.196300029894,0.21,0.015195201147,27.6939562627,调味发酵品Ⅱ,2026-04-29
2449,002485,ST雪发,-0.0158,217437017.92,29.9294674815,5.6726,-8602484.71,-33.17,92.5351,2.246165572574,-0.7,-0.039200677096,3.6245705609,服装家纺,2026-04-29
2450,002480,新筑股份,-0.0235,334997367.74,-27.6280175023,-58.4598,-18056656.62,75.2,88.3197,1.303007412353,-1.79,-0.125245851186,39.8446239147,电力,2026-04-29
2451,002475,立讯精密,0.42,61787689862.63,17.9001935788,-32.5593,3043574684.79,23.17,-29.0657,9.942824859123,4.29,-0.924144925218,11.1793316929,消费电子,2026-04-29
2452,002459,晶澳科技,-0.5,10672288503.9,-33.1791590105,-32.3376,-1638489294.15,-239.35,60.7226,7.763478016219,-6.06,0.237809468632,-6.713959877,光伏设备,2026-04-29
2453,002455,百川股份,0.07,1450054365.15,23.0674191306,-11.9407,42215953.13,17.88,607.641,3.04416982745,2.11,0.333263002787,9.4662172977,化学制品,2026-04-29
2454,002444,巨星科技,0.3857,3656152858.21,10.5888687817,-1.497,460716041.98,11.44,25.1401,14.15863996425,2.77,0.458822058443,30.3050961144,通用设备,2026-04-29
2455,002440,闰土股份,0.04,1278360881.91,2.2047565769,-21.2588,47793114.62,3542.85,-23.5852,8.374223100757,0.51,-0.025186316986,18.0994718279,化学制品,2026-04-29
2456,002439,启明星辰,0.0013,640806865.89,-30.5443690164,-35.2145,1597149.47,101.41,109.8437,9.371044523159,0.01,-0.171980517647,58.7860640283,软件开发,2026-04-29
2457,002432,九安医疗,0.6041,506998641.12,-33.4906344293,1.372,266282253.63,7.62,-11.2646,45.275624116411,1.28,0.015460621424,70.4593275656,医疗器械,2026-04-29
2458,002427,尤夫股份,0.0054,584507933.93,7.4400555211,5.7559,5273936.09,120.0,-32.6789,0.947705792173,0.42,-0.136078697786,9.4158671893,化学纤维,2026-04-29
2459,002422,科伦药业,0.37,4389897045.0,-29.4162659701,-12.6152,584242512.0,-43.07,25.6531,14.451619378079,2.56,0.28120728123,48.6691868875,化学制药,2026-04-29
2460,002418,康盛股份,0.011,712103191.69,28.9139397316,-20.5026,12544061.49,434.1,114.1833,1.261484186176,0.88,-0.080665920248,8.7675684702,家电零部件Ⅱ,2026-04-29
2461,002405,四维图新,-0.0653,755904757.82,6.8658426805,-23.618,-152488965.23,10.18,74.9132,3.637487502674,-1.76,0.016319833156,35.9109100454,软件开发,2026-04-29
2462,002400,省广集团,0.0147,3659478211.76,16.0587696436,-46.2876,25689467.24,8.16,164.7545,2.845222125138,0.52,-1.108886310829,6.7346769137,广告营销,2026-04-29
2463,002398,垒知集团,0.05,529806237.56,1.7799459855,-31.0241,37021931.19,-11.6,179.3483,5.135534318208,1.02,0.113483840447,21.5129924092,水泥,2026-04-29
2464,002390,信邦制药,0.0217,1441207780.35,-8.9255097639,-1.7519,41244211.17,-29.89,154.8402,3.473155925048,0.61,0.028304659164,16.0827142422,医药商业,2026-04-29
2465,002387,维信诺,-0.3798,1814988762.29,1.0135722644,-12.8105,-530380333.17,15.86,25.1279,3.594058410186,-10.04,0.50582040302,0.7102821294,光学光电子,2026-04-29
2466,002385,大北农,0.03,6865069300.44,2.3580359444,-20.4052,134335350.38,164.13,-36.7259,2.019392682599,1.56,-0.129306663335,13.8482522192,饲料,2026-04-29
2467,002382,蓝帆医疗,0.08,1528075705.97,5.0333036239,-7.5618,83292764.95,177.86,134.113,8.010619872235,0.99,0.211746769559,18.1546370658,医疗器械,2026-04-29
2468,002377,国创高新,0.0043,149334165.66,84.7771571891,-65.1025,3962631.88,137.34,117.7153,0.514299205092,0.66,-0.096810976543,4.0930160041,炼化及贸易,2026-04-29
2469,002363,隆基机械,0.04,525017622.34,-2.5490263073,-22.347,18793514.06,29.42,83.7475,5.106483901338,0.88,0.302203363721,9.3590037266,汽车零部件,2026-04-29
2470,002358,森源电气,0.05,704502002.1,23.3437314143,-16.2899,42134559.68,10.24,200.5572,3.520945138022,1.3,-0.021088542818,21.9165553142,电网设备,2026-04-29
2471,002357,富临运业,0.211,199104482.26,-6.0123440387,-4.914,66142912.15,30.34,104.4741,5.252361958522,4.09,0.039235120874,18.4691401733,铁路公路,2026-04-29
2472,002356,鹏飞绿能,-0.0043,170994689.1,365.3931578817,-31.448,-5632154.22,-1.41,52.2465,0.422763554201,-1.01,0.010265668422,13.6524728241,一般零售,2026-04-29
2473,002355,兴民智通,0.2181,225491363.4,7.7575555014,25.9737,135316336.55,1829.51,212.2103,2.225744961136,10.3,0.043422659605,12.6077490425,汽车零部件,2026-04-29
2474,002354,天娱数科,0.0032,485004145.06,31.1454585536,28.2255,5241667.53,-60.61,104.7928,0.741173704323,0.43,-0.000432661674,18.142563833,广告营销,2026-04-29
2475,002352,顺丰控股,0.45,69849924000.0,6.9005210828,-9.9397,2234197000.0,16.87,-12.4979,18.8700384076,2.4,0.814374649713,13.2974375176,物流,2026-04-29
2476,002350,北京科锐,0.0205,434469553.68,60.2152881138,-44.5108,10561052.51,152.68,-71.6852,3.075318346569,0.63,-0.200841781964,22.7724061633,电网设备,2026-04-29
2477,002348,高乐股份,-0.0157,52518643.48,14.8213422476,-52.2659,-14846533.91,-13.34,35.6067,0.467348938925,-3.3,-0.008658030828,20.0909317927,文娱用品,2026-04-29
2478,002346,柘中股份,0.34,167666435.63,2.5292697524,-32.1672,147167567.43,202.15,-33.3452,6.49465241353,5.23,0.047800372677,27.5473249828,电网设备,2026-04-29
2479,002344,海宁皮城,0.05,258425195.55,-3.1562572973,-24.3804,59738795.99,1.05,257.3296,6.625373346155,0.71,0.190829191593,33.8617754484,一般零售,2026-04-29
2480,002339,积成电子,-0.12,368072361.59,46.769704766,-68.5414,-61361762.23,24.41,-150.0702,3.467460721566,-3.45,-0.257570598394,23.3117917084,电网设备,2026-04-29
2481,002323,*ST雅博,-0.0091,40003297.72,-26.0122636719,-74.1019,-19266990.6,2.73,85.9425,0.184159033691,-4.81,-0.010321455349,9.2260626257,专业工程,2026-04-29
2482,002317,众生药业,0.1,634261440.11,-1.0703723412,13.3832,82611839.1,61.06,118.4418,4.690815793055,2.09,-0.033603135767,56.5843813377,中药Ⅱ,2026-04-29
2483,002314,南山控股,0.0905,4060186743.33,205.0918175214,-4.7492,245029688.64,296.94,117.2017,3.358461157379,2.73,0.117879181868,21.9706631104,房地产开发,2026-04-29
2484,002300,太阳电缆,0.029,2507978194.59,-10.5176560862,-28.7732,20945994.38,-25.14,580.2887,2.645071656784,1.11,-0.145038706584,3.0185906314,电网设备,2026-04-29
2485,002291,遥望科技,-0.0977,971831577.53,-38.5156522359,27.0895,-91191278.96,3.23,84.6212,3.595078383627,-2.69,-0.016946489445,8.5428486159,广告营销,2026-04-29
2486,002290,禾盛新材,0.21,627200299.04,14.2122074835,-9.0055,50951307.95,82.72,321.3304,3.448426004342,6.11,0.241494825146,15.8889872569,家电零部件Ⅱ,2026-04-29
2487,002289,宇顺电子,0.0041,45727396.02,93.7258736546,-46.564,1144891.16,112.7,156.5944,0.827110697576,0.5,-0.048369540041,35.2970378916,光学光电子,2026-04-29
2488,002275,桂林三金,0.18,466571831.61,-3.3185622842,-24.6498,104816228.19,4.8,-23.8574,5.331764722638,3.41,0.077762713664,77.7634098051,中药Ⅱ,2026-04-29
2489,002266,浙富控股,0.05,4937422072.17,10.8551372953,-12.6788,270811423.79,-12.88,38.312,2.208587863968,2.37,-0.089317819392,9.5846249677,环境治理,2026-04-29
2490,002252,上海莱士,0.085,2005843502.82,-2.4540212822,7.7225,566082988.41,-25.2,59.2419,4.896056447944,1.76,0.116835986948,38.7463666327,生物制品,2026-04-29
2491,002247,聚力文化,0.0053,157142985.01,-16.5826849303,-25.5886,4527560.13,165.6,278.9751,0.737832876322,0.72,-0.047768432368,20.5552742733,装修建材,2026-04-29
2492,002230,科大讯飞,-0.08,4657815685.81,27.7438437258,-45.1606,-193251729.36,35.68,-121.3806,7.729303934047,-1.09,-0.308101345245,40.1811716737,软件开发,2026-04-29
2493,002224,三力士,0.0253,183961255.92,34.8011164907,-40.2193,19613036.88,256.54,209.7383,3.597452798881,0.28,-0.09173192453,34.4166178054,橡胶,2026-04-29
2494,002222,福晶科技,0.1061,239207860.7,15.21662543,13.583,49914529.1,3.36,-1.7309,3.460171228772,3.12,0.119387995385,49.761287598,光学光电子,2026-04-29
2495,002194,武汉凡谷,0.0112,370638499.86,22.2411477934,-10.4035,7661998.89,194.93,14.6935,3.71867934214,0.3,0.102904372142,22.3950702238,通信设备,2026-04-29
2496,002193,ST如意,-0.09,80448930.63,-10.7984394572,-20.9198,-24249759.26,20.08,95.1975,2.458459119147,-3.7,0.025319663772,19.7573794773,服装家纺,2026-04-29
2497,002185,华天科技,-0.0058,3568772026.9,14.8981907055,-9.2006,-18528648.84,-132.49,-107.1481,5.204528777146,-0.11,0.206180828275,9.0013725396,半导体,2026-04-29
2498,002183,怡亚通,0.01,17637942144.0,-13.1355769507,-8.0171,22097386.0,7.08,-50.4421,3.559023357304,0.24,0.059480821432,4.1438749772,贸易Ⅱ,2026-04-29
2499,002182,宝武镁业,0.0284,2032826566.91,9.0800503595,-22.881,28183642.71,-53.58,380.2246,5.410673035325,0.53,0.262005811518,9.7189400634,小金属,2026-04-29
2500,002176,江特电机,-0.0252,500923683.64,67.7402535132,-41.3028,-43083225.19,-42.24,81.8179,2.029597032191,-1.24,-0.082727666796,5.6811861007,电机Ⅱ,2026-04-29
2501,002175,*ST东智,0.0007,63355403.34,9.4694994546,-24.9711,835324.16,-60.87,104.8304,0.46781346788,0.14,-0.008527688741,25.3162074652,通用设备,2026-04-29
2502,002174,游族网络,0.03,359404100.79,7.2871288122,-17.8492,24703463.86,43.74,106.3154,4.484492758571,0.59,-0.01969287562,36.6128505158,游戏Ⅱ,2026-04-29
2503,002164,宁波东力,0.03,333122669.16,8.9884027966,-11.8735,15848909.33,116.63,396.5499,2.610388797932,0.55,-0.107668476861,23.8380766161,通用设备,2026-04-29
2504,002161,远望谷,-0.0327,91386860.38,-16.244839,-46.2113,-24226292.76,-127.98,31.706,2.040911942334,-1.6,-0.01160509805,40.1731012504,其他电子Ⅱ,2026-04-29
2505,002157,正邦科技,0.02,3002269512.4,108.2240870168,-0.9907,170612608.99,449.58,302.4625,1.265856677753,1.47,-0.006516244996,16.3648748988,养殖业,2026-04-29
2506,002148,北纬科技,-0.0135,93305143.36,44.2130294801,23.2357,-7592791.14,-448.76,-160.1437,2.175897033791,-0.62,-0.028801078315,42.3797175547,通信服务,2026-04-29
2507,002146,荣盛发展,-0.21,6986419800.08,-37.1362831655,-23.7974,-895282407.12,-1846.38,87.2447,3.216576097919,-6.2,-0.110336999527,7.7847528221,房地产开发,2026-04-29
2508,002145,钛能化学,0.0367,2038896475.59,41.3930331873,18.1645,134093158.14,1.84,14.2229,3.149470530166,1.11,0.023730309557,13.5870475111,化学原料,2026-04-29
2509,002141,贤丰控股,0.0138,294682212.25,1669.8762847446,-25.3831,14210084.66,9337.07,112.3993,0.808597345505,1.72,-0.068674277576,7.8662025383,元件,2026-04-29
2510,002140,东华科技,0.1706,2071844558.5,13.4957547882,-14.6566,120665637.49,-0.87,30.1175,6.325587920571,2.73,-0.486859231679,8.7439948415,专业工程,2026-04-29
2511,002132,恒星科技,0.0043,1116722559.79,-0.831593526,-20.0235,5669972.26,390.5,213.3148,2.51310177693,0.16,0.14252596569,8.2654292967,通用设备,2026-04-29
2512,002131,利欧股份,0.016,4758920642.1,-1.6929980704,-10.5886,108028341.17,145.39,208.3085,1.918358769847,0.83,0.006466935486,8.4948093123,通用设备,2026-04-29
2513,002124,天邦食品,0.0571,2443365069.41,19.174949092,-2.1618,126941575.83,-78.97,8.3858,1.711373945604,3.4,0.146206714557,15.794836475,养殖业,2026-04-29
2514,002123,梦网科技,0.01,720752598.98,-34.4857362539,-34.4071,3733065.37,-57.76,-51.7353,2.203400402253,0.21,0.066929363593,14.0149267242,通信服务,2026-04-29
2515,002111,威海广泰,0.08,639614825.35,12.6364453528,-21.4029,41919502.63,-15.18,177.2685,5.759539175265,1.34,-0.273105497366,23.6145034736,航空装备Ⅱ,2026-04-29
2516,002110,三钢闽光,0.03,10841612236.46,-3.2157466389,-15.835,75481107.75,171.64,44.0346,7.922946388677,0.39,-0.883318882117,5.8213899255,普钢,2026-04-29
2517,002105,信隆健康,-0.006,305863965.34,27.4075702863,-18.019,-2147058.11,-187.38,89.1407,2.372348990083,-0.25,0.000889848612,12.6817382744,摩托车及其他,2026-04-29
2518,002102,ST能特,0.0851,2319175585.39,-8.7058057264,138.202,224079058.75,287.2,131.1045,1.280010488667,6.55,0.067468250348,2.8393809147,化学制药,2026-04-29
2519,002099,海翔药业,0.01,486432558.84,-7.9534917228,-1.5294,9229942.41,-71.68,102.6969,3.180486305172,0.18,-0.015363988721,25.1450815035,化学制药,2026-04-29
2520,002095,生意宝,0.01,163497552.85,95.0651854625,-10.5717,1607052.69,-33.15,120.267,3.570658603118,0.18,-0.035801280548,9.9141286293,数字媒体,2026-04-29
2521,002093,国脉科技,0.0921,117882147.41,2.4557897849,-36.0213,91381632.51,55.82,345.7175,3.719922370144,2.47,-0.019211867524,56.6566837027,教育,2026-04-29
2522,002090,金智科技,0.0382,311458112.34,-22.5577111416,-55.7426,15296857.29,-19.81,-57.162,3.792488376126,1.01,-0.124622000619,26.7013694089,电网设备,2026-04-29
2523,002088,鲁阳节能,0.12,542185680.75,-22.6120811571,-45.3352,60040517.47,-27.19,-56.6131,5.759525872011,2.05,-0.084818592296,25.5692533005,装修建材,2026-04-29
2524,002086,东方海洋,-0.01,75273204.39,12.9484624169,-18.4012,-22099956.99,-53.58,81.701,0.719475768338,-1.56,-0.027920734624,12.7410791499,农产品加工,2026-04-29
2525,002085,万丰奥威,0.13,3566574178.33,0.7525971157,-27.1233,275067321.69,21.29,206.3509,3.436110168404,3.89,0.0963251033,18.3401891948,汽车零部件,2026-04-29
2526,002084,海鸥住工,-0.0094,655928894.09,-3.0688966965,-6.1318,-6067021.42,-195.17,94.9138,2.265327212358,-0.41,0.121281027974,14.1338766268,家居用品,2026-04-29
2527,002081,金螳螂,0.0806,4785523349.18,5.323966546,29.0464,214143885.65,5.36,182.4552,5.205913780371,1.56,-0.559336692111,13.2446692884,装修装饰Ⅱ,2026-04-29
2528,002079,苏州固锝,0.0447,903194318.68,-20.7833235031,-28.068,36280081.49,395.6,10.615,3.784670519262,1.19,-0.020071784382,10.8163506479,光伏设备,2026-04-29
2529,002078,太阳纸业,0.3171,9897728415.84,-2.819910476,1.4998,886069341.18,-7.32,37.9123,10.552133075262,3.05,0.044379067279,15.780112918,造纸,2026-04-29
2530,002077,大港股份,0.03,65442384.65,-11.7474418985,-32.2399,15634604.4,2.62,197.3604,5.70067305838,0.47,0.03033844024,9.6872272823,半导体,2026-04-29
2531,002074,国轩高科,0.06,9055225316.38,20.6090771239,-11.3707,100632548.36,45.55,-87.333,14.367791017478,0.39,0.07071326071,18.2808238625,电池,2026-04-29
2532,002067,景兴纸业,-0.02,1189302584.84,-6.0076403101,-16.7922,-23422336.29,-208.42,-210.3141,4.562038176284,-0.4,-0.236232313219,7.7733982763,造纸,2026-04-29
2533,002058,威尔泰,-0.02,179778199.14,441.3643788444,-46.2181,-2817019.16,-10.31,18.7777,0.837590678921,-1.72,-0.118514796185,21.4368104388,电池,2026-04-29
2534,002055,ST得润,0.053,1022941244.68,-21.3404712982,-21.4827,32063225.07,218.06,102.9175,2.286430055784,2.35,-0.322446260448,19.5809470203,消费电子,2026-04-29
2535,002053,云南能投,0.2401,954005192.31,-2.1201330009,9.5614,221029689.43,-38.03,108.3112,8.305374899472,2.93,0.264014474528,41.9784840783,电力,2026-04-29
2536,002043,兔宝宝,0.12,1270721362.43,-14.2954972572,-53.3682,101143419.73,14.22,-1.6279,3.788464561722,3.26,-1.004004474152,20.8552564579,装修建材,2026-04-29
2537,002042,华孚时尚,0.01,2183542036.36,-44.3554545742,52.1686,9012232.76,-33.22,103.5267,3.361697612455,0.16,0.037349210246,8.3044613555,纺织制造,2026-04-29
2538,002038,双鹭药业,0.04,168896131.59,-31.0954946774,40.9145,45968405.62,-34.46,180.182,5.468843478873,0.82,-0.054501770769,59.269447096,化学制药,2026-04-29
2539,002037,保利联合,-0.1218,1216976485.61,23.3062349441,-46.8491,-58913263.53,9.09,-162.0251,3.904335151796,-3.08,-0.494240540068,16.9096321534,化学制品,2026-04-29
2540,002027,分众传媒,0.0786,2857740968.87,4.6971370786,-4.7632,1135173105.64,9.14,-4.3928,1.259136111673,6.45,0.105898250342,64.7053478171,广告营销,2026-04-29
2541,002011,盾安环境,0.21,3021228727.34,15.0480086334,-9.6145,217507609.07,4.34,-45.0904,5.372347647961,3.87,0.13798815218,16.1442086462,家电零部件Ⅱ,2026-04-29
2542,002001,新和成,0.61,5439577817.97,20.9127106895,-6.6624,1879910462.58,116.18,0.047,9.964138296815,6.29,0.519285269638,46.7003430823,化学制品,2026-04-29
2543,001914,招商积余,0.2071,4464935507.99,19.871363774,-10.919,219407779.0,15.06,-0.5594,10.031930847322,2.08,-1.427523897293,11.483347233,房地产服务,2026-04-29
2544,001391,国货航,0.05,5182028061.0,29.1112670669,-18.4621,578823319.0,124.27,-31.7975,2.099515631908,2.3,0.043060226348,16.4917973029,物流,2026-04-29
2545,001386,马可波罗,0.1837,1240016785.39,-5.5279578308,-32.0875,197503233.16,0.3883482092,4.0886,,2.02,,35.3198034091,家居用品,2026-04-29
2546,001368,通达创智,0.25,268309783.8,13.4706961193,4.6932,28154729.8,-10.82,47.1868,12.178115148641,2.05,-0.118592300214,24.9444942902,文娱用品,2026-04-29
2547,001359,平安电工,0.2823,259454954.05,17.9970186378,-7.3993,52372923.47,22.69,-2.5884,10.206548495601,2.8,0.145693811747,36.6319094303,塑料,2026-04-29
2548,001336,楚环科技,0.05,24234008.21,-74.0464834948,-81.3405,3897762.78,-57.18,-42.063,9.778391020548,0.5,0.252087099977,35.788998109,环保设备Ⅱ,2026-04-29
2549,001335,信凯科技,0.33,350802187.75,10.3366390364,-3.1753,23491216.76,29.79,-39.4245,9.800122942331,3.47,-1.617839296877,14.9306310505,化学制品,2026-04-29
2550,001331,胜通能源,0.1048,1675049187.63,40.0413012233,71.0369,29568031.56,52.95,171.9886,7.454767803125,1.99,2.125835181845,1.1834806874,燃气Ⅱ,2026-04-29
2551,001326,联域股份,0.1623,378972630.68,3.4176768427,15.8481,11881846.53,-70.47,63.3443,16.893640988115,0.97,-1.050973738661,19.2090379876,照明设备Ⅱ,2026-04-29
2552,001323,慕思股份,0.29,1121249473.77,-6.6600903189,-34.9962,118045579.7,-16.43,-51.8199,11.625143125747,2.57,-0.161451552461,51.8377703096,家居用品,2026-04-29
2553,001322,箭牌家居,-0.0768,1049956243.78,-7.4636130949,-54.3451,-73133726.04,19.05,-310.311,4.930259416842,-1.52,-0.705262942508,29.0154219221,家居用品,2026-04-29
2554,001312,福恩股份,0.22,421341036.09,,14.3943,39276252.67,,-32.557,,3.6,,25.6907461411,纺织制造,2026-04-29
2555,001296,长江材料,0.23,231276275.3,19.8334329803,-30.624,33207857.33,18.11,16.2598,11.533055108578,1.94,0.739207821447,26.8174620806,非金属材料Ⅱ,2026-04-29
2556,001282,三联锻造,0.13,389944777.97,13.9817416757,-12.9626,29979549.2,2.53,-30.7172,9.902699681483,1.93,0.270353492729,19.959884865,汽车零部件,2026-04-29
2557,001280,中国铀业,0.08,3282022181.18,,-46.236,140192166.02,,-72.3279,,1.3,,14.7290046058,小金属,2026-04-29
2558,001256,炜冈科技,0.18,118603520.65,16.0248811826,10.7202,26152473.09,14.73,160.559,8.242208911154,2.25,0.02861136135,31.7022213792,专用设备,2026-04-29
2559,001255,博菲电气,0.0366,92053284.51,30.9715472899,3.181,2876757.6,455.38,244.8881,9.0910447825,0.4,-0.37083991,28.2155380639,塑料,2026-04-29
2560,001238,浙江正特,0.37,506886540.13,41.6893175294,98.6591,40547852.95,90.86,188.9135,10.045669050545,3.75,-0.036796071273,28.0722934394,文娱用品,2026-04-29
2561,001236,弘业期货,0.0012,66200641.29,259.09,-27.648,1203151.63,109.07,-91.0254,1.865559269883,0.06,-3.220564769806,,多元金融,2026-04-29
2562,001233,海安集团,1.02,468131419.84,-9.6176994856,-21.9952,142553122.53,12.7151642498,-19.6294,,5.81,,46.9031786149,汽车零部件,2026-04-29
2563,001223,欧克科技,0.4342,199195525.5,58.8955103626,77.9257,40533617.89,25.61,268.7801,28.55077779829,2.08,0.639805621626,36.7494658759,自动化设备,2026-04-29
2564,001220,世盟股份,0.53,232142400.59,,-17.8407,36477398.34,,-26.8254,,4.33,,22.9176000656,物流,2026-04-29
2565,001216,华瓷股份,0.1998,350490505.83,25.2582319209,-1.9239,50319143.67,10.19,37.7929,7.051029983519,2.68,0.032953945877,30.5628777351,家居用品,2026-04-29
2566,001213,中铁特货,0.04,2581538237.78,3.0200986977,-24.0679,171606821.96,-35.38,82.4939,4.324157633223,0.9,0.075981191682,9.972992158,铁路公路,2026-04-29
2567,001209,洪兴股份,0.16,443060876.63,5.5039804984,-28.2279,20645831.83,-68.09,146.4441,9.990530048725,1.58,-0.292514429978,32.4893312212,服装家纺,2026-04-29
2568,000998,隆平高科,-0.0016,1408513410.93,-32.0290810683,-75.2225,-2094725.59,-102.72,-100.3555,3.807415606415,-0.04,-0.713095907293,40.4913885714,种植业,2026-04-29
2569,000983,山西焦煤,0.12,9025556698.21,-14.4638504636,-26.0045,681039664.29,-28.33,159.7653,6.55611979328,1.85,0.332136525997,30.7977043961,煤炭开采,2026-04-29
2570,000980,众泰汽车,-0.02,98750969.12,-12.8314605185,-43.0231,-103044017.57,18.55,84.5635,0.026137018956,-56.15,-0.004060793557,12.105452986,汽车零部件,2026-04-29
2571,000973,佛塑科技,0.0206,512244971.69,2.2592179407,-13.4132,19912171.18,9.98,-45.3098,2.975206217559,0.69,-0.073707524615,21.5950988089,塑料,2026-04-29
2572,000965,天保基建,0.0904,169488744.09,-34.6164085952,-82.4027,100353456.65,737.29,528.9773,4.992442983775,1.83,-0.931197673363,-26.9849211023,房地产开发,2026-04-29
2573,000938,紫光股份,0.1219,20789771379.75,22.2479290011,2.9979,348545980.85,-15.75,3894.3622,4.78404252108,2.58,-0.293878028044,15.6672489402,IT服务Ⅱ,2026-04-29
2574,000937,冀中能源,0.0903,4024492878.01,-24.5327844484,0.4713,318929621.28,-54.97,5528.2232,6.050725833597,1.5,0.03602653259,32.7632181822,煤炭开采,2026-04-29
2575,000936,华西股份,0.07,786710748.32,21.4768968772,-2.177,63617297.18,40.5,585.6142,5.91359187499,1.21,-0.002484670203,9.2202781499,化学纤维,2026-04-29
2576,000935,四川双马,0.15,324988710.21,52.5345397056,-1.6346,116549153.25,1236.09,79.8087,9.944286600967,1.55,0.050467618771,41.5221120798,多元金融,2026-04-29
2577,000926,福星股份,-0.0603,344468125.63,-68.2538319308,-94.6813,-96066594.05,-276.66,96.3297,5.861201438545,-1.02,0.172388775629,19.2108811923,房地产开发,2026-04-29
2578,000925,众合科技,-0.08,220187895.03,-12.8079975668,-76.166,-49970718.4,-86.69,-144.7872,4.926518685696,-1.48,-0.431204649789,23.686567435,轨交设备Ⅱ,2026-04-29
2579,000923,河钢资源,0.1928,1235733707.09,-23.3151923741,32.7438,125830298.74,-47.59,1200.827,15.258062825467,1.27,0.224092615633,57.3985973677,冶钢原料,2026-04-29
2580,000921,海信家电,0.83,24838267923.53,5.7572245636,12.0531,1127395765.82,14.89,103.1743,11.951393571371,7.04,0.046951898662,21.4069219236,白色家电,2026-04-29
2581,000911,*ST广糖,0.0235,759705370.51,-20.1043325608,-32.5894,9396534.98,38.54,-73.554,0.158599806593,15.99,-1.023334104883,11.4936907148,农产品加工,2026-04-29
2582,000910,大亚圣象,-0.13,787917901.56,-15.1686442295,-50.0559,-69503843.79,-94.38,-1501.7117,12.208240219712,-1.03,-0.075228760343,22.0411172149,家居用品,2026-04-29
2583,000908,石药景峰,-0.0135,100110799.34,-0.4622418133,-17.4886,-11899583.2,-960.04,-105.9166,0.079457665105,-15.69,0.013018593139,66.6164431806,化学制药,2026-04-29
2584,000901,航天科技,-0.0046,1652819419.41,0.3776506649,-13.5554,-3646729.1,-148.75,-115.7872,5.279164537139,-0.09,0.144561606573,19.2125567077,汽车零部件,2026-04-29
2585,000900,现代投资,0.1156,1626312646.07,10.8209521165,-7.5538,175519191.33,-7.11,369.4617,7.34160930014,1.57,0.455783100192,28.7409646072,铁路公路,2026-04-29
2586,000897,津滨发展,0.0084,141793786.46,-86.4416968568,-87.9446,13532304.57,-92.38,-90.1303,1.991918324241,0.42,-0.144905220589,34.5842880596,房地产开发,2026-04-29
2587,000895,双汇发展,0.3282,14295249466.28,-0.0886214638,-8.3817,1137224432.64,-10.58,-3.9984,6.423543760364,5.24,0.241264901542,16.975652539,食品加工,2026-04-29
2588,000887,中鼎股份,0.31,4854188014.79,3.4523216862,11.3655,402511020.02,11.52,101.4593,10.184573028794,3.05,0.255931641023,23.3243051394,汽车零部件,2026-04-29
2589,000886,海南高速,-0.014,57303144.84,210.136040625,-41.7753,-13617367.45,-139.44,-163.0907,3.052052006734,-0.45,-0.053559857642,19.1515059612,铁路公路,2026-04-29
2590,000883,湖北能源,0.06,4182669175.34,-19.6496120001,-9.5314,356239005.0,-54.31,155.0503,5.223467208201,1.05,0.249204181082,19.4398182499,电力,2026-04-29
2591,000882,华联股份,0.0011,333251958.48,-9.7420034918,8.3528,3063458.08,-75.0,130.9485,2.516535462727,0.04,0.057896916202,57.1336445068,一般零售,2026-04-29
2592,000860,顺鑫农业,0.3806,3258299227.75,-19.6852766653,80.1091,282349614.41,-37.34,287.1177,9.836305578597,3.95,-0.948596189982,36.8096043376,白酒Ⅱ,2026-04-29
2593,000830,鲁西化工,0.217,7289926095.44,7.9603468787,-10.9236,412911727.9,-27.3,-9.0361,10.002024849734,2.19,0.768554283432,12.6240398147,化学原料,2026-04-29
2594,000829,天音控股,-0.0278,22402226878.83,-14.3968484047,52.8802,-28520831.59,-279.03,-372.402,2.885915043946,-0.96,0.392054909862,2.6599582311,专业连锁Ⅱ,2026-04-29
2595,000826,*ST启环,-0.114,1115290750.7,-9.0436259319,-28.0647,-132659379.28,-57.0,93.1792,0.483848052458,-20.76,0.079396281335,22.7250285498,环境治理,2026-04-29
2596,000820,神雾节能,-0.0027,13409025.12,-64.7333143938,4.3329,-1719655.33,40.85,79.1107,0.217615618112,-1.27,-0.003235881436,22.6414675402,环保设备Ⅱ,2026-04-29
2597,000818,航锦科技,0.01,1069367886.08,-34.2640514342,14.9866,5152864.91,-89.82,100.5052,3.386370627014,0.22,0.216784087529,18.2348214397,化学原料,2026-04-29
2598,000803,山高环能,0.06,433950127.51,4.2111889773,6.4332,28267833.55,222.23,13.9377,3.094636712377,1.96,-0.025432520492,24.7801711171,电力,2026-04-29
2599,000799,酒鬼酒,0.0976,344035624.4,-30.3438105768,48.1187,31713274.21,-56.78,172.0849,12.305883816273,0.8,-0.391838934988,70.709758556,白酒Ⅱ,2026-04-29
2600,000796,凯撒旅业,-0.0028,140625954.33,-12.5993697146,-3.5628,-4541622.2,68.2,94.6494,0.537915729267,-0.61,-0.025009419301,24.7118592692,旅游及景区,2026-04-29
2601,000786,北新建材,0.498,6246258743.71,5.0869893073,14.4526,842219346.07,2.46,67.824,15.688557711406,3.23,-0.131106094552,28.9431305223,装修建材,2026-04-29
2602,000785,居然智家,0.03,3311622148.04,5.5770607011,-5.0232,211610317.65,-39.39,462.806,3.280677811181,1.04,0.029572291488,26.5371994891,一般零售,2026-04-29
2603,000768,中航西飞,0.1043,8438423122.66,-0.1961495458,-41.3795,288753910.09,5.97,262.3764,7.692861166851,1.61,-1.291746870465,8.2379179032,航空装备Ⅱ,2026-04-29
2604,000756,新华制药,0.15,2429825335.81,-1.8132366731,40.2785,112095257.24,-20.99,-10.9958,7.474188693082,2.21,0.012214376211,18.7476447581,化学制药,2026-04-29
2605,000733,振华科技,0.1056,908269700.08,-10.4453363634,-38.618,58514278.38,-42.6,-82.0313,26.720787837123,0.4,-0.054555057982,42.4938516782,军工电子Ⅱ,2026-04-29
2606,000720,新能泰山,0.0129,299055162.65,74.5324410752,-19.5548,16231551.11,243.67,118.1891,1.891768443532,0.69,0.637705212406,5.5449456291,电网设备,2026-04-29
2607,000712,锦龙股份,-0.11,30510855.8,24.83,-82.2619,-95730970.57,5.25,-1522.4774,2.525918859643,-4.07,-0.218451818114,,证券Ⅱ,2026-04-29
2608,000709,河钢股份,0.0171,32541367595.46,9.3844236245,0.8399,232240222.54,46.01,67.3933,4.973853050634,0.34,0.295115028646,9.1572293074,普钢,2026-04-29
2609,000707,双环科技,-0.0033,573159767.74,-31.1214053279,-8.9305,-1531628.65,-106.01,79.3355,5.018478232027,-0.06,-0.031356158512,13.5855036157,化学原料,2026-04-29
2610,000705,浙江震元,0.1074,751668062.61,-28.0460449485,-15.454,35882600.01,86.44,505.9264,5.997134925819,1.81,-0.050103248446,22.7645256772,医药商业,2026-04-29
2611,000695,滨海能源,-0.0474,96002787.05,-14.6538558357,-26.8162,-10527843.4,-1542.97,71.4706,0.661523920731,-7.18,-0.081973005022,-1.0153637097,电池,2026-04-29
2612,000692,惠天热电,-0.0695,1204283959.89,0.8431170142,38.3945,-37007513.32,76.91,-129.7435,0.283095795088,-22.43,-1.104068588803,3.1365307916,电力,2026-04-29
2613,000682,东方电子,0.0902,1405755105.03,10.0389477058,-51.7587,120901962.86,19.22,-53.9809,3.904297112149,2.34,-0.23785638985,31.2018670571,电网设备,2026-04-29
2614,000676,智度股份,0.0355,1110395042.17,47.0395868708,9.1146,44451198.15,-19.52,-22.5863,3.320751799817,1.06,-0.138619465827,15.2733352099,广告营销,2026-04-29
2615,000665,湖北广电,-0.1,415442391.09,-7.9134543015,47.94,-110862966.88,-10.23,75.0845,3.773150382035,-2.55,-0.035589946624,2.6512805111,电视广播Ⅱ,2026-04-29
2616,000651,格力电器,1.07,41639050426.79,13.7817265447,-2.3062,5904459443.46,26.29,-42.2472,25.562578463532,4.21,1.964010302358,27.360526846,白色家电,2026-04-29
2617,000639,ST西王,0.007,1039738611.09,-19.9178606051,-10.2484,7516130.78,-85.22,101.4849,2.705506498559,0.26,-0.032135220614,23.3268911208,食品加工,2026-04-29
2618,000636,风华高科,0.06,1273931395.89,20.4070436569,-6.7993,64574389.21,-11.44,-10.1548,10.687669218584,0.53,0.012710986547,17.4938166937,元件,2026-04-29
2619,000632,ST三木,-0.0627,2114692856.11,-42.8927861748,101.7483,-29166660.74,-656.33,93.3755,2.122288206101,-2.91,0.551212086529,2.8230340859,综合Ⅱ,2026-04-29
2620,000631,顺发恒能,0.01,138363769.95,46.681126997,-22.9338,19739688.34,12.13,-54.2269,2.408492254346,0.33,0.014574929307,27.8340967899,电力,2026-04-29
2621,000630,铜陵有色,0.09,35240800502.36,7.7038826173,-10.2013,1123645752.41,2.93,1334.937,2.708942172865,3.23,0.090443542483,7.6547914288,工业金属,2026-04-29
2622,000620,盈新发展,-0.0174,296452892.63,-63.1947185986,-61.9506,-102394429.38,-595.0,83.395,0.824425117612,-2.11,-0.001848859294,2.1274634813,房地产开发,2026-04-29
2623,000612,焦作万方,0.135,1482588687.95,11.9446200843,-11.5703,161390242.38,14.62,165.8148,5.368077246716,2.55,-0.176034569919,11.4675906913,工业金属,2026-04-29
2624,000608,阳光股份,-0.02,73078001.53,-0.9503974255,-43.0315,-16225492.69,-23.34,85.1148,3.058627713193,-0.7,0.028205232986,58.3129652259,房地产开发,2026-04-29
2625,000605,渤海股份,0.0511,551201363.19,-7.7144742809,-1.2811,18030769.39,1.26,350.8857,6.074909836227,0.85,0.102721920719,19.1593387122,环境治理,2026-04-29
2626,000603,盛达资源,0.012,352578078.37,33.9187430317,-42.7891,8284114.91,194.37,-95.6591,4.398411243577,0.27,-0.238098857844,28.9102182022,贵金属,2026-04-29
2627,000600,建投能源,0.248,6575511055.07,-5.8416787469,-15.1082,443801639.54,75.94,367.955,6.034303130186,4.16,0.458499931716,19.2372713836,电力,2026-04-29
2628,000599,青岛双星,0.0162,7096759116.51,501.1028723092,12.0444,36847034.06,-382.86,40.3173,1.822975184098,0.72,0.264026902284,21.3658190317,汽车零部件,2026-04-29
2629,000596,古井贡酒,4.41,9146061070.75,10.375467894,102.8258,2329843939.99,12.78,202.2799,50.059179668672,9.21,3.490692719031,79.6839537303,白酒Ⅱ,2026-04-29
2630,000591,太阳能,0.0737,1300453362.28,-7.802174017,2.7264,288894490.16,-17.62,541.4035,6.063257859225,1.22,1.9890585e-05,44.7856089109,电力,2026-04-29
2631,000589,贵州轮胎,0.04,2527333807.92,3.595125631,-11.2499,66116532.52,-68.13,20.2295,5.682495445983,0.75,-0.05487925442,14.1852105696,汽车零部件,2026-04-29
2632,000568,泸州老窖,3.13,9352165445.5,1.7822801068,35.6823,4592780509.9,0.41,144.3039,34.080773098344,9.48,2.247182957359,86.5095329811,白酒Ⅱ,2026-04-29
2633,000567,海德股份,0.0496,220595962.45,-36.0219041922,3797.4007,97044507.71,-58.4,151.8603,2.721063007817,1.84,0.011872654257,98.9119150807,多元金融,2026-04-29
2634,000564,供销大集,-0.0002,443654666.49,13.6884697468,24.6621,-3321613.24,95.18,99.481,0.852582029035,-0.02,-0.044657337406,27.3251601563,一般零售,2026-04-29
2635,000557,西部创业,0.0451,318175911.52,-3.0340392569,-9.2602,65759864.26,-22.01,69.2064,4.237661013635,1.07,0.072720465464,27.1305804728,铁路公路,2026-04-29
2636,000551,创元科技,0.165,1179507860.35,0.3675730529,41.1486,79459638.66,27.15,103.7715,6.660396093069,3.0,0.134199071057,24.2347040252,环保设备Ⅱ,2026-04-29
2637,000544,中原环保,0.3602,1153092724.91,-25.2584072434,-15.397,359188449.85,-14.07,952.9014,8.905226087603,4.02,-0.308322052941,57.8165804074,环境治理,2026-04-29
2638,000520,凤凰航运,-0.0025,164731229.0,-23.2383146667,24.5868,-2504090.99,66.99,95.8691,0.450930880547,-0.54,-0.0243932071,2.3913055551,航运港口,2026-04-29
2639,000517,荣安地产,0.0061,2618407980.9,-65.9606744424,-61.5769,19318197.77,-95.27,100.9428,1.833427853449,0.33,0.111339413277,7.9626078778,房地产开发,2026-04-29
2640,000504,南华生物,-0.0067,22453576.28,-13.5531612539,-46.5782,-2218632.26,19.92,80.5983,0.711697299927,-0.94,-0.002500710632,64.9628738785,医疗服务,2026-04-29
2641,000503,国新健康,-0.0465,50467725.8,5.3264168082,-67.7976,-45576538.97,-12.86,-321.5547,1.385911521071,-3.3,-0.066882202886,-14.7863089167,软件开发,2026-04-29
2642,000425,徐工机械,0.172,27266147629.96,12.7892536895,16.9224,2038858424.57,26.37,203.1829,5.201417647716,3.37,0.071986368779,21.9478794806,工程机械,2026-04-29
2643,000420,吉林化纤,0.0034,1214307983.07,32.3949118888,11.9242,8269756.5,-60.59,124.0609,1.788921931153,0.17,0.027341397168,12.2425992213,化学纤维,2026-04-29
2644,000417,合百集团,0.0965,2132933173.91,6.550393894,24.8807,75258380.02,-28.46,514.836,6.126547138255,1.59,-0.672736106809,24.1509073407,一般零售,2026-04-29
2645,000415,渤海租赁,0.1082,17117220000.0,99.823724983,28.2714,669404000.0,72.21,197.5486,5.119452024872,2.12,0.767850215638,24.7477335689,多元金融,2026-04-29
2646,000410,沈阳机床,0.0041,957499476.06,158.6916283489,-26.1908,9599097.13,21.7,-124.4145,0.495942810199,0.38,-0.01257705691,13.4728266955,通用设备,2026-04-29
2647,000403,派林生物,0.09,374649641.98,-14.0003159965,-50.989,89089215.65,-26.95,-56.0244,10.961584260914,1.12,-0.158450722669,48.0604614189,生物制品,2026-04-29
2648,000402,金融街,-0.13,2585659939.44,-57.942143293,-65.0026,-381670082.02,-36.13,95.4932,8.197252109144,-1.55,0.319298297309,8.816104231,房地产开发,2026-04-29
2649,000301,东方盛虹,0.05,30309373926.52,-17.5005618421,3.1873,341165717.89,38.19,138.8669,5.092323089731,1.0,-0.407135055625,9.8918093588,炼化及贸易,2026-04-29
2650,000159,国际实业,0.0179,358598172.5,-49.1227463424,149.2655,8612854.98,4.83,-35.2085,4.225188570015,0.42,-0.181722331297,13.2885738061,炼化及贸易,2026-04-29
2651,000157,中联重科,0.16,12116906881.05,2.9198732269,9.2357,1410198955.93,53.98,269.7799,6.723997964477,2.44,0.085251054506,28.6745132033,工程机械,2026-04-29
2652,000153,丰原药业,0.0818,940757024.36,-16.0539808359,-8.0572,38020772.3,-19.12,180.9699,4.440828801504,1.86,0.026534019989,21.9698835808,化学制药,2026-04-29
2653,000096,广聚能源,0.0275,326746454.99,-37.8685378708,-26.1747,14497239.68,110.99,-51.7465,5.337505351155,0.52,-0.079908939981,10.7980712082,炼化及贸易,2026-04-29
2654,000090,天健集团,0.0216,2885135314.72,4.8642078278,-76.1918,40339005.05,-58.57,-86.1891,6.111270591085,0.35,-0.852541636582,13.4025917511,房地产开发,2026-04-29
2655,000066,中国长城,-0.05,2858093589.06,7.3209988756,-37.8264,-159515661.11,36.1466174682,79.8302,3.390620487189,-1.437,-0.177900907358,13.4000827939,计算机设备,2026-04-29
2656,000062,深圳华强,0.1009,5228986038.01,17.2383257665,-7.8351,105573529.29,83.91,298.1381,6.741236001069,1.51,0.835521492904,8.401561111,其他电子Ⅱ,2026-04-29
2657,000056,*ST皇庭,-0.07,130875079.48,-29.3493651403,-3.113,-82030124.46,-0.83,78.3478,0.227773084597,-25.91,0.042176488539,63.1611896691,房地产服务,2026-04-29
2658,000039,中集集团,0.0971,36026452000.0,11.0448304049,-26.0137,543799000.0,550.21,-52.4785,8.936767237439,1.09,1.023848029521,12.0999481159,通用设备,2026-04-29
2659,000037,深南电A,-0.0204,58411466.37,-27.5120886656,-18.8312,-12305181.65,57.67,-118.2199,2.445879282811,-0.83,-0.048734421105,3.4842200453,电力,2026-04-29
2660,000035,中国天楹,0.04,1225763458.84,-2.0584231208,-13.7214,105198253.28,-47.63,226.4966,4.360992336532,0.98,0.127021571485,33.9601243289,环境治理,2026-04-29
2661,000021,深科技,0.1147,3364638220.14,7.6209314713,-15.3653,178929169.49,46.91,-33.4756,7.788323665272,1.5,0.428440119088,16.2377789119,消费电子,2026-04-29
2662,000017,深中华A,0.0086,160342458.39,42.4662410897,-46.625,5904967.75,83.62,-37.3352,0.507081887366,1.7,-0.065121019615,7.9323658735,饰品,2026-04-29
2663,000016,*ST康佳A,0.0394,2544411519.38,3.3245508367,-15.0385,94810677.19,118.59,104.4733,0.66058697371,4.0,-0.175164275842,5.6159778971,白色家电,2026-04-29
2664,000011,深物业A,0.0084,493396461.75,21.3521259493,-65.1643,5005715.62,979.79,100.4476,5.648501680911,0.01,-0.455274362343,25.8386192592,房地产开发,2026-04-29
2665,000010,*ST美丽,-0.005,93495992.66,76.2029966163,-80.8557,-5795257.99,76.47,-107.5212,0.257470385498,-1.94,-0.065490733976,18.1194604261,基础建设,2026-04-29
2666,000007,全新好,0.0051,95400658.4,120.4111263029,-37.6671,1772378.55,176.59,-96.6713,0.52252287711,0.98,0.268864801673,11.560258624,一般零售,2026-04-29
2667,920985,海泰新能,-0.08,439560711.45,-9.4624278867,-64.4606,-25564749.74,-241.58,-197.3989,4.521083070427,-1.81,-0.161668352235,15.2801028846,光伏设备,2026-04-28
2668,920981,晶赛科技,0.01,129577907.61,4.646654496,-5.3029,1023121.65,283.8,139.6686,6.687509368756,0.2,0.617996706073,15.6440081368,元件,2026-04-28
2669,920971,天马新材,0.01,57700072.99,15.8169128862,-22.1947,971909.36,-86.98,-93.1424,4.289833499645,0.21,0.185350882002,12.2274047924,非金属材料Ⅱ,2026-04-28
2670,920931,无锡鼎邦,0.09,85265362.39,-18.613010123,-12.6403,8300665.61,-20.0,-7.8823,4.254712339295,2.1,-0.298149789631,22.21436147,专用设备,2026-04-28
2671,920892,广咨国际,0.04,86870075.06,5.0487027785,-57.3848,6652973.59,17.61,-85.314,2.785095657171,1.55,-0.1314972403,31.7711682428,工程咨询服务Ⅱ,2026-04-28
2672,920885,星辰科技,0.037,32825960.09,31.7058679914,-29.9661,6439904.33,18.44,62.625,2.267976064942,1.68,0.074547536559,33.4638917792,自动化设备,2026-04-28
2673,920876,慧为智能,0.03,135614602.1,22.9748064587,27.2371,2156020.64,-22.34,160.1907,3.921278810646,0.86,-0.274490975856,14.8113721303,消费电子,2026-04-28
2674,920871,派特尔,0.05,39563680.65,18.3912135733,-7.2508,3496545.8,-38.47,-14.1923,3.444729376729,1.33,0.079288629522,27.2384541907,汽车零部件,2026-04-28
2675,920870,恒进感应,0.03,22692228.28,62.8385993394,-50.6033,4251222.72,2.95,-64.3238,3.394585385896,0.94,0.045902797612,33.8223052196,通用设备,2026-04-28
2676,920866,绿亨科技,0.02,95519464.4,18.2388531942,-47.2918,3927823.36,-29.12,-77.374,4.260484493183,0.5,-0.096538644184,50.1161973538,农化制品,2026-04-28
2677,920834,三维装备,0.06,61660457.13,20.7709503043,-8.2565,7559856.5,61.46,16.1327,2.468756173052,2.58,-0.027168170785,31.9263183996,橡胶,2026-04-28
2678,920832,齐鲁华信,0.01,118018144.42,3.840574851,62.5587,821614.63,-79.68,-11.3951,5.433022876597,0.11,0.005988952672,14.5699064195,非金属材料Ⅱ,2026-04-28
2679,920810,春光智能,0.04,45467443.92,323.0383681093,1101.2801,2979367.29,189.15,108.316,3.369085459708,1.3,-0.320426797226,30.9985917942,专用设备,2026-04-28
2680,920809,安达科技,-0.11,691754500.48,212.6859745418,63.1792,-64707172.94,60.35,59.8026,2.906027918765,-3.65,-0.428849273566,1.4430294943,电池,2026-04-28
2681,920792,东和新材,0.12,146756263.05,-12.020071762,-15.0182,19436103.24,14.58,208.7207,6.063178259998,1.84,-0.079473927087,27.7328792068,装修建材,2026-04-28
2682,920786,骑士乳业,0.05,369589946.91,55.8785254747,-34.0146,10652296.65,-38.7,159.3481,3.455979170019,1.38,-0.531374038976,10.6546757641,饮料乳品,2026-04-28
2683,920735,德源药业,0.4,255089983.62,21.5933886967,18.3575,46442966.9,30.99,-24.7284,14.734328708133,4.11,0.198905051946,85.9919342528,化学制药,2026-04-28
2684,920729,永顺生物,0.03,65456650.96,-1.5622534459,-4.6149,7916030.82,-5.47,-29.1944,2.453818474008,1.19,0.062419805012,56.2521374528,动物保健Ⅱ,2026-04-28
2685,920701,豪声电子,0.09,176660869.21,7.7741065297,-19.2514,8528677.02,-93.36,-42.967,8.301778427449,1.05,0.002230567041,14.2376266416,消费电子,2026-04-28
2686,920699,海达尔,0.42,94450066.26,4.5602156725,-24.8616,19222036.83,19.58,-29.6247,7.166191257044,6.06,0.419885617848,29.1196823561,家电零部件Ⅱ,2026-04-28
2687,920693,阿为特,0.07,68344387.65,32.2184880517,6.6944,4822512.18,-23.91,236.1085,4.868824221458,1.37,-0.0159300663,19.7231992026,通用设备,2026-04-28
2688,920689,克莱特,0.15,125079867.49,7.1061390611,-5.0116,11071505.23,-14.84,67.549,6.506865775068,2.35,-0.130982438147,26.8981292714,通用设备,2026-04-28
2689,920679,前进科技,-0.02,14677892.44,-74.3964595789,-71.6443,-1353979.03,-109.78,-129.6513,9.002710573679,-0.27,0.196972441898,25.1200556556,通用设备,2026-04-28
2690,920665,科强股份,0.08,65274263.45,-17.6473637716,-22.7325,10029068.64,-49.36,-18.0678,5.534692581583,1.4,0.057097398723,34.9623066486,橡胶,2026-04-28
2691,920651,天罡股份,0.19,56704078.45,49.4772293936,-51.022,11345675.27,36.81,-67.4432,8.416017873115,2.24,-0.187288846721,49.4303215504,通用设备,2026-04-28
2692,920642,通易航天,-0.01,32440844.8,14.411645317,-37.8713,-1472118.06,79.76,-112.7777,2.393739880682,-0.59,-0.099304205975,30.3667421139,航空装备Ⅱ,2026-04-28
2693,920641,格利尔,0.05,104529690.81,-10.8461852375,-7.5718,3965190.77,161.19,143.0561,4.558782299683,1.13,-0.020014970704,17.0521055806,照明设备Ⅱ,2026-04-28
2694,920639,晨光电缆,0.014,408224910.66,4.6848169275,-24.3283,2802899.49,-85.27,124.2911,4.149561639435,0.34,-0.463228109276,10.6653296683,电网设备,2026-04-28
2695,920634,新威凌,0.05,173749213.42,15.577246973,-41.7499,3044223.96,-42.5,-43.6586,4.284576448504,1.13,-0.597339172429,7.6680081468,工业金属,2026-04-28
2696,920627,力王股份,0.07,169911688.67,25.2959185125,-8.3322,6469930.76,-10.45,-53.0002,4.811015631445,1.43,0.26290982901,11.9939617336,电池,2026-04-28
2697,920599,同力股份,0.4095,1536052828.62,28.3432225781,-12.8811,187364327.21,58.45,-43.7681,7.058301872094,5.85,-0.587016248183,21.1600469029,工程机械,2026-04-28
2698,920593,鼎智科技,0.07,58794956.08,35.7606366252,9.4108,12650463.01,135.75,56.4668,5.057204170966,1.88,-0.034852036798,54.4757999418,自动化设备,2026-04-28
2699,920592,华信永道,-0.12,22329840.38,30.7612925574,-82.8869,-7694350.8,14.74,-118.6255,6.144886347868,-1.99,-0.662552935157,30.0070377395,软件开发,2026-04-28
2700,920578,巨能股份,0.02,36058736.98,-3.6091040152,-57.3957,1821654.96,127.09,-57.2703,3.50481635603,0.68,0.379197425932,30.8794021992,自动化设备,2026-04-28
2701,920570,坤博精工,0.06,29707061.97,-33.403664472,-6.6194,2862575.66,-63.06,141.3135,7.567222034966,0.83,0.249969592796,21.4049326602,通用设备,2026-04-28
2702,920566,梓橦宫,0.11,94827223.47,1.2512598471,-19.2844,16642177.74,-16.31,-41.4695,5.448283572989,2.11,0.247710573903,74.2450781471,化学制药,2026-04-28
2703,920533,骏创科技,0.07,161264239.68,-23.9208171055,-14.2169,9757812.12,-62.79,54.9849,3.606512454644,2.73,0.177402893504,23.214863273,汽车零部件,2026-04-28
2704,920526,凯华材料,0.04,26995495.61,-0.7050573621,-1.1303,3431762.22,-31.31,-41.2448,2.735446941354,1.53,0.028075374002,27.8697612694,电子化学品Ⅱ,2026-04-28
2705,920523,德瑞锂电,0.34,117636483.7,7.0323209853,-13.3912,34311442.04,19.21,-22.7214,6.210236211319,5.61,0.320645227411,40.2622060183,电池,2026-04-28
2706,920522,纳科诺尔,0.2,232533711.85,-20.3477311157,16.4451,30999543.54,-36.5,177.1855,9.619184048677,2.92,0.647570656974,24.2065552827,电池,2026-04-28
2707,920505,九菱科技,0.1,36306621.26,4.4386009485,-17.9922,6272511.85,19.62,-1.9758,5.166681933374,1.89,0.000948723502,25.5494779136,通用设备,2026-04-28
2708,920504,博迅生物,0.03,23152939.5,-1.571023293,-38.9881,1239648.33,6.62,-83.7626,4.497668000674,0.49,-0.286027096607,45.3942083682,医疗器械,2026-04-28
2709,920491,奥迪威,0.16,156946925.86,26.2526618868,-7.9779,23009735.8,12.9,14.0677,7.309585156746,2.26,-0.028418478975,35.2450935989,元件,2026-04-28
2710,920489,佳先股份,0.04,136206147.68,-7.1763903328,11.1201,5866249.33,-48.76,170.3805,3.685375254582,1.13,-0.014063636237,11.4386668483,化学原料,2026-04-28
2711,920478,峆一药业,0.24,80341636.5,14.7329452989,8.9961,19231299.51,54.39,56.8327,8.972091984418,3.89,0.445598582012,39.5706270434,化学制药,2026-04-28
2712,920445,龙竹科技,0.049,87614871.83,43.275526019,-9.3169,7224272.13,88.51,497.4674,2.371789546555,2.07,0.029318516688,26.2455577229,家居用品,2026-04-28
2713,920436,大地电气,-0.09,268281890.16,40.7353526852,3.4034,-8781306.69,-588.78,74.7336,4.053621626868,-2.27,-0.286214262035,11.4663902329,汽车零部件,2026-04-28
2714,920427,华维设计,0.01,15078147.42,-5.2298652756,-56.5496,1499708.96,-50.19,-82.2962,3.311421923954,0.44,-0.112591423735,10.3177523516,工程咨询服务Ⅱ,2026-04-28
2715,920425,乐创技术,0.13,23852670.57,20.0334132287,25.8861,8959071.52,82.39,212.0506,5.007251739097,3.59,0.071152848145,69.1811096438,自动化设备,2026-04-28
2716,920422,润普食品,0.02,119347851.29,-12.0338020804,-20.3487,1965198.35,-53.14,-74.3891,4.814196464258,0.46,0.006724664853,8.7593274676,化学制品,2026-04-28
2717,920419,路斯股份,0.16,184216552.06,17.5774641905,-9.1685,16511975.73,17.34,-13.4521,5.504679988268,2.95,0.287740619361,21.6503685874,饲料,2026-04-28
2718,920418,苏轴股份,0.21,170770143.4,2.2790552078,1.2795,34915381.58,6.6,5.6416,6.29694969411,4.18,0.41932123715,37.1798446297,汽车零部件,2026-04-28
2719,920405,海希通讯,0.21,182980012.68,-2.7692353379,28.8212,29261245.47,-0.65,350.641,5.734803180522,3.69,-0.198391458292,33.6819401351,自动化设备,2026-04-28
2720,920396,常辅股份,0.0815,46045706.31,-21.3131502896,-41.8266,5866191.21,-23.23,-54.291,5.591257139657,1.77,0.790492348927,40.0585575033,自动化设备,2026-04-28
2721,920374,云里物里,0.05,53521859.09,-7.6118011781,33.7729,3921039.06,-53.7,688.1443,3.164759827768,1.53,0.128408377046,40.0757098215,通信设备,2026-04-28
2722,920370,新安洁,-0.03,112110884.6,-9.6003296486,2.6401,-8725121.84,-382.67,49.7322,2.091560365254,-1.35,-0.041400667657,15.8470981595,环境治理,2026-04-28
2723,920344,三元基因,-0.1,45021673.04,-6.1116893478,-48.919,-12250556.92,-735.27,-218.7253,4.996057555045,-1.99,0.005744804367,77.1510829443,生物制品,2026-04-28
2724,920278,鹿得医疗,0.04,61093741.9,-7.4168308272,-44.4232,6334320.18,62.89,-30.7444,2.307380211705,1.57,0.364158435,27.1009662284,医疗器械,2026-04-28
2725,920275,驱动力,0.01,14632361.9,-10.7419756138,-29.8565,1017254.46,-67.45,-78.2565,1.502702599299,0.43,0.009385140509,27.473388353,动物保健Ⅱ,2026-04-28
2726,920266,生物谷,-0.14,92118348.63,-40.3537162367,-4.139,-16768203.83,-259.25,77.992,7.325072824149,-1.83,-0.194388576204,51.6220903188,中药Ⅱ,2026-04-28
2727,920242,建邦科技,0.28,174777278.9,22.5076447292,-18.6195,18687851.54,49.72,-39.4164,9.495467923585,3.09,0.120836854716,27.7641118774,汽车零部件,2026-04-28
2728,920227,美登科技,0.28,37250026.68,7.4025677898,-4.2735,11066474.32,7.38,4.8022,10.848785854679,2.65,0.130487214411,64.4334921051,IT服务Ⅱ,2026-04-28
2729,920223,荣亿精密,-0.02,82736897.61,29.9616556831,3.9431,-3817112.52,49.75,62.1471,1.643826449375,-1.47,-0.134946346505,12.1637041522,通用设备,2026-04-28
2730,920212,智新电子,0.08,99299809.66,-16.8989556743,-13.7713,8144927.4,957.5,154.0483,4.008561449576,1.92,0.116416242224,11.5367105226,消费电子,2026-04-28
2731,920204,沪江材料,0.0571,73633043.65,-5.5463184573,0.3061,5383969.26,-47.67,87.9823,5.116034784332,1.12,-0.093092180211,26.488070998,包装印刷,2026-04-28
2732,920198,微创光电,-0.25,21587566.8,-11.3891043912,-85.9239,-40504007.01,7.15,-167.6536,2.491866056052,-9.59,0.048528381124,35.7918980475,计算机设备,2026-04-28
2733,920195,三祥科技,0.24,258275205.38,22.3705087703,-5.095,23678430.55,320.92,8.9389,7.755766567887,3.16,-0.219047712435,32.7892441767,汽车零部件,2026-04-28
2734,920187,通领科技,1.02,253895946.05,,-18.3183,47632268.26,,46.9156,,6.66,,31.9075170007,汽车零部件,2026-04-28
2735,920184,国源科技,0.01,54808914.2,-10.6139270195,-21.6351,1847485.15,9.02,156.2254,4.56447589985,0.3,-0.144381990098,39.7836601733,IT服务Ⅱ,2026-04-28
2736,920183,海菲曼,0.49,55010146.67,,-32.516,18833236.31,,-31.8565,,8.58,,67.5351752884,消费电子,2026-04-28
2737,920177,恒道科技,0.41,62574371.24,40.5913456246,-10.3891,16282917.25,32.3866740976,-16.5647,8.577633786952,4.96,0.063226552497,50.4317311779,通用设备,2026-04-28
2738,920175,东方碳素,-0.15,65510157.24,-36.0720202401,0.0648,-18096027.65,-214.73,29.7882,6.41638989605,-2.34,-0.01044731437,9.6736175228,非金属材料Ⅱ,2026-04-28
2739,920174,五新智能,0.22,208776615.63,7.9521890156,-11.543,28691841.59,-11.04,201.063,8.860342720802,3.04,0.197799775906,33.4789889467,基础建设,2026-04-28
2740,920171,志晟信息,-0.05,13978801.57,43.2155308442,-85.7802,-4830230.15,36.27,88.0256,2.088665908169,-2.28,-0.184532067832,51.5762968942,IT服务Ⅱ,2026-04-28
2741,920169,七丰精工,0.03,42108226.0,20.568067897,-20.0599,2196262.25,36.23,-63.6745,3.877061614484,0.7,0.05652405573,24.4391927126,通用设备,2026-04-28
2742,920167,同享科技,-0.03,717636302.56,47.4797601694,0.3443,-3247045.14,-109.91,87.94,5.567522676423,-0.53,-0.297376720671,5.6934844272,光伏设备,2026-04-28
2743,920166,海圣医疗,0.18,63617860.85,21.6224114209,-34.4917,11835256.55,23.2536221619,-51.7405,6.611040863281,2.84,0.156899232813,50.6618971769,医疗器械,2026-04-28
2744,920158,长江能科,-0.05,14712968.57,11.9028224444,-87.2655,-5225019.29,3.5105518292,-130.1753,3.192605545337,-1.5,-0.192713212528,54.6862883022,专用设备,2026-04-28
2745,920152,昆工科技,-0.21,124545780.0,13.091671725,-27.7733,-23326686.91,-295967.9,-0.9665,3.528856205493,-5.93,-0.342264053698,6.3486117153,电池,2026-04-28
2746,920149,旭杰科技,0.12,84067802.15,-53.4423672126,-33.0385,8890795.02,-14.08,126.0967,2.24853583508,5.61,0.002892650729,14.8488878034,工程咨询服务Ⅱ,2026-04-28
2747,920146,华阳变速,0.04,122456694.25,9.353738678,-21.1015,5468111.82,160.58,316.1778,1.676059705575,2.45,-0.018977577768,7.5417805017,汽车零部件,2026-04-28
2748,920145,恒合股份,-0.04,8995736.95,18.9383404807,-69.2487,-3048635.42,23.2,-1448.7488,3.737822394614,-1.15,-0.039601280794,8.2408380116,环保设备Ⅱ,2026-04-28
2749,920132,泰鹏智能,0.13,88890724.92,-34.4462420603,-14.8651,10464878.23,-39.63,77.8003,3.187014916208,4.04,0.326766471313,25.3599656098,家居用品,2026-04-28
2750,920122,中纺标,-0.0107,35220448.0,-7.2924105962,-37.4646,-985250.1,19.9,-109.2896,3.705037026691,-0.29,0.081028358112,36.7020040461,专业服务,2026-04-28
2751,920119,美德乐,1.14,346641241.41,,17.8533,63925317.75,,27.2434,,6.26,,32.6910194007,自动化设备,2026-04-28
2752,920112,巴兰仕,0.42,212365083.28,6.3347262307,-17.104,26632709.1,6.0422061302,9.6887,8.27230909,5.24,0.46269914,28.5124411578,专用设备,2026-04-28
2753,920101,志高机械,0.44,225455065.45,7.2233638369,-3.4002,28580384.02,12.7606689371,-11.8819,9.270745003958,4.9,0.198955389852,26.3366532668,工程机械,2026-04-28
2754,920099,瑞华技术,0.21,102071400.68,1.96495514,-63.0844,16429347.81,24.85,-57.1693,10.803847206221,1.96,-0.11170054035,28.9459429607,化学制品,2026-04-28
2755,920091,大鹏工业,-0.01,24260309.73,-3.5381602395,-80.3721,-682537.53,-128.582571961,-102.9722,6.849405843298,-0.21,0.053805269535,21.1229237674,专用设备,2026-04-28
2756,920089,禾昌聚合,0.22,434608264.18,32.2265061244,-12.8229,33843207.51,12.54,13.3443,7.661474329586,2.98,-0.863020717671,16.1428784407,塑料,2026-04-28
2757,920077,吉林碳谷,0.0401,479981092.27,19.7731412159,4.3629,23497499.84,17.33,76.1479,4.206223081154,0.96,-0.368586415343,14.9208702662,化学纤维,2026-04-28
2758,920076,国亮新材,0.32,240602381.17,10.4193426689,-5.8537,20822888.81,28.0940990022,4.8188,11.326679877392,2.84,-0.267730371831,18.9873579837,装修建材,2026-04-28
2759,920075,柏星龙,0.045,97639426.34,-29.9760002361,-31.4429,2901903.86,-78.07,18.9176,6.318901131837,0.71,0.060451147111,33.1984367945,包装印刷,2026-04-28
2760,920066,科拜尔,0.29,119573041.59,19.1947171525,-2.8404,9277675.23,2.51,-46.4543,8.622302373617,4.21,-1.730590965192,15.4651693175,塑料,2026-04-28
2761,920058,华洋赛车,0.21,178481512.27,264.2359483821,70.9309,11515562.96,161.79,57.5561,6.358484036689,3.28,-0.005346305609,18.9688764564,摩托车及其他,2026-04-28
2762,920056,能之光,0.18,133044461.65,-3.5325203477,-19.9976,11892336.03,-23.206569803,-31.3982,6.046938498362,3.09,0.270075061945,17.9608620033,塑料,2026-04-28
2763,920055,隆源股份,0.56,230839228.25,23.145801954,-6.2001,28617635.73,4.3555622259,-8.0733,13.628355974902,4.21,0.222508673529,24.2282325036,汽车零部件,2026-04-28
2764,920045,蘅东光,1.03,493458857.25,145.4311715898,5.9335,59540263.22,210.977203791,25.5148,9.698628237003,11.14,-0.272735943009,25.3129802849,通信设备,2026-04-28
2765,920037,广信科技,0.64,175143560.22,54.4810272171,7.6027,43723559.73,128.5329248122,14.9494,8.137934969984,8.17,0.211650018138,38.0368803833,电网设备,2026-04-28
2766,920036,觅睿科技,0.21,156701177.83,,-16.9149,8423082.98,,-63.9255,,3.16,,35.639172145,计算机设备,2026-04-28
2767,920033,康普化学,0.08,46583521.46,-29.952564708,1.8396,9849773.54,-56.08,839.278,6.139790048369,1.34,0.036984415863,42.124920562,化学制品,2026-04-28
2768,920029,开发科技,2.02,809728839.81,35.4301996061,-0.3463,202963224.17,60.3,73.5747,24.548650228963,9.15,0.818814938524,36.5903928245,通用设备,2026-04-28
2769,920028,新恒泰,0.17,171357489.23,14.2889665658,-28.2824,20454790.57,21.8271970169,-30.9412,5.563999606474,3.03,-0.027143565344,24.8949325948,塑料,2026-04-28
2770,920026,卓兆点胶,0.06,58434784.46,216.8758615777,111.5603,4647037.28,138.13,185.2149,7.066275141712,0.81,0.025762818236,56.6157884139,专用设备,2026-04-28
2771,920023,*ST田野,0.0139,96622261.44,9.2166046678,-27.4684,4536726.53,-47.89,120.8893,3.664558514775,0.38,-0.04377126714,20.5515514479,农产品加工,2026-04-28
2772,920022,世昌股份,0.44,137525573.57,10.6007490536,-10.2015,18783346.19,14.0153416345,-7.0912,5.688408221265,8.13,-0.079388185303,25.84022294,汽车零部件,2026-04-28
2773,920020,泰凯英,0.1894,593544048.96,26.0940623083,-1.1002,33525826.7,16.0794012193,-13.9495,4.106850764633,4.72,-0.502929362712,18.0680886883,工程机械,2026-04-28
2774,920019,铜冠矿建,0.1,332669262.33,12.2816812902,-17.8982,21129204.96,22.96,22.1854,4.455569143331,2.28,0.171222992324,12.4082988133,专业工程,2026-04-28
2775,920018,宏远股份,0.28,608211010.63,53.8900552607,4.4902,26164885.03,96.1628294007,-15.3944,,4.67,,6.2891346081,电网设备,2026-04-28
2776,920011,晨光电机,0.31,196469195.7,38.6769214725,-18.9377,18939095.25,115.5105744308,-28.6639,7.708193016935,4.05,0.210432744032,18.9329804235,电机Ⅱ,2026-04-28
2777,920010,凯添燃气,0.04,148365749.8,-13.7780112633,-19.2357,8881516.52,-26.0,28.5251,2.902477767249,1.31,-0.017570744094,14.8519863781,燃气Ⅱ,2026-04-28
2778,920001,纬达光电,0.04,43767361.11,-11.2730097176,-11.6476,6099316.16,-16.5,-32.7569,5.008935089337,0.8,0.001005593175,34.0576624726,光学光电子,2026-04-28
2779,920000,安徽凤凰,0.13,90972487.72,-5.629378446,-24.9195,12089344.6,4.26,1.6863,6.754775561191,1.97,0.191066461715,23.8675359487,汽车零部件,2026-04-28
2780,900947,振华B股,0.048,8517137247.0,0.8560002589,-6.3418,255338086.0,50.33,153.6622,2.971404530852,1.62,0.356335138226,10.6550658476,专用设备,2026-04-28
2781,900941,东信B股,-0.045,450401346.13,-20.6623954897,-51.2412,-56119352.18,-141.45,-218.617,2.734240946878,-1.62,-0.003519673149,12.2505921605,通信设备,2026-04-28
2782,900920,动力B股,-0.15,1371412888.34,-24.9683398315,11.3286,-210165309.62,26.0973307803,71.4355,2.384167419359,-6.17,-0.352990877365,0.3598444358,汽车零部件,2026-04-28
2783,900918,耀皮B股,0.05,1261751886.23,-5.4043039145,-16.2246,42664524.64,251.98,114.3075,3.737700100917,1.23,-0.125608422428,18.7455655641,玻璃玻纤,2026-04-28
2784,900915,ST中路B,-0.01,249676017.04,24.5364682449,34.9749,-3232993.04,42.9694795406,85.7649,1.823156124798,-0.55,-0.052691067489,16.6573064418,摩托车及其他,2026-04-28
2785,900909,华谊B股,0.07,11487699568.12,7.2452538646,-1.8189,157413438.1,-1.29,-53.7628,10.695002145662,0.6,-0.774216928347,7.4152928323,化学原料,2026-04-28
2786,874339,天康制药,0.13,220435058.27,-28.3217840416,13.9014,33329674.84,-52.16,202.2021,10.850843458024,1.21,-0.138987698184,61.2332146934,,2026-04-28
2787,873699,旭宇光电,0.01,42255658.71,,,539474.57,,,,0.19,-0.067930631078,19.7648662332,,2026-04-28
2788,873324,阳光精机,0.09,40518888.68,-45.9473958072,-69.9366,3130763.6,-78.3917982888,-91.5878,,0.88,-0.93484641544,51.9501137266,,2026-04-28
2789,834777,中投保,0.0204,296072960.11,-20.0099088687,-87.6668,108650392.08,2.67,-89.2338,1.840994978562,1.21,-0.082137770067,,,2026-04-28
2790,834730,联君科技,0.83,5336640.35,1.6098181905,,20759866.99,1628.17,,5.7676617532,15.51,-0.2974388084,45.7740360937,,2026-04-28
2791,834395,博信永元,-0.01,1242928.65,-73.5183463199,104.62,-1425324.1,-139.5,97.9914,2.266845243053,-0.32,-0.06163073635,98.3208424715,,2026-04-28
2792,834089,浙商创投,0.0,15163236.25,35.0753413849,-0.6898,1310304.79,114.13,113.8448,1.629370626652,0.11,0.080932293739,,,2026-04-28
2793,833499,中国康富,0.0257,673152509.81,13.2407947724,-12.4067,64151321.08,-22.48,-41.9551,2.091801561817,1.24,0.105447411637,35.301678377,,2026-04-28
2794,833118,棒杰小贷,0.04,11921868.33,110.6688184905,146.4758,9484895.04,118.77,-13.6982,1.257936371318,3.13,0.249106263425,,,2026-04-28
2795,832397,恒神股份,-0.0046,218813759.07,,,-15385704.27,,,,-0.38,-0.00690720091,32.4453076908,,2026-04-28
2796,832088,鑫鑫农贷,0.01,11096156.64,-6.7659227324,-8.4924,5418423.12,-14.21,46.6606,1.422458764675,0.96,-0.0992866351,,,2026-04-28
2797,831668,天元小贷,0.02,4673941.7,-34.9928850745,2.3823,2700639.8,-41.9,158.0174,1.4322521684,1.27,-0.080653953,,,2026-04-28
2798,688807,优迅股份,0.37,117508404.49,,8.2725,22138209.52,,42.0906,,3.0,,42.145645654,半导体,2026-04-28
2799,688798,艾为电子,0.28,639924003.36,-17.5030859306,12.8978,64072668.09,78.86,-16.7519,17.177928083296,1.62,0.221442120184,35.06426854,半导体,2026-04-28
2800,688796,百奥赛图,-0.03,249338823.08,,-36.1605,-13245826.61,,-109.753,,-1.59,,72.824339526,医疗服务,2026-04-28
2801,688790,昂瑞微,-0.66,313427106.59,,-25.084,-49399026.77,,6.424,,-5.19,,21.6127052338,半导体,2026-04-28
2802,688786,悦安新材,0.12,96217522.71,9.1878465859,-9.939,16834531.59,0.31,20.493,6.075072367342,2.34,0.258784710625,35.6898334761,金属新材料,2026-04-28
2803,688785,恒运昌,0.69,141519897.79,,23.2527,35029013.79,,63.1989,,5.02,,49.4476120834,其他电源设备Ⅱ,2026-04-28
2804,688768,容知日新,-0.07,83574024.4,37.5126699043,-65.32,-6391796.49,66.8859441469,-106.0988,11.980393251641,-0.61,0.084090290941,65.6055166945,通用设备,2026-04-28
2805,688765,禾元生物,-0.18,4143052.39,-37.8852715142,11.1908,-48195196.87,-64.3815699322,-21.8976,,-8.35,,44.0879015773,生物制品,2026-04-28
2806,688759,必贝特,-0.1,,,,-36247671.13,,,,-13.06,,,化学制药,2026-04-28
2807,688727,恒坤新材,0.07,151346743.36,,-3.4501,28231318.02,,5.0806,,1.86,,43.7724993675,半导体,2026-04-28
2808,688708,佳驰科技,0.06,65412848.39,-52.6994591092,-82.229,24632219.11,-67.52,-87.495,7.786160296943,0.78,0.604921498288,66.6853166062,航空装备Ⅱ,2026-04-28
2809,688700,东威科技,0.06,211449002.62,7.0831609175,24.1479,17005837.93,-45.11,1851.2463,5.866925956504,0.98,0.002370538459,29.8026952122,专用设备,2026-04-28
2810,688697,纽威数控,0.1342,569368418.06,3.8000476122,-9.3743,61358946.06,-11.78,-37.1183,5.506822368824,3.47,-0.122383280206,21.1071412565,通用设备,2026-04-28
2811,688695,中创股份,-0.02,32018516.83,12.2338234584,-66.594,-1743729.32,-176.91,-106.0104,9.518653955377,-0.22,-0.192829189317,80.6873399139,软件开发,2026-04-28
2812,688690,纳微科技,0.0729,188594584.36,22.3855617618,-18.9547,29215389.59,72.98,-28.4622,4.438298109654,1.65,-0.013131288674,72.769744988,化学制药,2026-04-28
2813,688669,聚石化学,0.07,1108648026.8,-7.3607099548,24.859,8366124.0,186.4460174523,103.6895,10.817042349796,0.64,0.314338700278,12.4997082455,塑料,2026-04-28
2814,688661,和林微纳,0.1748,208770882.29,115.9455492544,6.8581,26547383.0,589.9858647937,1306.0029,10.575725748933,2.17,0.101159847777,31.3147663951,半导体,2026-04-28
2815,688656,浩欧博,0.03,77612837.56,-9.3305651991,-18.5642,1639153.46,-56.97,-83.994,12.921893854369,0.2,0.069813887866,57.9804476227,医疗器械,2026-04-28
2816,688653,康希通信,-0.0717,135355921.14,64.5315088359,-6.7839,-30203724.78,-25.4841819956,28.5335,3.420550814974,-2.04,-0.053115390878,19.0461972501,半导体,2026-04-28
2817,688629,华丰科技,0.07,405525885.18,79.8243026545,18.3206,31811028.66,207.17,2.9396,3.238556143425,2.11,-0.215619190486,27.9048821186,军工电子Ⅱ,2026-04-28
2818,688623,双元科技,0.43,77760777.3,-9.0715946092,-23.66,25326344.34,4.17,43.5867,36.384348161142,1.18,0.378318639494,49.1865664131,自动化设备,2026-04-28
2819,688616,西力科技,0.12,100871693.75,-5.4839119808,-14.2012,20969993.99,22.07,-27.1454,4.75368826697,2.49,0.182316119459,36.2897051682,电网设备,2026-04-28
2820,688610,埃科光电,0.13,74848686.08,19.0189862523,15.5357,8623448.88,-5.94,3047.8618,21.491100174412,0.59,-0.336176994265,39.8288797456,通用设备,2026-04-28
2821,688603,天承科技,0.15,101527715.09,26.7695964819,-5.6025,18973252.65,5.76,8.3283,13.601941395205,1.68,0.100560550906,42.1873381096,电子化学品Ⅱ,2026-04-28
2822,688592,司南导航,-0.13,43825971.95,13.322727175,-79.7965,-10381940.21,-46.24,58.7627,15.020329892375,-1.1,-1.379670585103,52.1632973847,通信设备,2026-04-28
2823,688583,思看科技,0.33,87108976.87,26.3768091866,-13.6619,26974554.94,21.23,-33.2693,16.881884615735,2.78,-0.236080275147,76.1735380603,通用设备,2026-04-28
2824,688580,伟思医疗,0.35,95912701.63,9.4015439005,-11.4388,33220075.05,52.71,39.5628,17.354899756386,2.02,0.233918127529,66.6523682511,医疗器械,2026-04-28
2825,688577,浙海德曼,0.02,142187890.83,-13.961263471,-35.696,2123149.05,-24.58,-75.0055,12.778916674271,0.21,-0.322463740535,22.7860121005,通用设备,2026-04-28
2826,688566,吉贝尔,0.25,201801149.44,3.8972463252,-20.3397,49530219.96,-5.68,10.6472,11.523630711926,2.18,0.220594179391,89.5749140536,化学制药,2026-04-28
2827,688565,力源科技,0.019,49945726.11,0.6527694159,-74.6876,2887334.97,454.2,-89.5785,3.229332277436,0.59,0.096855371598,18.7124503294,环境治理,2026-04-28
2828,688560,明冠新材,-0.12,173615005.88,-46.9418770549,68.8403,-23171501.27,-392.22,56.359,13.500599233833,-0.85,-0.639010341372,0.3315750716,光伏设备,2026-04-28
2829,688549,中巨芯,-0.001,270535114.03,15.7881902614,-3.5507,-1183807.57,-115.61,93.9968,2.050634996514,-0.04,0.001710742217,8.0830136222,电子化学品Ⅱ,2026-04-28
2830,688545,兴福电子,0.16,326732184.41,38.6019596265,9.71,53251419.17,21.66,98.607,7.997586494722,2.14,0.058210736111,27.331985807,电子化学品Ⅱ,2026-04-28
2831,688536,思瑞浦,0.12,421794369.66,110.8848383346,13.5934,15562957.41,131.6528466651,115.8014,39.884394872578,0.29,0.213593678663,46.4286439736,半导体,2026-04-28
2832,688535,华海诚科,0.09,83874474.65,15.8445543204,-8.8194,7208777.38,-43.56,40.0753,12.938293494511,0.7,-0.029061581678,24.9227481391,半导体,2026-04-28
2833,688519,南亚新材,0.09,952450782.15,45.0387051599,3.8507,21120712.02,109.04,452.9495,10.290166538545,0.87,-0.574657855329,9.9656074381,元件,2026-04-28
2834,688515,裕太微,-0.76,81037671.48,11.7275659415,-37.7378,-60720391.71,-12.1405533317,1.6422,19.433442591875,-3.84,-0.53201906075,40.7446339301,半导体,2026-04-28
2835,688507,索辰科技,-0.18,38787256.24,21.7268772054,-86.8945,-15630805.07,26.5055907856,-113.9441,31.861835483582,-0.55,-0.221346385447,37.7341970245,软件开发,2026-04-28
2836,688506,百利天恒,-1.33,67439982.29,-98.7653155992,-57.8915,-531435850.51,-110.62,-48.5026,8.407552112294,-14.68,-1.221542211297,49.3505306494,生物制品,2026-04-28
2837,688501,青达环保,0.56,618542490.54,317.42523458,13.4547,68712717.69,990.26,16.151,8.352411100747,6.92,-0.665562507008,23.1980533956,环保设备Ⅱ,2026-04-28
2838,688498,源杰科技,0.17,84401229.37,40.5207571661,14.0636,14320164.13,35.93,356.4617,24.372559926367,0.69,-0.063549868905,44.6413840903,半导体,2026-04-28
2839,688485,九州一轨,-0.04,26058377.85,-44.4671031892,-84.7262,-6024851.04,9.8611810513,-117.1678,8.429236556951,-0.47,-0.114251964019,15.5887870434,轨交设备Ⅱ,2026-04-28
2840,688472,阿特斯,0.01,8585581523.55,-10.5391415379,-28.3744,47258234.74,-91.83,-83.8405,6.208797146494,0.21,0.375529582871,6.7524377682,光伏设备,2026-04-28
2841,688449,联芸科技,-0.0539,241060113.77,11.1882859166,-30.837,-24794669.77,-342.6,-155.2536,3.692168266065,-1.45,-0.004109187891,50.7152045886,半导体,2026-04-28
2842,688388,嘉元科技,0.06,1980800986.57,112.9958063843,-9.2529,24456428.9,151.1691277394,125.7877,15.838266719803,0.35,-1.089555291233,4.6526333551,电池,2026-04-28
2843,688383,新益昌,0.12,226666707.93,-13.7818801928,37.9129,11696271.75,-59.58,140.3176,13.607692110726,0.84,-0.547269658075,33.2308375535,专用设备,2026-04-28
2844,688376,美埃科技,0.31,317034072.75,16.0238381286,-39.1102,41921086.59,18.45,-3.4702,13.69564057753,2.31,-0.073367018676,29.862060951,环保设备Ⅱ,2026-04-28
2845,688358,祥生医疗,0.37,127713897.36,-9.1629658334,19.9733,41614530.32,-8.62,-1.1451,13.0410348857,2.89,0.187603974409,61.3292929893,医疗器械,2026-04-28
2846,688334,西高院,0.1989,206756354.67,12.1000198698,-11.1007,62974203.43,12.1,-4.3192,8.974339641346,2.24,0.416367001895,58.2513416201,专业服务,2026-04-28
2847,688328,深科达,0.15,178689780.47,108.1301174947,70.5599,14305489.4,155.3965004095,120.4084,8.740674013204,1.75,0.156882106269,30.9786616081,专用设备,2026-04-28
2848,688311,盟升电子,-0.09,21113026.22,48.0096878148,-59.675,-15035753.48,30.8792171337,89.5615,9.539964947442,-0.93,-0.101748802798,26.0121579577,军工电子Ⅱ,2026-04-28
2849,688300,联瑞新材,0.26,238689614.37,17.9987586008,-10.4863,63037699.67,21.99,-5.2051,8.456027559608,4.1,0.115537474869,40.6209818956,非金属材料Ⅱ,2026-04-28
2850,688299,长阳科技,0.05,266767329.54,-14.9708651496,-19.8803,14162433.12,72.02,129.533,7.234552438657,0.68,0.080931271745,29.9180765005,光学光电子,2026-04-28
2851,688291,金橙子,0.12,64368083.72,30.0986664978,23.2248,11968225.48,73.01,297.1656,9.125109285581,1.29,0.04701024714,59.7129757772,软件开发,2026-04-28
2852,688283,坤恒顺维,-0.01,30540087.22,23.0932431257,-70.9801,-723938.86,-123.85,-103.5413,7.966204135468,-0.07,-0.256739678654,69.5114029213,通信设备,2026-04-28
2853,688281,华秦科技,0.23,241454693.4,-2.4834795006,-39.8554,62655957.61,-45.23,-40.0171,23.692301601597,1.37,0.427133663879,40.7874125672,航空装备Ⅱ,2026-04-28
2854,688270,ST臻镭,0.1,72626718.12,34.8295198859,-39.9566,22466960.22,495.74,425.4607,10.072352217876,1.05,-0.071260212958,87.3962694213,半导体,2026-04-28
2855,688260,昀冢科技,-0.4351,100319737.0,-29.029740045,-31.641,-52216961.76,-71.6572902889,-18.0535,1.434277398917,-26.43,-0.1037144525,-9.5807307489,消费电子,2026-04-28
2856,688258,卓易信息,0.16,85215616.85,20.9784063546,6.5076,18798741.85,11.08,47.405,7.110225606697,2.21,0.154129649513,61.5347499535,IT服务Ⅱ,2026-04-28
2857,688253,英诺特,0.7,206965618.84,-26.5067284187,105.795,95289652.25,-34.77,4127.5556,15.114614266409,4.7,0.840963650729,83.1207504871,医疗器械,2026-04-28
2858,688251,井松智能,-0.01,79864419.65,51.4276027686,-72.1173,-717960.23,92.9350563172,-107.2019,9.628947363755,-0.09,0.142885931792,24.1408995201,IT服务Ⅱ,2026-04-28
2859,688238,和元生物,-0.092,52847732.33,-11.2908001773,-17.7874,-59477301.44,-41.0407615595,54.9572,2.500229310346,-3.48,-0.094622818016,-36.44242031,医疗服务,2026-04-28
2860,688231,隆达股份,0.12,343972563.47,8.6667723805,-0.3005,28539148.88,3.2,351.2143,11.085850677045,1.05,-0.424488254691,15.6235942797,金属新材料,2026-04-28
2861,688229,博睿数据,-0.21,36210318.28,-3.8115045374,2.1855,-9205137.92,34.2363601478,82.3015,9.25443205473,-2.22,-0.623213839414,66.5661572859,IT服务Ⅱ,2026-04-28
2862,688227,品高股份,-0.14,87140771.01,49.6943881855,-72.9766,-15557183.12,24.0748587859,10.5332,11.605398175892,-1.18,-0.131833069178,22.9468798224,IT服务Ⅱ,2026-04-28
2863,688225,亚信安全,-0.5684,1290212702.17,347.5428717554,-48.1155,-227359290.08,-55.822919728,-204.3258,4.829125684458,-11.13,-1.713873758406,21.7323271239,软件开发,2026-04-28
2864,688217,睿昂基因,0.06,50313184.3,-21.6161731327,3.9144,3355013.27,529.26,115.6106,16.338670981305,0.37,0.188669814553,77.2471932372,医疗器械,2026-04-28
2865,688209,英集芯,0.05,306235794.2,17.2483197987,-24.6907,19639064.92,395.62,-44.2178,4.68673973516,0.98,0.013006779624,32.6332231707,半导体,2026-04-28
2866,688205,德科立,0.09,198831540.0,5.9828916345,-17.37,14538560.0,-36.82,-39.8399,18.702788343808,0.65,0.195487201164,27.240844184,通信设备,2026-04-28
2867,688201,ST信安,-0.0785,75161832.96,6.4443946041,-62.4998,-24896341.64,16.36,-2159.9333,3.97162637958,-1.96,-0.152235537314,72.6263082874,软件开发,2026-04-28
2868,688196,卓越新能,0.51,708775162.52,-18.3853862695,20.3171,61312199.0,111.22,8.2014,23.788400925833,2.17,0.450114465667,8.6703782172,化学制品,2026-04-28
2869,688187,时代电气,0.45,4536728879.0,14.8107878533,-47.5674,631266879.0,13.42,-47.4557,30.137127680848,1.52,0.039770730756,33.4998322037,轨交设备Ⅱ,2026-04-28
2870,688180,君实生物,-0.24,500591459.94,31.4563669502,-26.0702,-234876226.63,17.0133951114,33.6804,5.701838675615,-4.09,-0.024684433934,81.2419970386,生物制品,2026-04-28
2871,688179,阿拉丁,0.07,130180313.51,32.1982188635,-16.5221,24182495.49,41.35,-7.6744,3.675395399492,2.11,0.121456131523,61.9037895417,化学制品,2026-04-28
2872,688177,百奥泰,-0.23,206555604.43,27.8254395689,27.7134,-93330977.9,21.5429526623,35.6269,1.484568692741,-14.11,0.191791213437,76.9901946107,生物制品,2026-04-28
2873,688175,高凌信息,-0.1,43747002.93,7.6455466987,-70.5437,-12646829.02,-179.02,34.1187,13.713356996451,-0.68,-0.342054147637,36.3386358271,军工电子Ⅱ,2026-04-28
2874,688170,德龙激光,-0.16,99165075.14,-14.2599177602,-66.8321,-16470410.56,-126.7569418207,-25.1928,11.762467338526,-1.35,0.202624231231,43.3425231205,自动化设备,2026-04-28
2875,688160,步科股份,0.13,131966660.68,17.8070311638,-12.7143,11122729.7,0.32,-32.656,9.37795694119,1.42,-0.121429211786,36.7985598634,自动化设备,2026-04-28
2876,688153,唯捷创芯,-0.04,508556827.12,10.2405229233,-16.7906,-18127598.99,-237.384736375,-315.886,9.161103459772,-0.45,0.755844864081,21.2645981242,半导体,2026-04-28
2877,688128,中国电研,0.31,1134158576.4,29.6426491335,-17.2822,126378282.28,80.07,-13.2171,8.295306942794,3.84,-0.248523293943,33.5628483574,专用设备,2026-04-28
2878,688123,聚辰股份,0.63,261066428.63,5.599539717,0.7223,99480803.16,94.71,26.0743,14.675076258122,4.41,0.451798974064,60.2918228154,半导体,2026-04-28
2879,688113,联测科技,0.33,94286702.94,23.3731677394,-42.0202,21475081.03,88.0,-21.0253,14.598080857692,2.31,-0.066223793824,44.2764713245,专用设备,2026-04-28
2880,688103,国力电子,0.12,230147954.7,59.4068636774,-6.0292,11793702.69,183.46,205.7444,11.835428778683,1.03,-0.118947108056,28.8115582806,其他电子Ⅱ,2026-04-28
2881,688102,斯瑞新材,0.0446,344069695.82,19.7939317803,-5.8306,32329630.29,31.62,-10.1274,1.536602605359,2.91,-0.044922567639,22.6137610941,金属新材料,2026-04-28
2882,688091,上海谊众,0.07,71032214.87,3.3902795383,1709.9728,14185975.54,-51.38,151.2225,6.882686385881,1.0,-0.171559297359,81.3862102369,化学制药,2026-04-28
2883,688090,瑞松科技,0.02,174492873.01,5.3688966513,-22.3304,2103318.14,98.74,-69.9138,9.567364077464,0.23,-0.407790936346,19.8611917393,自动化设备,2026-04-28
2884,688087,英科再生,0.39,792651181.88,25.1939920628,14.497,72320392.25,0.02,-35.8581,13.93112959974,2.81,0.510680162291,25.5052042817,家居用品,2026-04-28
2885,688085,三友医疗,0.04,116434264.4,34.716185189,-3.6633,12823438.55,711.8536037608,342.4873,7.304059899905,0.68,-0.059156867553,73.8579266792,医疗器械,2026-04-28
2886,688084,晶品特装,-0.05,26408803.6,212.807176631,-72.3578,-3575583.34,61.4853677269,87.9181,20.602710068084,-0.23,0.237680135782,21.99685854,军工电子Ⅱ,2026-04-28
2887,688082,盛美上海,0.56,1305866199.58,41.7280748779,-20.4263,246333965.84,207.21,-37.6375,18.308690317469,3.16,0.211090016259,50.8723167491,半导体,2026-04-28
2888,688078,龙软科技,0.12,36906371.25,-20.399845928,-67.6346,8994051.33,-26.14,156.1374,10.337392494204,1.21,-0.314163034036,54.0977467678,软件开发,2026-04-28
2889,688077,大地熊,0.06,341201647.39,14.6026662598,-1.5559,6797850.65,-16.88,97.797,9.352990816512,0.64,0.043677050147,19.7026846278,金属新材料,2026-04-28
2890,688072,拓荆科技,-0.53,708702693.06,50.2158083276,-61.1806,-146951943.8,-1503.33,-135.2513,18.521182615354,-2.81,0.039055933534,19.892254923,半导体,2026-04-28
2891,688052,纳芯微,-0.36,717066683.6,97.8215208407,20.659,-51338300.13,65.7811323994,-1163.9504,41.502583470626,-0.87,-1.19415411962,34.3684253329,半导体,2026-04-28
2892,688036,传音控股,0.43,13003828804.3,-25.4507902345,-25.537,490086537.87,-69.87,-70.2163,18.213414687838,2.39,-0.649382932542,19.2691351738,消费电子,2026-04-28
2893,688029,南微医学,0.86,699156940.3,12.7529463462,-5.8994,160936939.7,12.18,57.5758,21.264400222006,4.12,0.375661783902,65.6890514128,医疗器械,2026-04-28
2894,688023,安恒信息,-1.09,311118492.11,10.7963606358,-65.3652,-111431603.98,44.3868445319,-180.6626,23.854177244464,-4.53,-2.70144873823,57.5164616756,软件开发,2026-04-28
2895,688015,交控科技,0.09,403046495.66,-4.7302832606,-50.7263,17701359.26,42.58,-66.6232,13.619225745996,0.69,-1.139990449953,37.8223886677,轨交设备Ⅱ,2026-04-28
2896,688012,中微公司,0.5,2173278385.62,35.4047200139,-38.918,313082457.72,25.67,-55.4455,32.367122928379,1.57,0.605446873395,41.5370612685,半导体,2026-04-28
2897,688010,福光股份,-0.13,114140784.71,15.6139205447,-29.3133,-19885512.08,0.8704010191,-145.9729,10.473456248543,-1.18,-0.108128923035,17.6703859197,光学光电子,2026-04-28
2898,688008,澜起科技,0.46,1222209473.93,65.7766068172,14.4347,525326047.97,135.14,21.1261,10.456290075693,4.5,0.164437241683,60.4497811316,半导体,2026-04-28
2899,688002,睿创微纳,0.3205,1136518772.01,12.8767779335,-2.5159,145818960.66,13.42,70.4179,11.866576810574,2.67,0.518820951429,45.9515337328,军工电子Ⅱ,2026-04-28
2900,605500,森林包装,0.08,450466813.28,-7.5498315954,-32.756,33882240.8,-5.92,-41.5672,6.32404576834,1.3,-0.232353043822,14.7927213649,造纸,2026-04-28
2901,605488,福莱新材,0.13,603030423.59,7.8931720233,-21.1788,34881861.17,18.11,-49.5169,7.587391871613,2.37,-0.101381475628,15.9902795179,塑料,2026-04-28
2902,605378,野马电池,0.06,241262658.15,12.093450995,-30.7062,11973813.1,-50.27,-66.6463,6.965179853382,0.93,0.262378966445,14.8695898176,电池,2026-04-28
2903,605358,立昂微,-0.12,820439411.04,20.8190831591,0.5724,-81035822.39,-28.3199877018,61.6698,10.476279391125,-1.11,0.17503972041,13.066887481,半导体,2026-04-28
2904,605339,南侨食品,0.07,789488393.23,1.901403484,-7.6077,28963133.42,-62.21,-43.3294,8.203244505884,0.84,0.034827676062,20.8461890271,休闲食品,2026-04-28
2905,605337,李子园,0.17,319977088.07,-4.3028129995,-8.8798,66165462.2,16.17,-0.6007,4.483083214739,3.75,0.331112012788,42.8252634357,饮料乳品,2026-04-28
2906,605318,法狮龙,-0.06,87773609.05,-1.3845242139,-57.1174,-7961088.93,-559.56,52.4254,5.384755272824,-1.18,-0.400144190727,17.1775076509,装修建材,2026-04-28
2907,605305,中际联合,0.46,316809959.8,31.7055828705,-13.1138,98536031.84,68.78,28.7828,12.646059702946,3.74,0.006000402315,48.6446625596,工程机械,2026-04-28
2908,605289,罗曼股份,0.13,180296655.19,49.4360596051,-24.5007,14416357.63,-20.68,128.4747,11.649064598361,1.14,-1.207420384603,29.6417574656,专业工程,2026-04-28
2909,605266,健之佳,0.22,2294216877.71,-0.8541395904,-9.9474,33525576.37,-35.85,22.8245,17.48534229812,1.22,1.150875548146,34.9981289424,医药商业,2026-04-28
2910,605258,协和电子,0.14,195917851.44,7.3687679055,-20.5203,11931248.29,-10.25,-51.6585,13.893817598523,0.98,0.198966661591,19.4140194221,元件,2026-04-28
2911,605196,华通线缆,0.08,1535841463.06,11.2538153243,-5.795,41705783.53,-53.79,0.4928,6.256105213559,1.32,0.115188161417,15.6270454681,电网设备,2026-04-28
2912,605169,洪通燃气,0.08,665900433.42,43.9843749272,-16.0047,22535721.4,951.01,174.4359,6.873329375954,1.16,0.009652766827,11.4396095282,燃气Ⅱ,2026-04-28
2913,605168,三人行,0.35,816942046.09,-12.7617301994,-27.3032,73461620.82,50.97,225.8882,13.095409489727,2.7,0.623719353952,15.0733413661,广告营销,2026-04-28
2914,605136,丽人丽妆,-0.05,360948233.43,-23.5828211959,-27.9941,-18321991.88,-91.9320944829,-639.5199,6.157534751566,-0.74,-0.001377109463,38.80080163,互联网电商,2026-04-28
2915,605111,新洁能,0.26,449039573.34,20.8126888462,-5.0138,108270052.52,8.2,5.764,9.778410493945,2.7,0.107825669881,36.5791637513,半导体,2026-04-28
2916,605100,华丰股份,0.07,221783679.57,-27.693455293,18.1218,11643913.53,-61.24,-44.861,10.828164437744,0.63,-0.312932064021,11.9201445351,通用设备,2026-04-28
2917,605098,行动教育,0.24,130694255.08,-7.2065685065,-40.7477,28258464.43,17.8,-61.7994,8.298967881219,2.9,-0.424459535719,73.7693659304,教育,2026-04-28
2918,605089,味知香,0.1428,172979731.89,4.2377948847,7.1535,19504085.49,3.16,-1.5145,8.98950980471,1.58,0.214728474203,22.857194758,食品加工,2026-04-28
2919,605080,浙江自然,0.68,356630820.62,30.3980195521,68.3695,96011673.85,148.29,330.0322,15.057909180802,4.61,0.091442015584,38.8340819448,文娱用品,2026-04-28
2920,605060,联德股份,0.19,275034192.13,-5.1312422646,11.3055,46160513.83,-10.94,12.0482,9.836097479642,1.96,0.135456553461,35.9669047633,通用设备,2026-04-28
2921,605058,澳弘电子,0.26,338048302.63,23.1662939344,-3.4944,36618662.83,17.25,-10.8237,12.290306243075,2.11,0.368254480022,22.140778184,元件,2026-04-28
2922,605055,迎丰股份,-0.02,301296952.74,-5.4533342049,-31.8957,-9861934.39,-113.2440486973,-163.3748,2.622264970386,-0.85,-0.095555240455,11.3427094364,纺织制造,2026-04-28
2923,605011,杭州热电,0.09,642508129.04,-15.9278237835,-31.9573,36848165.57,-18.2,-14.1626,5.919157976806,1.57,0.038474131917,11.9007344863,电力,2026-04-28
2924,605009,豪悦护理,0.42,911071132.46,42.4189794063,2.5813,90611325.29,5.67,-2.6329,21.986713669149,2.71,0.261728569809,34.6653833469,个护用品,2026-04-28
2925,603987,康德莱,0.14,548144759.22,-3.822683545,-1.4719,60704201.61,0.28,20.7088,5.954087122973,2.36,-0.03041225238,32.0216436639,医疗器械,2026-04-28
2926,603979,金诚信,0.68,2810907853.68,42.4908111702,-5.4139,421923633.87,54.1,-14.0144,14.946744761329,4.58,0.791567604307,33.7644799294,工业金属,2026-04-28
2927,603969,银龙股份,0.08,584782881.53,23.6990087557,-31.2988,69632278.02,76.97,2.4249,2.934921971386,2.81,-0.123471413922,23.8215969601,通用设备,2026-04-28
2928,603949,雪龙集团,0.08,103537222.51,2.5986743886,12.7032,17774464.87,-6.02,12.246,4.902676500976,1.73,-0.068398193057,33.8819974301,汽车零部件,2026-04-28
2929,603936,博敏电子,0.04,822855047.9,14.3840921923,-11.34,27326926.1,4.53,109.5238,6.816537410404,0.64,0.092628573472,13.2002166806,元件,2026-04-28
2930,603916,苏博特,0.06,681630548.5,17.8058257142,-36.8789,24328261.57,15.36,40.8389,9.677596620512,0.57,0.222882761924,33.6415698027,水泥,2026-04-28
2931,603915,国茂股份,0.07,601698015.35,2.8172976937,-9.171,43033691.66,-33.43,-49.3379,5.618076293177,1.17,-0.136510624864,19.626185247,通用设备,2026-04-28
2932,603909,建发合诚,0.0775,1539976178.12,-5.5218457991,-18.8989,20206757.14,-9.59,-37.3517,4.211650584061,1.86,-0.905935234294,4.905293621,工程咨询服务Ⅱ,2026-04-28
2933,603908,牧高笛,0.33,334392035.28,-6.0700107658,49.3459,30690464.9,-2.75,454.2484,6.376121623182,5.26,-0.745511922006,26.772261455,服装家纺,2026-04-28
2934,603895,天永智能,0.04,116970726.28,-31.8538616347,56.9814,6612981.16,46.02,104.1237,1.741590025537,1.24,-0.012974454848,23.6278921222,专用设备,2026-04-28
2935,603890,春秋电子,0.09,867716387.7,-4.5474586565,-9.9016,40297264.1,178.7,-42.7434,6.471367645751,1.38,0.039897791391,18.6789366972,消费电子,2026-04-28
2936,603871,嘉友国际,0.19,2294727096.1,15.0185656545,3.8644,261743914.84,-14.77,39.3631,5.989854158615,4.57,0.281840715851,16.44065825,物流,2026-04-28
2937,603869,ST智知,0.0122,116064283.82,-31.300811376,-53.4235,5878028.26,-27.14,471.8662,7.370905389534,0.16,-0.048201225914,44.8204392151,IT服务Ⅱ,2026-04-28
2938,603858,步长制药,0.2899,2784946981.48,5.4681659598,11.7828,307261088.17,169.49,135.4534,9.470730953706,2.97,0.613011006289,61.7962158269,中药Ⅱ,2026-04-28
2939,603810,丰山集团,0.1,322200052.44,22.6012551885,32.0928,16375863.17,250.11,218.1544,9.114847087242,1.03,-0.475832342951,15.0558801132,农化制品,2026-04-28
2940,603806,福斯特,0.154,3624381474.09,-31.8916174133,-8.7787,401123503.51,-23.08,709.7853,6.244513071528,2.41,-0.166986294215,13.1001996325,光伏设备,2026-04-28
2941,603776,永安行,-0.1,83399170.61,-26.2456140268,-0.0259,-24624999.19,-376.21,35.829,12.356278202101,-0.79,-0.051039597848,-10.7189938636,摩托车及其他,2026-04-28
2942,603768,常青股份,0.03,811820611.85,9.7989485804,-14.6357,6132632.19,-80.87,350.8264,10.244931308919,0.25,-1.07428187792,16.0116626891,汽车零部件,2026-04-28
2943,603728,鸣志电器,0.0172,595310921.43,-2.1619509745,1.568,7189294.21,10.82,-76.5332,6.979370506598,0.25,0.013994185171,36.8678596191,电机Ⅱ,2026-04-28
2944,603709,中源家居,0.02,352802164.62,1.5921577607,-25.8183,2318181.17,-61.73,105.2421,4.233371991479,0.44,0.188962154018,22.5944878019,家居用品,2026-04-28
2945,603706,东方环宇,0.43,466259941.62,-4.3760533902,-26.4645,81219795.51,11.69,7.1846,9.342943416261,4.81,-0.31829349515,28.0082550661,燃气Ⅱ,2026-04-28
2946,603697,有友食品,0.12,383008982.67,39.2349003755,29.5901,50321912.28,16.25,39.4971,4.266290667545,2.8,0.166072110596,27.0835284376,休闲食品,2026-04-28
2947,603681,永冠新材,0.07,1526767077.89,15.7336444993,-9.0879,13071950.97,-74.49,-63.9778,13.256960270784,0.51,-0.33181491229,7.0979591202,化学制品,2026-04-28
2948,603680,今创集团,0.19,1086387399.65,22.0925417791,-25.5585,149395610.59,244.32,1157.8237,6.981590308593,2.77,-0.488985917342,29.4175664365,轨交设备Ⅱ,2026-04-28
2949,603679,华体科技,-0.0138,87298571.99,-25.7921985876,11.1615,-2271248.65,-169.5400391132,93.6448,4.88398637559,-0.27,-0.153924720969,21.9476243692,光学光电子,2026-04-28
2950,603662,柯力传感,0.27,315579652.53,27.0824987584,-16.1498,75654263.27,75.85,8.2576,9.755082185781,2.79,0.222785774228,43.9530028245,通用设备,2026-04-28
2951,603657,春光科技,0.02,566320675.07,55.5724338567,-10.9767,2911528.71,171.9795720651,-69.6636,6.937869218921,0.31,0.42920788725,11.7781045327,家电零部件Ⅱ,2026-04-28
2952,603655,朗博科技,0.098,61175767.14,28.8151546952,-9.1811,10296368.44,100.9,18.8288,5.213430629528,1.88,0.084090791698,39.3374788827,汽车零部件,2026-04-28
2953,603633,徕木股份,0.04,350124664.58,5.6265396143,-15.6869,18830439.96,-25.25,453.0604,4.584873562085,0.97,0.021356007148,20.0322528303,消费电子,2026-04-28
2954,603630,拉芳家化,0.06,210192575.89,-6.2724799348,-4.0778,13048808.29,-53.3,198.3409,8.578231184197,0.68,0.161357949736,47.8767148668,化妆品,2026-04-28
2955,603629,利通电子,0.11,704342018.65,64.623491025,-6.921,29451511.64,-11.01,204.8692,6.51541758685,1.76,0.740281320009,18.976141173,消费电子,2026-04-28
2956,603613,国联股份,0.37,11019448927.2,-19.1100640168,-17.4115,269711018.06,-13.8,-19.4348,11.231529372241,3.39,-0.733013888252,6.3475910407,互联网电商,2026-04-28
2957,603610,麒盛科技,0.13,786622294.81,4.0557568465,6.8699,44478457.73,-1.01,806.5829,8.631901780983,1.44,-0.39934694862,33.2718645615,家居用品,2026-04-28
2958,603607,京华激光,0.14,239117832.08,27.0512989281,-13.2804,25407478.56,11.61,-26.4122,5.892474008609,2.44,0.010382256628,27.8908208768,包装印刷,2026-04-28
2959,603583,捷昌驱动,0.29,961477723.57,35.5861688359,-11.3056,112524797.96,62.21,1102.82,11.610637398597,2.6,0.291127646859,27.8586858368,自动化设备,2026-04-28
2960,603568,伟明环保,0.42,2009816440.87,0.0888130494,78.5904,715952104.85,0.5,20.7303,8.163934043405,5.24,0.328649911396,46.9674648244,环境治理,2026-04-28
2961,603551,奥普科技,0.13,346099227.87,-9.2660472319,-40.0597,50738265.73,-2.5,-54.246,3.723772764818,3.5,-0.140627312103,44.3255274258,厨卫电器,2026-04-28
2962,603530,神马电力,0.16,285224074.94,23.3948120308,-36.5443,68211137.2,7.02,-28.2959,4.275724751084,3.76,-0.256873127708,46.7842163703,电网设备,2026-04-28
2963,603519,立霸股份,0.13,418755488.37,6.5285535467,-13.1943,34717436.74,9.91,-28.6239,5.142451839779,2.57,0.210995899006,15.2935338016,家电零部件Ⅱ,2026-04-28
2964,603518,锦泓集团,0.26,1111474290.97,-3.5891716341,-24.5295,89007111.53,-23.35,-38.458,10.683903954901,2.43,0.457010963337,70.2457715552,服装家纺,2026-04-28
2965,603488,展鹏科技,-0.05,54241274.96,-25.8554917507,-76.6607,-15125989.59,-287.73,-164.0399,3.308879001552,-1.55,-0.170368879543,3.4610548542,专用设备,2026-04-28
2966,603459,红板科技,0.17,775298629.01,,-3.3878,108253402.39,,-3.6465,,5.92,,24.4789238532,元件,2026-04-28
2967,603402,陕西旅游,1.28,209502075.2,,25.1336,74284930.38,,1050.9622,,6.73,,64.045834325,旅游及景区,2026-04-28
2968,603399,永杉锂业,-0.06,1094744900.71,-24.5690126866,-5.3441,-29499247.67,-141.28,-16.626,3.369837774817,-1.68,-0.903087691676,3.881760783,能源金属,2026-04-28
2969,603396,金辰股份,0.17,686849329.52,5.3435316913,8.9122,23482273.11,-25.96,614.2476,18.626766089685,0.91,0.901928657216,18.8946473473,光伏设备,2026-04-28
2970,603395,红四方,0.08,918944729.33,20.0954576199,12.1029,21132304.84,-1.62,213.0957,7.02775186295,1.52,0.2351554723,10.1631060562,农化制品,2026-04-28
2971,603392,万泰生物,-0.04,400625153.87,-46.7616714419,34.7582,-52776946.91,-141.98,67.0995,9.651257034244,-0.43,-0.067956195578,66.5514848018,医疗器械,2026-04-28
2972,603386,骏亚科技,0.05,591651568.99,22.1088483429,-0.0974,15098714.04,194.5503215885,110.8415,4.159619160747,1.12,0.346755360769,16.6868052642,元件,2026-04-28
2973,603382,海阳科技,0.23,1244719862.88,-2.5112022052,-8.7693,31558053.76,33.19,-29.4015,9.178095775804,2.56,-0.55736142392,8.5568100226,化学纤维,2026-04-28
2974,603379,三美股份,0.66,1211884685.98,26.4211797791,21.1741,400520885.73,159.59,84.0088,11.247680446642,6.03,0.599657557381,46.6966345954,化学制品,2026-04-28
2975,603376,大明电子,0.17,545996351.0,1.5933801981,-41.5108,60682498.18,-6.2200119925,-32.4768,,2.26,,20.474145971,汽车零部件,2026-04-28
2976,603370,华新精科,0.38,382113920.58,26.815516722,-11.9578,49253355.21,2.460667582,17.332,,4.62,,21.6393211832,电机Ⅱ,2026-04-28
2977,603363,傲农生物,0.08,1783121593.7,-25.9453367169,-2.961,218305329.33,174.7570002844,-84.3882,1.123778480542,8.0,-0.132869366057,8.5000162499,饲料,2026-04-28
2978,603360,百傲化学,0.08,489257617.33,44.6420279709,30.4219,57114892.09,-48.98,-58.4728,3.755653132512,3.06,-0.118238598841,32.4351938956,农化制品,2026-04-28
2979,603351,威尔药业,0.27,349725188.55,6.0311931893,17.9953,36587563.15,5.73,9.1367,12.839967155873,2.13,0.163995852395,26.0434813882,化学制药,2026-04-28
2980,603338,浙江鼎力,0.85,1897923216.27,30.7238900527,13.9806,428633168.66,41.83,154.5882,20.653345399675,4.18,-0.931419465944,40.5612689818,工程机械,2026-04-28
2981,603335,迪生力,-0.05,256686668.75,-24.8781800458,11.3901,-22622516.27,-86.36,70.0516,0.551242824223,-9.14,-0.022891788709,11.1544988758,汽车零部件,2026-04-28
2982,603332,苏州龙杰,0.06,309992680.95,2.5941933576,-26.1754,13117589.57,2.21,3532.9671,5.915443603971,1.03,0.089657960697,5.9697044373,化学纤维,2026-04-28
2983,603322,超讯科技,0.32,266363015.28,-43.0149718195,-61.0132,50073741.22,125.54,157.4318,1.766069347143,19.77,0.682749432065,38.5807128936,通信服务,2026-04-28
2984,603320,迪贝电气,0.16,245788290.99,4.734674675,-11.3534,21662628.12,51.45,116.3941,7.657722182106,2.24,0.215961618681,16.4628240658,电机Ⅱ,2026-04-28
2985,603317,天味食品,0.0707,641617497.47,-24.7974460287,-42.2971,74732982.04,-57.53,-61.118,4.36728704584,1.62,0.01111671163,40.7370004357,调味发酵品Ⅱ,2026-04-28
2986,603300,海南华铁,0.1,1288170670.39,16.5788566855,-10.9117,190576956.0,21.72,61.7716,3.229105389762,3.04,0.391776012064,42.7594546221,多元金融,2026-04-28
2987,603291,联合水务,0.0296,252941650.76,7.4663764171,-27.6054,12526830.46,-62.76,-37.6879,4.226461469182,0.7,0.051868806912,28.871813116,环境治理,2026-04-28
2988,603288,海天味业,0.4,8316586445.9,8.0939460265,27.8964,2202175662.42,14.77,44.0178,5.952109581211,6.88,-0.082477768396,40.0406857534,调味发酵品Ⅱ,2026-04-28
2989,603283,赛腾股份,0.24,730124739.2,-5.6718744262,-14.9813,68360182.73,-27.62,-13.6516,16.038616436597,2.16,-0.779617024017,42.7183857161,自动化设备,2026-04-28
2990,603276,恒兴新材,0.06,186801027.13,21.4278225649,12.8952,12882703.23,-23.27,3963.9976,8.394978334332,0.74,-0.109937732524,17.2977710596,化学制品,2026-04-28
2991,603273,天元智能,0.02,122541834.22,-29.167674525,-38.5194,5133077.47,-44.35,-59.52,4.09276150586,0.59,-0.920767793428,12.8799231058,工程机械,2026-04-28
2992,603272,*ST联翔,0.003,41519277.74,52.9301233676,-66.6937,285745.26,108.4324488102,-98.4734,5.459120253891,0.05,-0.109281926525,28.429902331,家居用品,2026-04-28
2993,603268,松发股份,2.05,2972007588.23,6270.4951226924,-46.8342,254123977.4,2505.5668774029,-10.7385,-0.155881669469,,-10.487272012776,19.4567408034,航海装备Ⅱ,2026-04-28
2994,603262,技源集团,0.12,265003716.32,16.5899280205,1.5638,42601742.3,9.25,12.7747,2.799223810771,4.44,0.015036951571,43.5317986525,食品加工,2026-04-28
2995,603259,药明康德,1.29,9654595304.28,20.9555856721,-16.3339,3671960950.47,89.06,25.8653,21.583290464667,6.08,1.106453625136,42.2603537945,医疗服务,2026-04-28
2996,603257,中国瑞林,0.15,343570637.63,-8.8288722888,-68.0121,13857881.99,62.77,-82.1699,21.057112691111,0.73,-2.824535851444,17.6254879951,工程咨询服务Ⅱ,2026-04-28
2997,603230,内蒙新华,0.44,589776689.66,5.4801499463,72.6969,154536753.92,20.72,262.4132,8.220643833188,5.46,-0.382752162688,43.8304165122,出版,2026-04-28
2998,603220,中贝通信,0.0433,549481574.6,-24.6674121382,-29.4274,18816794.4,-59.49,6158.5596,4.557200086505,0.92,-0.216220716636,19.7433706834,通信服务,2026-04-28
2999,603218,日月股份,0.12,1300526919.8,86.4054496112,-13.9382,120776954.67,39.14,2.9744,9.944054700641,1.19,-0.299425145725,15.5343056391,风电设备,2026-04-28
3000,603214,爱婴室,0.0483,859060460.28,6.5595200603,-13.9817,6693540.41,6.13,-88.5613,8.374322427417,0.58,0.53930259279,23.7772652525,专业连锁Ⅱ,2026-04-28
3001,603207,小方制药,0.37,129071756.14,3.3301964724,20.2124,59842662.17,14.63,37.2487,8.088570568813,4.75,0.3326073205,65.4334800469,化学制药,2026-04-28
3002,603206,嘉环科技,0.07,799706724.67,-8.4730391756,-41.9231,20217161.35,-21.02,441.3243,7.317935128654,0.91,-1.359600921839,12.6787397632,通信服务,2026-04-28
3003,603197,保隆科技,0.45,1904926928.33,28.4571698111,-4.6853,95204473.17,39.99,76.4585,15.653107084917,2.94,0.214955813106,23.2463764853,汽车零部件,2026-04-28
3004,603196,璞源材料,0.0317,193313428.42,-4.1031048347,-19.8167,7518310.26,194.8983222343,106.3669,2.716261408191,1.18,0.043441252762,66.3235974955,服装家纺,2026-04-28
3005,603194,中力股份,0.48,1541093088.14,10.5669867332,-10.686,191556859.04,9.55,0.7127,12.53405825419,3.88,-0.02619581818,29.2911167238,工程机械,2026-04-28
3006,603182,嘉华股份,0.22,347563629.15,-11.7892279341,-9.0036,35714134.9,14.35,9.3174,6.753302940261,3.27,0.293390798541,15.7770637147,农产品加工,2026-04-28
3007,603178,圣龙股份,-0.13,400239850.36,7.9484289669,-17.1242,-30937381.55,-3745.1833085018,-235.1557,5.360606137811,-2.41,-0.110941433777,3.1702860819,汽车零部件,2026-04-28
3008,603137,恒尚节能,0.26,441241303.83,2.9019989919,-27.8282,47555469.69,-5.08,711.7341,6.876145841359,3.85,-0.155764391907,15.2412166872,装修装饰Ⅱ,2026-04-28
3009,603135,中重科技,0.02,117342757.75,0.7745201936,-68.9867,13721219.52,-10.0,-72.2887,4.774492676932,0.46,0.039194589516,19.7972860664,专用设备,2026-04-28
3010,603120,肯特催化,0.26,144060070.78,6.7476179076,-24.1045,17555142.42,20.27,-54.5891,12.929844461799,2.02,0.159288282301,27.9425472735,化学制品,2026-04-28
3011,603118,共进股份,0.03,2050986574.05,6.7541861488,-11.9475,22299043.38,267.63,123.8126,6.332456336498,0.45,-0.19024342951,10.620337591,通信设备,2026-04-28
3012,603116,红蜻蜓,0.01,562461437.93,-6.3562872732,19.089,4062930.26,-81.19,107.0243,4.874432796345,0.14,0.112493063703,39.1359287279,服装家纺,2026-04-28
3013,603110,东方材料,0.01,81831782.32,-7.4985706382,-39.2529,2950258.61,13.27,134.0768,3.507654074559,0.42,-0.013737898054,28.8842056104,化学制品,2026-04-28
3014,603107,上海汽配,0.14,489474651.74,4.4297373958,-18.942,45628045.06,-1.42,-16.6685,6.29237819909,2.17,0.029597979961,21.7685969317,汽车零部件,2026-04-28
3015,603106,恒银科技,0.01,94032445.58,1.2741188242,-47.8681,5347509.92,125.2370104724,-92.9571,2.518887435603,0.41,-0.070502717821,28.9878031268,计算机设备,2026-04-28
3016,603105,芯能科技,0.0552,140503036.05,-11.7483355486,14.2508,27577928.73,-11.64,264.0308,4.147116505985,1.25,0.040912303328,49.6301125729,电力,2026-04-28
3017,603103,横店影视,0.54,1172231986.17,39.151869327,229.5737,342822587.31,56.77,401.3471,2.381747218496,25.6,0.719401091895,36.1220620803,影视院线,2026-04-28
3018,603101,汇嘉时代,0.1209,726342985.28,3.0337646776,29.1064,56867562.24,50.53,600.1997,3.015500203699,4.06,0.08647328344,34.891196196,一般零售,2026-04-28
3019,603091,众鑫股份,0.71,371994794.91,9.9227201488,-6.5335,72186379.22,14.45,-17.8557,20.290961822779,3.54,1.320976054168,34.1962284179,包装印刷,2026-04-28
3020,603090,宏盛股份,0.23,157441361.02,13.3209631438,-18.7179,23467894.76,47.75,1372.6527,6.0195050397,3.98,0.0881006484,27.5698185844,通用设备,2026-04-28
3021,603083,剑桥科技,0.12,893554813.08,5.1816573034,0.6029,31433649.67,21.11,110.3545,8.7525654857,1.35,-0.530507212044,20.1961325,通信设备,2026-04-28
3022,603082,北自科技,0.26,441231195.4,1.2472126763,-27.5682,42212578.09,2.38,-12.6683,9.929014021127,2.66,0.059373847572,18.0451756426,自动化设备,2026-04-28
3023,603075,热威股份,0.17,453934705.99,8.5572039928,-11.0251,68818225.41,20.54,-3.0297,5.405166031784,3.22,0.144159454658,30.6373918902,家电零部件Ⅱ,2026-04-28
3024,603073,彩蝶实业,0.2,180965025.23,9.7202586463,-15.3505,22924211.13,-17.61,-32.7917,11.869935472931,1.68,0.2449954425,25.2442861055,化学纤维,2026-04-28
3025,603072,天和磁材,0.14,525437467.57,-5.7512328204,-19.4847,35883352.38,13.58,21.441,7.780675722302,1.73,-0.072418950658,16.0122661749,金属新材料,2026-04-28
3026,603062,麦加芯彩,0.47,424258073.31,40.5004919058,-43.0583,50136729.67,77.35,-29.2289,19.546073394167,2.4,0.216122963981,23.7620910672,化学制品,2026-04-28
3027,603058,永吉股份,0.0892,227130475.89,1.2385299234,-23.0361,37422373.08,-7.58,17.5464,2.906109371564,2.76,0.247410174111,37.1221004269,包装印刷,2026-04-28
3028,603053,成都燃气,0.2018,1674691774.18,-1.1252858467,14.1581,179334567.24,-8.41,160.4153,5.462612308193,3.76,0.203285056374,17.8599222425,燃气Ⅱ,2026-04-28
3029,603042,华脉科技,-0.0581,154677320.01,-10.893850629,-47.9955,-9337732.0,-143.9961027755,-141.0151,5.540934279653,-1.04,-0.143436212839,21.3091876093,通信设备,2026-04-28
3030,603038,华立股份,0.03,220397334.32,48.3388020054,-48.809,7143680.26,159.2,160.5633,5.089131545097,0.52,-0.173282348999,28.9577804908,装修建材,2026-04-28
3031,603035,常熟汽饰,0.23,1337611956.58,26.3085288016,-30.7433,87655798.48,-16.03,119.0596,13.743863369906,1.68,-0.049388669001,14.9647287687,汽车零部件,2026-04-28
3032,603032,德新科技,-0.0047,97683603.54,84.4407605079,-27.5399,-1074639.29,92.0810730088,99.3579,4.688674582071,-0.1,-0.065694742686,34.0507125092,电池,2026-04-28
3033,603004,鼎龙科技,0.15,152172674.69,3.4216385857,-29.2424,35969366.89,-15.04,-35.0721,8.623797346298,1.79,0.210548318996,39.3089060712,化学制品,2026-04-28
3034,603001,奥康国际,-0.1099,589716919.0,-22.3037919464,-9.3832,-44063196.02,-294.97,44.7723,6.495506600329,-1.68,0.232566389022,40.4652156792,服装家纺,2026-04-28
3035,601975,招商南油,0.0593,1373619775.09,-25.2937808206,-6.3778,284627896.9,-57.59,7.3196,2.313628847084,2.6,0.084518921663,26.7219375359,航运港口,2026-04-28
3036,601966,玲珑轮胎,0.23,5696837335.0,12.9235540461,-6.7475,340576200.0,-22.78,739.758,15.131770269532,1.55,-0.217428178094,14.9167252816,汽车零部件,2026-04-28
3037,601956,东贝集团,0.0731,1500252972.58,2.8889812189,-10.8716,45248052.05,-5.85,90.2101,4.090365557005,1.8,-0.087169982652,10.4565127693,家电零部件Ⅱ,2026-04-28
3038,601900,南方传媒,0.36,2113240194.33,1.209710483,-21.5464,320210879.04,110.25,14.1268,9.590918924193,3.8,-0.195829039712,38.1650671587,出版,2026-04-28
3039,601898,中煤能源,0.3,38391490000.0,-15.4270010684,-21.6285,3970887000.0,-20.0,-15.5239,11.759724491074,2.58,0.027071583311,24.6322843943,煤炭开采,2026-04-28
3040,601890,亚星锚链,0.0547,588005925.46,30.8752595156,12.5159,52499470.24,-22.77,-40.8561,3.834053753033,1.44,0.074615666031,27.9913379038,航海装备Ⅱ,2026-04-28
3041,601878,浙商证券,0.12,1675253662.85,-56.8503152255,-23.6184,555582922.16,24.17,-16.6977,7.793499380154,1.57,-0.29118415613,,证券Ⅱ,2026-04-28
3042,601865,福莱特,0.05,4079288887.46,-28.7563944485,0.0141,106128157.99,-86.03,136.7169,9.063676554969,0.49,0.071269000919,11.7234176822,光伏设备,2026-04-28
3043,601828,美凯龙,-0.12,1615436680.31,-23.4948313092,-5.8569,-513410914.99,-38.1968609915,53.1842,10.54541637576,-1.11,-0.025822196531,59.0644785209,一般零售,2026-04-28
3044,601789,宁波建工,0.0924,6178040803.43,8.9305760324,-24.0896,104771975.71,-10.5,-14.9834,4.193797959224,1.51,-2.118007957979,8.0807795931,房屋建设Ⅱ,2026-04-28
3045,601777,千里科技,0.0044,1806577744.51,28.4686444249,-18.6389,20044691.03,29.82,28598.5655,2.343061618695,0.19,0.008649690698,8.2227189232,摩托车及其他,2026-04-28
3046,601702,华峰铝业,0.27,2904589810.86,22.972008514,-9.2323,266277182.08,5.0,-23.9819,5.807762147399,4.7,-0.3022710087,13.5986396617,工业金属,2026-04-28
3047,601579,会稽山,0.2,481291895.94,10.0990558314,-15.5374,93743222.29,1.7,12.1914,7.933298166472,2.5,0.162908374808,60.7052046865,非白酒,2026-04-28
3048,601456,国联民生,0.08,1562489599.05,800.9834973556,130.3736,376144390.86,271.9483600183,23906.3145,8.888180334443,0.96,0.128464754882,,证券Ⅱ,2026-04-28
3049,601399,国机重装,0.0154,3480799196.74,21.2382990442,-6.5138,111020933.33,2.03,535.6519,2.011223747392,0.77,-0.06795503088,12.2489406516,专用设备,2026-04-28
3050,601339,百隆东方,0.12,1730917567.25,-5.6286444547,-7.2986,173468411.67,115.95,7065.5683,6.47373582278,1.8,-0.237102220158,14.861996601,纺织制造,2026-04-28
3051,601212,白银有色,-0.006,18095076394.64,-18.4803639104,1.9949,-44081788.17,47.8149472591,-111.2525,2.028578900745,-0.29,0.343970723911,6.3146744111,工业金属,2026-04-28
3052,601179,中国西电,0.0575,5261196450.0,10.9348711305,-25.2192,294887908.89,42.1,10.2822,4.36078464493,1.329,-0.138110962682,21.0222113991,电网设备,2026-04-28
3053,601177,杭齿前进,0.1341,451143443.29,6.6100221364,-31.5415,53639910.56,2.46,3.992,6.559611575415,2.01,-0.01283091361,21.3275000116,通用设备,2026-04-28
3054,601169,北京银行,0.36,17127000000.0,-3.1825890334,-5.6779,7672000000.0,-2.44,47.1705,12.941020668779,2.8275,-0.549165208343,,银行Ⅱ,2026-04-28
3055,601137,博威合金,0.39,4964240650.25,10.5857578012,22.0839,316783405.57,20.64,23.7428,10.678323600703,3.69,-0.866209517755,14.2970651218,金属新材料,2026-04-28
3056,601117,中国化学,0.24,44652663368.22,-1.1465105157,-13.9116,1444827824.95,18.77,-21.9133,10.447216452379,2.29,-2.47136167187,9.2973590635,专业工程,2026-04-28
3057,601113,华鼎股份,0.09,1156302973.38,-44.5305683652,-24.2371,94486755.57,17.26,-42.54,3.513931102486,2.47,0.027757514089,17.3503005336,化学纤维,2026-04-28
3058,601100,恒立液压,0.46,2422166698.95,2.5646630024,-1.2947,617677441.61,2.61,-13.885,12.237891566975,3.84,0.037325493521,39.4013546414,工程机械,2026-04-28
3059,601098,中南传媒,0.2,2889377270.07,-3.6857614088,-27.8278,368039700.51,29.99,-10.6086,8.880911246576,2.22,-0.440935878107,44.9641650994,出版,2026-04-28
3060,601058,赛轮轮胎,0.32,8411466549.24,15.2921598604,2.9021,1038524088.04,0.47,26.7865,6.237800118032,5.19,-0.123957939082,24.7363869212,汽车零部件,2026-04-28
3061,601026,道生天合,0.06,834521287.23,66.562770454,-24.9869,31080269.96,105.4296268193,-45.4711,,1.71,,11.4360350791,风电设备,2026-04-28
3062,601022,宁波远洋,0.13,1372508733.99,17.6027020572,-8.6584,175092941.97,4.95,17.6848,4.549480353975,2.98,0.38544991365,17.5386908322,航运港口,2026-04-28
3063,601015,陕西黑猫,-0.13,2584782832.45,-37.3106117942,-18.2061,-261562434.02,-23.21,49.3106,3.003045536299,-4.18,0.147136093781,-10.3167204158,焦炭Ⅱ,2026-04-28
3064,601008,连云港,0.02,608962153.31,-4.1788280908,-12.3668,22794345.59,-48.01,-51.8432,3.315414911826,0.56,-0.160658328204,22.4362698219,航运港口,2026-04-28
3065,601001,晋控煤业,0.31,2424191669.74,-33.7274846935,-36.1873,512234038.91,-34.35,-22.0482,11.432296413491,2.72,-0.109930985929,38.5855305002,煤炭开采,2026-04-28
3066,600998,九州通,0.19,42016176296.42,3.81504112,9.472,969855361.31,80.38,19.5574,5.246990181212,3.65,-0.659979467193,7.3308712146,医药商业,2026-04-28
3067,600997,开滦股份,0.04,4514844158.25,-15.9550732973,-19.167,67272600.25,-67.87,-59.9119,9.040360919955,0.47,-0.392797221499,11.2002380121,焦炭Ⅱ,2026-04-28
3068,600979,广安爱众,0.0178,744337640.17,4.8029320582,-15.597,22507122.59,-20.77,599.7063,3.642813957602,0.49,0.018824760266,21.2538060381,电力,2026-04-28
3069,600969,郴电国际,0.0293,1000832212.24,0.0339188199,2.6589,10847293.86,1307.87,111.2141,9.632311942362,0.3,0.294085353446,5.8920301684,电力,2026-04-28
3070,600967,内蒙一机,0.11,2731417098.49,19.5972872407,1.7524,186275820.34,11.03,37.1547,6.917695665696,1.6,0.427772462945,11.2152099901,地面兵装Ⅱ,2026-04-28
3071,600903,贵州燃气,0.06,2293706207.11,12.9953388216,25.7208,71519241.72,-29.73,217.2459,2.650235710014,2.26,0.07608707647,13.2827658165,燃气Ⅱ,2026-04-28
3072,600893,航发动力,0.0028,6164858155.55,-1.7128932145,-71.8799,7511371.77,-95.15,-94.4,14.969899480815,0.0188,0.773979474385,9.7744876311,航空装备Ⅱ,2026-04-28
3073,600882,妙可蓝多,0.16,1233332768.29,6.2585179073,-1.2826,82396663.23,114.88,188.3201,8.771800854862,1.85,0.233940756602,31.4850840222,饮料乳品,2026-04-28
3074,600858,银座股份,0.139,1599646818.07,-4.3229436313,65.1162,72299725.51,-20.66,246.5728,5.228996349792,2.6945,0.601183285416,39.0774595172,一般零售,2026-04-28
3075,600841,动力新科,-0.15,1371412888.34,-24.9683398315,11.3286,-210165309.62,26.0973307803,71.4355,2.384167419359,-6.17,-0.352990877365,0.3598444358,汽车零部件,2026-04-28
3076,600828,茂业商业,0.0083,640829874.74,-22.1246973839,8.6355,14341941.98,-75.46,112.2855,4.043152147476,0.21,0.12044001265,60.76345134,一般零售,2026-04-28
3077,600824,益民集团,0.013,187079215.9,-28.2955162755,29.2532,13638807.5,-57.97,2765.8213,2.301039708844,0.56,0.019419529853,48.0024328026,一般零售,2026-04-28
3078,600819,耀皮玻璃,0.05,1261751886.23,-5.4043039145,-16.2246,42664524.64,251.98,114.3075,3.737700100917,1.23,-0.125608422428,18.7455655641,玻璃玻纤,2026-04-28
3079,600818,ST中路,-0.01,249676017.04,24.5364682449,34.9749,-3232993.04,42.9694795406,85.7649,1.823156124798,-0.55,-0.052691067489,16.6573064418,摩托车及其他,2026-04-28
3080,600798,宁波海运,-0.0385,392351028.0,-13.536685899,-48.7076,-46451286.52,-88.9212621191,-251.0184,3.243834431437,-1.18,0.109880794991,-3.4817605295,航运港口,2026-04-28
3081,600785,新华百货,0.35,1854738615.66,-1.5672029291,36.7175,80005225.81,-2.27,207.7385,10.321215859521,3.5,1.824291805728,24.6669533355,一般零售,2026-04-28
3082,600776,东方通信,-0.045,450401346.13,-20.6623954897,-51.2412,-56119352.18,-141.45,-218.617,2.734240946878,-1.62,-0.003519673149,12.2505921605,通信设备,2026-04-28
3083,600770,综艺股份,-0.005,101702150.7,60.5439388612,5.5458,-6491509.36,84.6590609754,84.5185,2.529215099992,-0.2,-0.018770307531,19.820027277,综合Ⅱ,2026-04-28
3084,600768,宁波富邦,0.04,220870303.0,21.5683544755,-70.577,5083808.79,622.05,-14.4991,2.862689148857,1.34,0.070255524751,10.5077628023,工业金属,2026-04-28
3085,600737,中粮糖业,0.0827,5037194102.53,-35.5157577413,-48.5167,176966730.52,-59.81,-67.8942,5.454190840483,1.52,-0.482341376515,8.7660813173,农产品加工,2026-04-28
3086,600732,爱旭股份,-0.16,4135605298.8,64.5300734672,26.8935,-300422024.47,-229.3490462314,87.9263,1.778554703919,-8.83,0.391702975194,0.5322059464,光伏设备,2026-04-28
3087,600731,湖南海利,0.1013,391083598.65,13.7977193767,-33.3711,56610169.96,483.78,-12.5975,5.756938841475,1.78,-0.11163464991,33.708517014,农化制品,2026-04-28
3088,600704,物产中大,0.19,133147746714.88,0.1576929465,-15.4874,983777623.55,18.86,31.6387,7.940085727078,2.34,-1.506862149134,2.600830851,物流,2026-04-28
3089,600699,均胜电子,0.24,14575967353.98,9.7791411309,-1.038,340450174.31,11.08,1694.7099,9.708269871931,2.49,0.615847446949,17.8999762546,汽车零部件,2026-04-28
3090,600690,海尔智家,0.59,79118173583.72,10.0579202265,-4.6884,5486615176.18,15.09,52.9723,12.549122398593,4.77,0.243486709633,25.3961426561,白色家电,2026-04-28
3091,600675,中华企业,0.08,5771637959.41,1160.7986931113,9.1025,459775622.6,314.4928538247,118.6657,2.446820943398,3.15,-0.016099553191,33.9507325285,房地产开发,2026-04-28
3092,600673,东阳光,0.095,3346763925.04,18.2756494887,0.7916,278042479.42,181.53,344.6501,3.021542859008,3.1,0.052496323192,20.2658831989,综合Ⅱ,2026-04-28
3093,600623,华谊集团,0.07,11487699568.12,7.2452538646,-1.8189,157413438.1,-1.29,-53.7628,10.695002145662,0.6,-0.774216928347,7.4152928323,化学原料,2026-04-28
3094,600621,华鑫股份,0.13,635683475.31,54.3449906914,-17.1324,137386664.4,130.48,123.4061,8.064584482501,1.62,-0.477039309024,,证券Ⅱ,2026-04-28
3095,600601,方正科技,0.02,951675360.76,23.6813060172,-7.7999,78477160.08,2.04,65.3645,1.005009935617,1.89,0.048964768691,21.906930866,元件,2026-04-28
3096,600600,青岛啤酒,1.254,10445537525.0,2.9115476981,228.6267,1710355183.0,7.08,365.2101,22.556107112019,5.72,1.311857381385,41.637878516,非白酒,2026-04-28
3097,600581,*ST八钢,-0.24,3511106913.28,0.6037673796,-8.7143,-369901989.8,10.1760911094,-20.5936,-0.183906614527,,-0.393585014616,-2.538354736,普钢,2026-04-28
3098,600575,淮河能源,0.07,8590561490.87,17.4419372216,11.9747,465869633.16,-14.13,1632.1835,3.027955712193,2.27,0.230356838266,10.8414159364,电力,2026-04-28
3099,600558,大西洋,0.0456,922735763.31,-6.2836254632,13.6028,40964413.4,36.39,-40.4474,2.685393207838,1.71,0.033930959425,16.0907777864,通用设备,2026-04-28
3100,600537,*ST亿晶,-0.04,608160615.73,-39.4961504014,-20.9036,-53142725.22,74.8103472135,96.4997,0.326271353702,-13.02,-0.080522015452,1.481298543,光伏设备,2026-04-28
3101,600520,三佳科技,-0.03,69376508.5,-8.3669477479,-13.8424,-4265023.5,-398.9,-206.4902,2.375413838414,-1.13,-0.026579832671,19.8869149779,半导体,2026-04-28
3102,600515,海南机场,0.0088,1090223033.41,-8.6086901649,-14.5646,100391806.76,-54.09,-59.1308,2.07500604451,0.42,-0.07714013993,41.2408781783,航空机场,2026-04-28
3103,600513,联环药业,0.08,627705511.57,18.7802723942,21.677,23059579.59,-29.15,370.0447,4.96950088821,1.64,-0.186003495141,41.4973238053,化学制药,2026-04-28
3104,600508,上海能源,0.14,1736025328.01,-25.1573853594,-23.0042,104605869.62,-65.45,16.3367,17.884316260298,0.81,-0.264613107367,17.3366535306,煤炭开采,2026-04-28
3105,600507,方大特钢,0.108,4345536510.38,-16.0293297354,-18.5166,250339629.2,167.99,325.3708,4.128529306411,2.66,0.216575505032,10.0429759059,特钢Ⅱ,2026-04-28
3106,600506,统一股份,0.215,746547290.21,-1.2804150297,53.8783,41358153.02,4.81,771.0852,2.526259665674,8.91,1.173259079753,21.744587172,炼化及贸易,2026-04-28
3107,600486,扬农化工,1.069,3240624091.42,2.0436909175,33.9613,434934070.1,1.35,146.7718,27.002517873768,4.04,2.533837947757,24.6403927279,农化制品,2026-04-28
3108,600480,凌云股份,0.18,4338837882.07,0.9161466533,-20.9629,215133461.09,-2.91,39.1035,8.283040087874,2.83,-0.153889783387,17.5879208975,汽车零部件,2026-04-28
3109,600476,*ST湘邮,-0.04,88067883.92,9.6878452149,-66.9255,-6383285.86,171.49,81.3425,0.143869322406,-24.176,-0.14848131806,22.2234106678,IT服务Ⅱ,2026-04-28
3110,600470,六国化工,-0.13,1604139062.47,37.4057119541,11.858,-66725482.73,-1536.16,-405.7204,3.385108479275,-3.71,-0.117475228662,4.2002154967,农化制品,2026-04-28
3111,600456,宝钛股份,0.1699,1455052561.91,-20.3416175699,26.7198,81157205.23,-49.0,35.5331,14.732368854389,1.16,0.06439757573,18.2879625957,小金属,2026-04-28
3112,600426,华鲁恒升,0.334,7771601919.12,-2.5875871198,-14.0885,706862256.32,-33.65,-17.2002,14.947250498594,2.25,0.438190858072,16.3477052366,农化制品,2026-04-28
3113,600410,华胜天成,0.1351,884951136.58,-0.464219349,-31.5915,148141468.6,188.0059495035,-37.7961,4.149135449451,3.31,0.116533665061,13.0186153402,IT服务Ⅱ,2026-04-28
3114,600375,汉马科技,0.01,1320363965.32,43.9275745478,15.7738,11759228.5,117.8956677577,-97.7789,2.064528287136,0.36,-0.066641421717,8.7540853883,商用车,2026-04-28
3115,600372,中航机载,0.0208,4724970175.57,-16.2630132978,-35.3909,100883845.02,-77.79,162.2199,7.731828057397,0.27,0.075886907125,24.5363000405,航空装备Ⅱ,2026-04-28
3116,600371,万向德农,0.078,73067901.82,-21.8735920497,11.3234,22679207.62,-34.41,2517.1494,2.038839981988,3.88,-0.079201481656,32.7784639266,种植业,2026-04-28
3117,600352,浙江龙盛,0.1217,3235274132.07,-7.2123835659,-38.6559,395920422.86,100.44,-41.5071,10.654642751637,1.15,0.770680340078,28.6116615317,化学制品,2026-04-28
3118,600332,白云山,1.12,22473408392.77,-2.0604860676,41.051,1821313254.12,-6.99,663.0359,23.200423023612,4.95,-2.397145849236,20.5120896328,中药Ⅱ,2026-04-28
3119,600330,天通股份,0.039,714406953.41,-15.393895642,39.9861,47961645.16,8.18,235.1464,6.509371544778,0.6,-0.010116830517,18.8018781563,电子化学品Ⅱ,2026-04-28
3120,600320,振华重工,0.048,8517137247.0,0.8560002589,-6.3418,255338086.0,50.33,153.6622,2.971404530852,1.62,0.356335138226,10.6550658476,专用设备,2026-04-28
3121,600315,上海家化,0.32,1703607733.01,-10.5904577045,41.7314,217134362.72,-15.25,121.8051,10.191112120481,3.2,0.915717704871,63.4034063382,化妆品,2026-04-28
3122,600298,安琪酵母,0.43,3794177570.05,8.9489195422,-11.4476,370112142.65,16.02,-0.3482,12.906201555204,3.36,-0.292644712339,25.9708836101,调味发酵品Ⅱ,2026-04-28
3123,600289,ST信通,-0.0453,41542987.75,-15.322872534,-67.441,-28607721.45,-97.6547676272,77.1985,1.94273749772,-3.76,1.009559134763,59.4258061759,通信服务,2026-04-28
3124,600285,羚锐制药,0.383,1020755870.55,12.2885856405,37.621,216817540.12,13.89,45.8306,5.839238369714,6.81,0.207393208303,76.7672846572,中药Ⅱ,2026-04-28
3125,600269,赣粤高速,0.18,1560505790.15,0.0954424816,9.5413,427953845.81,9.52,236.5779,8.175255404966,2.27,0.398354411943,48.220347982,铁路公路,2026-04-28
3126,600267,海正药业,0.17,2631818241.67,-3.4767285887,6.7369,194227169.89,-21.85,126.1878,7.120461191085,2.3,0.219132885937,42.133224526,化学制药,2026-04-28
3127,600251,冠农股份,0.2384,661774411.87,-37.5469130488,-27.9508,185215434.59,-23.87,245.5282,4.858471558201,5.03,0.416416204663,8.218975505,农产品加工,2026-04-28
3128,600243,*ST海华,0.0,51435697.03,-10.1785946778,0.393,-803518.31,89.4521468024,98.8889,1.456419836299,-0.13,-0.009132385371,13.9535020704,通用设备,2026-04-28
3129,600227,赤天化,-0.0273,564562527.48,29.0892469726,-16.4259,-46029998.93,-14.5574184883,11.6169,1.480191815331,-1.83,0.049651163272,5.8820149024,农化制品,2026-04-28
3130,600223,福瑞达,0.05,876077751.32,-1.6346534496,-25.757,50711565.71,-14.1,-29.9208,4.087879471372,1.23,-0.115607770069,51.2960392172,化妆品,2026-04-28
3131,600219,南山铝业,0.15,8980990965.28,24.3193282389,-2.9192,1703639139.79,100.19,27.1471,4.465586235691,3.34,0.193583695623,32.9225250824,工业金属,2026-04-28
3132,600198,大唐电信,-0.0566,57141197.38,-17.0704557407,-88.2941,-73758143.99,0.977700853,-162.2709,0.190117876107,-25.91,-0.072986327344,27.2441089333,通信设备,2026-04-28
3133,600197,伊力特,0.31,795533847.96,-4.3155974929,44.8711,144201011.48,-9.29,222.284,8.533879201411,3.66,-0.12509841573,48.77,白酒Ⅱ,2026-04-28
3134,600185,珠免集团,-0.05,918934139.75,-58.5436295948,-67.6321,-90956509.45,-537.22,84.6671,0.567739380127,-8.14,0.084727366093,36.676826112,旅游零售Ⅱ,2026-04-28
3135,600178,东安动力,0.0079,994425839.68,-3.3141960253,-38.8423,3729005.67,149.6208465437,-49.1365,5.418039605592,0.15,-0.563010587656,4.2944373754,汽车零部件,2026-04-28
3136,600157,永泰能源,0.0023,5640674735.99,-22.9561338948,-5.6935,51067712.76,-89.06,-47.1527,2.127076188503,0.1082,0.046585341139,20.5012106453,电力,2026-04-28
3137,600156,华升股份,-0.0311,214154143.72,14.4504459601,-24.1665,-12502317.1,1.5386093764,54.5309,0.999508791611,-3.06,-0.106119281501,4.2618445254,纺织制造,2026-04-28
3138,600153,建发股份,0.16,143772665135.78,9.4682667692,-27.8104,584016189.52,-3.29,-34.203,19.044641048167,0.8,-1.944607794585,3.3078198384,物流,2026-04-28
3139,600133,东湖高新,-0.0026,446076904.14,18.8350105553,-79.0023,-2738494.63,-107.89,-100.8846,8.306596406236,-0.03,-0.553609704702,27.7083094065,环境治理,2026-04-28
3140,600096,云天化,0.708,13031239807.3,-5.9601935643,-12.211,1290646444.5,-11.65,41.8512,12.90037166116,5.61,1.557663227125,17.2184713907,农化制品,2026-04-28
3141,600078,澄星股份,-0.0542,947580849.16,28.94803209,2.774,-35921355.84,-386.15,72.5619,2.483045872566,-2.19,0.095874888347,4.2570027682,农化制品,2026-04-28
3142,600066,宇通客车,0.34,6417699590.81,-2.996919829,-51.1692,755002588.85,14.91,-55.1752,6.39969607826,5.47,0.640149131555,18.8892204357,商用车,2026-04-28
3143,600052,东望时代,-0.0012,131717725.71,95.4656445629,-37.8424,-1028735.5,-101.44,99.7764,3.014932414404,-0.04,0.063642284583,7.7421618731,电力,2026-04-28
3144,600051,宁波联合,0.04,322033610.11,61.402078911,-58.4576,13958560.64,93.96,-46.5885,10.876807003731,0.41,0.309380159193,7.3533043001,综合Ⅱ,2026-04-28
3145,600048,保利发展,0.18,54271790192.15,9.0923202647,-57.8936,2132664077.32,-12.27,169.3898,16.245667106568,1.07,0.13854317846,16.7092089954,房地产开发,2026-04-28
3146,600038,中直股份,0.2463,2376075398.25,-29.5487047539,-80.9386,201974102.15,55.12,1.6996,20.919450297438,1.28,-1.474872612807,10.4443327427,航空装备Ⅱ,2026-04-28
3147,600032,浙江新能,0.0349,1110865229.94,-5.2684792742,6.2877,83928716.65,-51.46,208.7645,5.209241139895,0.67,0.18914255115,37.183078132,电力,2026-04-28
3148,600026,中远海能,0.1485,5754262663.72,-3.9858661257,-5.689,708525353.14,-43.31,13.8802,7.658069011126,1.9284,0.217897632153,21.1003288772,航运港口,2026-04-28
3149,600023,浙能电力,0.08,17602618871.39,-12.0908795388,-18.9121,1074401113.65,-40.81,2.0209,5.576626789006,1.45,0.266376887901,7.0701961954,电力,2026-04-28
3150,600021,上海电力,0.267,10443348725.55,-1.5560533233,2.7083,828950797.39,30.78,300.8971,7.183381098911,3.82,0.97065881088,25.8937581405,电力,2026-04-28
3151,400300,创兴3,-0.012,247742.87,-97.8286082899,-33.864,-5290864.91,-311.83,97.1727,0.231047730415,-5.24,-0.009886656605,-34.7298592286,,2026-04-28
3152,400098,航通5,-0.05,159113684.09,-39.5380932607,-70.1772,-26408226.5,46.5880820644,85.7932,-2.535305867725,,-0.088550635493,24.1130284673,,2026-04-28
3153,400084,乐视网3,-0.0212,29177846.46,-19.2422183631,-58.001,-84662568.71,-11.97,-209.9611,-5.36225231291,,0.005237965234,19.637380702,,2026-04-28
3154,301680,固德电材,0.78,240432109.15,35.4589066985,-13.0644,48176127.76,57.2061130618,-15.1369,,7.86,,35.1891286647,汽车零部件,2026-04-28
3155,301656,联合动力,0.15,3847255126.83,49.8035638513,-29.5299,327928731.52,91.0441032142,-9.8133,,6.55,,18.0473733129,汽车零部件,2026-04-28
3156,301626,苏州天脉,0.47,250460238.21,5.7199461475,-0.5324,54398813.86,-3.67,20.8195,13.433738454789,3.57,0.489195668655,44.1913104136,消费电子,2026-04-28
3157,301616,浙江华业,0.2816,214507138.07,22.1944061442,-5.2908,16895274.96,30.16,-9.4468,16.197127833125,1.82,-0.651460262,24.6772892764,通用设备,2026-04-28
3158,301611,珂玛科技,0.2,247892688.65,54.2627337804,2.7585,87092902.76,72.69,2.2533,3.688322336353,5.57,0.153507413211,57.1097357816,半导体,2026-04-28
3159,301609,山大电力,0.14,111039987.97,12.0193594739,-55.7262,17315756.81,15.91,-60.1422,5.181653364276,2.77,-0.107492606254,41.150136942,电网设备,2026-04-28
3160,301606,绿联科技,0.3622,1823808518.29,41.9930351383,-2.162,150271413.35,47.18,6.9497,7.36880503745,5.05,-0.076807886266,38.0065459043,消费电子,2026-04-28
3161,301578,辰奕智能,0.13,185372476.02,3.561714557,-27.2681,8101218.27,-42.21,-44.0156,15.120027778526,0.86,0.642084619872,18.2216789327,黑色家电,2026-04-28
3162,301571,国科天成,0.07,119694666.93,13.346267379,-62.2404,13212372.05,22.77,-79.8641,10.282439646787,0.72,-0.238091226937,36.0653378611,军工电子Ⅱ,2026-04-28
3163,301557,常友科技,0.3,200704783.32,20.4798284429,-40.5851,11010047.74,19.91,-67.7535,22.8042679031,1.33,-2.411078901534,24.9768211005,风电设备,2026-04-28
3164,301555,惠柏新材,0.0956,492979538.29,148.0866692206,0.7144,8819215.26,283.16,-34.1833,11.630345687014,0.83,-3.559242764833,11.76457467,塑料,2026-04-28
3165,301535,浙江华远,0.11,167906469.94,23.8125203524,-25.6233,38519558.92,65.29,-16.7598,2.73002260478,4.38,0.090863774961,31.7385658808,汽车零部件,2026-04-28
3166,301529,福赛科技,0.33,418103104.01,60.5894114256,6.8293,27966297.39,17.45,-38.694,14.865600327616,2.22,-0.397522507989,24.3657927537,汽车零部件,2026-04-28
3167,301526,国际复材,0.014,1868698783.79,21.6782659757,-5.2842,52674840.4,176.96,126.7878,2.123723505062,0.66,0.067388330358,14.902345199,玻璃玻纤,2026-04-28
3168,301525,儒竞科技,0.56,350977221.58,19.4188321247,22.8741,52859893.33,22.53,171.5264,34.161264460444,1.65,0.288407583558,25.7870354585,通用设备,2026-04-28
3169,301518,长华化学,0.13,578958662.02,-12.5089453741,-32.2862,18697551.59,-15.1,-24.4986,10.249325490716,1.31,-0.563557477309,6.0696535859,化学制品,2026-04-28
3170,301517,陕西华达,-0.17,85989040.44,-52.9020610906,-39.4098,-18444240.89,-282.59,-247.294,12.410924183743,-1.37,-0.329907719758,39.2539501282,军工电子Ⅱ,2026-04-28
3171,301516,中远通,-0.0612,151637272.24,-22.2577083671,-28.578,-17174308.35,-79.88,73.0817,4.684958108652,-1.3,0.108329290638,15.2161148899,其他电源设备Ⅱ,2026-04-28
3172,301513,尚水智能,0.65,278622463.64,,46.4423,48800499.5,,14.4774,,8.23,,39.9893009287,电池,2026-04-28
3173,301512,智信精密,-0.4,28051473.32,-34.3091091098,-92.6778,-21321036.7,-112.45,-127.1943,19.549042270135,-2.03,-0.275627107216,25.1933914108,自动化设备,2026-04-28
3174,301508,中机认检,0.1355,171094366.4,1.1697198039,-35.4542,30642782.8,13.22,-16.2825,8.70404004738,1.57,0.069132480233,45.9211915057,专业服务,2026-04-28
3175,301501,恒鑫生活,0.5904,419055168.6,24.1802678806,-3.8237,81862742.68,79.79,41.4334,19.879492252549,7.53,0.583117279804,24.9164796532,家居用品,2026-04-28
3176,301489,思泉新材,0.22,183326988.12,93.5939226896,-20.851,17721977.75,79.57,64.9967,18.232068466898,1.7,1.151443811962,25.7354124201,电子化学品Ⅱ,2026-04-28
3177,301468,博盈特焊,0.11,106099811.04,-14.2798619178,20.4391,13960234.01,-50.86,338.5263,17.6770735,0.6,-0.218698400455,25.2314841729,通用设备,2026-04-28
3178,301459,丰茂股份,0.2759,195819382.7,0.0943749398,-29.6199,28724015.56,-21.04,-34.9654,15.350321696,2.37,-0.175677524875,29.7565742811,橡胶,2026-04-28
3179,301449,天溯计量,0.2874,169983025.92,,-23.5254,14057555.42,,-49.343,,2.67,,47.1903542403,专业服务,2026-04-28
3180,301448,开创电气,0.02,153548083.42,-6.6750697641,-43.9989,2292427.64,-87.47,-85.3023,6.822218207212,0.33,0.338156066635,20.3831071694,通用设备,2026-04-28
3181,301439,泓淋电力,0.13,861474192.17,35.5764829729,0.1764,50440575.14,14.99,-13.4972,7.524966305284,1.74,-0.355453524324,13.122262974,电网设备,2026-04-28
3182,301429,森泰股份,0.1581,258741837.32,36.0610908748,1.2072,18273611.83,-17.05,116.615,11.303988775503,1.37,-0.038181636271,27.1627053197,装修建材,2026-04-28
3183,301428,世纪恒通,0.1563,271537918.06,-6.7241824973,-4.0056,15422811.09,-23.88,512.8132,12.666725336734,1.24,-1.109736523278,25.5441501156,通信服务,2026-04-28
3184,301418,协昌科技,0.0714,75075540.76,-17.687527486,42.5757,5215265.96,-72.84,677.9575,21.934084148963,0.32,0.163740510284,19.6584274726,自动化设备,2026-04-28
3185,301392,汇成真空,0.0832,97390454.01,35.8230926437,9.1773,8321828.65,-17.76,130.9926,7.4583045028,1.12,-0.0935182269,25.8910971782,专用设备,2026-04-28
3186,301390,经纬股份,0.0263,60059473.9,23.5573716032,-80.5501,1575907.4,6.04,-82.4904,15.991450347,0.16,-1.960640825667,29.6321114794,工程咨询服务Ⅱ,2026-04-28
3187,301382,蜂助手,0.1633,503209831.35,45.4615841621,13.4552,35638706.49,9.62,-15.3241,8.157225136374,2.01,-1.104991717876,18.0644954841,通信服务,2026-04-28
3188,301381,赛维时代,0.1175,2458280774.74,36.6458034495,-29.2322,47026149.99,-45.35,151.5694,6.324493712297,1.88,-0.023435773082,43.8891989172,互联网电商,2026-04-28
3189,301378,通达海,-0.31,60092929.63,-29.4123986229,-61.2778,-29953053.59,-55.22,-1791.4983,13.725083732609,-2.23,-0.888658312422,32.4940505651,软件开发,2026-04-28
3190,301368,丰立智能,0.02,116571485.72,18.195630063,-12.7376,2938656.4,-35.98,202.3481,8.158781070275,0.3,-0.031120400999,12.5182019341,通用设备,2026-04-28
3191,301367,瑞迈特,0.81,265285881.67,38.1077852924,9.8962,71931423.74,44.11,137.6978,32.348160740402,2.51,0.46604972846,49.5652585778,医疗器械,2026-04-28
3192,301366,一博科技,-0.032,237392619.5,30.0879815528,-3.897,-6716749.36,-140.73,-235.7295,14.468576608343,-0.31,-0.073123083779,22.856430248,元件,2026-04-28
3193,301358,湖南裕能,0.12,6762141198.85,49.6012744124,0.6365,94316423.2,-40.56,-8.3894,15.4897754744,0.81,-0.70089963696,5.5202903396,电池,2026-04-28
3194,301348,蓝箭电子,-0.0304,138884950.41,0.8046061998,-33.2338,-7289929.43,12.23,-148.5427,7.5970626827,-0.48,0.32699001475,0.3795069073,半导体,2026-04-28
3195,301338,凯格精机,0.31,196558326.8,27.2292990905,-29.6057,33209680.8,208.34,25.4223,14.088878340132,2.24,-0.180220991541,43.9276617102,专用设备,2026-04-28
3196,301333,诺思格,0.27,172843520.58,-2.5306732764,-5.0723,26073749.86,13.12,-53.2761,19.292929806173,1.41,-0.115898150465,36.5264586188,医疗服务,2026-04-28
3197,301332,德尔玛,0.05,778112095.95,8.6125094692,-31.2429,23623195.61,1.15,-38.5047,6.294146005731,0.82,0.415006033744,30.3792205635,小家电,2026-04-28
3198,301323,新莱福,0.29,206508698.61,8.5877651378,-11.6969,30465698.68,-16.05,-20.6587,20.283405910093,1.44,0.10607446154,35.1718624585,金属新材料,2026-04-28
3199,301309,万得凯,0.34,213142011.95,-8.1631906031,-16.6328,33862899.61,-17.57,-1.5173,15.926814275,2.15,0.9807872798,24.7763099855,通用设备,2026-04-28
3200,301308,江波龙,-0.37,4256456756.59,-4.4111885012,1.4545,-151814511.52,-139.52,-160.5829,15.486137652581,-2.35,0.367885092018,10.3522062762,半导体,2026-04-28
3201,301306,西测测试,-0.24,76881508.74,-29.777214626,0.9079,-19953976.57,44.55,68.5669,11.831412909123,-1.98,-0.424254984834,8.1600715345,军工电子Ⅱ,2026-04-28
3202,301285,鸿日达,-0.06,162248905.57,7.6023083508,-12.7796,-12170909.33,-376.67,67.2296,4.922902210432,-1.19,0.241320190158,18.942002032,消费电子,2026-04-28
3203,301276,嘉曼服饰,0.34,295434643.74,2.7096451295,-28.3768,44602226.29,-16.09,-33.7556,19.803585725093,2.11,0.620664704259,64.0861189782,服装家纺,2026-04-28
3204,301275,汉朔科技,0.3817,981316499.77,0.7394277675,-26.1498,149749255.8,-11.35,-17.6113,9.213381629096,4.85,0.222129268134,32.4765472021,其他电子Ⅱ,2026-04-28
3205,301273,瑞晨环保,-0.3115,35881533.98,0.5910352912,-73.451,-22315159.44,-13.66,-324.1294,13.158898606836,-2.34,-0.56859741839,40.6557791764,通用设备,2026-04-28
3206,301272,英华特,-0.03,95511076.27,0.6659556347,-42.3456,-2017709.79,-124.92,-110.3546,17.525458432352,-0.2,-0.223789296719,21.2035410456,通用设备,2026-04-28
3207,301269,华大九天,0.02,234322703.68,9.7737063421,-51.0621,9713941.82,26.72,-80.9282,9.333024475803,0.19,0.44251832237,91.4164210236,软件开发,2026-04-28
3208,301268,铭利达,-0.11,655183548.01,17.9921456157,-2.7272,-43970914.69,-127.63,88.2189,4.32352153944,-2.52,-0.862478855813,8.7295254839,通用设备,2026-04-28
3209,301267,华厦眼科,0.18,1093056547.55,11.7433831218,29.3357,149673716.87,-4.0,1824.0346,7.023805587821,2.55,0.267380923595,44.9707862207,医疗服务,2026-04-28
3210,301263,泰恩康,0.07,184664794.23,-2.3503210835,24.2195,31545960.13,-30.62,488.7118,4.226598587888,1.77,-0.091818461542,61.6478755221,化学制药,2026-04-28
3211,301261,恒工精密,0.23,237586062.66,-2.1218621857,-16.7974,19950648.01,-36.0,175.3838,17.45031871325,1.31,-0.802769883685,25.0193957274,通用设备,2026-04-28
3212,301252,同星科技,0.31,296152841.96,6.5014363974,-0.286,35895002.95,-8.89,38.1199,10.874954419741,2.89,-0.128249119914,18.6321645049,家电零部件Ⅱ,2026-04-28
3213,301251,威尔高,0.17,309445113.08,51.5424139336,9.3634,22315771.77,6.87,155.437,11.299162595334,1.48,-0.441114869691,21.0133082222,元件,2026-04-28
3214,301239,普瑞眼科,0.18,742251316.24,9.8195021499,37.0531,27279356.63,61.18,123.1764,14.267566534443,1.29,1.301150408336,39.3411143141,医疗服务,2026-04-28
3215,301217,铜冠铜箔,0.01,1394869375.68,56.2945086816,-7.0622,4751511.3,117.16,108.4887,6.496886901194,0.09,-0.615052320008,2.7226115264,电池,2026-04-28
3216,301216,万凯新材,0.09,3919002132.55,-7.7436187736,-3.9691,47964535.74,5.92,123.1717,10.394300952671,0.89,0.458354079214,2.8963204109,塑料,2026-04-28
3217,301209,联合化学,0.1477,130061885.56,0.5231285033,-8.3433,16542244.03,17.97,33.9577,9.331070206,2.24,0.112816489625,19.3007235147,化学制品,2026-04-28
3218,301203,国泰环保,0.33,87214649.6,6.1094351987,16.0885,26592833.87,-19.66,-13.4015,17.621605124875,1.88,0.471451141,43.7484207355,环境治理,2026-04-28
3219,301202,朗威股份,0.15,249595311.96,21.4301146156,-36.4869,20393759.86,110.43,-42.7567,9.071258342815,1.66,0.631617048021,19.3122050096,通信设备,2026-04-28
3220,301201,诚达药业,-0.0092,76307845.0,-24.3650734954,-14.6087,-1399981.98,-107.51,97.9561,13.842660390968,-0.07,-0.148413179678,48.0683939902,医疗服务,2026-04-28
3221,301198,喜悦智行,-0.017,93667359.0,10.0952846947,-15.474,-2852410.1,-129.74,84.1183,5.416817894438,-0.31,-0.305844544438,12.14465734,包装印刷,2026-04-28
3222,301193,家联科技,-0.1317,505811935.45,1.2947090654,-16.2065,-24957531.2,-157.54,-146.2424,7.848384368508,-1.38,-0.144738919928,14.3732496912,家居用品,2026-04-28
3223,301191,菲菱科思,0.15,289772663.96,-28.7692616479,-31.2498,10717314.22,-68.66,-18.3896,24.944599803582,0.62,1.341362656255,12.9110698155,通信设备,2026-04-28
3224,301190,善水科技,0.08,127745007.11,22.7884369365,-3.1211,16775409.0,-9.72,217.0463,8.945249779418,0.87,-0.261629495775,25.9240601329,化学原料,2026-04-28
3225,301177,迪阿股份,0.05,407652919.98,-4.3996630783,9.9355,20721843.35,-29.66,-36.9078,15.863650472263,0.33,0.091010372141,63.5242074711,饰品,2026-04-28
3226,301171,易点天下,0.12,929116792.61,93.1827051943,17.1531,55941195.98,11.67,51.8273,7.668835016422,1.56,-0.063622856377,16.1335388051,广告营销,2026-04-28
3227,301169,零点有数,-0.31,25485219.48,-44.6237802429,-87.1794,-21975415.02,-35.66,-357.6597,6.513077340096,-4.59,-0.631321326787,29.089648358,专业服务,2026-04-28
3228,301166,优宁维,-0.07,216368460.0,-20.3447219173,-25.3969,-6208677.82,-219.34,-57.9782,23.71133265871,-0.45,-0.265693927105,18.1186165442,生物制品,2026-04-28
3229,301161,唯万密封,0.21,181281439.13,26.9222191356,-8.8809,24774183.58,33.48,786.0019,8.202900882917,2.5,0.218020397083,42.5962680684,工程机械,2026-04-28
3230,301159,三维天地,-0.38,21185009.61,4.4754923834,-89.7368,-29644519.92,2.13,61.1978,8.130698031933,-4.59,-0.516141823142,39.2800294793,软件开发,2026-04-28
3231,301157,华塑科技,0.1292,45390258.12,-27.1620603737,-48.7246,7751265.82,-16.17,-51.3955,18.247219124,0.71,0.141378752333,33.3533405339,其他电源设备Ⅱ,2026-04-28
3232,301156,美农生物,0.0628,99852532.57,1.9879822038,-33.3148,8883353.43,-7.31,-50.5681,5.225859093825,1.2,0.217580786403,28.1582085665,化学制品,2026-04-28
3233,301150,中一科技,-0.01,1248608312.76,29.7308754154,-1.9202,-3224245.28,93.58,79.4947,19.390493451708,-0.09,-1.646235132621,4.7036624072,电池,2026-04-28
3234,301136,招标股份,-0.0194,83072210.68,-19.8304442361,-69.6038,-5332333.55,-176.43,-26.9508,5.253197696683,-0.37,-0.013975460641,32.3536765424,工程咨询服务Ⅱ,2026-04-28
3235,301135,瑞德智能,0.06,332937848.45,37.2168811778,-7.9911,6590949.04,127.86,-60.1307,12.420519704791,0.52,0.029827221495,16.9007557693,家电零部件Ⅱ,2026-04-28
3236,301127,武汉天源,0.08,310776503.64,28.045848417,-59.0848,50235288.72,88.61,-65.6164,4.932729851404,1.54,-0.206385360582,38.9210209341,环境治理,2026-04-28
3237,301126,达嘉维康,0.02,1299820581.67,1.511275009,3.972,3144357.36,-83.82,131.84,8.568155009026,0.18,-0.980448480647,17.2880559409,医药商业,2026-04-28
3238,301125,腾亚精工,0.0065,155510795.59,12.4203382478,8.2729,923506.06,118.28,-80.7468,4.27138726584,0.15,-0.148525279152,23.6741787927,通用设备,2026-04-28
3239,301119,正强股份,0.36,103935712.21,5.8213574872,-14.6165,37927595.47,99.59,53.6781,10.218358900481,3.63,0.437190680962,31.2219999171,汽车零部件,2026-04-28
3240,301118,恒光股份,0.0378,372640348.07,29.0415404687,-1.1178,4158691.22,127.88,157.8814,12.170300547464,0.31,0.072304783152,13.7174817501,化学原料,2026-04-28
3241,301115,联检科技,0.0254,270764244.99,20.3717244002,-32.489,4461769.98,30.13,200.5409,13.919494579425,0.17,-0.426383107004,32.8122957643,专业服务,2026-04-28
3242,301111,粤万年青,-0.0215,70812585.48,-0.5392636841,41.9248,-3441732.4,-129.32,65.3669,4.755596851938,-0.45,-0.099508870375,62.1661273651,中药Ⅱ,2026-04-28
3243,301108,洁雅股份,0.13,123650687.52,-4.6176492725,-11.3503,10062741.65,-27.61,166.12,22.861502198773,0.55,0.008784723715,19.7486570837,个护用品,2026-04-28
3244,301089,拓新药业,-0.03,96994677.03,-10.457503244,1.0989,-3564740.69,-272.34,79.3122,12.240400173457,-0.23,-0.221349301629,30.6576524924,化学制药,2026-04-28
3245,301086,鸿富瀚,0.21,173325269.16,33.7612410051,-19.8731,18691339.21,-32.75,6196.2109,21.787559864444,0.96,0.211045650889,30.8809113694,消费电子,2026-04-28
3246,301081,严牌股份,0.06,199702578.9,16.486770409,-12.0858,12228820.56,-15.59,7544.1146,4.787211826879,1.19,0.019240258036,25.9402471943,环保设备Ⅱ,2026-04-28
3247,301078,孩子王,0.0276,2402704332.11,9.533661267,-5.3675,31008126.67,165.96,-37.9455,3.193273987281,0.78,0.372200820598,26.3348969831,专业连锁Ⅱ,2026-04-28
3248,301070,开勒股份,-0.0572,37912797.39,-20.1305451885,-28.3064,-5168408.69,44.54,72.6194,11.849078283237,-0.67,-0.38746557117,41.7592563987,通用设备,2026-04-28
3249,301066,万事利,0.06,178430324.09,9.7201979779,0.785,11416758.49,-12.95,56.9815,3.661916179568,1.67,-0.189170159947,47.896631554,纺织制造,2026-04-28
3250,301063,海锅股份,0.2,440218626.4,47.7158719369,34.3239,20547428.83,191.74,98.9971,14.885237036589,1.33,0.153596229842,11.4022998891,专用设备,2026-04-28
3251,301057,汇隆新材,0.11,194098820.68,23.9087058759,-16.6519,12328962.43,44.6,89.4951,6.529861499963,1.62,-0.135558645756,16.2121626859,化学纤维,2026-04-28
3252,301055,张小泉,0.09,225229332.34,5.6506599066,-17.1811,12986713.48,69.49,65.6016,4.151357149615,2.03,-0.089287664167,37.8598170825,家居用品,2026-04-28
3253,301046,能辉科技,0.0384,310449084.33,26.6016136221,52.0077,5739787.71,-42.35,370.931,5.442382891524,0.67,-0.084212042866,13.2257912787,专业工程,2026-04-28
3254,301033,迈普医学,0.37,73703893.55,28.8392553633,-15.7683,24162307.0,61.68,-7.2509,10.943485017633,3.38,0.439040842517,80.5215435596,医疗器械,2026-04-28
3255,301029,怡合达,0.19,619922225.4,14.7529863169,-4.2216,121780320.64,26.48,59.9326,6.67488257972,2.92,0.15612317462,38.1029200893,自动化设备,2026-04-28
3256,301012,扬电科技,0.0767,327251088.59,40.0008188684,-25.6665,15101766.97,19.2,-9.8037,8.188787344167,1.3,-0.182993822312,9.8587072786,电网设备,2026-04-28
3257,301011,华立科技,0.08,185011252.1,-14.0416280383,-30.2962,11429685.43,-42.78,-24.0452,5.194382771385,1.51,-0.439721859474,28.155781018,文娱用品,2026-04-28
3258,301001,凯淳股份,0.02,75228046.07,-27.1106966063,-39.7596,1571764.7,-17.78,-81.9673,10.28178972275,0.19,0.377890581,31.2561969882,互联网电商,2026-04-28
3259,301000,肇民科技,0.15,190033071.3,20.2002677128,-16.813,36490118.78,2.84,-0.8491,4.99210286235,3.07,0.003371697367,34.6259052384,汽车零部件,2026-04-28
3260,300991,创益通,0.04,166244493.29,19.618749314,-25.4321,6269289.43,200.06,-73.8155,4.495136173819,0.97,0.221080567917,24.0262907297,其他电子Ⅱ,2026-04-28
3261,300988,津荣天宇,0.2,451303304.92,10.2965149833,-7.1865,28536418.88,48.0,90.1827,8.756235102205,2.35,0.492787005175,20.7111943146,专用设备,2026-04-28
3262,300983,尤安设计,-0.0017,47743696.72,19.0124013702,-10.6482,-288286.33,97.8,99.8367,16.504408984259,-0.01,0.03214850272,24.5853171338,工程咨询服务Ⅱ,2026-04-28
3263,300978,东箭科技,0.1175,471294178.14,-8.147292427,-17.8143,49668615.76,21.89,227.5675,4.050738317336,2.94,0.194134799585,29.0037536193,汽车零部件,2026-04-28
3264,300973,立高食品,0.5294,1045561266.51,14.1257208742,-6.4889,88371509.06,15.11,36.2477,14.02527498769,3.42,-0.201114135026,29.9908886972,休闲食品,2026-04-28
3265,300945,曼卡龙,0.16,714283122.25,42.8650467874,4.4677,43014599.43,33.52,125.8625,6.327814711603,2.59,0.059599192059,15.7769007176,饰品,2026-04-28
3266,300931,通用电梯,-0.0068,67015281.9,-11.3960011201,-47.5823,-1629435.47,-245.8,97.1548,2.643456368251,-0.23,-0.11946766896,38.7030792748,专用设备,2026-04-28
3267,300926,博俊科技,0.352,1099737449.19,37.7796345369,-19.4236,149333790.72,47.98,-39.1551,6.091630724188,5.82,-0.316282076906,25.9696636666,汽车零部件,2026-04-28
3268,300921,南凌科技,0.02,131327305.25,-23.3779887935,-15.3504,3328489.73,174.7,-73.4812,6.24617805808,0.41,0.097785633358,33.1146923842,通信服务,2026-04-28
3269,300917,特发服务,0.1916,691511359.22,8.6359645194,-11.4009,32372310.82,-5.12,-18.5289,6.783945234852,2.86,-1.19826030355,12.3385505881,房地产服务,2026-04-28
3270,300913,兆龙互连,0.1256,448133557.32,21.5448139633,-8.8013,32592358.28,85.12,-48.4035,4.815869369474,2.64,0.187023269909,17.950065927,通信设备,2026-04-28
3271,300907,康平科技,0.1971,270539302.17,3.7159086811,-7.3277,18918716.67,4.45,9.8679,8.040137747292,2.48,0.529702042396,19.6159907837,电机Ⅱ,2026-04-28
3272,300902,国安达,0.0148,59336068.33,-8.2796653893,-46.753,2690369.46,4.87,118.4732,4.518966689886,0.33,0.17195292074,44.9915519537,专用设备,2026-04-28
3273,300901,中胤时尚,-0.01,78985328.89,4.9559308485,12.9762,-2638882.3,-10.13,69.1001,4.0857528035,-0.27,-0.136493965083,15.0697022185,服装家纺,2026-04-28
3274,300898,熊猫乳品,0.1098,169696090.58,-8.2651576705,-13.2605,13613433.56,-48.76,-44.2393,8.037610785645,1.37,-0.039990470323,25.0538911325,饮料乳品,2026-04-28
3275,300894,火星人,-0.13,162638244.71,-53.3057383057,-55.2146,-54162372.0,-246.85,-1274.0747,3.099145905942,-3.89,-0.203549165673,40.1755485596,厨卫电器,2026-04-28
3276,300884,狄耐克,-0.0107,114171644.71,-9.240753182,-43.0406,-2710733.35,-351.68,91.0968,4.97786027694,-0.21,-0.052928602818,41.6994559121,计算机设备,2026-04-28
3277,300882,万胜智能,0.13,228249795.71,4.0020685709,0.3426,36705099.39,-15.95,232.693,4.183874886152,3.11,-0.374783353415,37.4137521676,电网设备,2026-04-28
3278,300879,大叶股份,0.96,1517836301.72,138.7174985762,301.3824,194200882.88,326.94,3907.4623,6.914092846326,14.97,-0.13270533793,23.4382036249,专用设备,2026-04-28
3279,300875,捷强装备,-0.05,32922489.04,54.0275428417,284.7165,-5180022.9,8.4,98.0732,9.626197329225,-0.54,-0.524778518354,47.1403108105,地面兵装Ⅱ,2026-04-28
3280,300871,回盛生物,0.2684,399068578.25,92.9647165011,-2.135,44496959.41,371.23,61.7912,8.722778351171,3.01,0.338658019841,24.4782058634,动物保健Ⅱ,2026-04-28
3281,300869,康泰医学,0.0409,111844411.72,12.7746168398,-23.3522,16435767.78,277.67,118.7184,4.590250156857,0.88,0.074533652696,58.1476684618,医疗器械,2026-04-28
3282,300864,南大环境,0.29,199221773.23,7.8337609064,-14.6936,44776995.73,-13.71,24.8629,8.696553051518,3.35,-0.293179417291,39.1741665706,环境治理,2026-04-28
3283,300862,蓝盾光电,-0.01,101516555.36,-13.717242039,-61.4528,-2329148.15,-125.64,-118.1282,10.851886394961,-0.12,-0.277346569186,25.8550169742,通用设备,2026-04-28
3284,300859,西域旅游,-0.19,16237490.6,-0.7441922062,-52.1507,-29612259.59,-147.22,-2.8171,4.696618576968,-3.99,-0.063912764903,-105.9673861797,旅游及景区,2026-04-28
3285,300857,协创数据,0.69,2077320431.29,18.1053388608,3.0797,169210530.88,4.29,25.5697,13.860937756348,5.12,-2.415437983185,15.956926641,消费电子,2026-04-28
3286,300854,中兰环保,0.1,128910008.67,60.0533486071,-44.6779,9996212.57,275.9,2300.8074,9.905237096498,1.0,0.102494355203,26.6616066624,环境治理,2026-04-28
3287,300833,浩洋股份,0.421,289849234.92,-8.0371722336,9.0567,53258471.23,-47.04,22.9079,19.638012567426,2.17,0.239363592681,49.4104679385,专用设备,2026-04-28
3288,300832,新产业,0.5568,1124761573.0,10.1163447905,0.324,437511949.25,2.65,-1.6529,11.459401015492,4.97,0.023599646838,68.0145860584,医疗器械,2026-04-28
3289,300829,金丹科技,0.2,344022328.89,-1.7307257461,-12.8965,38612931.03,125.85,160.2703,9.203735981661,2.09,0.287744277626,24.8070844574,化学制品,2026-04-28
3290,300823,建科智能,-0.02,70529835.1,-27.5862054025,-45.4102,-3259804.28,-129.92,-123.8128,7.336919310437,-0.34,0.233374857816,33.3809792928,专用设备,2026-04-28
3291,300820,英杰电气,0.2279,324726775.42,-13.2972357048,-28.0298,50498290.38,-36.84,155.9274,11.074074240696,2.08,0.319554211483,37.7779299817,其他电源设备Ⅱ,2026-04-28
3292,300812,易天股份,0.1433,140154915.76,89.2292481007,171.482,20085543.14,250.81,121.0468,5.631976038681,2.58,0.570859792668,34.6366896707,消费电子,2026-04-28
3293,300810,中科海讯,-0.2164,46831776.91,-6.126995512,-50.2208,-25229458.12,-83.9,-138.3802,6.716091511478,-3.13,-0.486036945616,10.8265300711,航海装备Ⅱ,2026-04-28
3294,300808,久量股份,-0.0756,65706066.76,-36.6822451843,-42.514,-12100738.01,-5569.02,-226.9731,6.2401020385,-1.2,0.000783289625,18.6076685044,光学光电子,2026-04-28
3295,300807,天迈科技,-0.01,31463548.64,136.1817113964,-70.8206,-897600.48,95.52,86.0497,7.118818709173,-0.19,-0.200933505666,35.2161448055,计算机设备,2026-04-28
3296,300805,电声股份,0.01,638119926.86,21.4489134511,-0.0203,4337076.65,-15.46,-45.3204,3.625480158433,0.28,-0.086460720903,8.3278966763,广告营销,2026-04-28
3297,300790,宇瞳光学,0.13,615162721.44,8.1790247925,-17.9693,48848670.67,21.33,-2.7941,6.588279561389,2.01,0.141128846601,24.0869053042,计算机设备,2026-04-28
3298,300788,中信出版,0.29,418741477.69,4.1503143543,-13.0413,54262838.9,43.27,573.4379,11.665924801125,2.48,0.238380616005,39.9132891162,出版,2026-04-28
3299,300782,卓胜微,-0.0872,755815261.9,-36.466087515,-32.486,-46622964.42,-123.57,-97.6203,18.994083013763,-0.46,0.1441201603,31.0093839665,半导体,2026-04-28
3300,300776,帝尔激光,0.6,561070869.57,24.5481026422,-2.2777,163124733.77,20.76,13.158,12.819470436847,4.59,-0.658501784636,47.9037328931,光伏设备,2026-04-28
3301,300775,三角防务,0.23,403180666.68,-21.0660386544,77.6169,128606786.31,-22.92,58.3538,10.41010577633,2.21,0.00188891186,42.7481699406,航空装备Ⅱ,2026-04-28
3302,300765,石药创新,-0.0192,471967670.63,-9.9413264583,-5.9507,-26901607.29,-134.03,68.574,2.638302782318,-0.72,-0.061796976762,39.9211720261,化学制药,2026-04-28
3303,300762,上海瀚讯,0.0211,125534241.14,84.4119848658,-29.0629,13232019.73,231.84,140.5991,3.770117068037,0.55,-0.080913973158,37.5645036062,军工电子Ⅱ,2026-04-28
3304,300751,迈为股份,0.58,2228670852.37,0.4700312554,8.0123,162083185.27,-37.69,-3.1758,27.430927917412,2.13,-1.25893791248,29.0965625202,光伏设备,2026-04-28
3305,300746,汉嘉数智,0.05,274718025.57,56.0895513387,42.3362,10230554.3,294.18,102.3569,3.359634238365,1.36,-0.32709298972,27.2829361796,工程咨询服务Ⅱ,2026-04-28
3306,300735,光弘科技,0.0462,1195787975.38,-28.0713954091,-29.793,35440294.1,-40.35,-72.0729,6.472791992933,0.72,0.43586275707,11.3365250514,消费电子,2026-04-28
3307,300727,润禾材料,0.14,321569863.48,7.9304085065,-3.7229,24109883.83,21.42,-8.4793,8.641913968427,2.43,-0.469476432279,24.2442468011,化学制品,2026-04-28
3308,300721,怡达股份,-0.2196,332208223.13,-17.1784829891,-24.012,-36205500.36,-835.16,-639.9047,7.1820368941,-2.96,-0.29581831364,-3.6217800982,化学制品,2026-04-28
3309,300718,长盛轴承,0.18,282056046.73,2.178025379,-6.6228,53036545.59,1.54,-11.4911,5.55429200811,3.21,0.047145508103,32.9073147185,通用设备,2026-04-28
3310,300713,英可瑞,-0.06,82645086.39,70.6441474802,-2.0008,-9352797.49,34.56,76.5251,3.437632887017,-1.43,-0.019998217373,27.3959954536,其他电源设备Ⅱ,2026-04-28
3311,300712,永福股份,0.1036,425090257.42,-1.8261372523,-28.7234,19112612.24,4.79,607.0736,6.834655625644,1.56,-1.330408646922,19.5974767019,专业工程,2026-04-28
3312,300706,阿石创,-0.02,301052671.49,12.0079587394,18.6553,-3710446.43,-15.78,89.4691,4.720954476537,-0.51,-0.217738881547,5.7529634613,半导体,2026-04-28
3313,300685,艾德生物,0.23,272090793.91,16.6325963824,4.257,90471778.52,40.92,227.8806,4.881792503156,4.94,0.262693572473,83.4805327538,医疗器械,2026-04-28
3314,300680,隆盛科技,0.254,605783627.37,7.063715323,-19.6734,58668946.25,11.41,-17.0874,8.453963544083,3.0,-0.000185643043,18.1210779576,汽车零部件,2026-04-28
3315,300669,沪宁股份,0.0187,64513875.03,4.3685708202,-24.909,3612912.63,-45.68,120.0093,4.577658760912,0.41,0.020207513198,21.3027191803,专用设备,2026-04-28
3316,300665,飞鹿股份,-0.0806,74260691.86,8.7988853184,-63.6249,-15269730.93,-12.63,79.2365,1.970074458248,-2.78,-0.287253800068,12.0527677642,化学制品,2026-04-28
3317,300664,鹏鹞环保,0.1783,270633546.76,-48.2342480671,-54.6531,134218480.18,37.97,365.3935,5.714243446696,3.14,-0.010659466277,38.8887007173,环境治理,2026-04-28
3318,300662,科锐国际,0.2936,3302520917.97,25.1253016605,0.9447,57783872.89,42.15,-17.5654,10.357654403738,2.89,-0.075609717519,5.5157783398,专业服务,2026-04-28
3319,300658,延江股份,0.0334,436300465.76,38.5853263738,1.0883,11105273.05,20.68,287.1743,4.008770771024,0.84,0.006157672986,14.2469446856,个护用品,2026-04-28
3320,300655,晶瑞电材,0.04,369945970.05,12.1749147418,-1.2662,43502632.69,582.15,124.1334,2.313474067842,1.72,0.057979289668,23.0462119424,电子化学品Ⅱ,2026-04-28
3321,300651,金陵体育,-0.01,51691649.12,-26.0858708946,-55.8651,-1693933.47,-159.82,-134.0181,6.096067135834,0.32,-0.318278426674,31.1374775888,文娱用品,2026-04-28
3322,300650,太龙股份,0.03,571187750.58,-22.2200876468,-9.1009,6427556.3,-13.04,-60.4213,5.736469028085,0.51,-0.06306204188,7.6206499204,其他电子Ⅱ,2026-04-28
3323,300644,南京聚隆,0.2999,594654632.66,32.4763197142,-23.2911,30527733.41,33.56,8.4627,8.457477220931,3.15,-0.583572049858,16.0889639356,塑料,2026-04-28
3324,300643,万通智控,0.16,268090638.9,-3.989136128,-4.813,36934826.12,36.36,-5.0673,5.16669798158,3.16,0.205648370478,33.722322115,汽车零部件,2026-04-28
3325,300641,正丹股份,0.7328,853160085.29,64.6661082114,-3.5399,388521351.01,558.59,6.4371,5.986121536675,12.98,0.788063683217,55.5057663087,化学制品,2026-04-28
3326,300629,新劲刚,-0.07,46920751.74,-64.1241592592,-38.9774,-18628271.2,-144.93,-346.7466,6.743534096887,-1.09,-0.05603733668,56.7498149168,军工电子Ⅱ,2026-04-28
3327,300624,万兴科技,-0.17,379582355.04,6.0594522067,-1.886,-32814240.34,-227.93,79.226,5.673075859402,-2.95,-0.297720293834,92.2629461328,软件开发,2026-04-28
3328,300622,博士眼镜,0.13,326159936.89,10.2162315272,13.4275,30177843.86,20.54,49.8105,4.509714463048,3.89,0.547793441033,58.0807557256,专业连锁Ⅱ,2026-04-28
3329,300612,宣亚国际,-0.02,111788686.77,-25.5103503836,-56.0314,-4029449.83,79.77,68.1601,2.695326445676,-0.78,0.060480937643,31.8926524947,广告营销,2026-04-28
3330,300611,美力科技,0.16,416228029.6,37.7648565736,-12.9796,33987475.18,110.9,16.7066,5.345316075476,3.08,0.121791305428,24.5959261966,汽车零部件,2026-04-28
3331,300608,思特奇,-0.2,47340586.58,-45.8874793192,-91.3749,-66176327.49,-47.09,-163.8118,4.359187465386,-4.4,-0.117475184906,-5.0966747231,软件开发,2026-04-28
3332,300602,飞荣达,0.1,1181287129.43,14.7387912582,-26.5281,57763731.39,85.57,-32.16,6.439616896593,1.48,-0.098989612427,17.5225572939,消费电子,2026-04-28
3333,300596,利安隆,0.4699,1481072523.29,9.3636384321,4.1693,107901126.79,0.71,-3.9756,19.90508042079,2.39,-0.602747897243,21.5223333664,化学制品,2026-04-28
3334,300587,天铁科技,0.01,358296480.12,-39.9157777234,-0.156,10259754.04,-45.6,214.5186,2.099001976387,0.42,0.025539606184,24.8924185664,橡胶,2026-04-28
3335,300585,奥联电子,-0.0107,104257080.12,2.4079656601,-13.1844,-1826959.18,-388.53,69.8336,4.126394498894,-0.26,-0.106849314946,18.0845106043,汽车零部件,2026-04-28
3336,300583,赛托生物,-0.15,259850364.44,6.3237002644,26.4065,-27508507.98,-995.83,73.4171,9.549777173241,-1.51,-0.054143909594,8.9422756478,化学制药,2026-04-28
3337,300577,开润股份,0.36,1233563968.85,35.5702591566,1.492,85357750.8,20.12,41.1791,8.930379407974,3.93,0.028161538443,24.707462403,服装家纺,2026-04-28
3338,300576,容大感光,0.0956,242053282.06,18.1867734387,-7.7877,34614547.43,-4.49,102.3108,5.376279164352,2.25,-0.079695309938,38.1880487277,电子化学品Ⅱ,2026-04-28
3339,300573,兴齐眼药,0.59,536140697.03,53.2372328758,6.3571,145895323.8,319.86,208.4538,9.947331395552,8.75,1.087718966804,80.155368962,化学制药,2026-04-28
3340,300568,星源材质,0.03,889326970.34,24.4398254447,-4.9638,46708487.39,-56.39,223.1684,7.368628672224,0.35,0.148785008046,25.5257403543,电池,2026-04-28
3341,300567,精测电子,0.14,689402031.49,64.9237631607,-6.1316,37596630.83,336.06,120.9056,12.707685382367,1.08,-1.028414547815,41.7474101197,通用设备,2026-04-28
3342,300564,筑博设计,-0.17,57937476.32,-13.3562766266,-49.9739,-27684393.08,48.25,-193.0123,7.830884450269,-2.15,-0.129621287708,-12.644687455,工程咨询服务Ⅱ,2026-04-28
3343,300551,古鳌科技,-0.15,24727729.71,-64.7598872031,-69.3659,-50488242.2,-21.64,68.7445,1.582426081243,-8.93,-0.089506884278,15.4488403295,计算机设备,2026-04-28
3344,300538,同益股份,0.0179,724455361.75,30.1800388283,-8.6122,3230388.67,-6.29,103.1741,5.277126000928,0.34,-0.055209394095,5.7081500688,塑料,2026-04-28
3345,300535,达威股份,0.0534,160113727.19,-3.0749365685,-25.0291,5591852.02,-29.7,113.4329,8.81997669107,0.61,0.10969563755,38.239128621,化学制品,2026-04-28
3346,300531,优博讯,0.0647,352841921.23,11.0307526121,23.4207,21201818.72,1046.17,112.6256,4.13939282713,1.57,-0.222676988438,27.4066276827,计算机设备,2026-04-28
3347,300529,健帆生物,0.23,547835977.14,-26.3994362462,13.7461,188783596.97,-33.71,560.9765,4.273666555508,5.5,0.336904597594,80.7354839635,医疗器械,2026-04-28
3348,300520,科大国创,-0.09,242627353.24,-21.1851232755,-71.8433,-27389927.64,-565.4,-169.7699,6.314991540091,-1.48,-0.103272539031,42.6365543532,软件开发,2026-04-28
3349,300518,新迅达,-0.05,50480890.17,16.3542342084,-17.0204,-10383622.39,83.38,95.5296,3.856990088379,-1.34,-0.070160849639,12.49486239,互联网电商,2026-04-28
3350,300511,雪榕生物,0.01,440692931.37,-27.0358429354,-15.4783,7242399.82,38.2,101.5978,2.063062180824,0.77,0.156207528228,15.0065077296,种植业,2026-04-28
3351,300510,金冠股份,-0.0067,269179949.09,44.8353616857,15.5281,-5559088.83,54.42,98.2428,2.766642922104,-0.24,0.190563710273,17.3976051665,电网设备,2026-04-28
3352,300506,名家汇,-0.02,26057750.14,5.1183801557,61.4894,-16640094.1,-247.87,82.7953,0.11472168111,-18.88,-0.076095832296,34.7185009504,装修装饰Ⅱ,2026-04-28
3353,300497,富祥股份,0.004,233698855.18,-31.351982044,16.2848,2238811.99,52.46,101.066,3.968917083427,0.1,0.066634785195,15.1269138793,化学制药,2026-04-28
3354,300493,润欣科技,0.03,585762582.39,5.9334038626,-13.0369,12699152.77,4.42,1762.3293,2.184772722442,1.15,0.043458872843,10.4670768351,其他电子Ⅱ,2026-04-28
3355,300488,恒锋工具,0.17,148594192.41,19.1028303007,-12.8492,28291717.0,8.26,-13.2605,9.122650287036,1.85,0.047429779359,42.4614285099,通用设备,2026-04-28
3356,300454,深信服,-0.59,1261856703.33,21.9090943123,-56.2794,-249624825.26,48.93,-132.1462,21.092984408036,-2.75,-1.969980322569,60.3819910644,软件开发,2026-04-28
3357,300449,汉邦高科,-0.0217,52230215.27,120.1537413859,-23.2336,-8426862.09,-554.32,76.9805,0.918402269985,-2.34,-0.203378696877,2.9143605328,计算机设备,2026-04-28
3358,300446,航天智造,0.22,2154952491.0,13.6649575703,-5.6595,186005105.5,11.3,-27.2932,6.430343749248,3.48,0.073017792438,17.6972168205,汽车零部件,2026-04-28
3359,300441,鲍斯股份,0.07,341109312.95,-39.6407156832,-38.2635,46580586.92,-24.33,-63.9642,3.955290764845,1.84,0.080727530207,27.6237104156,通用设备,2026-04-28
3360,300427,红相股份,0.0304,113780789.05,75.1513138764,-40.076,15480562.12,147.21,105.1437,2.420784386133,1.27,-0.071571059057,44.5163774684,电网设备,2026-04-28
3361,300424,航新科技,0.0351,395973603.59,-4.1089839199,21.6248,8625218.22,-38.63,107.5397,2.994297601574,1.14,0.00869684365,27.9003046714,航空装备Ⅱ,2026-04-28
3362,300423,昇辉科技,-0.03,167501334.01,-37.2369651864,-58.0638,-12870241.08,-351.58,90.5539,2.669557183275,-0.97,-0.121510331956,13.9975324725,电网设备,2026-04-28
3363,300420,五洋自控,0.0065,203975979.39,-7.9090949605,-38.3699,7270080.11,36.65,109.6981,2.06776605435,0.31,0.042507522493,27.0725406664,通用设备,2026-04-28
3364,300419,ST浩丰,-0.0137,45435078.37,-20.5843112511,-70.0874,-5032449.21,-40.85,44.8375,1.20151993452,-1.13,-0.256398264632,41.0641928425,IT服务Ⅱ,2026-04-28
3365,300411,金盾股份,0.0257,65843060.84,-19.6378992023,-69.3062,10442797.37,21.55,228.2299,2.367782078509,1.09,0.025474893712,23.5011483102,专用设备,2026-04-28
3366,300393,中来股份,-0.12,1629842836.32,26.5075089211,5.0076,-133422659.63,22.64,75.8596,2.967015948759,-4.04,-0.688583476563,1.5899590484,光伏设备,2026-04-28
3367,300389,艾比森,0.0986,825785186.61,-4.4726520244,-12.5816,36410011.5,-48.69,4595.1704,4.185602305511,2.38,0.04549281208,30.8063271738,光学光电子,2026-04-28
3368,300384,三联虹普,0.2517,260038432.08,-16.1614650517,92.3779,80294991.23,1.66,39.4824,8.385131416772,3.05,-0.17457083794,45.9349488322,专业工程,2026-04-28
3369,300365,恒华科技,0.0067,240900292.75,114.4141383698,-62.5111,4015169.96,78.56,102.4039,3.119698469799,0.22,-0.354221315418,17.4548490622,软件开发,2026-04-28
3370,300360,炬华科技,0.34,432973958.46,-7.402362969,-10.2914,174849197.82,56.05,42.1806,8.019113915213,4.33,-0.018264384453,42.5209407662,电网设备,2026-04-28
3371,300353,东土科技,-0.0811,140157569.14,3.0813061029,-69.6318,-49883352.67,44.03,-126.4059,3.436548894441,-2.33,-0.195959184133,39.5034591565,通信设备,2026-04-28
3372,300345,华民股份,-0.0572,240382379.95,4.0881678978,-11.8066,-33058911.55,29.8,69.9704,0.976586751886,-5.72,-0.15390045363,0.8024630343,光伏设备,2026-04-28
3373,300338,*ST开元,-0.0442,34060651.48,-10.2068095107,10.097,-17813774.36,-158.37,83.0688,0.021050129335,-117.49,-0.249740538367,47.3203222183,教育,2026-04-28
3374,300329,海伦钢琴,-0.0383,27758267.02,-39.9567318892,-28.7145,-9684815.32,-154.56,88.3754,2.79959231058,-1.36,-0.085052527676,13.1514313461,文娱用品,2026-04-28
3375,300320,海达股份,0.0876,842283529.66,27.2054132026,-11.7814,52648369.43,30.3,16.51,3.953659071927,2.24,0.241849968226,17.5035237362,橡胶,2026-04-28
3376,300318,博晖创新,-0.005,201657154.39,-23.0467108785,-1.9304,-4054437.18,-120.41,71.9838,1.683094391294,-0.29,-0.036103186974,38.3722454401,生物制品,2026-04-28
3377,300317,珈伟新能,0.003,205182910.77,67.5499647512,37.2144,2512218.07,111.4,101.2457,1.930748251043,0.16,-0.106287619266,25.8616349534,电力,2026-04-28
3378,300316,晶盛机电,0.44,3137803861.66,-30.4184813319,1.2632,572898649.5,-46.44,227.2603,13.131458088248,3.39,0.301657549912,27.5669446946,光伏设备,2026-04-28
3379,300315,掌趣科技,0.01,162047473.55,-36.6189067955,-3.6123,27861064.09,-50.04,132.7505,1.798049154708,0.57,-0.018255708817,75.7413326362,游戏Ⅱ,2026-04-28
3380,300311,任子行,-0.0554,50874833.52,108.459853424,-77.245,-37328187.39,46.62,-176.0153,0.915798952719,-5.88,-0.007992190834,47.3613762304,软件开发,2026-04-28
3381,300302,同有科技,-0.0549,47519457.15,-49.2959189878,-22.059,-26318930.21,-1008.38,91.5646,2.166541873626,-2.5,-0.043551964507,41.8621318573,计算机设备,2026-04-28
3382,300300,海峡创新,-0.02,31703625.43,38.5978786467,-60.9161,-10542650.76,62.81,-118.2658,0.236315841263,-6.47,-0.051623492059,0.4923143895,IT服务Ⅱ,2026-04-28
3383,300298,三诺生物,0.1302,1041603772.08,2.7647984994,-17.4035,72115093.5,-10.9,1.6438,5.860192304109,2.13,0.349265839464,48.6927925815,医疗器械,2026-04-28
3384,300293,蓝英装备,-0.0148,257512063.78,-8.1388947064,-34.5464,-5003623.81,-687.55,74.0371,2.615057577825,-0.59,0.023807923036,29.2357084926,专用设备,2026-04-28
3385,300289,利德曼,-0.0023,78908717.94,-16.6082369984,-10.744,-1251725.54,53.73,98.3567,3.052966592689,-0.08,0.019659449066,53.5641180258,医疗器械,2026-04-28
3386,300288,朗玛信息,0.0192,72986749.97,-8.1461309981,-9.7179,6495378.69,2.77,101.1744,3.214601564327,0.6,0.065268069788,35.1054570734,IT服务Ⅱ,2026-04-28
3387,300287,飞利信,-0.0192,115544583.98,-27.1447297111,-24.6555,-27527753.27,-1.44,66.906,0.799966273857,-2.37,-0.024199902511,12.2780911847,IT服务Ⅱ,2026-04-28
3388,300285,国瓷材料,0.14,974930993.3,17.9355415334,-9.7618,135758696.86,1.8,10.7516,6.872070945692,2.0,0.091836890381,36.7740080338,电子化学品Ⅱ,2026-04-28
3389,300284,苏交科,0.0341,809157243.49,-8.9973168042,-55.4057,43111646.83,-19.06,-41.8896,6.70116966847,0.51,-0.377469292547,29.0676026956,工程咨询服务Ⅱ,2026-04-28
3390,300281,金明精机,0.005,93110780.12,-14.5038517594,-11.7546,2269539.54,-49.66,131.4611,3.018879837082,0.18,-0.063534459698,16.416246798,专用设备,2026-04-28
3391,300276,三丰智能,0.0042,289411049.88,-31.8806702065,-33.5675,5814447.74,-44.94,-45.7364,1.392595794908,0.3,0.000307815851,14.7642911035,自动化设备,2026-04-28
3392,300274,阳光电源,1.85,19036447901.21,50.9201879614,-31.7959,3826160917.33,82.52,11.3316,19.670753790666,9.39,0.863520592399,35.1339804115,光伏设备,2026-04-28
3393,300271,华宇软件,-0.06,242194015.33,-0.2908864111,-64.7412,-45406010.97,47.79,81.9263,4.619352962697,-1.2,-0.282672557733,33.7076071879,IT服务Ⅱ,2026-04-28
3394,300269,联建光电,-0.0081,105418398.91,-26.4771586039,-46.1845,-4472673.64,-96.66,-133.806,0.157385404256,-5.13,-0.01512550031,28.5614142895,光学光电子,2026-04-28
3395,300260,新莱应材,0.125,672778848.93,-2.3274459524,-2.1446,50987673.8,-25.56,80.0947,4.898014177117,2.57,0.2817891474,23.8154507881,通用设备,2026-04-28
3396,300257,开山股份,0.09,1096291598.5,6.0286512525,-2.5549,88314165.73,7.94,-11.8309,6.611202334397,1.35,0.024184142582,35.0511520572,通用设备,2026-04-28
3397,300254,仟源医药,0.043,181736278.48,-4.0936424373,-23.573,10390380.78,-43.17,629.2745,1.047041498625,3.66,0.020769872972,69.5091611683,化学制药,2026-04-28
3398,300252,金信诺,0.0,563120733.34,20.8773390221,3.0755,3199169.97,114.53,-53.9093,3.273624054648,0.15,-0.16740685487,18.9433095612,军工电子Ⅱ,2026-04-28
3399,300247,融捷健康,0.0385,251599497.82,42.6838567296,18.1261,30984169.91,48.78,197.4273,1.363533190045,2.87,0.086779085031,34.0199723376,其他家电Ⅱ,2026-04-28
3400,300245,ST天玑,-0.02,66181105.1,9.115304949,-67.2224,-5633942.78,-270.73,87.0056,4.055188771927,-0.44,0.031176315986,40.3402494861,IT服务Ⅱ,2026-04-28
3401,300244,迪安诊断,-0.0344,2365125686.41,-20.4466459033,-19.5019,-21005565.65,-190.66,95.6968,10.470378002901,-0.32,-0.270755333588,26.3939188931,医疗服务,2026-04-28
3402,300235,方直科技,0.03,23512339.31,-21.5159108628,27.641,6545543.33,-33.01,582.0426,2.822297798102,0.93,0.027145742425,85.4145364917,软件开发,2026-04-28
3403,300230,永利股份,0.0414,508046514.14,19.5336914887,-15.9785,33629658.94,-4.11,-45.5968,3.896863583788,1.07,0.119421965137,31.2900161709,塑料,2026-04-28
3404,300226,上海钢联,0.1628,14295122033.59,-12.9723866644,16.8616,51873183.11,5.53,51.6159,6.401291508325,2.58,-1.774484386054,1.6316901289,软件开发,2026-04-28
3405,300225,金力泰,0.0118,165450900.49,4.5071966897,-21.2471,5633090.6,113.82,-44.6523,1.810742770344,0.66,-0.013281706803,28.3033936844,化学制品,2026-04-28
3406,300218,安利股份,0.2171,554846942.78,2.5857644541,-7.6834,46416759.48,12.47,5.6644,6.798549980414,3.2,-0.115927549531,26.8059059017,塑料,2026-04-28
3407,300217,东方电热,0.0302,683874954.38,-21.8956162238,-21.3605,44880028.63,-47.66,17.473,2.817627321885,1.28,-0.049188299298,22.3418431661,家电零部件Ⅱ,2026-04-28
3408,300204,舒泰神,0.0,63214002.99,-33.4473119531,-0.962,-2335039.14,38.05,98.2764,1.995572726211,-0.26,-0.031967462321,78.2324394926,化学制药,2026-04-28
3409,300198,*ST纳川,-0.0414,16581088.46,-65.2065937381,-37.1166,-42673461.83,-41.24,80.9528,0.081370936951,-40.4,0.000333671269,24.6028013169,装修建材,2026-04-28
3410,300195,长荣股份,0.0108,339679055.7,-0.7163394103,-32.3867,4584640.35,64.53,-50.2952,6.304416168653,0.17,0.03560930499,28.5302828873,专用设备,2026-04-28
3411,300187,永清环保,0.0425,172990834.08,60.7241277115,-31.1521,27430484.34,6.1,88.0814,1.731781864506,2.48,0.010598614268,29.2157509204,环境治理,2026-04-28
3412,300170,汉得信息,0.04,741574100.14,1.273622643,-15.9692,35259078.84,-30.1,-32.9675,5.252659968765,0.69,-0.099088986488,33.6623588597,IT服务Ⅱ,2026-04-28
3413,300169,天晟新材,-0.0614,104851090.48,-16.6903129398,-19.276,-20014292.56,-395.97,70.1367,0.100177396712,-46.81,-0.065802973419,20.8741324003,化学制品,2026-04-28
3414,300165,天瑞仪器,0.0064,128489419.49,-5.8452329864,-51.0069,3163218.13,137.31,103.4961,2.584225152493,0.25,0.040219788381,45.8389952992,通用设备,2026-04-28
3415,300163,先锋新材,0.0528,85155237.54,34.9035554217,24.1236,25028589.03,541.41,700.5137,1.073948549557,5.04,-0.071877024135,22.9680694635,化学制品,2026-04-28
3416,300154,瑞凌股份,0.1,225522100.37,-16.1617389722,18.2868,44217741.56,43.46,508.9963,4.043247491157,2.43,0.022310076755,25.9989577491,通用设备,2026-04-28
3417,300151,昌红科技,0.03,249088234.83,6.7047959222,-2.953,17737257.55,-28.94,-13.7036,2.95297751599,1.08,0.097351949578,24.217850145,专用设备,2026-04-28
3418,300142,沃森生物,0.0017,462257650.83,-22.9254015571,-32.0304,2646248.58,-81.27,102.3172,5.897519609048,0.03,-0.101087985949,71.4843536925,生物制品,2026-04-28
3419,300124,汇川技术,0.49,8977911730.21,38.283485728,-22.8936,1322825045.35,63.08,41.9849,10.971496930598,4.6,0.097412247283,30.9820571917,自动化设备,2026-04-28
3420,300122,智飞生物,-0.1366,2353627079.5,-79.3828346331,-27.8607,-326906306.41,-120.93,-122.21,12.75501797633,-1.07,0.13840868206,32.0176953377,生物制品,2026-04-28
3421,300119,瑞普生物,0.2549,821616475.9,20.0028386757,-37.9034,115984657.96,28.45,107.1682,9.801435860377,2.57,0.15784366355,41.2258293383,动物保健Ⅱ,2026-04-28
3422,300118,东方日升,-0.24,2990923963.11,-39.3697422147,-43.9486,-266810931.64,4.55,85.7803,9.841293001022,-2.35,-0.092929590366,5.4212498649,光伏设备,2026-04-28
3423,300096,ST易联众,-0.0611,59362343.01,21.486139146,-73.4013,-26262537.07,34.59,-206.2745,0.662443850581,-8.81,-0.157445209605,48.0113715781,IT服务Ⅱ,2026-04-28
3424,300088,长信科技,0.0324,2793420945.84,7.3077069279,15.3949,79702498.14,61.09,24.8304,3.470142101749,0.95,0.086747150433,9.6644272018,光学光电子,2026-04-28
3425,300082,奥克股份,-0.0048,943029457.43,24.5654482926,-26.1419,-3282409.2,95.81,87.2382,4.0409181893,-0.12,-0.893014241914,4.5746487631,化学原料,2026-04-28
3426,300078,思创智联,-0.02,409267469.05,105.7769782227,224.2942,-19559000.77,71.14,91.0226,0.496501643573,-3.45,0.02308475058,5.5447447858,IT服务Ⅱ,2026-04-28
3427,300070,碧水源,0.0166,1590633910.6,-12.6489689347,-58.1368,60041626.11,-34.29,-40.8629,7.541274423916,0.22,-0.006038629303,21.4914454591,环境治理,2026-04-28
3428,300067,安诺其,-0.0082,259655767.7,29.2536388402,13.6499,-9439480.42,-282.14,44.5388,2.195830992177,-0.37,0.01960367612,8.627540123,化学制品,2026-04-28
3429,300054,鼎龙股份,0.15,823874564.84,16.367305799,-9.6534,140992818.63,72.84,-2.3418,4.964497495808,3.73,0.257326426565,48.8198375317,电子化学品Ⅱ,2026-04-28
3430,300053,航宇微,0.0018,88588636.05,14.2422045276,1028.2418,1237932.83,-82.73,100.5316,2.547504876112,0.06,-0.060982751749,27.3375938832,半导体,2026-04-28
3431,300050,世纪鼎利,0.004,63048332.22,-11.8648901219,-16.0909,1975877.95,197.8,103.5979,0.727816266482,0.5,-0.031998005079,30.0165710394,通信服务,2026-04-28
3432,300049,福瑞医科,0.11,330402239.26,2.3539555513,-10.4975,28636734.93,-32.97,153.7995,6.690175548448,1.63,0.282793067514,76.7639269964,医疗器械,2026-04-28
3433,300047,天源迪科,0.0207,2169569829.34,42.5908576272,-15.0609,13211975.15,45.32,246.2592,5.145417089004,0.4,0.861665142253,8.0571123393,软件开发,2026-04-28
3434,300045,华力创通,-0.0262,137304928.23,-21.02641521,36.7407,-17371811.4,-1418.1,84.7842,2.384310747942,-0.27,-0.027354437823,30.8706839197,军工电子Ⅱ,2026-04-28
3435,300039,上海凯宝,0.0806,400639141.82,-15.7430073637,13.7915,84292812.22,-4.71,-46.8216,4.023520335105,2.56,0.08486492001,81.9508647579,中药Ⅱ,2026-04-28
3436,300037,新宙邦,0.31,2002426500.83,32.1387723727,-8.1346,229877499.61,39.3,-4.4503,12.890274176056,2.32,-0.379676855419,24.5508376351,电池,2026-04-28
3437,300036,超图软件,-0.09,234019539.0,-21.5306217738,-57.4014,-43540111.68,-995.82,77.9807,5.286429611952,-1.66,-0.355006880996,54.1801923471,软件开发,2026-04-28
3438,300021,大禹节水,0.0097,535408927.52,15.6760653271,-78.5439,8280893.47,-6.86,-83.8446,2.227410852961,0.4,-0.325502956196,22.8814866587,农业综合Ⅱ,2026-04-28
3439,300008,天海防务,0.0236,746586929.37,10.8620522456,-53.4766,40792365.16,32.32,-34.0921,1.239641450489,1.93,-0.242757376643,19.4834739342,航海装备Ⅱ,2026-04-28
3440,300004,南风股份,0.03,136313593.53,21.847728835,-31.749,16238442.39,44.38,-50.0646,3.672073412092,0.93,0.046179616566,30.3652946108,专用设备,2026-04-28
3441,300002,神州泰岳,0.1219,1323493991.38,-11.0664566689,-31.7374,238689489.29,-19.09,-28.5336,3.699008299483,3.35,0.062396429698,61.2972220957,游戏Ⅱ,2026-04-28
3442,300001,特锐德,0.06,2102222678.83,3.4640951198,-56.9604,64777315.42,5.17,-86.2189,7.172312130596,0.86,-0.632912582956,22.1248128718,电网设备,2026-04-28
3443,200869,张裕B,0.24,810921680.0,0.0115847047,-24.9131,159276876.0,0.21,96.0165,16.051694284767,1.49,0.031547919031,58.4013615224,非白酒,2026-04-28
3444,200761,本钢板B,-0.187,12337783878.17,-16.8706158073,11.171,-766311108.86,14.87,58.1612,2.479167020874,-6.66,-0.101509494508,-3.5023487635,普钢,2026-04-28
3445,200706,瓦轴B,-0.0193,670576656.24,27.2953319379,56.6618,-7775309.04,69.62,87.4413,0.629466363214,-3.02,0.067176743467,10.1140964585,通用设备,2026-04-28
3446,200625,长安B,0.14,34160587096.72,-7.7320011406,-29.9607,1352699415.8,16.81,-63.8462,7.883080797226,1.75,-0.353104898119,13.8645831729,乘用车,2026-04-28
3447,200570,苏常柴B,0.062,897763657.72,7.32643603,96.0602,43720636.95,35.01,256.8873,4.809446466774,1.29,-0.020928656353,13.5201960902,汽车零部件,2026-04-28
3448,200541,粤照明B,0.0422,2145097615.85,-14.783860122,-0.7342,64757120.39,-22.65,-66.8357,4.336139400394,0.98,-0.074848511963,19.5944329346,照明设备Ⅱ,2026-04-28
3449,200468,宁通信B,-0.02,137018953.06,-6.1692295066,-55.1346,-4768833.34,12.87,-114.8121,0.044568277581,-39.85,-0.502319210558,21.3665312763,通信设备,2026-04-28
3450,200058,深赛格B,0.0196,371112490.63,-10.3941800037,-23.477,24189160.84,-7.98,4148.7604,1.647323421799,1.16,-0.02743357169,27.0435213538,一般零售,2026-04-28
3451,200055,方大B,0.0308,754337708.14,-17.6106471183,-38.0507,33026526.97,-35.83,774.3569,5.736332251337,0.54,-0.285066859119,21.6828060463,装修建材,2026-04-28
3452,200025,特力B,0.0794,328499155.4,-56.6805257274,-39.868,34228060.15,-2.89,19.9065,4.085555499103,1.96,0.202611538527,20.1341779188,综合Ⅱ,2026-04-28
3453,200019,深粮B,0.0792,1226680291.18,14.3264659232,-22.0151,91323433.84,42.97,13.0979,4.347753981606,1.84,0.348061353358,17.5730942944,农产品加工,2026-04-28
3454,200012,南玻B,0.005,3068825224.0,-22.253512919,-15.1908,15869985.0,-95.12,103.0538,4.412503157224,0.12,0.022550593347,13.3405209198,玻璃玻纤,2026-04-28
3455,003033,征和工业,0.66,395091613.48,6.3205279565,-23.2032,53838523.71,100.09,62.1662,16.027917492599,4.19,0.059820021896,22.4154317982,摩托车及其他,2026-04-28
3456,003032,传智教育,-0.0133,72386921.74,42.1445458655,11.5183,-5363191.76,66.49,94.2148,3.116136952124,-0.43,0.017201394791,50.045056965,教育,2026-04-28
3457,003030,祖名股份,-0.05,444646396.49,16.7077948383,-3.1086,-5913908.68,-160.93,54.783,7.994540617246,-0.59,0.25501674411,23.9831446407,农产品加工,2026-04-28
3458,003028,振邦智能,0.27,294057450.14,13.9282876781,-13.8787,29833097.16,-24.92,-56.9539,15.957510044173,1.69,-0.184949828188,20.5295541437,家电零部件Ⅱ,2026-04-28
3459,003021,兆威机电,0.23,367530437.85,17.6599931356,-21.3233,54709914.92,-1.19,-17.0177,13.710145790507,1.68,0.029539426736,31.6883857379,电机Ⅱ,2026-04-28
3460,003020,立方制药,0.2,360228684.63,7.976311503,-8.4252,38250279.27,25.94,-8.091,9.285591290883,2.18,0.188545012222,63.1398206402,化学制药,2026-04-28
3461,003017,大洋生物,0.36,248970295.2,27.7794800953,4.5381,29343179.68,73.44,135.1112,12.852907143095,2.76,0.507273457143,23.1567113754,化学原料,2026-04-28
3462,003016,欣贺股份,0.0148,347434227.33,-4.7286853845,-10.3017,6191714.56,9.84,116.2412,6.211042874986,0.23,0.132403080501,69.477400668,服装家纺,2026-04-28
3463,003015,日久光电,0.11,138593686.77,16.4540223951,-0.7201,28051523.92,346.48,151.666,3.556146640647,2.85,0.119207352788,34.8334314319,光学光电子,2026-04-28
3464,003013,地铁设计,0.12,654442700.18,6.9485635773,-30.5163,55309891.07,-47.0,-71.771,6.888512036672,1.92,-1.472260595921,32.7858191116,工程咨询服务Ⅱ,2026-04-28
3465,002996,顺博合金,0.17,3475602684.93,19.822301564,-14.8782,117005062.32,125.5,217.4507,4.730179333053,3.62,0.101747366736,3.8681648982,工业金属,2026-04-28
3466,002987,京北方,0.05,1157106728.57,3.7394576132,-3.5596,46732335.5,-3.71,-45.7049,4.618386283241,1.65,-0.806124256766,20.4120511616,软件开发,2026-04-28
3467,002986,宇新股份,0.0928,1865300650.12,2.6280873938,-7.1931,35031156.41,-52.06,-21.4359,10.69461539173,0.86,-0.243977365047,16.9995136028,炼化及贸易,2026-04-28
3468,002980,华盛昌,0.22,192896586.18,26.4667684305,-21.8026,29159450.21,6.25,2.1601,8.353572581771,2.63,0.56702938588,43.3197511655,电网设备,2026-04-28
3469,002970,锐明技术,0.57,514711729.12,2.5294679185,-40.1092,100727795.46,89.6,44.4676,10.238690916888,5.76,0.795508189225,47.7081515375,计算机设备,2026-04-28
3470,002961,瑞达期货,0.18,191157708.79,36.86,170.8787,81057130.61,12.01,-27.1123,6.430725658114,2.77,3.003595866692,,多元金融,2026-04-28
3471,002960,青鸟智控,0.0803,883162255.62,-3.6410356243,-37.0055,68945370.79,-12.37,289.2488,8.409422180128,1.12,-0.36626825758,37.6312435371,专用设备,2026-04-28
3472,002951,金时科技,-0.06,39517563.81,560.6511365081,-87.4108,-25292265.84,-315.31,-161.0052,4.769921006123,-1.31,-0.134925962988,10.8330159738,其他电源设备Ⅱ,2026-04-28
3473,002950,奥美医疗,0.1366,758656819.43,1.6403342721,-13.4167,86502742.68,-7.86,-16.4336,5.549872473454,2.51,0.295912329173,30.5158047474,医疗器械,2026-04-28
3474,002947,恒铭达,0.42,648784877.86,52.5946895633,-17.5771,108204666.47,53.69,-25.9105,12.756541770434,3.37,1.153752337433,30.1158050885,消费电子,2026-04-28
3475,002946,新乳业,0.15,2624837114.64,0.4224688591,4.3349,133238800.55,48.46,108.2703,3.685970476768,4.21,0.187530121884,29.4965963439,饮料乳品,2026-04-28
3476,002941,新疆交建,-0.01,434636495.99,9.1800115643,-83.9647,-7406424.88,43.64,-105.3541,5.343204582061,-0.21,-0.970332626913,14.7071203683,基础建设,2026-04-28
3477,002931,锋龙股份,0.04,120540813.44,18.4769946642,-12.5796,8072833.68,309.53,136.9264,4.337792040594,0.97,-0.022621121147,21.9629313877,通用设备,2026-04-28
3478,002923,润都股份,0.01,254703072.24,-16.7892559019,-16.5935,1868170.85,-93.57,-30.8767,3.445798782183,0.16,0.071416524427,42.89236635,化学制药,2026-04-28
3479,002921,联诚精密,-0.06,260677145.45,-0.1790937362,-1.1383,-7798736.49,-19.04,42.2131,7.934366836149,-0.72,0.181202831535,11.8040267039,汽车零部件,2026-04-28
3480,002920,德赛西威,1.05,6791962528.76,20.2600034462,-21.4193,582248536.62,51.32,-2.6451,18.426631209138,5.86,1.092904171875,20.520414711,汽车零部件,2026-04-28
3481,002919,名臣健康,0.0477,361419226.73,-0.1005715862,-8.6285,12713011.49,-71.62,125.3963,3.136848571164,1.53,-0.1982770833,56.3038639674,游戏Ⅱ,2026-04-28
3482,002918,蒙娜丽莎,-0.15,686252768.61,-16.1189342954,-35.1774,-59281371.77,-715.27,-281.0674,7.75269024631,-1.79,-0.273649259835,21.5385665867,家居用品,2026-04-28
3483,002912,中新赛克,-0.23,83587850.66,-1.5407623717,-71.7711,-39579836.07,-3.73,-137.0305,9.613836628326,-2.38,-0.267860065007,67.6350167562,计算机设备,2026-04-28
3484,002900,哈三联,-0.09,205027782.58,-16.9320763185,-30.251,-28845105.91,-253.52,-259.4327,6.739866813831,-1.37,0.272809017487,43.5429268446,化学制药,2026-04-28
3485,002896,中大力德,0.09,230507649.66,3.4703640501,-1.8297,17398218.26,6.22,11.4339,7.881188167978,1.47,0.001900602221,27.1584559178,通用设备,2026-04-28
3486,002879,长缆科技,0.01,269046553.5,35.9710586603,-41.8035,2457290.03,-84.88,-87.1099,8.931633606521,0.14,-0.160092765517,29.3995830056,电网设备,2026-04-28
3487,002876,三利谱,0.17,805164178.12,48.4272221341,12.3965,29632785.24,-3.62,784.0107,13.750451514798,1.25,-1.130743793603,17.7163853828,光学光电子,2026-04-28
3488,002870,香山股份,0.17,1442596348.75,-2.8826709418,-3.8448,22637660.89,-49.08,-24.6095,12.424153725143,1.39,0.876631332671,22.7067858181,汽车零部件,2026-04-28
3489,002869,金溢科技,-0.0408,83886486.47,20.0716445281,-65.6173,-6990508.68,-755.32,-114.666,12.204994926523,-0.32,-0.408267376979,24.4003699897,计算机设备,2026-04-28
3490,002864,盘龙药业,0.3,250212341.68,19.0832307011,-2.6188,31249274.14,0.33,1.7895,15.633481818098,1.89,0.24430270596,53.9098781436,中药Ⅱ,2026-04-28
3491,002860,星帅尔,0.21,503051977.96,8.3728886285,-10.5547,64299470.61,21.73,4165.0886,6.183132631629,3.46,-0.04995562013,20.3213137964,家电零部件Ⅱ,2026-04-28
3492,002859,洁美科技,0.08,414103289.51,13.9954926922,-12.8993,33727204.54,-36.73,34.8619,6.670844791069,1.14,0.112836154415,32.2253582259,其他电子Ⅱ,2026-04-28
3493,002852,道道全,0.3,1485994446.52,-2.1071745968,-14.5678,102749432.54,38.63,57.0024,6.452275557453,4.73,2.894983293359,13.5539089478,农产品加工,2026-04-28
3494,002850,科达利,1.42,3021730958.6,20.4592098723,-12.0952,387310638.95,25.51,-14.9158,44.269262368885,3.25,2.481413157284,22.2014684272,电池,2026-04-28
3495,002849,威星智能,0.12,365361938.71,13.0145827962,14.4303,27089639.67,0.22,183.0687,6.040524509648,2.05,-0.209920105339,32.3427320775,通用设备,2026-04-28
3496,002838,道恩股份,0.1,1285973557.28,6.5805697013,-16.0584,44284362.68,25.44,3.6684,6.947249669359,1.36,-0.276425236891,13.4303543368,塑料,2026-04-28
3497,002833,弘亚数控,0.31,653990166.17,-5.2872775049,23.7317,132178608.66,-6.59,113.276,6.679926364765,4.56,0.329039482782,30.9297744375,专用设备,2026-04-28
3498,002831,裕同科技,0.26,3699005591.71,6.4215175514,-24.4841,241089430.01,10.26,-18.1437,12.591771998865,2.08,1.138854629665,22.1265130697,包装印刷,2026-04-28
3499,002830,名雕股份,0.02,117732243.12,-10.2702029122,-48.1245,2918178.43,-20.8,-88.1285,5.048381235563,0.43,0.070333836808,30.7519834928,装修装饰Ⅱ,2026-04-28
3500,002829,星网宇达,-0.06,87846895.78,94.9053612385,-54.0441,-11748268.82,5.57,94.2417,8.032369396785,-0.7,-0.297475476012,28.7055625997,航天装备Ⅱ,2026-04-28
3501,002827,高争民爆,0.0639,304096639.27,17.3148060776,-41.5364,17623939.07,94.26,-52.744,3.352678097717,1.88,0.341461601268,23.6546533867,化学制品,2026-04-28
3502,002826,易明医药,0.1,148531481.16,-7.4140580055,6.8259,18793851.93,-32.64,357.3373,3.990123788381,2.51,0.1618745539,79.8698009294,化学制药,2026-04-28
3503,002823,凯中精密,0.16,720104006.64,-3.2085799426,0.0065,49050011.28,75.51,-9.4616,6.047839160974,2.51,0.308039798489,18.2420319285,电机Ⅱ,2026-04-28
3504,002821,凯莱英,0.89,1541215508.36,10.101897183,-7.3994,326607817.72,15.83,36.8708,47.643361580264,1.92,1.246110882807,42.5369630985,医疗服务,2026-04-28
3505,002811,郑中设计,0.08,269720960.79,19.3825317564,-25.4421,24486184.27,-40.25,5616.8019,4.170583696593,2.17,-0.294972002312,34.7241903542,装修装饰Ⅱ,2026-04-28
3506,002803,吉宏股份,0.1562,1477490718.88,11.5543372123,-9.477,59159932.99,38.21,25.1855,5.861263781349,2.65,0.176614197597,45.6309789297,互联网电商,2026-04-28
3507,002792,通宇通讯,0.0214,250697062.09,6.0840491678,-28.5609,11181979.99,128.26,210.646,5.3416153455,0.4,-0.121882286375,26.3287211744,通信设备,2026-04-28
3508,002790,瑞尔特,0.0514,412196247.72,-21.2429953708,-36.4366,21483139.37,-63.31,-60.7337,5.147297033735,1.0,0.148718162175,24.6945300698,家居用品,2026-04-28
3509,002783,凯龙股份,0.07,763924420.4,13.1570301328,-31.5807,35994599.05,34.39,-0.5241,5.136352463248,1.41,0.104442077403,27.3134813416,化学制品,2026-04-28
3510,002782,可立克,0.1439,1125226279.98,18.3110047125,-19.9766,70021612.47,35.26,-10.0514,4.156709889549,3.48,0.238623881744,15.511344211,其他电子Ⅱ,2026-04-28
3511,002778,中晟高科,0.43,29717970.39,-72.9308750282,-75.7972,53513497.55,2332.76,139.7521,2.455549249839,19.14,0.384274852048,32.4916753173,环境治理,2026-04-28
3512,002777,久远银海,0.04,207737825.15,6.2502229541,-69.0557,14902163.22,17.18,-72.6301,4.130909070466,0.89,-0.186694504008,45.262662701,IT服务Ⅱ,2026-04-28
3513,002775,文科股份,0.0055,84882325.93,-21.6871197061,-56.0082,3299636.48,111.42,102.6594,0.150683619955,1.54,-0.383562291811,16.9022365408,基础建设,2026-04-28
3514,002774,快意电梯,0.0334,267127735.92,-23.6363874199,-42.4717,11229071.83,-61.48,-76.1744,3.797283362485,0.88,-0.074019047343,22.4658209651,专用设备,2026-04-28
3515,002766,索菱股份,0.0013,213298638.28,-31.7001105078,-41.6379,1068699.3,-88.95,-93.3214,0.944675981775,0.13,0.029751535767,25.2266149441,汽车零部件,2026-04-28
3516,002760,凤形股份,0.03,152604275.66,8.7419045027,0.6405,3047352.84,2.38,104.057,7.527672504289,0.38,-0.35459804667,17.8474688813,通用设备,2026-04-28
3517,002756,永兴材料,0.36,1788599066.91,-22.2421259421,-2.9493,191420721.41,-59.12,163.789,23.295700524432,1.54,-0.684167105904,16.8439659605,能源金属,2026-04-28
3518,002746,仙坛股份,0.06,1107937111.51,2.8064421128,-25.3064,48023852.11,583.83,-49.0073,5.375257504559,1.04,0.145478797679,8.1010547293,养殖业,2026-04-28
3519,002745,木林森,0.1,3886455531.69,-2.8196533034,-17.6701,142786635.39,-21.3,1216.1725,8.800151480387,1.11,0.176871433437,29.5291544515,光学光电子,2026-04-28
3520,002730,电光科技,0.06,272948880.37,8.2409992966,-26.3449,20633987.95,-7.61,-24.2402,4.497735977487,1.28,0.104285272023,40.353411771,专用设备,2026-04-28
3521,002729,好利科技,0.09,101370296.62,55.5892797969,0.7717,17330416.21,186.08,565.4798,2.910143493368,3.3,-0.053484042568,37.6108327106,其他电子Ⅱ,2026-04-28
3522,002728,特一药业,0.06,295133348.45,79.2905782137,27.1097,31567273.65,244.82,117.9277,3.509013358642,1.77,0.174396600873,64.7223764218,中药Ⅱ,2026-04-28
3523,002719,ST麦趣,0.004,148711753.97,-3.1215399459,-6.3313,702537.02,102.2,100.4895,1.297572614861,0.31,0.024093366387,27.9433630097,休闲食品,2026-04-28
3524,002716,湖南白银,0.0099,1890390795.75,19.0120547701,-35.4172,27983205.52,494.88,-39.5886,1.175085406103,0.85,-0.074416693294,6.2688894596,贵金属,2026-04-28
3525,002713,东易日盛,-0.02,166823876.33,-62.049915476,3.3195,-18892418.84,83.71,96.799,-2.684001841006,,-0.091969265618,36.7395716539,装修装饰Ⅱ,2026-04-28
3526,002709,天赐材料,0.08,3488655637.67,41.6393272613,-4.5637,149618189.51,30.8,2.743,6.765549565618,1.14,-0.063929690932,19.2072637412,电池,2026-04-28
3527,002702,海欣食品,0.0022,327293425.28,-28.6677782591,-42.0864,1230042.84,-88.17,109.43,1.935078698017,0.11,-0.016695518713,22.230680139,食品加工,2026-04-28
3528,002698,博实股份,0.1478,700025064.8,5.8149264579,0.2886,150060221.43,42.08,120.6761,3.835593787413,3.88,-0.039570805571,39.7785422154,自动化设备,2026-04-28
3529,002697,红旗连锁,0.12,2479371367.44,-7.1739391144,5.2301,156596852.25,-4.15,19.3962,3.396811289199,3.45,-0.010407812926,29.2065876125,一般零售,2026-04-28
3530,002696,百洋股份,0.0132,690923624.97,36.3074909283,-27.3005,4559884.23,221.31,-70.2567,3.860595478499,0.34,-0.22468995583,11.7894193101,饲料,2026-04-28
3531,002675,东诚药业,0.03,686928164.92,6.1337028989,-2.7709,24731523.19,-61.55,45.8432,5.451671008328,0.55,0.138293820364,45.3354663302,化学制药,2026-04-28
3532,002674,兴业科技,0.0642,627000384.83,5.043302804,-33.1018,18937767.43,-45.31,-40.6617,8.23969881664,0.78,0.284252801767,20.7347433838,纺织制造,2026-04-28
3533,002672,东江环保,-0.13,695899414.83,-11.9212920752,-31.733,-146335432.14,6.12,67.4741,3.125815777586,-4.15,0.001068408451,1.2543957063,环境治理,2026-04-28
3534,002669,康达新材,0.021,877010301.56,63.7411063456,-4.9005,6371842.98,125.7,103.7548,8.980111723138,0.24,-0.803518493276,15.8591439385,化学制品,2026-04-28
3535,002658,雪迪龙,0.02,253865913.7,9.6549722261,-56.591,10069894.17,257.2,-89.1344,4.079457664687,0.39,-0.045501845313,39.3992246939,环保设备Ⅱ,2026-04-28
3536,002646,天佑德酒,0.1419,431664515.93,-17.9553635516,61.1011,67502916.52,-37.69,540.8207,5.982012622042,2.37,0.207398880987,60.5257473358,白酒Ⅱ,2026-04-28
3537,002639,雪人集团,0.0129,402144547.57,17.3701452015,-58.6238,9960424.04,13.59,312.4093,3.211003296007,0.4,-0.047691583158,22.8720463017,通用设备,2026-04-28
3538,002635,安洁科技,0.05,1086368262.73,-6.5935666319,-9.6615,31210942.46,-70.41,-22.9579,8.867244437609,0.38,0.30083729676,19.8333611237,消费电子,2026-04-28
3539,002627,三峡旅游,0.023,140554361.86,7.5558983374,-23.9847,16648834.31,75.73,194.5069,4.276206196423,0.54,0.022359754648,23.8897308455,旅游及景区,2026-04-28
3540,002625,光启技术,0.07,372361346.77,15.9635338809,29.0478,150522743.41,10.82,30.9831,4.216478295732,1.67,0.151301284491,53.8446032111,航空装备Ⅱ,2026-04-28
3541,002624,完美世界,0.16,2023057481.26,52.2168373589,35.0759,302192411.28,1115.29,133.6236,3.649857685136,4.37,0.103003693368,52.2938103331,游戏Ⅱ,2026-04-28
3542,002603,以岭药业,0.1951,2358232707.77,-6.5170004576,1501.0436,325953296.25,7.25,125.4792,6.314330632949,3.14,0.203564980574,53.8222232237,中药Ⅱ,2026-04-28
3543,002601,龙佰集团,0.29,7059577667.39,-3.2117082301,6.0976,686117748.26,-27.86,273.67,9.934751579992,2.94,0.091278050614,22.8180868185,化学原料,2026-04-28
3544,002593,日上集团,0.02,724487685.31,-1.3617707281,-15.8896,14256242.65,-25.46,-31.9509,3.000952990568,0.59,0.148313839383,11.0643857495,专业工程,2026-04-28
3545,002590,万安科技,0.06,938799348.23,15.1472491167,-28.0416,30391582.64,46.69,-52.2668,5.639291528436,1.04,0.111669254822,14.2601469678,汽车零部件,2026-04-28
3546,002585,双星新材,-0.038,1382346150.17,0.0668590696,-12.2292,-42769873.19,51.09,74.8789,7.70351814381,-0.48,-0.055331008965,3.8581450372,塑料,2026-04-28
3547,002579,中京电子,0.011,742914653.2,12.1926409697,-13.3603,6760643.31,113.93,8.5339,3.935150877964,0.28,0.067660143729,14.7898959075,元件,2026-04-28
3548,002577,雷柏科技,0.03,99006383.23,2.5315845731,-9.2058,7981739.79,20.84,209.8573,4.20660775654,0.67,0.011990321444,29.726013687,计算机设备,2026-04-28
3549,002576,通达动力,0.1151,445062289.45,15.7593674445,7.2496,18995067.77,42.67,-14.8408,7.730193761417,1.5,-0.040729121623,11.3782149624,电机Ⅱ,2026-04-28
3550,002575,群兴玩具,-0.03,72820416.36,182.8311078371,-47.9983,-15049622.68,-397.87,-86.2487,1.281496113673,-1.82,0.050804847881,-13.9727927669,综合Ⅱ,2026-04-28
3551,002574,明牌珠宝,-0.07,974447586.43,-28.1433668598,130.3639,-38020929.41,-285.21,-468.2541,5.799928544489,-1.18,0.099200622216,12.3503684996,饰品,2026-04-28
3552,002571,德力股份,-0.0721,372130132.83,1.5648581664,-28.9386,-28256574.95,-599.96,79.8753,2.657014746446,-2.68,-0.047910475323,15.2306293954,家居用品,2026-04-28
3553,002570,贝因美,0.04,727744363.89,1.0117220207,5.9818,42796120.16,93.87,37.4236,1.494055108269,2.7,0.154087891842,45.5088134396,饮料乳品,2026-04-28
3554,002565,顺灏股份,0.0126,325125420.25,-11.0336216193,-15.8952,13327913.29,-31.89,225.4285,1.798240417441,0.7,0.014442624467,26.9670119588,包装印刷,2026-04-28
3555,002560,通达股份,0.03,1473642341.1,39.3546165981,-22.1237,15966902.45,9.86,134.3342,4.863189869767,0.63,-0.394100471704,7.8218434443,电网设备,2026-04-28
3556,002558,巨人网络,0.19,723814403.15,3.9362578851,2.7511,347867744.96,-1.29,-1.7592,6.725048965058,2.69,0.112453110113,91.2713833608,游戏Ⅱ,2026-04-28
3557,002556,辉隆股份,0.09,3663742615.58,-3.5131642075,17.9772,81859779.3,-25.92,666.9609,3.926366799047,2.23,-0.235138104842,6.5212831784,农业综合Ⅱ,2026-04-28
3558,002555,三七互娱,0.25,4243286846.87,-10.6702982068,3.4546,549180610.69,-10.87,-29.1887,6.076487853549,4.16,0.263396690444,77.2631248347,游戏Ⅱ,2026-04-28
3559,002552,宝鼎科技,0.04,683041419.01,-0.4670662206,-13.3188,17965080.47,-78.22,-86.7002,4.24932223932,1.23,-0.235359719272,14.4732340014,元件,2026-04-28
3560,002551,尚荣医疗,0.0165,279741529.44,1.3024117801,-37.2168,13964187.65,0.58,84.8495,3.132040824666,0.53,0.115567514556,15.271898522,医疗器械,2026-04-28
3561,002548,金新农,-0.03,1168508441.22,11.2195270338,3.8256,-25777884.97,50.48,-1227.1025,1.849404919123,-1.72,0.045269838531,7.5137371929,饲料,2026-04-28
3562,002543,万和电气,0.24,2295103290.26,15.9358203815,8.8784,179298327.08,8.01,-11.9753,6.638865121194,3.7,0.3344774828,27.0091777102,厨卫电器,2026-04-28
3563,002542,*ST中岩,-0.03,131484140.32,-35.6118453646,-63.5267,-51588780.42,-2.44,95.6702,0.424982405074,-6.51,-0.042433692666,3.760219269,专业工程,2026-04-28
3564,002534,西子洁能,0.07,1212820875.43,5.3225028894,-22.1073,53654471.82,-79.18,228.1719,5.57416948844,1.27,-0.237146320799,21.0030823645,其他电源设备Ⅱ,2026-04-28
3565,002527,新时达,-0.0123,786093042.4,14.5370745458,-28.0919,-8131835.53,65.34,96.6906,1.868178712909,-0.65,0.055659101324,16.958848542,专用设备,2026-04-28
3566,002524,光正眼科,0.0,208167536.89,4.3247776372,7.2677,573756.72,103.06,100.3729,0.22002913184,0.5,-0.01885538228,37.608289198,医疗服务,2026-04-28
3567,002521,齐峰新材,0.03,837078969.24,-2.8808558927,0.0265,17889028.81,-65.05,203.802,7.203269234381,0.44,-0.093559352985,9.7538364073,造纸,2026-04-28
3568,002515,金字火腿,0.02,129322583.4,-2.7584760388,51.3017,24337140.24,2.93,-24.7099,2.188417501524,0.92,0.016839207459,28.5765377155,食品加工,2026-04-28
3569,002511,中顺洁柔,0.05,2067748669.08,12.061207365,-5.8126,66764936.43,-30.05,182.9105,4.242870804872,1.23,0.0229944437,30.8463673394,个护用品,2026-04-28
3570,002500,山西证券,0.07,752355932.0,19.15,-23.6878,249558114.0,57.39,39.4421,5.071116289157,1.38,-0.529956118934,,证券Ⅱ,2026-04-28
3571,002493,荣盛石化,0.06,74975429161.64,-7.5385500654,-7.7553,588401349.75,6.53,486.6169,4.380974252169,1.33,0.78784422032,13.9463763718,炼化及贸易,2026-04-28
3572,002487,大金重工,0.36,1140711583.07,146.3582656986,-22.5739,230953964.97,335.91,20.3696,11.764342268815,3.13,-0.435728107737,30.9536222671,风电设备,2026-04-28
3573,002483,润邦股份,0.08,1367114808.46,-3.1483058585,-55.5457,70164272.46,12.28,-69.5112,5.038216710831,1.59,-0.200275452082,20.8082508755,专用设备,2026-04-28
3574,002476,新叶股份,0.022,127638746.63,-5.0234631603,-16.4615,13439643.17,105.94,-59.3065,1.538133045343,1.44,0.033811185964,19.7454108532,炼化及贸易,2026-04-28
3575,002474,榕基软件,-0.0177,114683474.28,28.5201480644,-5.6891,-10998001.04,48.94,83.6215,2.232006661749,-0.79,0.031660441434,23.5375174928,IT服务Ⅱ,2026-04-28
3576,002468,申通快递,0.16,11998611904.82,18.4251835979,-12.2817,236034301.87,24.04,-39.0861,6.424569281639,2.4,0.222725490846,5.6736919953,物流,2026-04-28
3577,002466,天齐锂业,0.06,2584202662.39,-0.0167251016,-13.8237,104274617.91,102.68,104.7329,25.464733109119,0.25,0.579861525609,44.3146214787,能源金属,2026-04-28
3578,002451,摩恩电气,0.007,364934182.69,55.2903626205,-3.3703,3192249.58,-24.72,-47.85,1.753633760747,0.42,-0.159344393739,6.7752053638,电网设备,2026-04-28
3579,002446,盛路通信,0.03,278989564.07,-0.05096637,12.2946,25077181.12,-27.05,103.0735,2.722793583658,1.01,-0.005086286459,27.682792325,军工电子Ⅱ,2026-04-28
3580,002445,中南文化,0.02,250794695.24,39.3247761698,-7.6754,48559352.89,347.8049528515,122.5231,0.932853112512,2.18,-0.046136681052,14.4447545931,通用设备,2026-04-28
3581,002443,金洲管道,0.0508,877834965.4,-15.3439618054,-27.377,26257341.08,-46.57,-66.5246,6.741447209808,0.75,-0.176862558121,11.1047665532,特钢Ⅱ,2026-04-28
3582,002441,众业达,0.18,2423002207.27,5.2424106971,-12.6495,99326247.93,-27.11,237.4813,8.560290478058,2.15,-0.18243341699,12.8157500265,电网设备,2026-04-28
3583,002438,江苏神通,0.1763,577472364.87,1.210333785,13.3776,89502578.69,6.94,33.4866,7.126477868833,2.52,-0.072102342294,33.2703504198,通用设备,2026-04-28
3584,002437,誉衡药业,0.0274,551255672.12,-7.0604077433,-5.4815,60252267.26,15.24,22.2808,0.860737993877,3.08,0.047375843183,48.9099058887,化学制药,2026-04-28
3585,002434,万里扬,0.08,1324142274.59,8.7439371061,-22.9882,107775377.33,19.15,734.1334,4.455038813911,1.86,0.086119192648,17.7959681744,汽车零部件,2026-04-28
3586,002430,杭氧股份,0.23,3564556128.76,7.851748329,5.9635,226075630.67,10.82,-8.502,9.546275319042,2.42,0.430906105814,21.4546891937,化学制品,2026-04-28
3587,002424,ST百灵,0.02,760588639.34,-42.9306389506,-27.5614,24169730.06,-53.25,144.2717,2.293459564443,0.76,0.073429530465,51.0522435435,中药Ⅱ,2026-04-28
3588,002416,爱施德,0.1018,12737150116.47,-41.1783995827,52.3148,126111313.37,-24.89,123.2236,5.037460117058,2.09,0.448837873321,5.1250479281,专业连锁Ⅱ,2026-04-28
3589,002412,汉森制药,0.0224,269286565.75,6.0047499161,-13.2698,11257164.35,-80.68,-87.4209,4.358708149185,0.51,0.098185774543,76.5894265373,中药Ⅱ,2026-04-28
3590,002409,雅克科技,0.5469,2117841363.93,30.8763537915,13.667,260269655.73,5.85,111.9182,15.595568356291,2.84,-0.067571392391,28.4995595813,半导体,2026-04-28
3591,002406,远东传动,0.04,337017694.93,6.9411583414,5.0678,28397946.3,11.67,-11.6062,5.552536515762,0.7,-0.104044879014,24.9567757614,汽车零部件,2026-04-28
3592,002404,嘉欣丝绸,0.09,1194072025.18,2.0368467061,24.6212,49488402.04,2.06,458.3042,3.646901661021,2.45,0.256916549222,11.5094309936,服装家纺,2026-04-28
3593,002402,和而泰,0.1831,2585114300.36,30.4364206573,-1.3061,169395756.59,75.41,1798.3867,5.248153157701,3.55,0.073423480612,19.5272334991,家电零部件Ⅱ,2026-04-28
3594,002395,双象股份,0.2539,602155352.84,41.1032687061,-12.142,68084864.21,264.64,-82.5255,5.326093300523,4.88,0.018929144809,19.5565891418,塑料,2026-04-28
3595,002389,航天彩虹,-0.0315,315073102.0,-32.0810887672,-75.3215,-30884791.76,-1310.53,-137.6593,8.061486686318,-0.38,-0.514114840801,18.0185078446,航空装备Ⅱ,2026-04-28
3596,002388,新亚制程,0.0264,382163519.62,-17.1384366768,-38.3322,13411806.32,210.4,105.6652,1.938995904876,1.37,0.027693833415,12.0920731277,其他电子Ⅱ,2026-04-28
3597,002384,东山精密,0.27,8602240027.91,11.0711046623,-16.5162,455862422.17,57.55,2392.7365,11.335068118926,2.39,0.800396047881,14.1327156047,元件,2026-04-28
3598,002381,双箭股份,0.06,613964909.67,12.8359578796,-21.1447,25807780.87,-47.91,84.8298,5.288403947665,1.18,-0.20109576021,15.8934327635,橡胶,2026-04-28
3599,002378,章源钨业,0.04,1186253423.19,35.7351976344,39.531,42567795.73,56.46,67.2724,1.810080393116,1.98,-0.004779746472,13.795103848,小金属,2026-04-28
3600,002375,亚厦股份,0.05,1781337686.75,-19.6700510077,-53.425,66742654.92,2.78,34.2881,6.034366931054,0.83,-0.503531268139,12.5646085582,装修装饰Ⅱ,2026-04-28
3601,002373,千方科技,0.14,1608725534.78,1.8333110979,-12.6105,220978179.61,481.99,118.2883,7.235588955826,1.95,-0.283670085655,29.7281333168,IT服务Ⅱ,2026-04-28
3602,002372,伟星新材,0.07,895038606.78,-10.1964985046,-64.1111,113701770.51,-25.95,-65.4151,3.27084037484,2.21,0.053126806626,40.4515789495,装修建材,2026-04-28
3603,002369,卓翼科技,-0.0567,425943138.81,1.1708809522,-10.1646,-32149479.7,30.21,65.7363,0.765399025159,-7.61,0.027743474664,4.0390996174,消费电子,2026-04-28
3604,002364,中恒电气,0.04,388158898.05,11.0654632475,-50.4236,20291202.81,84.32,-14.1975,4.348505907731,0.83,0.018153179591,24.6034718977,其他电源设备Ⅱ,2026-04-28
3605,002362,汉王科技,-0.0564,386570426.94,13.9412494593,-42.3461,-13780115.36,9.26,60.7915,4.615534397125,-1.15,-0.41746205699,44.2730277364,软件开发,2026-04-28
3606,002361,神剑股份,0.0125,519785084.03,3.6286108944,-23.7551,11867423.67,65.63,167.0128,2.358094948494,0.53,-0.212851569162,12.0974303307,塑料,2026-04-28
3607,002360,ST同德,0.03,111827652.0,-27.6722395127,-12.6062,10306694.06,-51.51,111.3866,5.020939284192,0.51,0.056161530567,38.925469248,化学制品,2026-04-28
3608,002342,巨力索具,0.0062,488017830.82,12.4426955133,-27.6131,5986121.56,63.3,113.8931,2.534249653073,0.25,-0.113756615427,18.7986290001,通用设备,2026-04-28
3609,002338,奥普光电,0.06,165924082.47,-3.6335174153,-25.5915,13813831.69,-19.31,-34.2926,5.583292545333,1.04,-0.451223745792,35.4408170921,军工电子Ⅱ,2026-04-28
3610,002337,赛象科技,0.01,149697742.98,-13.2611712761,-1.5734,6352302.84,10.83,199.5026,2.172288755185,0.5,-0.11305455661,24.6056173969,专用设备,2026-04-28
3611,002332,仙琚制药,0.1456,1008198242.3,-2.8642188605,32.0174,143983992.29,-4.72,208.2572,6.099553839002,2.42,0.018622767288,55.3626544465,化学制药,2026-04-28
3612,002328,新朋股份,0.053,1034721813.49,-26.6527513091,-7.9705,40506259.22,-16.87,436.8274,4.314850832035,1.22,0.211041638377,10.3799575103,汽车零部件,2026-04-28
3613,002326,永太科技,0.011,1059959157.67,28.988297775,-15.2462,10577472.09,-45.77,102.7227,2.931759235586,0.4,-0.020216550657,18.34463983,化学制品,2026-04-28
3614,002324,普利特,0.1,1934080448.42,-0.6848772849,-24.9074,109013299.43,38.95,260.2991,3.975461984151,2.49,0.233761054878,14.6136098465,塑料,2026-04-28
3615,002321,华英农业,-0.0056,769667224.79,3.7759345603,-20.9509,-11918703.49,-1167.16,-2614.5182,0.445130763521,-1.25,-0.010833416431,9.2145334381,养殖业,2026-04-28
3616,002320,海峡股份,0.0511,1477553369.11,6.3604584588,31.7703,113827409.85,-29.98,3940.8585,1.97876547139,1.76,0.205595936649,40.8632824799,航运港口,2026-04-28
3617,002319,乐通股份,-0.006,94097077.47,4.7810684942,13.6883,-908359.91,87.52,35.9028,0.860848828087,-0.69,-0.012938673242,18.6550965152,化学制品,2026-04-28
3618,002318,久立特材,0.41,2882588882.49,20.6735778358,-23.6417,389135837.89,18.59,-12.6357,8.329115648993,4.87,0.036124093649,28.0824905052,特钢Ⅱ,2026-04-28
3619,002313,日海智能,-0.08,612652786.94,-24.0803060239,-7.8626,-29940567.38,-229.42,44.8743,0.099143632318,-58.13,0.195269803419,17.3134538749,通信设备,2026-04-28
3620,002312,川发龙蟒,0.05,2084436086.14,24.6977326311,-1.9777,103260371.64,-0.24,-4.4273,5.056545928986,1.08,-0.1973660298,12.0267834633,农化制品,2026-04-28
3621,002311,海大集团,0.77,25628943274.11,10.6043320275,-13.8246,1282349455.39,48.99,45.693,14.753941155852,5.29,-1.352266077559,12.6601592586,饲料,2026-04-28
3622,002309,中利集团,-0.03,312448983.17,-44.1353873398,-42.0002,-77007571.44,58.79,89.3062,0.574178644105,-5.02,0.187396384415,7.1921195845,电网设备,2026-04-28
3623,002307,北新路桥,-0.05,1614063084.64,3.4662693143,-66.2328,-68496338.02,-1254.75,83.9935,2.337979270212,-2.29,-0.350057553461,17.7828524165,基础建设,2026-04-28
3624,002305,*ST南置,-0.2668,116127263.91,-40.0805411205,-89.5607,-462709260.27,-276.5,76.9049,-1.277729207035,,0.044754217401,-123.4993354456,房地产开发,2026-04-28
3625,002304,洋河股份,2.4144,11066201907.73,-31.9207604394,713.8023,3637099588.91,-39.93,290.8915,34.330623695279,6.81,1.683261540248,75.5944168128,白酒Ⅱ,2026-04-28
3626,002303,美盈森,0.0525,970617958.26,15.2781514116,-8.7405,80358971.99,15.69,27.8225,2.984245941994,1.77,0.017360139114,26.5201823024,包装印刷,2026-04-28
3627,002297,博云新材,0.0017,168257262.35,50.8383635114,-36.5196,982787.13,-94.41,101.9505,3.581428184327,0.05,-0.024201877458,19.8187149691,航空装备Ⅱ,2026-04-28
3628,002296,辉煌科技,0.2447,215018417.19,3.7046085665,-73.0377,95345834.16,17.88,-31.9642,6.196101732577,4.04,0.018900064741,68.1988725042,通信设备,2026-04-28
3629,002295,精艺股份,0.03,1078735025.59,48.5780575948,-4.7179,7724298.03,6.69,503.1929,5.421094974942,0.57,-0.991640590106,3.0529919785,工业金属,2026-04-28
3630,002292,奥飞娱乐,0.03,657559257.96,1.0991124319,-6.6709,49101524.51,-2.76,113.772,2.061567915646,1.62,-0.013371157423,44.2210952382,文娱用品,2026-04-28
3631,002283,天润工业,0.09,1001195758.08,4.0054072932,17.7441,98477466.45,6.43,54.9725,5.392920408844,1.62,0.040596450611,22.9312553931,汽车零部件,2026-04-28
3632,002274,华昌化工,0.03,1771499531.47,-10.3609001182,6.975,28550858.13,-88.23,431.2673,6.042004334997,0.5,0.15086567322,7.2930298786,化学原料,2026-04-28
3633,002267,陕天然气,0.4126,3550695536.94,4.2226315594,21.4341,458880821.98,-10.73,128.6633,6.220827449958,6.88,0.374180817651,18.8102596962,燃气Ⅱ,2026-04-28
3634,002264,新华都,0.13,1106258552.76,-21.0697120268,22.7367,93096090.29,-0.64,33.2999,2.72120848605,4.87,1.117389339925,22.1753388245,广告营销,2026-04-28
3635,002261,拓维信息,0.0524,623017322.04,-23.3270936825,-46.3942,65349096.09,979.75,158.6028,2.018765990608,2.61,0.039539877013,13.8587911356,软件开发,2026-04-28
3636,002255,海陆重工,0.0888,466891117.16,0.3254294188,-53.7774,73748906.36,62.37,-45.8872,5.07866197486,1.82,0.037849154028,29.1679290063,其他电源设备Ⅱ,2026-04-28
3637,002253,川大智胜,-0.0564,25344029.38,-6.1095967203,-34.6248,-12727397.73,-58.1,71.8875,4.947624487141,-1.13,-0.032155242992,21.7150251741,软件开发,2026-04-28
3638,002250,联化科技,0.0546,1509820847.64,3.0174346099,14.5547,49715553.49,1747.04,-29.6164,7.051014994345,0.77,0.010669394175,26.1496086875,农化制品,2026-04-28
3639,002244,滨江集团,0.31,22507750130.36,64.2740663248,-20.6585,975913324.17,47.88,6.9702,9.154838978498,3.48,-1.966999498362,10.9938847163,房地产开发,2026-04-28
3640,002243,力合科创,-0.0171,466956295.19,5.1763709977,-35.729,-20700475.71,42.64,-118.8174,5.995088924368,-0.28,0.047925616869,19.0949162863,化妆品,2026-04-28
3641,002239,奥特佳,0.014,1911340366.31,16.2757437226,-23.6896,46694765.03,19.2,237.968,1.683853742277,0.84,0.08519232463,11.6835588285,汽车零部件,2026-04-28
3642,002227,*ST特迅,-0.0721,46412627.14,-12.1672650559,-63.3362,-17860504.02,-22.34,39.3459,3.980204910435,-1.79,-0.053244040493,21.4785644431,其他电源设备Ⅱ,2026-04-28
3643,002226,江南化工,0.059,2126816086.05,7.321589545,-27.6495,156228796.76,0.97,3.2698,3.643319643486,1.61,0.011851609476,27.9304471748,化学制品,2026-04-28
3644,002225,濮耐股份,0.05,1339787409.41,3.1739755314,12.6511,54870795.08,-15.91,351.4805,3.387977829086,1.6,-0.031440586129,17.9468449913,装修建材,2026-04-28
3645,002215,诺普信,0.6398,2101217371.49,15.0115365534,50.7331,626925211.01,37.99,546.4531,4.441527665624,15.12,0.269075704922,47.112830552,农化制品,2026-04-28
3646,002208,合肥城建,0.01,1974745918.8,397.2674956272,-12.7263,9240978.69,115.59,106.3871,8.063506883178,0.14,-1.252167182095,12.2333610957,房地产开发,2026-04-28
3647,002207,*ST准油,-0.06,30178513.23,-27.505344473,-73.404,-15551012.83,-43.26,-2455.514,0.197449410826,-26.13,-0.147632469081,-46.1275324397,油服工程,2026-04-28
3648,002206,海利得,0.12,1453007356.69,5.2254816881,-5.2202,139689806.25,86.95,22.4252,3.350206392979,3.53,0.082712716653,18.4768978274,化学纤维,2026-04-28
3649,002201,九鼎新材,0.0252,292926424.5,6.9801724935,-44.3211,16436383.22,84.89,538.4453,1.709562125106,1.49,0.002536456593,29.9473880753,玻璃玻纤,2026-04-28
3650,002199,东晶电子,-0.0605,50758953.91,16.7102831556,-4.5073,-14723281.62,17.11,49.0779,0.883641422261,-6.62,-0.01806621919,1.976787035,元件,2026-04-28
3651,002195,岩山科技,0.0056,165428534.43,-5.1265254965,-7.3835,31556811.96,-59.68,419.1838,1.734457622429,0.32,-0.01811785781,22.3488167428,IT服务Ⅱ,2026-04-28
3652,002192,融捷股份,0.0767,95053538.83,15.3035819021,-39.7012,19908296.96,-28.69,-38.2732,13.009875005239,0.59,0.028804960092,41.838882139,能源金属,2026-04-28
3653,002191,劲嘉股份,0.05,635292774.7,-20.0074100866,-5.0282,66619659.15,-44.76,140.282,4.546572425163,1.01,0.02813620662,22.4539562531,包装印刷,2026-04-28
3654,002190,成飞集成,0.0013,505559665.13,3.7198918886,-36.9283,484252.36,108.33,100.981,9.467752924382,0.02,-0.000209692241,8.6865486903,汽车零部件,2026-04-28
3655,002189,中光学,-0.2608,261948229.76,-41.909440039,-0.6076,-68110262.93,-583.57,80.4062,2.47779231652,-10.0,-0.109853740711,0.9671482385,军工电子Ⅱ,2026-04-28
3656,002187,广百股份,0.03,1613633494.55,8.4790861217,10.9443,22386748.52,-9.44,554.8976,5.828480067449,0.55,-0.203153490978,18.0002707821,一般零售,2026-04-28
3657,002171,楚江新材,0.0891,13145661650.89,21.7659715046,-10.8404,131748337.29,28.45,-38.3297,5.055107127308,1.73,-0.987790960912,3.4038689135,工业金属,2026-04-28
3658,002163,海南发展,-0.02,700018356.46,-10.4762061964,-38.1196,-14585300.71,50.24,90.0426,1.249713927973,-1.37,-0.334271501587,9.1618889388,装修装饰Ⅱ,2026-04-28
3659,002153,石基信息,0.0077,592155582.81,-6.1997590611,-36.4468,21112317.64,85.36,109.835,2.590132192307,0.3,-0.040339526895,49.1736738913,软件开发,2026-04-28
3660,002149,西部材料,0.0659,754305035.92,7.0118686706,3.9861,32158465.88,-12.39,61.348,6.176753241795,1.07,-0.317110998295,17.719014988,小金属,2026-04-28
3661,002139,拓邦股份,0.16,2671427242.07,15.2404946091,-4.6467,196885296.32,12.1,65.1431,5.535577912632,2.9,0.046797112899,23.7859762371,消费电子,2026-04-28
3662,002129,TCL中环,-0.4774,6101099823.03,-38.5769311904,4.5384,-1906347694.29,-116.67,49.2599,7.189638151005,-6.36,0.121366522751,-6.962621565,光伏设备,2026-04-28
3663,002126,银轮股份,0.26,3416263841.99,15.050208587,-2.3057,212363345.15,10.89,18.4155,7.672604761119,3.35,-0.162004306783,19.7876410259,汽车零部件,2026-04-28
3664,002112,三变科技,0.07,269026252.34,-16.9840500656,-60.8208,18763384.49,-26.88,-55.6234,2.575786661325,2.82,-0.372142695589,23.0823695197,电网设备,2026-04-28
3665,002106,莱宝高科,0.1063,1472653448.07,0.310279688,-0.5989,75022680.66,-36.1,14.6648,7.775642713437,1.38,-0.1831446057,14.406407307,光学光电子,2026-04-28
3666,002101,广东鸿图,0.0679,2098847512.31,19.5952144024,-14.2923,45127387.73,-32.04,-69.54,11.80774014865,0.58,-0.713291667366,12.5845220222,汽车零部件,2026-04-28
3667,002098,浔兴股份,0.1448,596577262.24,24.5606260482,-21.6867,51825193.16,41.52,71.8016,3.840626590419,3.84,0.140475951592,33.0113709297,纺织制造,2026-04-28
3668,002061,浙江交科,0.09,8171373943.97,5.7393896134,-52.2676,221219403.82,18.82,-53.0404,5.834038536502,1.45,-0.832022162756,7.4020049311,基础建设,2026-04-28
3669,002049,紫光国微,0.1415,1026019465.84,-10.0465549467,-17.7927,119277590.48,-61.11,-29.5746,14.523453363944,0.96,-0.255763978125,54.0963908483,半导体,2026-04-28
3670,002048,宁波华翔,0.31,6260866964.75,9.9974396284,-23.5157,255938603.39,13.93,8.3357,14.59610876361,2.2,0.328702524042,13.8806282079,汽车零部件,2026-04-28
3671,002047,宝鹰股份,-0.01,82450966.55,-89.3686756571,-86.3981,-16201202.26,77.67,94.7538,-0.014096761579,,-0.029471871881,9.0483132851,装修装饰Ⅱ,2026-04-28
3672,002046,国机精工,0.1673,703151859.24,10.4816823515,-17.4999,88482152.34,3.46,17.5381,7.993874242736,2.51,-0.494932910461,29.8054626801,通用设备,2026-04-28
3673,002041,登海种业,0.028,162646807.82,-30.04377506,-75.6306,24597739.66,-18.37,1356.4533,4.112799997773,0.68,-0.092732265273,30.6846317053,种植业,2026-04-28
3674,002039,黔源电力,0.1213,401357746.95,53.8758784496,-14.0751,51846475.26,348.38,210.0173,9.276588059795,1.32,0.635210477955,52.5479295872,电力,2026-04-28
3675,002036,联创电子,0.0031,2176728189.33,-11.711538672,-11.8094,3262627.41,104.73,100.644,2.016747269636,0.15,0.002086022728,13.2650313592,光学光电子,2026-04-28
3676,002035,华帝股份,0.1279,1259745531.72,-8.8025725413,-29.8661,106290082.37,-14.33,31.384,4.584131287528,2.77,0.23368550505,42.1088296583,厨卫电器,2026-04-28
3677,002034,旺能环境,0.47,873831245.32,11.1172511713,17.4693,200653671.4,10.62,313.0189,15.487382920369,2.97,0.481750438229,44.2906756222,环境治理,2026-04-28
3678,002030,达安基因,0.04,169136638.98,-14.7099890394,-35.4377,52924282.0,114.57,112.5279,5.652409065481,0.67,-0.026145549179,31.0381152934,医疗器械,2026-04-28
3679,002023,海特高新,0.0254,304875038.13,14.1251132971,-25.3043,18820326.12,-26.89,109.4582,5.801651785198,0.44,-0.013407461206,34.199799849,航空装备Ⅱ,2026-04-28
3680,002022,科华生物,-0.1036,387883698.3,-12.501624977,-5.1568,-53259784.78,-84.79,89.7273,6.348158188442,-1.6,-0.099728124862,37.3888395531,医疗器械,2026-04-28
3681,002015,协鑫能科,0.1604,2932925080.1,21.4862258662,30.6916,253634879.72,35.15,316.9815,7.389089913707,2.14,0.238759038554,23.2987504027,电力,2026-04-28
3682,002012,凯恩股份,0.01,140242660.94,0.048111906,-14.3242,5040061.58,-16.79,140.1139,3.27605939576,0.33,0.092297971302,17.8729441755,造纸,2026-04-28
3683,002009,天奇股份,0.11,622232415.87,-4.2048980225,-28.7818,42301583.88,1701.43,121.4659,4.923973383033,2.16,0.031891266004,15.7718301565,专用设备,2026-04-28
3684,002005,德豪润达,0.0005,150197136.21,-1.7744286329,-21.4554,825561.7,105.21,100.5558,0.111236755436,0.36,0.006608689843,16.189184084,小家电,2026-04-28
3685,002003,伟星股份,0.09,979168591.77,22.3155182797,-10.5203,100336872.8,28.76,30.8053,3.822963094729,2.27,0.027772651941,38.838010137,纺织制造,2026-04-28
3686,001400,江顺科技,0.7444,274132396.73,-0.4056583505,-11.6861,33495768.43,5.97,-26.4111,16.702755683333,4.58,0.587669455778,33.7321839385,专用设备,2026-04-28
3687,001390,古麒绒材,0.25,193161171.26,18.5275888976,-6.2512,38105895.68,11.56,23.2051,6.345381279,4.09,-0.580221480733,25.1755113219,纺织制造,2026-04-28
3688,001387,雪祺电气,0.1071,441205258.47,1.1413290945,-18.4507,19036403.89,8.31,-59.9311,6.734139498652,1.55,0.201384689606,12.8222875485,白色家电,2026-04-28
3689,001378,德冠新材,0.1658,354273315.03,-3.2315313357,-8.7072,22109664.57,-15.39,6.8505,14.369896600707,1.16,-0.029306197313,14.0902956622,塑料,2026-04-28
3690,001376,百通能源,0.11,271667637.91,-5.3227696321,-13.7788,50644506.06,2.25,20.2489,2.475446177739,4.54,0.123141791582,31.1782880072,电力,2026-04-28
3691,001369,双欣材料,0.15,888073334.19,,0.0193,125218492.4,,-0.0327,,2.69,,20.7023331601,化学纤维,2026-04-28
3692,001367,海森药业,0.21,118478458.16,2.3155755568,-21.7786,31212181.59,-6.51,-12.344,13.448649156089,2.29,0.394131563325,44.2122679967,化学制药,2026-04-28
3693,001366,播恩集团,-0.03,286187230.31,18.9440249053,-1.4507,-5117308.18,-38.75,63.883,5.026891800037,-0.63,-0.553241796303,13.9789655592,饲料,2026-04-28
3694,001358,兴欣新材,0.14,104921519.11,-2.1183661795,-23.0381,17493481.23,-21.42,-7.628,11.840436315828,1.21,0.134533038312,28.759337785,化学制品,2026-04-28
3695,001338,永顺泰,0.1415,1022652321.52,10.9047717503,5.4359,71015443.72,-13.52,-10.8668,7.357493637316,1.94,0.960527228091,10.4721167944,农产品加工,2026-04-28
3696,001306,夏厦精密,0.21,168394240.14,31.353844802,-17.6773,12856537.2,-33.38,-10.3653,21.503046593871,0.97,-0.83786477371,19.9827503613,通用设备,2026-04-28
3697,001301,尚太科技,0.92,1627680775.3,88.9974817969,1.1441,239247435.31,60.87,-8.1611,24.833341567922,3.76,-3.945322211637,26.266527139,电池,2026-04-28
3698,001299,美能能源,0.11,244771568.46,16.3707205721,8.1804,26504050.71,31.53,-18.957,7.069403208067,2.02,-0.021172238752,15.5071348069,燃气Ⅱ,2026-04-28
3699,001298,好上好,0.0598,1771866406.58,13.1389339491,-5.7398,17603923.73,273.64,10606.5209,7.783634914199,1.11,-0.227318610437,4.3577346234,其他电子Ⅱ,2026-04-28
3700,001288,运机集团,0.17,407032947.0,54.0178922672,-39.0727,38877690.56,27.3,-46.8092,12.483149229708,1.69,-2.710630957154,30.3384320901,专用设备,2026-04-28
3701,001287,中电港,0.1113,12220619333.44,4.230129383,14.44,84555053.11,64.99,-4.1434,6.986308498431,1.6,-2.334806506993,3.7988947524,其他电子Ⅱ,2026-04-28
3702,001285,瑞立科密,0.48,469651186.15,,-23.7111,65476500.18,,-30.3896,,3.78,,27.2491840187,汽车零部件,2026-04-28
3703,001283,豪鹏科技,0.4,1224818319.59,23.2725859696,-7.5351,31813530.7,903.92,131.9125,25.934515875791,1.32,1.282783157577,16.2597767542,电池,2026-04-28
3704,001279,强邦新材,0.129,361421774.32,8.3942931104,-0.1575,20647811.33,15.37,61.3357,6.241976087,2.09,0.235002169438,9.5336221136,包装印刷,2026-04-28
3705,001277,速达股份,0.14,166960592.13,-40.3650458648,-47.879,11017489.32,-64.85,-60.7379,19.909403095,0.73,-0.01827431,18.0669623683,专用设备,2026-04-28
3706,001270,铖昌科技,0.1465,92008850.6,365.2557082727,-17.1887,29815883.2,300.06,7095.2289,6.760451870837,2.16,-0.422264041704,75.3822933312,军工电子Ⅱ,2026-04-28
3707,001267,汇绿生态,0.0254,308813601.82,210.4041048171,32.0597,19832616.98,549.69,-49.203,2.028868849257,1.26,-0.139539628612,19.2238785663,通信设备,2026-04-28
3708,001266,宏英智能,0.03,190023723.82,110.629275291,-44.2721,2576281.32,175.49,-91.0277,9.653267786413,0.26,-0.085657969254,21.6104213803,自动化设备,2026-04-28
3709,001257,盛龙股份,0.229,1357726147.92,,274.4606,371181894.03,,274.077,,7.53,,47.6749496253,小金属,2026-04-28
3710,001239,永达股份,0.0761,470620418.85,170.4225819733,11.5831,18253242.53,14.94,-46.1884,5.521998004542,1.39,-0.066414044083,13.5861299933,工程机械,2026-04-28
3711,001227,兰州银行,0.0875,2037166176.93,3.2565233645,13.1109,558561105.83,2.36,42.0571,5.281511114477,1.65,0.231106337594,,银行Ⅱ,2026-04-28
3712,001222,源飞宠物,0.1347,334826473.57,36.2959564901,-11.7054,25367991.11,-30.57,-43.0459,7.084403631673,1.94,0.135988750275,17.7856432393,文娱用品,2026-04-28
3713,001212,中旗新材,-0.03,80973879.54,-39.3973639505,-40.0313,-4133427.97,-128.45,41.9511,12.960330189371,-0.24,0.00219183622,9.4160822272,装修建材,2026-04-28
3714,001211,双枪科技,0.13,333900746.03,9.3584435185,-24.1516,9303715.33,-13.25,-34.8015,12.230521246111,1.07,-0.060761453472,34.5424265957,家居用品,2026-04-28
3715,001208,华菱线缆,0.06,1005332159.31,11.3831184878,-4.3679,32161408.3,55.54,41.047,3.10037814752,1.96,-0.21803741009,12.5639119201,电网设备,2026-04-28
3716,001201,东瑞股份,-0.02,494355745.16,76.582093457,8.811,-5557561.31,93.31,-149.0657,13.111882816886,-0.16,0.212063751699,18.4439824868,养殖业,2026-04-28
3717,000969,安泰科技,0.0805,1782058179.64,-5.7646400806,3.617,82545239.96,4.95,155.0716,5.356371216979,1.48,-0.131308930382,16.5876346012,金属新材料,2026-04-28
3718,000968,蓝焰控股,0.19,564727710.54,-1.0244396968,20.1156,184621316.83,15.74,39.0757,6.330232858357,3.06,0.286648032368,33.1308884137,油气开采Ⅱ,2026-04-28
3719,000967,盈峰环境,0.06,3182388273.41,6.1500269097,-17.132,180673657.56,4.74,300.4542,5.504740189098,1.03,-0.031180113654,22.9011933229,环保设备Ⅱ,2026-04-28
3720,000962,东方钽业,0.1125,338133242.47,30.828107354,-12.2818,56502505.51,13.62,-1.1088,5.250827435685,2.15,-0.056329878094,15.4596667569,小金属,2026-04-28
3721,000960,锡业股份,0.2939,9728527580.71,15.8234971942,-23.7563,499447974.95,53.08,210.5463,11.496325945675,2.32,0.388702413041,11.4976523816,小金属,2026-04-28
3722,000953,中哲精化,0.0037,40833053.71,-34.0527595964,-8.9013,1362028.66,217.42,3885.2782,0.400989096933,0.93,0.027341077697,14.7150733635,化学制药,2026-04-28
3723,000927,中国铁物,0.0292,8569443662.78,-12.5407690571,-1.5154,176795272.49,10.14,709.8347,1.569303247185,1.88,0.177514164237,5.6007535807,轨交设备Ⅱ,2026-04-28
3724,000922,佳电股份,0.09,1155812971.51,0.2541167519,-13.159,55089051.59,-40.75,10.0454,6.477945037361,1.48,-1.006484576691,19.4242196925,电机Ⅱ,2026-04-28
3725,000919,金陵药业,0.037,810013922.67,-4.2501737056,-23.6692,22981989.14,-49.07,174.234,6.115065912684,0.6,-0.092612674375,19.3647944572,化学制药,2026-04-28
3726,000917,电广传媒,0.002,922276939.13,2.6740678215,-20.4373,3015179.23,-89.1,-91.3724,7.268608299912,0.03,-0.001364217864,27.8398103375,电视广播Ⅱ,2026-04-28
3727,000903,ST云动,-0.013,1500809475.09,-13.7749931872,159.3116,-24602329.85,-183.56,97.2439,0.827607840956,-1.51,-0.176518396201,9.8137988449,汽车零部件,2026-04-28
3728,000902,新洋丰,0.41,4668135364.9,39.9836361498,46.0413,514543924.22,49.61,154.4622,8.784455826356,4.75,0.830652414897,18.1675437796,农化制品,2026-04-28
3729,000899,赣能股份,0.1978,1469805368.37,-13.2346689114,-19.0188,192979669.51,-5.19,157.337,6.102319921477,3.3,0.621566209288,17.6318633526,电力,2026-04-28
3730,000893,亚钾国际,0.4208,1212531876.41,91.4697089248,13.8069,384426913.23,373.53,-11.0673,13.070539304258,3.16,0.470317360774,54.1201796849,农化制品,2026-04-28
3731,000888,峨眉山A,0.1118,226048605.29,-10.8281785264,9.0183,58905622.66,-20.84,734.1072,5.083158137544,2.22,0.136170564383,46.9080762184,旅游及景区,2026-04-28
3732,000881,中广核技,-0.0688,1061168449.85,-18.9821095232,-37.9713,-65050648.4,0.2,71.4445,5.464522695808,-1.25,-0.033833151055,12.3621237211,化学制品,2026-04-28
3733,000877,天山股份,-0.2104,14946531444.41,-8.636903739,-41.4677,-1496026356.35,22.33,-149.3745,11.43507672954,-1.83,-0.303678812684,13.6955201481,水泥,2026-04-28
3734,000869,张裕A,0.24,810921680.0,0.0115847047,-24.9131,159276876.0,0.21,96.0165,16.051694284767,1.49,0.031547919031,58.4013615224,非白酒,2026-04-28
3735,000868,安凯客车,0.0047,657600604.53,14.8448550602,-36.825,4370290.74,-9.95,-68.2185,0.919411385347,0.51,-0.048640474063,8.6588514925,商用车,2026-04-28
3736,000863,三湘印象,0.0132,222131894.08,391.5655292621,-3.3034,15580944.38,164.3,133.8754,3.815800691177,0.35,-0.024489552152,41.0733385531,房地产开发,2026-04-28
3737,000856,冀东装备,0.0005,617761720.32,3.5679212086,4.1266,120231.15,-97.08,-98.8683,1.847698903568,0.03,-0.648620523524,6.6623865491,专用设备,2026-04-28
3738,000850,华茂股份,-0.045,761027163.26,-4.1569699946,-7.6499,-40817632.25,-105.52,-130.2405,4.665108035589,-0.92,-0.127323917804,11.175239054,纺织制造,2026-04-28
3739,000848,承德露露,0.21,1001722618.92,-18.3600349184,-11.2002,215453152.56,-12.53,-12.8273,3.451591472022,6.1,0.007237049638,48.0919766791,饮料乳品,2026-04-28
3740,000839,国安股份,0.0009,832392320.99,-3.435268102,-6.867,3463433.25,-77.46,101.5215,0.357454429951,0.25,0.009658813664,15.5350711953,通信服务,2026-04-28
3741,000831,中国稀土,0.0684,727701898.81,141.3158884391,-32.2765,72618074.71,125.15,186.544,4.445263268542,1.55,-0.111734689706,9.7736963524,小金属,2026-04-28
3742,000825,太钢不锈,0.033,23310112973.04,-4.7125514177,-7.1098,187943372.26,5506.92,144.0435,5.739690051829,0.58,0.233414677079,1.1987875357,特钢Ⅱ,2026-04-28
3743,000819,岳阳兴长,0.037,1063046542.03,27.8486747818,17.6356,13608124.12,-37.0,245.6125,5.877464767912,0.63,-0.111838582703,18.8482572021,炼化及贸易,2026-04-28
3744,000809,和展能源,-0.018,800799.2,-71.7387037699,-99.7311,-14604098.37,47.03,40.3989,3.281242349621,-0.54,0.09726266492,-703.1187218968,风电设备,2026-04-28
3745,000801,四川九洲,0.0214,813052291.36,-8.1556159324,-44.1708,21856563.56,-40.11,-70.6981,3.006614399737,0.71,0.061628859498,17.9402203844,黑色家电,2026-04-28
3746,000797,中国武夷,-0.0289,861686998.48,-3.9845390594,-57.9049,-45355940.34,-192.43,-109.7751,3.286006664791,-0.87,-0.21407223162,10.1087159959,房地产开发,2026-04-28
3747,000789,万年青,0.0457,1062885262.03,-16.6334392591,-45.1719,35345159.68,477.58,470.9931,8.274543271708,0.34,0.224603186527,17.4838281335,水泥,2026-04-28
3748,000788,北大医药,0.0766,502359685.42,1.7010399333,-4.437,45640550.21,3.62,498.3593,2.618168718728,2.97,-0.101626657693,23.9273602,化学制药,2026-04-28
3749,000778,新兴铸管,0.0345,8375153244.86,-8.211096409,-8.1057,137022223.99,-19.84,143.3575,6.43702471945,0.54,-0.70183120955,7.6069116093,普钢,2026-04-28
3750,000777,中核科技,0.0047,238013381.94,53.1549698786,-70.9157,1806449.2,217.74,-98.4101,5.806583927306,0.08,-0.615155808878,16.4028347616,通用设备,2026-04-28
3751,000776,广发证券,0.33,7108648293.56,46.29,-10.1903,2757201312.78,79.23,-4.0106,16.225598902978,2.06,-1.799735447352,,证券Ⅱ,2026-04-28
3752,000766,通化金马,0.012,299282436.73,1.2549929789,-15.4494,11582762.07,26.09,-64.3756,2.34556950061,0.51,0.04324912395,71.6049337547,化学制药,2026-04-28
3753,000761,本钢板材,-0.187,12337783878.17,-16.8706158073,11.171,-766311108.86,14.87,58.1612,2.479167020874,-6.66,-0.101509494508,-3.5023487635,普钢,2026-04-28
3754,000758,中色股份,0.1242,2456988243.42,3.6533920537,24.5635,247572493.33,-17.51,277.0617,2.982056430438,4.26,-0.153897790502,18.8730013065,工业金属,2026-04-28
3755,000735,罗牛山,0.0071,450809648.5,-50.7413809481,-46.3027,8121762.48,-91.36,108.0766,3.698010295298,0.19,-0.043658537564,16.7483676868,养殖业,2026-04-28
3756,000731,四川美丰,-0.0219,910968392.64,5.7378753251,-45.9585,-12243322.29,-116.17,-114.8661,7.478355625165,-0.29,-0.266033545413,9.7121844835,农化制品,2026-04-28
3757,000727,冠捷科技,-0.0375,12261623656.58,-4.241724539,-13.4365,-169848765.36,-3258.54,-1354.9141,0.627287819914,-5.84,-0.100111145057,9.8651083693,光学光电子,2026-04-28
3758,000716,黑芝麻,0.003,441902230.84,-3.7395878679,-49.5773,2251106.79,-29.61,-93.7444,3.409978655178,0.09,0.009043611129,19.9047432806,休闲食品,2026-04-28
3759,000711,ST京蓝,-0.0045,126328389.45,1977.2590666571,-57.4876,-12951476.19,2.55,70.8679,0.231358676369,-1.94,-0.005414715294,6.189554386,环境治理,2026-04-28
3760,000697,炼石航空,-0.0617,433649468.66,2.2087228892,-6.4529,-53879324.73,27.62,0.0633,0.104699624182,-56.12,-0.045761120998,11.1765883352,航空装备Ⅱ,2026-04-28
3761,000690,宝新能源,0.14,1979686934.11,-6.9071022125,10.1046,299477211.33,46.4,164.3038,5.739990095087,2.42,0.246397726212,20.1667748729,电力,2026-04-28
3762,000672,上峰材料,0.09,951300474.75,4.6437803312,-41.7384,79934310.84,447.61,-64.1625,9.314000909918,0.89,0.086938905356,27.4065556488,水泥,2026-04-28
3763,000668,荣丰控股,-0.1,80739298.82,761.0396852073,-14.7621,-14599962.98,-158.72,95.6215,4.897599948829,-2.01,0.176893577371,-0.886538675,房地产开发,2026-04-28
3764,000663,永安林业,-0.0562,54653058.66,-3.6050138427,-46.3716,-18919987.78,-111.47,58.7987,2.958912734174,-1.88,-0.049015787386,7.0019513342,林业Ⅱ,2026-04-28
3765,000659,珠海中富,-0.0151,238115171.94,0.9731547523,35.3196,-19397608.46,-100.98,79.3342,0.158459511684,-9.1,-0.000344052238,16.5089376077,包装印刷,2026-04-28
3766,000656,金科股份,-0.15,752935858.93,-89.9659595397,-87.4246,-1617299677.62,-39.27,93.9284,-5.674501621296,,-0.062462343389,7.3019492255,房地产开发,2026-04-28
3767,000650,仁和药业,0.1174,985645075.41,-20.3608258377,6.6421,164307562.31,-7.33,148.0712,4.530223942387,2.63,0.084493252407,36.8489132966,中药Ⅱ,2026-04-28
3768,000625,长安汽车,0.14,34160587096.72,-7.7320011406,-29.9607,1352699415.8,16.81,-63.8462,7.883080797226,1.75,-0.353104898119,13.8645831729,乘用车,2026-04-28
3769,000598,兴蓉环境,0.1707,2023252968.92,9.6087537263,-28.6597,507851115.98,11.19,37.2451,6.289651254007,2.74,0.038537342208,46.0250294553,环境治理,2026-04-28
3770,000597,东北制药,0.025,1947277598.78,0.3616455786,42.2365,36321572.23,-36.98,-82.0083,3.74908585459,0.68,-0.021592075825,34.1130992241,化学制药,2026-04-28
3771,000590,古汉医药,-0.0679,65220251.47,-15.4011595916,-48.6361,-16256161.33,-96.23,83.244,2.430312268277,-2.75,-0.224623937451,47.4481908648,中药Ⅱ,2026-04-28
3772,000586,汇源通信,0.0133,86088903.02,42.8539543261,-40.7646,2571233.02,228.5792367822,138.1996,1.687585989919,0.79,0.100668460453,34.0114474722,通信设备,2026-04-28
3773,000582,北部湾港,0.086,1643217036.75,6.7301071885,-21.7949,196123506.2,-49.87,-35.3018,7.758970873507,1.11,0.4352211012,29.7368979917,航运港口,2026-04-28
3774,000570,苏常柴A,0.062,897763657.72,7.32643603,96.0602,43720636.95,35.01,256.8873,4.809446466774,1.29,-0.020928656353,13.5201960902,汽车零部件,2026-04-28
3775,000566,海南海药,-0.0527,206597801.19,-43.089679773,11.0895,-68365454.56,-331.5368578753,94.4419,0.352082207958,-14.2,-0.003121899825,29.9725621973,化学制药,2026-04-28
3776,000555,神州信息,-0.0967,2159704694.07,22.130525283,-35.0091,-92942582.2,-64.63,77.1142,5.688559528374,-1.66,-2.641969278931,12.760069564,IT服务Ⅱ,2026-04-28
3777,000552,甘肃能化,0.01,1950615225.65,-30.8901190853,6.2674,46207499.59,-90.48,-72.0403,3.147716798891,0.28,-0.019299108842,20.5404655163,煤炭开采,2026-04-28
3778,000545,金浦钛业,-0.014,542412483.87,-3.6208057907,6.68,-15383833.16,-13.34,91.8888,1.144163013732,-1.35,-0.017101568643,2.8278354197,化学原料,2026-04-28
3779,000541,佛山照明,0.0422,2145097615.85,-14.783860122,-0.7342,64757120.39,-22.65,-66.8357,4.336139400394,0.98,-0.074848511963,19.5944329346,照明设备Ⅱ,2026-04-28
3780,000537,绿发电力,0.12,1025818815.04,19.8061614239,11.9731,254222713.62,52.18,173.2044,9.608920494556,1.29,0.280198416628,52.781581759,电力,2026-04-28
3781,000536,华映科技,-0.0842,341974490.37,-19.1297051704,-19.1135,-232979380.96,9.22,17.1644,0.384380910504,-19.74,0.005945221912,-18.5499333887,光学光电子,2026-04-28
3782,000526,学大教育,0.6199,863682650.93,22.456842344,60.2438,73773510.85,47.0,1764.2446,7.001231270593,8.55,3.845194273999,32.0173971542,教育,2026-04-28
3783,000525,红太阳,0.0173,847730607.7,0.2406006095,178.4057,29259882.25,45.74,-91.9017,2.22744124503,2.25,0.037147111018,22.8231862071,农化制品,2026-04-28
3784,000524,岭南控股,0.04,922927544.64,1.232874656,-11.1884,26582896.73,8.88,78.1769,3.421824508557,1.17,-0.139437017771,20.0540414917,旅游及景区,2026-04-28
3785,000523,红棉股份,0.0065,514921253.78,-4.3724380377,3.091,11917919.23,-46.1,-97.4053,1.031924770382,0.62,0.132950928373,14.034520931,综合Ⅱ,2026-04-28
3786,000519,中兵红箭,-0.0926,619596480.71,-30.0557074297,-66.516,-128960846.15,-843.67,51.7223,7.266787170441,-1.27,0.000810101715,14.4343541102,地面兵装Ⅱ,2026-04-28
3787,000428,华天酒店,-0.0622,119031144.47,-14.7123770824,-20.0199,-63388258.16,-35.26,9.0278,1.45899444523,-4.12,0.009714841176,2.7362855196,酒店餐饮,2026-04-28
3788,000422,湖北宜化,0.1228,5873607008.62,39.4888883168,14.6025,132997624.89,-75.14,132.1257,6.847908318749,1.56,0.395209526907,18.9087172427,农化制品,2026-04-28
3789,000421,南京公用,0.0571,2042958687.93,36.1960468864,-30.3097,32914275.85,544.26,-45.4506,4.776173073142,1.2,1.315922210314,11.9647811806,综合Ⅱ,2026-04-28
3790,000411,英特集团,0.1941,8436943741.35,-1.8724990514,-1.6053,100801310.48,-5.7,-40.8885,8.939768351992,2.15,-5.105936204767,6.0028228519,医药商业,2026-04-28
3791,000407,胜利股份,0.0312,1134545065.92,-5.6709868088,11.1005,27444445.45,37.56,265.2616,3.394414687625,0.92,-0.233721560406,12.3018546413,燃气Ⅱ,2026-04-28
3792,000099,中信海直,0.1176,495699157.42,8.3713496167,-25.5865,91211281.47,9.18,-15.8082,6.977292430696,1.7,0.451151973719,21.8507567823,航空机场,2026-04-28
3793,000068,华控赛格,-0.0173,135977656.46,-20.9798875717,-71.1855,-17368173.77,24.98,-119.6882,0.686293658881,-2.44,0.090442414229,7.8191718748,环境治理,2026-04-28
3794,000061,农产品,0.044,1574561430.46,49.9681987074,-18.7982,74644342.03,-9.8,5.0286,3.76479327419,1.18,0.189589280836,21.6210906659,一般零售,2026-04-28
3795,000059,华锦股份,-0.2138,9161059956.63,-3.050294113,-9.2613,-341980116.73,31.76,62.2332,6.968708174347,-3.02,-3.449248088223,11.777905133,炼化及贸易,2026-04-28
3796,000058,深赛格,0.0196,371112490.63,-10.3941800037,-23.477,24189160.84,-7.98,4148.7604,1.647323421799,1.16,-0.02743357169,27.0435213538,一般零售,2026-04-28
3797,000055,方大集团,0.0308,754337708.14,-17.6106471183,-38.0507,33026526.97,-35.83,774.3569,5.736332251337,0.54,-0.285066859119,21.6828060463,装修建材,2026-04-28
3798,000034,神州数码,0.3312,31778428736.85,8.5642563633,-13.1623,217274596.04,-7.51,254.2696,15.015826246249,2.27,3.836660731145,3.7265153458,IT服务Ⅱ,2026-04-28
3799,000032,深桑达A,-0.0299,12545228614.69,-18.4080199606,-33.8602,-34056072.04,-299.68,-107.4629,5.675040264615,-0.53,-1.679301307695,8.4154910804,专业工程,2026-04-28
3800,000025,特力A,0.0794,328499155.4,-56.6805257274,-39.868,34228060.15,-2.89,19.9065,4.085555499103,1.96,0.202611538527,20.1341779188,综合Ⅱ,2026-04-28
3801,000019,深粮控股,0.0792,1226680291.18,14.3264659232,-22.0151,91323433.84,42.97,13.0979,4.347753981606,1.84,0.348061353358,17.5730942944,农产品加工,2026-04-28
3802,000012,南玻A,0.005,3068825224.0,-22.253512919,-15.1908,15869985.0,-95.12,103.0538,4.412503157224,0.12,0.022550593347,13.3405209198,玻璃玻纤,2026-04-28
3803,920976,视声智能,0.21,61465939.55,27.556684752,-14.7183,15227404.5,53.1,31.0218,4.001555642718,5.51,0.097787071937,55.7652941628,计算机设备,2026-04-27
3804,920970,大禹生物,-0.03,29472938.03,17.418743908,-11.404,-3239570.36,27.21,58.6018,2.605290945884,-1.11,0.113257758772,20.0070509224,动物保健Ⅱ,2026-04-27
3805,920964,润农节水,0.02,157942514.63,21.0482161452,-69.4024,5061808.06,-42.5,139.5693,3.43363711345,0.57,-0.293801768055,14.5252591829,农业综合Ⅱ,2026-04-27
3806,920957,汉维科技,0.01,139724492.91,17.7697950799,-15.7239,832604.73,-87.86,-70.7332,3.713658268778,0.21,-0.043125758064,9.1854609186,化学制品,2026-04-27
3807,920942,恒立钻具,0.2057,39411931.94,-9.0193310721,-25.0146,12613728.28,160.0,64.8819,8.14720163484,2.56,0.255315870798,39.3277288553,工程机械,2026-04-27
3808,920932,科达自控,-0.08,67408327.68,0.9719379866,-62.8625,-6138327.68,-195.73,-159.3388,8.934814180901,-0.89,-0.024072835145,40.532813052,软件开发,2026-04-27
3809,920926,鸿智科技,0.0829,101530303.07,3.6557226886,-30.552,7329160.62,3.4,-46.1217,4.644477941298,2.64,0.074470154674,17.4017593031,小家电,2026-04-27
3810,920924,广脉科技,0.07,81074423.27,10.8648443548,-39.971,7049851.7,0.94,65.6691,2.901748718387,2.29,-0.006816154,23.1156398333,通信服务,2026-04-27
3811,920879,基康技术,0.12,78457324.92,19.0706415817,-36.6785,19561634.99,44.91,-35.3242,4.414695545899,3.23,-0.090511455322,56.3379245406,通用设备,2026-04-27
3812,920857,泓禧科技,0.04,105067356.76,-10.1008463799,-6.5222,2804302.92,-58.32,-5.3958,5.277241976154,0.72,-0.032225713672,7.1945015589,消费电子,2026-04-27
3813,920839,万通液压,0.2903,166510075.2,17.5712158519,-10.1407,33824683.46,60.72,1.9699,5.180505290442,5.63,0.052190977478,30.6217823268,工程机械,2026-04-27
3814,920837,华原股份,0.11,152026103.82,12.2375343541,13.9817,16997869.64,24.77,-1.2894,3.596118349273,3.17,0.060977505344,28.1724852337,汽车零部件,2026-04-27
3815,920807,奔朗新材,0.03,116919385.19,2.4052730344,-22.6389,5820953.12,-37.32,422.7887,5.164876493017,0.62,-0.12097674912,28.7573097185,通用设备,2026-04-27
3816,920806,云星宇,0.07,457652260.21,3.5325663162,-54.5743,20792469.79,-4.98,-70.7568,5.051680841166,1.38,-0.571644307942,13.4383355349,IT服务Ⅱ,2026-04-27
3817,920802,保丽洁,0.0638,38799854.21,-12.6457406238,-34.2058,4024875.53,7.36,-53.4362,6.825998796195,0.94,0.131278286488,38.8795884086,环境治理,2026-04-27
3818,920799,艾融软件,0.12,86476197.32,-36.3245952709,-50.0748,25507551.43,121.73,12.1162,2.044137260526,6.13,-0.23297898947,32.3593513906,软件开发,2026-04-27
3819,920790,联迪信息,0.1,46880557.6,1.3262093925,-33.1346,8199868.8,5973.09,1554.4836,4.274869717763,2.46,-0.128654333037,34.0213197038,IT服务Ⅱ,2026-04-27
3820,920781,瑞奇智造,-0.01,49197237.05,-0.9393507606,-70.0337,-1726325.9,-143.96,-123.0203,2.906051577483,-0.42,-0.167035373691,19.1230476428,专用设备,2026-04-27
3821,920768,拾比佰,0.1,415793401.99,18.769141716,-4.6173,10911845.14,321.8,241.9546,5.983128727494,1.66,-0.106968586285,10.9368958003,家电零部件Ⅱ,2026-04-27
3822,920748,路桥信息,-0.08,28006029.65,5.7067055041,-77.2365,-6413919.99,4.4,-159.9136,3.681477492181,-2.25,-0.423267780036,28.1367229789,IT服务Ⅱ,2026-04-27
3823,920717,瑞星股份,0.01,26386972.17,-18.0265516389,-39.9351,978017.72,-21.86,-66.646,4.93713775872,0.17,0.032815768225,32.8080078844,专用设备,2026-04-27
3824,920690,捷众科技,0.2,72912140.23,44.2437504509,-25.7831,13520335.08,-15.49,-25.5105,8.573167060181,2.41,0.039717833786,37.2676314319,汽车零部件,2026-04-27
3825,920685,新芝生物,0.07,32661264.97,19.0788525755,-45.0087,6501584.76,121.46,-67.4507,5.963007384692,1.2,-0.062904687283,63.2313067145,通用设备,2026-04-27
3826,920576,天力复合,0.0866,135022431.16,-22.7393003839,96.376,9435695.71,-47.08,-42.3281,4.194072847269,2.09,-0.05564862212,15.9560113863,金属新材料,2026-04-27
3827,920571,国航远洋,-0.0281,199046295.89,-10.7284881734,-22.3519,-15429140.0,-196.7,73.9338,2.421403218134,-1.14,0.338428435205,8.1284461073,航运港口,2026-04-27
3828,920564,天润科技,-0.08,16174684.49,6.1623178141,-85.7968,-6232805.08,2.51,-129.9739,4.243205709727,-1.96,-0.142257890059,37.394778759,IT服务Ⅱ,2026-04-27
3829,920547,无锡晶海,0.25,104177997.52,13.0425512822,21.0062,19132669.99,30.39,308.1534,8.778874031897,2.85,0.257024139121,32.2429224401,生物制品,2026-04-27
3830,920527,夜光明,0.06,83659608.66,6.5431464174,-22.204,3649203.99,56.71,-70.1511,6.457346632147,0.96,-0.187363750298,20.3852355075,纺织制造,2026-04-27
3831,920476,海能技术,-0.0063,55499234.81,37.8477723801,-56.0642,-519426.01,96.01,-102.9264,5.55373270509,-0.11,-0.304865355558,64.3094050435,通用设备,2026-04-27
3832,920471,美邦科技,-0.01,115716247.4,-4.0946946943,-20.3949,-746900.07,-130.31,96.4761,6.4605722875,-0.14,0.047130310457,14.8654266505,化学制品,2026-04-27
3833,920438,戈碧迦,0.06,124222278.5,-33.3698849613,4.5327,8782411.99,-73.21,-24.1632,6.734821978265,0.93,0.089495983717,28.0222498656,光学光电子,2026-04-27
3834,920407,驰诚股份,0.01,37492951.18,15.949626753,-57.9847,967507.76,-81.8,-52.1924,4.014859519641,0.37,-0.181966373325,44.4315771251,通用设备,2026-04-27
3835,920403,康农种业,-0.01,24298661.55,-29.1078955695,-91.4674,-887474.06,-108.72,-101.2147,6.856165316701,-0.18,-1.689566918033,20.9941167315,种植业,2026-04-27
3836,920346,威贸电子,0.14,72518169.85,19.0178493448,0.295,11006621.43,18.02,-21.2632,5.72670862383,2.41,0.052153127678,30.1532147257,消费电子,2026-04-27
3837,920274,宏裕包材,0.08,155448123.19,2.4142055964,-10.0828,6906621.37,34.46,-13.8025,5.992318138833,1.43,0.442568880799,13.4412370708,包装印刷,2026-04-27
3838,920270,天铭科技,0.09,41955560.35,-11.8288826297,-41.2282,9364692.55,-27.92,-33.9945,4.154816036362,2.18,0.098855429475,41.9709421662,汽车零部件,2026-04-27
3839,920267,鑫汇科,0.12,134207624.78,-10.7679196561,-30.122,5687190.18,-17.41,-2.2561,5.481847361083,2.08,0.004618623982,14.469665894,消费电子,2026-04-27
3840,920252,天宏锂电,0.03,101671462.34,8.978196636,17.7523,3018081.17,54.13,-2.9812,2.566139706353,1.15,-0.256571735799,11.9881312509,电池,2026-04-27
3841,920247,华密新材,0.06,95931221.36,6.4687746659,-19.9298,9437934.19,-11.19,33.3376,3.821256987707,2.06,0.048145629734,28.7104817071,汽车零部件,2026-04-27
3842,920239,长虹能源,0.32,962941519.97,19.9160274764,-3.9214,57885586.54,38.53,6.4433,7.415644872729,6.19,1.403780580522,15.6835084383,电池,2026-04-27
3843,920225,利通科技,0.28,124263536.83,23.1430235965,-18.835,35641008.17,86.13,-7.1403,5.588841231157,5.15,0.238045609033,46.370356349,橡胶,2026-04-27
3844,920221,易实精密,0.13,79932617.11,1.3308447663,-7.7089,15039232.76,3.22,85.8694,4.285909360496,3.7,0.159084461531,32.6798963232,汽车零部件,2026-04-27
3845,920220,朗信电气,0.24,285606260.51,11.3246420701,-31.9114,12585996.07,-2.9902229483,-68.006,12.767228583739,1.88,0.03335932307,15.3458706478,汽车零部件,2026-04-27
3846,920207,众诚科技,-0.07,65408861.26,-43.1176818792,-21.3288,-6527043.36,-877.09,-2.4323,3.091723354221,-2.22,-0.206373196766,17.7505603772,软件开发,2026-04-27
3847,920188,悦龙科技,0.41,72360573.39,,-0.198,24780984.2,,39.5134,,5.93,,57.7429572245,橡胶,2026-04-27
3848,920180,爱得科技,0.18,66788178.41,3.4740615492,-7.3427,15795118.36,-3.198407531,-9.171,5.881517406076,3.08,0.124540834166,57.4678998196,医疗器械,2026-04-27
3849,920163,方大新材,0.09,207674088.65,45.1527495133,10.2622,11815538.1,-13.24,34.5925,3.703639309231,2.51,0.078572687242,14.1759769846,包装印刷,2026-04-27
3850,920124,南特科技,0.31,281212883.94,10.5794856851,3.0577,34667947.14,28.3777868612,35.4804,6.315352962841,5.05,-0.429974412995,26.7313868365,通用设备,2026-04-27
3851,920123,芭薇股份,0.1,162007895.97,40.1473806313,-27.5737,8623070.88,8.81,-47.2211,4.769486875991,2.13,-0.90162312366,24.5544737383,化妆品,2026-04-27
3852,920100,三协电机,0.32,121729374.75,28.9383980649,-2.5826,16946296.26,19.4491616656,-7.0839,5.630559812688,5.84,0.233431302051,27.3418898096,电机Ⅱ,2026-04-27
3853,920082,方正阀门,0.22,169578323.17,-21.6549495667,-1.9309,31536143.92,22.38,95.363,3.755125747927,6.05,0.032473380001,25.2508039527,通用设备,2026-04-27
3854,920035,精创电气,0.2,107552815.05,3.8910262476,-17.7893,8845708.13,-1.2856085528,-44.8985,8.934972463932,2.31,0.133548461397,46.7226476561,自动化设备,2026-04-27
3855,920030,德众汽车,0.01,573863961.46,-4.825620567,-20.2253,1509127.22,-30.46,40.2485,2.604626830776,0.32,0.093212144625,8.7188239026,汽车服务,2026-04-27
3856,920008,成电光信,-0.0605,20263208.42,-73.9165290456,-73.3708,-3857380.64,-120.4,-120.1678,4.769346663373,-1.26,-0.725244829961,39.5038316938,军工电子Ⅱ,2026-04-27
3857,874417,泰鹏环保,0.16,101481463.51,,,14161552.96,,,,3.84,0.121154501099,28.136326352,,2026-04-27
3858,872836,康派斯,-0.17,185526367.57,,-20.9588,-13648338.73,,-181.2492,,-4.85,-0.271317123973,26.0870029279,,2026-04-27
3859,833839,天波科技,0.1,237024942.61,15.2370973977,-21.1132,8926504.18,99.8868260198,-49.1289,4.703534782339,2.13,0.00479433337,24.0974535511,,2026-04-27
3860,833502,ST联创集,-0.01,3471208.02,170.4818182358,4284.5939,-9362463.1,62.79,95.6567,0.012871895683,-59.23,-0.009872233182,,,2026-04-27
3861,833044,硅谷天堂,0.0265,181141416.75,,,113905420.99,,,,2.66,-0.011128095675,20.7498791907,,2026-04-27
3862,832905,信源小贷,0.01,3935536.63,-40.5347667492,-29.0355,1677096.63,-61.58,26.7054,1.164296218623,0.76,-0.104708644848,,,2026-04-27
3863,688809,强一股份,0.14,86470274.87,,-65.5859,14043710.13,,-86.2335,,1.24,,67.998130454,半导体,2026-04-27
3864,688795,摩尔线程,-0.28,288858580.67,,80.2805,-112487912.42,,84.5536,,-2.54,,77.6359783358,半导体,2026-04-27
3865,688662,富信科技,0.08,112134867.13,4.0770619437,-9.0304,7030968.86,-18.17,-37.1702,8.013219538871,1.0,-0.03960943393,24.8624470547,其他电子Ⅱ,2026-04-27
3866,688563,航材股份,0.3,652886115.69,-3.7912618745,-11.2875,135971533.97,-9.05,-7.1422,23.326455250267,1.28,0.2934400254,30.158625371,航空装备Ⅱ,2026-04-27
3867,688350,富淼科技,0.04,322347661.35,-10.2885864551,-17.9802,5421112.5,-60.54,119.3436,10.977404031167,0.38,0.052451133421,13.9056980784,化学制品,2026-04-27
3868,688138,清溢光电,0.2,298536172.31,9.8272625116,4.5671,51742160.88,4.34,0.3713,5.753181672976,3.43,0.210664721514,31.845268965,半导体,2026-04-27
3869,688118,普元信息,-0.3,37244200.62,-38.5781357085,-82.6416,-27540762.3,29.8942548381,-136.6084,9.04998833067,-3.26,-0.533892698888,38.4379806565,软件开发,2026-04-27
3870,605218,伟时电子,0.0648,459160170.98,12.729446036,-17.603,13670554.95,22.38,-44.4404,6.196247003267,1.04,-0.165486122295,11.9831660034,光学光电子,2026-04-27
3871,605151,西上海,-0.06,370811869.64,40.6147381472,-35.9147,-7661121.95,-131.55,50.3057,10.015707209593,-0.56,-0.179887003009,14.6559833273,汽车零部件,2026-04-27
3872,603685,晨丰科技,-0.03,258927289.73,-12.5430550039,-23.182,-4868967.12,-211.13,-23.3613,6.602863877511,-0.41,0.469813967155,14.2128227999,光学光电子,2026-04-27
3873,603648,畅联股份,0.0875,348389926.81,-17.633833034,41.1936,31693835.97,-21.78,71.8853,5.186622203714,1.7,-0.040999831215,20.2604654952,物流,2026-04-27
3874,603599,广信股份,0.18,981790598.51,-19.2249110448,-14.8588,160987170.77,-28.5,-21.2995,10.842907362666,1.65,0.113697467006,30.4779506561,农化制品,2026-04-27
3875,603439,三力制药,0.1,408589489.7,-3.18338538,-41.4017,41946770.84,-25.16,-47.4981,3.838026348057,2.71,-0.036803246374,65.6516617931,中药Ⅱ,2026-04-27
3876,603208,江山欧派,0.02,402077964.46,-35.8206073872,-45.9158,3460852.47,-87.98,106.3263,7.235681410385,0.26,-0.566727482027,13.1146630855,家居用品,2026-04-27
3877,603176,汇通集团,-0.09,264894166.56,-17.4869342028,-73.9606,-42142296.77,-5.0979515475,-2721.6603,2.259079043877,-3.66,-0.340211164204,13.7674495719,基础建设,2026-04-27
3878,603092,德力佳,0.3964,849473728.34,,-33.3869,142703243.75,,-6.0935,,4.84,,26.0434944871,风电设备,2026-04-27
3879,603079,圣达生物,0.13,203225651.02,9.9529848294,-7.004,21709484.85,469.35,180.2865,7.491961820224,1.71,-0.123382590365,28.8965613422,化学制品,2026-04-27
3880,601699,潞安环能,0.22,6967788255.54,-19.5315820569,-24.2774,657428011.58,-48.95,288.4636,15.787765555722,1.41,-0.809137216911,35.5132342016,煤炭开采,2026-04-27
3881,601518,吉林高速,0.06,252427466.74,-4.9528589377,-58.9822,114374413.27,-4.46,-23.2839,2.909553017877,2.1,0.032640234325,68.7389253004,铁路公路,2026-04-27
3882,600802,福建水泥,-0.04,360283390.21,5.3958383623,-41.7272,-19918820.97,76.54,-4693.6445,2.46823607766,-1.79,0.10392020653,5.0361846349,水泥,2026-04-27
3883,600665,天地源,-0.0715,1068269308.28,204.8603717783,-86.8917,-61810920.22,23.6282336184,94.4827,3.256115398906,-2.17,-0.014718960681,16.536394764,房地产开发,2026-04-27
3884,600642,申能股份,0.207,7337459968.16,-9.0863664777,1.2501,1010763308.77,-12.82,52.3107,7.480512626614,2.8,0.489909088011,20.0790407248,电力,2026-04-27
3885,600592,龙溪股份,0.0746,408597916.85,-13.772754939,0.2856,29824302.15,-15.38,174.015,6.228596469633,1.21,-0.184594461602,30.1584887388,通用设备,2026-04-27
3886,600348,华阳股份,0.17,5817432101.24,-5.5314703614,-9.9286,596933995.28,-31.18,47.1032,7.794423900965,2.15,-0.095285513375,35.9583773462,煤炭开采,2026-04-27
3887,600119,*ST长投,-0.016,65749492.29,-75.4965183111,-50.9012,-5760945.32,-65.6268236535,86.1804,0.375916524628,-3.656,-0.068940423884,18.6300084356,物流,2026-04-27
3888,400089,盛运5,0.0098,78859694.25,14.9810007798,4.2979,34309402.72,32.54,68.3232,0.458689736434,2.15,0.007286643553,51.7676782015,,2026-04-27
3889,301665,泰禾股份,0.19,1032507477.2,18.5033657994,-14.8982,78531353.8,50.94,-20.9372,7.662437349506,2.56,-0.172831765432,26.317933554,农化制品,2026-04-27
3890,301613,新铝时代,0.55,629791361.8,69.885352374,19.1239,52647984.02,20.67,38.5147,16.171463050333,3.45,3.068187477413,20.8957536435,汽车零部件,2026-04-27
3891,301607,富特科技,0.13,506153338.48,94.7913308405,-32.5731,19665171.93,-1.56,62.9634,9.199031397869,1.95,-0.080026209532,18.4034246795,汽车零部件,2026-04-27
3892,301603,乔锋智能,0.62,477826503.09,29.9165133181,-15.5507,74571038.03,44.97,36.7646,17.71027640684,3.55,-1.115457377443,30.1021188904,通用设备,2026-04-27
3893,301591,肯特股份,0.26,113732246.39,16.2334454487,31.4424,21597102.24,26.68,68.3977,10.657696712197,2.44,0.114200061222,42.0569630411,塑料,2026-04-27
3894,301566,达利凯普,0.13,100839890.6,25.3141618043,39.5043,51499681.7,75.79,101.4479,3.499989948701,3.75,0.03907240324,66.9153862708,元件,2026-04-27
3895,301556,托普云农,0.06,80258993.32,21.0354784306,-47.6765,5131826.74,10.64,-89.0502,11.140937578565,0.54,-0.348806969864,38.4187066078,IT服务Ⅱ,2026-04-27
3896,301533,威马农机,0.0983,179043313.29,1.0309569474,-18.2384,9655640.39,-41.67,-50.6684,11.610155602721,0.85,-0.026514661971,17.539628782,专用设备,2026-04-27
3897,301458,钧崴电子,0.13,166711843.9,18.8000140893,-3.9431,34412866.22,57.71,138.8216,6.079461309005,2.73,0.140481697227,50.0512288977,元件,2026-04-27
3898,301389,隆扬电子,0.11,73378588.42,24.1847327769,-7.4444,30675888.02,72.26,3.7205,7.931073081305,1.37,0.086792286984,56.228366351,消费电子,2026-04-27
3899,301379,天山电子,0.1804,394614129.22,31.5238666813,-5.7378,35835633.21,41.81,-21.3953,9.794504996335,2.56,-0.127193684133,20.8830737645,光学光电子,2026-04-27
3900,301372,科净源,0.16,65016104.02,111.3332737798,261.7786,11238333.95,156.92,112.1913,11.438080732748,1.44,-0.141293324786,25.8991784633,环境治理,2026-04-27
3901,301369,联动科技,-0.04,64891573.93,12.585780611,-24.8329,-2635610.91,20.51,-151.4965,21.014227623011,-0.18,-0.36934858634,53.5131412246,半导体,2026-04-27
3902,301331,恩威医药,0.1635,196499491.35,7.0982365092,-21.9578,16305126.89,93.56,5.3603,10.462486401576,1.53,0.239845202664,48.127647965,中药Ⅱ,2026-04-27
3903,301311,昆船智能,-0.07,467801443.76,9.2574851179,-34.507,-15752283.3,-327.49,-224.567,7.613542124958,-0.86,-0.539086563917,9.3451390655,通用设备,2026-04-27
3904,301310,鑫宏业,0.2533,755209839.21,55.3539311314,-17.1913,34429962.92,20.43,66.2888,17.028413963376,1.5,-3.234729695823,10.4077132896,汽车零部件,2026-04-27
3905,301296,新巨丰,0.03,357677616.02,-18.1817924268,-21.7553,13125359.57,-75.01,-77.7997,6.260031709952,0.5,0.011389222143,25.2356092518,包装印刷,2026-04-27
3906,301282,金禄电子,0.1,409657374.24,20.3540640645,-6.0894,15538772.65,19.87,-33.1695,11.188389886651,0.92,0.164260632833,13.9265972731,元件,2026-04-27
3907,301225,恒勃股份,0.33,215537356.02,16.8125973066,-14.1606,33059966.33,11.75,-25.8054,14.506896137648,2.23,-0.357587498936,32.5477732192,汽车零部件,2026-04-27
3908,301222,浙江恒威,0.21,143709260.15,-1.7657237042,-22.9874,20856007.08,-41.04,-50.874,14.09326001348,1.46,0.371865781371,19.3197052584,电池,2026-04-27
3909,301221,光庭信息,0.2595,133666960.95,10.5246485563,-49.6771,24032489.89,835.28,27.3661,21.44372107689,1.22,-0.054354592145,42.6342293301,汽车零部件,2026-04-27
3910,301213,观想科技,0.0142,17337388.48,15.4969501871,-80.7432,1134503.45,25.23,107.979,9.812361892905,0.14,-1.462227249153,71.2501426282,军工电子Ⅱ,2026-04-27
3911,301208,中亦科技,0.09,156402239.56,-10.8872663329,-64.4184,10986817.15,-42.9,-66.3807,12.823501654083,0.72,-1.187440091113,33.5158302192,IT服务Ⅱ,2026-04-27
3912,301207,华兰疫苗,0.0551,24282534.72,-29.0455235001,-85.7538,32777072.14,-15.06,152.9992,10.06229794259,0.54,-0.004305336794,85.9949008239,生物制品,2026-04-27
3913,301197,工大科雅,0.01,48776391.28,0.8893558694,-81.883,1716195.17,31.48,-97.2654,11.292495944002,0.12,-0.411916302057,40.1112721884,通用设备,2026-04-27
3914,301187,欧圣电气,0.251,525810665.5,61.3325425777,14.8912,61540138.67,43.84,-10.6397,8.074619709411,4.11,0.403092416424,31.8055648112,小家电,2026-04-27
3915,301186,超达装备,0.32,157808407.26,-1.977139066,-20.7067,24926600.32,5.48,22.8322,18.939851226475,1.72,0.292809612053,34.5183411491,汽车零部件,2026-04-27
3916,301183,东田微,0.25,156007212.62,26.8795755994,-14.9445,20098048.3,155.43,28.4714,10.978042995625,2.31,-0.22513975875,26.4464470566,光学光电子,2026-04-27
3917,301180,万祥科技,0.01,279724140.38,34.4701774624,-2.2139,3876627.63,2125.47,110.2297,3.271222976901,0.3,0.007049301642,19.3455442053,消费电子,2026-04-27
3918,301172,君逸数码,0.0105,21767026.75,-60.4805643706,-84.7213,1818187.66,-80.13,-88.5275,11.84217623125,0.12,-0.186679809091,39.3243152053,IT服务Ⅱ,2026-04-27
3919,301128,强瑞技术,0.1156,316672927.75,111.2657641931,-7.2821,11961082.17,184.28,-34.2144,11.963130444237,1.36,0.461505769069,22.8480252114,专用设备,2026-04-27
3920,301121,紫建电子,0.0249,233501457.76,4.380294245,-29.4188,2431307.85,-77.86,-90.7345,23.556165907172,0.15,0.755635000115,24.7221260303,电池,2026-04-27
3921,301110,青木科技,0.1082,274480916.28,21.278118754,-20.4855,10015932.27,-58.56,-45.2882,15.444138515933,0.71,-0.073819918171,52.2506347486,互联网电商,2026-04-27
3922,301095,广立微,-0.0696,66484911.29,51.4303704359,-74.3841,-13714960.3,40.11,-118.9019,15.631771426816,-0.46,-0.118227641494,61.9687539031,软件开发,2026-04-27
3923,301090,华润材料,-0.0131,3036250794.63,-16.2040068806,-30.5862,-19425541.5,75.25,93.8621,4.341763191779,-0.3,-0.882609143359,1.2167280758,塑料,2026-04-27
3924,301072,中捷精工,-0.1,195910342.09,15.3447798034,0.8908,-10749715.75,-597.82,56.275,7.285738837445,-1.4,-0.181877297563,8.3742884245,汽车零部件,2026-04-27
3925,301068,大地海洋,0.0586,337720462.2,109.8141984323,-14.6075,8229029.11,-90.04,-98.0652,8.092971736254,0.84,-0.148026378066,18.359647149,环境治理,2026-04-27
3926,301059,金三江,0.07,108822058.72,34.7874850517,-4.5842,15426335.51,9.08,-1.7751,2.627567302015,2.58,0.084287517542,37.0077781046,化学制品,2026-04-27
3927,301041,金百泽,-0.023,152277726.47,-0.2477484249,-17.0024,-2428403.04,-141.66,-113.7633,6.26496295613,-0.36,0.143820096175,21.5652049852,元件,2026-04-27
3928,301035,润丰股份,0.91,2686285834.39,-0.2564156432,-23.4896,256742629.5,67.98,136.5887,24.735664477269,3.78,-0.237774817314,19.2661583631,农化制品,2026-04-27
3929,301021,英诺激光,-0.0455,85027057.21,8.3329402694,-45.6498,-6882216.7,52.09,-132.8186,6.486486563181,-0.7,-0.105065094211,44.749945498,自动化设备,2026-04-27
3930,301013,利和兴,-0.0209,64423863.43,-58.5737338028,-70.4118,-4874294.03,-164.24,40.8708,3.588871108753,-0.58,0.077401395745,6.4293629091,专用设备,2026-04-27
3931,301010,晶雪节能,0.0281,101444120.48,-4.9188849245,-81.7252,3036997.4,-28.55,-73.509,7.803039663148,0.36,0.203017202778,14.9087976005,装修建材,2026-04-27
3932,301009,可靠股份,0.0698,280180366.57,-0.9849502928,-3.1962,18589628.07,1.41,104.2415,4.975591916832,1.38,0.107287850989,24.2951095087,个护用品,2026-04-27
3933,300981,中红医疗,0.0443,629149972.58,15.4539373944,1.7448,18921091.71,1369.95,113.6949,14.083743334595,0.35,-0.029183627456,13.7001799152,医疗器械,2026-04-27
3934,300963,中洲特材,0.03,210061076.49,-14.4773870307,-21.767,12921768.94,-15.49,-43.0206,3.242603617918,1.36,-0.052376891575,20.0137884431,金属新材料,2026-04-27
3935,300957,贝泰妮,0.07,948763070.82,-13.5082581979,-44.7785,28340519.25,-83.97,-67.8988,14.347381775142,0.47,-0.16206854339,77.4712049895,化妆品,2026-04-27
3936,300952,恒辉安防,0.187,281552094.23,18.4583398483,-29.2545,27141575.91,21.51,20.7674,8.960592388092,2.22,0.122446204617,22.0554653269,服装家纺,2026-04-27
3937,300950,德固特,0.16,124702024.14,-31.1854478268,41.5682,23673020.08,-53.24,1724.6068,5.083312258772,3.15,0.10356082383,38.7217393647,专用设备,2026-04-27
3938,300942,易瑞生物,-0.0083,49342908.97,35.2784362111,-25.4653,-3346003.68,52.95,-125.311,1.986887572257,-0.39,-0.003526471767,52.369949866,医疗器械,2026-04-27
3939,300941,创识科技,0.01,34455385.7,-23.9468953322,-53.4427,3032016.88,-79.67,-88.8973,6.29542029602,0.24,-0.349390334994,26.228589599,计算机设备,2026-04-27
3940,300930,屹通新材,0.14,155777427.62,47.6754665584,0.5654,13681222.15,35.46,24.2784,8.9501918025,1.54,-0.1476606952,18.323169888,金属新材料,2026-04-27
3941,300912,凯龙高科,-0.051,170592197.19,-2.3830536945,48.978,-5859691.93,81.83,96.3441,4.534695351446,-1.12,-0.219868987146,14.1407234372,汽车零部件,2026-04-27
3942,300905,宝丽迪,0.15,307626491.52,-5.790224003,-12.4921,26895470.98,4.2,-18.8803,10.665205176731,1.43,0.077168735282,20.2039699581,化学纤维,2026-04-27
3943,300870,欧陆通,0.47,888256987.39,27.6483688902,-21.66,49570718.71,59.06,-55.4916,22.257240518904,2.2,2.063750770381,19.1049505784,其他电源设备Ⅱ,2026-04-27
3944,300851,交大思诺,-0.0431,51002520.43,-12.3193657362,-58.704,-3746974.41,-495.79,-112.9741,14.890745817718,-0.29,-0.471221337254,67.7611701513,轨交设备Ⅱ,2026-04-27
3945,300846,首都在线,-0.0794,305988763.7,-5.525887603,-10.9058,-39736151.73,14.54,74.6435,1.788990860648,-4.35,0.04304264848,11.1142636085,IT服务Ⅱ,2026-04-27
3946,300843,胜蓝股份,0.18,336691832.75,17.177325018,-7.4861,30143209.09,38.44,99.4688,9.461412847644,1.97,0.032271497701,25.3625607525,消费电子,2026-04-27
3947,300840,酷特智能,0.06,155540602.86,-7.2177503997,-9.5289,15388505.58,-86.53,122.888,5.319704297958,1.21,0.069036242083,43.627449767,服装家纺,2026-04-27
3948,300835,龙磁科技,0.2385,256500351.39,1.2004463633,-22.0074,28471484.12,-7.5,144.5564,9.171941467986,2.65,0.027655472011,30.8515076651,金属新材料,2026-04-27
3949,300822,贝仕达克,0.0341,216491334.0,6.5700977609,7.92,10579127.11,-36.68,340.329,4.089957609164,0.85,0.008468949066,23.418230884,消费电子,2026-04-27
3950,300819,聚杰微纤,0.1,125341605.97,5.0619074835,7.0863,14709352.85,30.49,123.6921,5.974438207701,1.66,-0.029044669012,29.7629098664,纺织制造,2026-04-27
3951,300806,斯迪克,0.02,670776062.01,1.0857796761,-1.914,9640574.36,-48.27,767.4681,4.919112975615,0.43,0.178997429019,22.886444713,塑料,2026-04-27
3952,300798,锦鸡股份,-0.0152,261548096.03,21.5312101404,-13.1304,-7141071.16,-203.07,-124.9949,3.610102312092,-0.41,0.037322817473,11.6235475316,化学制品,2026-04-27
3953,300797,钢研纳克,0.0428,219063980.88,7.1821560535,-41.6942,16081067.49,33.28,-72.4611,3.142973967841,1.35,-0.274026950144,44.8920736193,专业服务,2026-04-27
3954,300795,米奥会展,-0.12,17267258.04,-77.3189906555,-94.711,-36791299.72,-864.17,-142.2761,2.542768959511,-6.09,-0.054931968607,39.7823937309,专业服务,2026-04-27
3955,300792,壹网壹创,0.11,247915513.09,-12.105819672,-30.0829,25997463.08,-11.21,238.7688,12.142806654376,0.91,0.253308116565,28.6434912019,互联网电商,2026-04-27
3956,300786,国林科技,-0.04,114858501.16,18.7862683941,-22.2417,-6111382.46,-42.53,58.2143,6.165645529047,-0.56,0.05842913714,18.2607412322,环保设备Ⅱ,2026-04-27
3957,300763,锦浪科技,0.49,1517642435.9,8.6482789425,9.9187,194703647.78,859.78,773.7924,21.317170968434,2.31,0.622562306065,32.0689571791,光伏设备,2026-04-27
3958,300749,顶固集创,0.005,204950180.04,-6.9654556324,-11.1978,997242.16,110.73,100.6021,2.612514867763,0.18,-0.411806758464,21.5397311832,家居用品,2026-04-27
3959,300730,科创信息,-0.11,15345428.04,-80.5707977693,-90.5534,-25687747.38,-51.99,-1647.5415,1.177014421855,-8.65,-0.295059291148,12.87466472,软件开发,2026-04-27
3960,300729,乐歌股份,0.15,1544316196.98,37.690930383,-8.911,51766253.73,-35.17,-26.5534,10.754354128216,1.41,0.251111990281,25.9259845822,家居用品,2026-04-27
3961,300724,捷佳伟创,2.04,4099121497.36,58.952645915,-37.3527,708043630.69,22.42,-4.4246,33.928610087857,6.19,2.322304582622,27.5162967776,光伏设备,2026-04-27
3962,300709,精研科技,-0.09,469173977.08,20.661487791,-19.6081,-17496157.16,35.45,-187.1649,11.511425988999,-0.81,-0.394266678639,22.8491812029,消费电子,2026-04-27
3963,300700,岱勒新材,-0.0812,100865208.38,-24.378727643,41.5525,-32003805.16,-19231.1,79.8402,2.348915270183,-3.41,-0.078062442177,-10.3810582441,通用设备,2026-04-27
3964,300692,中赋科技,0.0487,194834994.74,-11.5900046917,-24.3268,20671530.39,-35.43,237.3874,5.08609368741,0.91,0.09600286629,42.6072688435,环境治理,2026-04-27
3965,300671,富满微,-0.12,168747069.2,16.129146082,-9.2296,-25052803.29,11.19,85.8221,7.396738276041,-1.46,-0.066458250516,6.5763046983,半导体,2026-04-27
3966,300670,大烨智能,-0.0566,70730978.51,-35.2284186851,25.8922,-17931789.34,-409.89,-365.4291,1.966236785222,-2.84,0.012528864914,-1.4355725615,电网设备,2026-04-27
3967,300663,科蓝软件,-0.012,175605123.8,-29.4255014596,51.9824,-5756773.28,-3.57,98.9092,1.580968816102,-0.71,0.015967551026,28.4691756301,软件开发,2026-04-27
3968,300661,圣邦股份,0.0971,789561054.7,8.3007659435,-12.4799,59766696.38,9.9,-72.2462,9.638607840752,1.29,0.193595482311,49.0653292616,半导体,2026-04-27
3969,300648,星云股份,-0.0272,228541091.99,21.2627051975,-21.0774,-4022319.88,85.43,88.5467,5.179190808517,-0.52,0.325216114075,37.7279876451,电池,2026-04-27
3970,300640,德艺文创,0.0126,263178564.35,37.7791297788,8.9109,3928404.07,138.27,279.9204,2.59940291648,0.49,-0.097830745182,15.0012146192,家居用品,2026-04-27
3971,300504,天邑股份,-0.09,330883844.16,-38.5458994883,4.1794,-23270668.94,-226.79,64.1436,7.930046897444,-1.08,0.333192586591,8.3618828959,通信设备,2026-04-27
3972,300496,中科创达,0.2012,1468849945.58,24.6866190412,-13.104,92572818.22,2.0,-63.7665,21.485897390781,0.94,0.26600312291,36.2809363314,IT服务Ⅱ,2026-04-27
3973,300486,东杰智能,0.01,259509426.96,22.6455017135,1.6868,4135468.46,164.42,102.294,2.619053991226,0.36,-0.439001127085,17.9629989115,自动化设备,2026-04-27
3974,300472,*ST新元,-0.06,3808294.43,-94.7421600495,102.7001,-17228373.34,-21.73,94.5246,0.030978706022,-95.31,-0.027440325184,-10.9119231099,专用设备,2026-04-27
3975,300462,ST华铭,-0.0249,117589913.1,-27.1552193678,-45.029,-4505542.24,75.84,-110.7396,7.859752501543,-0.31,-0.003768498768,31.5272787373,计算机设备,2026-04-27
3976,300457,赢合科技,0.02,1338056868.13,-28.2854872242,-34.5833,15164196.55,-90.43,105.8153,9.819082155593,0.23,-0.615076106393,28.1125937013,电池,2026-04-27
3977,300453,三鑫医疗,0.1028,360576957.37,8.8833682923,-13.761,53725693.38,0.2,-9.6886,2.647552050462,3.98,0.108481752034,34.6204354212,医疗器械,2026-04-27
3978,300448,浩云科技,-0.0091,60696888.12,-26.0648183683,-37.2479,-6074158.91,-294.29,86.072,1.872470669687,-0.48,0.005822342676,29.4372425728,IT服务Ⅱ,2026-04-27
3979,300440,运达科技,-0.0272,86159543.58,83.5848518184,-83.7946,-11805280.7,38.98,-227.3542,3.601779847206,-0.74,-0.193958019781,34.2595680333,IT服务Ⅱ,2026-04-27
3980,300406,九强生物,0.14,319809793.71,-18.8083406055,-24.1322,83257495.41,-30.99,-47.7194,6.872258025072,1.99,0.120590697809,80.8403353039,医疗器械,2026-04-27
3981,300403,汉宇集团,0.0922,281014889.96,5.5968851064,-12.7894,55574733.56,-2.12,-0.3543,3.415560638126,2.73,0.077136982769,33.6211222165,家电零部件Ⅱ,2026-04-27
3982,300374,中铁装配,-0.13,261318484.76,-17.8899207282,-62.7902,-31477092.7,5.07,-1090.6603,3.39409644824,-3.74,0.021262225856,1.3279886699,基础建设,2026-04-27
3983,300351,永贵电器,0.06,445924286.11,11.1433004383,-31.312,23263095.93,-42.0,-7.482,6.356672355702,0.95,-0.145183421443,23.7167844641,轨交设备Ⅱ,2026-04-27
3984,300350,华鹏飞,-0.0088,78735070.6,23.0902736074,-0.179,-4937570.24,-111.84,8.0841,1.626179817452,-0.54,-0.026599550292,8.119539922,物流,2026-04-27
3985,300340,科恒股份,0.0084,416455198.11,-4.0955394773,-22.3283,2313683.63,117.15,102.9255,0.201551065604,4.24,0.20930418655,10.1376524586,电池,2026-04-27
3986,300291,百纳千成,-0.0009,68611299.32,38.0136155069,-3.0986,-823543.93,-123.37,99.7571,3.33081985379,-0.03,-0.012924070678,13.4169657494,影视院线,2026-04-27
3987,300290,ST荣科,-0.0402,121638055.62,0.5181607753,-58.4103,-25713502.34,-84.9,-795.1779,1.243556721059,-3.18,-0.144472957402,33.9105697224,IT服务Ⅱ,2026-04-27
3988,300279,和晶科技,0.0784,459911920.32,-13.2968645623,-10.2622,38357822.03,362.86,6468.7363,2.063520828043,3.87,0.08636905933,16.7429736386,家电零部件Ⅱ,2026-04-27
3989,300277,汽轮科技,0.03,1102958925.53,3724.1485699019,-73.6808,41303731.21,-882.47,-120.3962,1.465846683194,0.44,-0.979143679493,26.276832339,IT服务Ⅱ,2026-04-27
3990,300266,兴源环境,-0.0166,165961322.29,-4.699412517,-52.603,-25869351.48,-29.13,82.5296,0.042062610705,-33.04,0.030170221357,11.1537905306,环境治理,2026-04-27
3991,300214,日科化学,-0.0186,931593350.81,53.5603031528,-15.5945,-8634199.21,0.91,45.4556,5.235251771352,-0.35,0.030265496552,4.5769268322,化学制品,2026-04-27
3992,300194,福安药业,0.06,467678211.11,-42.2191291177,18.0451,69049030.79,-43.63,417.1821,3.736623052571,1.56,0.022450251501,40.7385945259,化学制药,2026-04-27
3993,300181,佐力药业,0.2583,824425237.08,22.51840451,54.6767,181151432.46,27.2,109.9289,4.447399101026,6.34,-0.110407439863,60.8968351901,中药Ⅱ,2026-04-27
3994,300174,元力股份,0.13,433839058.21,-7.144514393,-10.8328,46840739.96,-39.66,-35.3752,9.208042801803,1.41,-0.069410968897,23.3470960217,化学制品,2026-04-27
3995,300173,ST福能,0.0077,164418264.55,-17.3007477909,-80.8849,5668734.78,-87.3,-92.5841,1.350421428257,0.57,0.119492021674,16.9122737405,电池,2026-04-27
3996,300155,安居宝,-0.0142,30795195.61,-32.7823965518,-41.3,-7960512.23,-356.62,73.9086,2.226991225206,-0.63,-0.028248686027,37.6298693691,计算机设备,2026-04-27
3997,300153,科泰电源,0.0433,362856144.78,36.8194407383,-32.7818,13857170.53,55.94,39.0539,2.766594333094,1.58,0.038179597719,15.7741847791,其他电源设备Ⅱ,2026-04-27
3998,300145,南方泵业,0.0347,1054453159.0,2.0186940115,-28.2136,66737761.64,-25.25,298.4434,1.404962731141,2.51,-0.050271092189,36.4802650006,通用设备,2026-04-27
3999,300141,和顺电气,-0.0521,51185524.26,-26.6701683045,-64.3717,-13218635.8,-1642.55,49.5971,2.526810865921,-2.05,-0.244718787079,21.1725354711,电网设备,2026-04-27
4000,300135,宝利国际,0.0035,229775823.19,-42.8172256537,-21.2838,3238987.49,-26.61,-78.8683,1.05018678712,0.34,-0.026705182292,1.8310110705,炼化及贸易,2026-04-27
4001,300134,大富科技,-0.07,547484827.52,2.7319328202,-7.7923,-55219548.76,10.05,78.0738,5.090280719075,-1.4,-0.045378959147,11.8655008659,通信设备,2026-04-27
4002,300111,向日葵,-0.0001,72231172.35,-13.694997127,-30.1388,-130948.16,-123.77,-102.5971,0.53302641673,-0.02,0.021983132212,17.943705326,化学制药,2026-04-27
4003,300103,达刚控股,-0.0174,35047594.0,-18.4260397238,9.4243,-5535616.93,-19.38,93.6925,1.596805062704,-1.09,-0.005252087462,29.474845891,专用设备,2026-04-27
4004,003039,顺控发展,0.085,497529664.41,22.9220173727,-1.3926,52502661.45,3.91,-17.6664,4.512994097232,1.9,0.168384364908,38.5338938689,环境治理,2026-04-27
4005,003038,鑫铂股份,0.14,1981236459.28,12.0785116918,-16.9966,34855507.68,-15.12,7.8612,12.305018701741,1.15,0.781683162816,7.0030301002,工业金属,2026-04-27
4006,003009,中天火箭,-0.1126,86270407.17,-59.3688203666,-69.3318,-17503118.57,-325.29,-835.1504,10.020198139787,-1.08,-0.503690655093,5.8403152544,航天装备Ⅱ,2026-04-27
4007,002988,豪美新材,0.1668,1673834525.27,18.5902891927,-8.7755,41366266.87,-29.55,10.0397,10.800673978792,1.54,-0.332844218776,10.7146724722,工业金属,2026-04-27
4008,002976,瑞玛精密,0.11,447678519.27,42.8453762435,-21.8856,12915094.76,474.77,165.6282,6.474411905275,1.55,-0.275599979368,23.7627420215,汽车零部件,2026-04-27
4009,002972,科安达,0.1308,81256633.96,16.5574963384,-31.6474,32028256.36,20.88,66.3119,5.082380293144,2.6,0.127003236104,60.3426384905,轨交设备Ⅱ,2026-04-27
4010,002969,嘉美包装,0.0132,602470557.81,-17.1042892677,-46.2153,12572942.03,-73.8,-88.4683,2.435059128153,0.52,0.174224244053,11.1159791681,包装印刷,2026-04-27
4011,002952,亚世光电,0.03,194742326.47,31.4049276337,-2.2429,4459271.52,-42.46,3691.7975,5.292550937751,0.51,-0.229988442071,13.1776236041,光学光电子,2026-04-27
4012,002928,华夏航空,0.0644,1773919947.16,9.7838083068,15.07,81976770.82,232.31,312.2218,2.694035728318,2.41,0.28865817855,0.7863293917,航空机场,2026-04-27
4013,002915,中欣氟材,0.0096,355744197.67,11.9654447147,-5.4823,3115476.97,22.0,102.1858,4.000043333058,0.24,-0.068036924386,17.6454303573,化学制品,2026-04-27
4014,002892,科力尔,0.003,420478792.22,22.1446923925,-2.7733,2239764.82,-79.38,121.0439,2.075471314605,0.17,-0.095965842797,16.815666271,电机Ⅱ,2026-04-27
4015,002888,惠威科技,0.0027,56398373.15,29.1849708421,-43.6592,394550.41,112.07,-94.3096,2.627290774958,0.1,-0.017634469582,29.4886006654,消费电子,2026-04-27
4016,002880,卫光生物,0.193,225002020.97,-0.574646418,-35.5462,43768169.85,-6.54,-38.1943,9.943533954982,1.96,0.093619085935,41.1151132471,生物制品,2026-04-27
4017,002877,智能自控,0.015,184113047.68,-16.9462766476,-40.3212,5419883.04,-61.8,149.3454,3.237700965193,0.46,-0.039441371609,31.5180959097,通用设备,2026-04-27
4018,002845,同兴达,-0.13,2100900748.4,-8.8368967268,-19.1043,-41183587.11,-651.28,-3.1135,8.094201417544,-1.51,-0.179472755698,5.9885723781,光学光电子,2026-04-27
4019,002836,新宏泽,0.07,101185819.35,49.2700181877,-1.3048,16007339.18,51.17,-4.2973,1.68407028125,4.21,0.176647753863,33.2687200007,包装印刷,2026-04-27
4020,002810,山东赫达,0.1322,466929368.03,7.2480026776,-10.4366,45169304.48,-15.73,91.4837,6.255123602277,2.02,0.022813284726,25.2394691637,化学制品,2026-04-27
4021,002809,红墙股份,0.01,129940492.97,4.1043802667,-35.3144,2536877.12,-80.56,-71.2856,7.666828300143,0.15,-0.100888731125,22.1802953192,化学制品,2026-04-27
4022,002796,世嘉科技,-0.08,178360395.36,-9.79081156,-29.7964,-18795743.31,-119.59,-129.3503,3.490880491611,-2.11,-0.104019662512,7.3227498648,通信设备,2026-04-27
4023,002769,普路通,0.08,210679615.16,64.1805614749,17.5105,30816980.96,240.26,176.904,3.153910868131,2.66,0.799950667213,54.6371474917,物流,2026-04-27
4024,002762,金发拉比,-0.0073,76063255.42,74.8481538717,-11.6745,-2174219.38,-545.99,-103.501,2.444483079641,-0.25,-0.002716805282,35.8523323771,服装家纺,2026-04-27
4025,002739,儒意电影,0.3809,4708759606.24,23.22528595,87.2298,830066928.54,154.72,174.8653,3.64857809307,11.37,0.604757046035,34.4373845739,影视院线,2026-04-27
4026,002707,众信旅游,0.019,1165429439.36,13.7360413373,-32.7194,18960528.12,-32.39,207.8443,0.894082446452,2.18,0.009654059205,15.0798444311,旅游及景区,2026-04-27
4027,002703,浙江世宝,0.0592,717806101.77,45.4696704831,-18.0494,48734998.79,123.77,31.2158,2.421269536539,2.48,0.092272023806,18.1552334368,汽车零部件,2026-04-27
4028,002653,海思科,0.04,892013011.11,18.5976514286,-8.0502,46611871.33,-49.31,241.8229,3.675203960662,1.13,0.016360183452,70.2875649784,化学制药,2026-04-27
4029,002651,利君股份,0.04,175204649.02,-14.6693440029,-22.5651,46389197.99,-17.8,4844.077,2.735261099085,1.65,-0.025986054003,44.9230007595,航空装备Ⅱ,2026-04-27
4030,002650,ST加加,0.014,420205051.94,-13.760802695,58.9313,15077943.71,129.63,108.6054,1.640720446073,0.8,0.073056850615,28.7005982563,调味发酵品Ⅱ,2026-04-27
4031,002587,奥拓电子,0.021,184643548.49,2.7239518863,-28.2942,13602733.89,2139.84,172.7047,2.044584918156,1.03,-0.087467537427,37.8435540107,光学光电子,2026-04-27
4032,002578,闽发铝业,0.0022,299346451.54,-26.6825555857,-51.5533,2061851.88,-76.46,126.8472,1.628162540976,0.13,0.008818949689,4.5645477772,工业金属,2026-04-27
4033,002562,兄弟科技,0.0197,918891681.54,12.097735094,9.1445,20908132.12,182.95,152.6786,2.938475304367,0.67,-0.034788210548,17.380046532,化学制品,2026-04-27
4034,002529,海源复材,-0.0896,96436346.06,124.2806628282,35.3117,-23286836.04,-0.04,80.3109,1.030989477,-8.33,0.070169893192,-3.9354176253,专用设备,2026-04-27
4035,002518,科士达,0.19,943431003.63,13.5141099521,-24.3582,111053036.94,-10.44,197.3684,7.656061131573,2.52,-0.225684091057,29.370280023,其他电源设备Ⅱ,2026-04-27
4036,002507,涪陵榨菜,0.24,713006256.61,-4.7542847237,67.8981,272273546.61,0.24,111.7594,7.773380528387,3.08,0.017103026895,55.9566096919,调味发酵品Ⅱ,2026-04-27
4037,002497,雅化集团,0.0715,1536810796.36,-17.0305689731,-14.2037,82464357.86,452.32,-19.5485,9.187083711476,0.79,-0.471344085655,18.2200885765,化学制品,2026-04-27
4038,002496,辉丰股份,0.0104,74023205.0,29.3661097089,-41.6519,15658160.51,-67.63,110.0117,0.89128283842,1.17,0.009856988143,13.9349663798,农化制品,2026-04-27
4039,002488,金固股份,0.0078,886635511.19,8.4786114355,87.7894,7738804.34,-21.89,184.2239,3.487355269004,0.22,-0.173919969948,12.0693753644,汽车零部件,2026-04-27
4040,002456,欧菲光,-0.018,4881633685.64,5.0714715093,-18.1671,-58949758.6,-470.51,-623.411,1.100906920512,-1.62,0.011338847231,10.3567050641,光学光电子,2026-04-27
4041,002425,凯撒文化,0.0039,178951189.24,19.7501007772,40.5993,3656692.74,-39.31,100.8465,3.125858654161,0.12,0.033974629351,15.7002754602,游戏Ⅱ,2026-04-27
4042,002335,科华数据,0.15,1216323160.43,2.7313163953,-48.5434,68944329.58,-6.26,-10.5885,11.61223064067,1.46,0.090934617626,30.1441375654,其他电源设备Ⅱ,2026-04-27
4043,002270,华明装备,0.1912,509529371.82,12.9214206035,-18.2883,171340971.69,35.0,42.1986,3.734262633583,5.26,0.068572014835,55.2055981199,电网设备,2026-04-27
4044,002246,北化股份,0.0537,443674292.18,49.4982701065,-31.3685,29507871.7,365.32,61.8619,5.189971742683,1.04,-0.110155063524,29.2359786236,化学制品,2026-04-27
4045,002237,恒邦股份,0.14,18959157265.86,-8.8831627954,7.4773,159228016.35,10.52,116.587,8.316819443558,1.61,-2.293318347413,3.1971143575,贵金属,2026-04-27
4046,002228,合兴包装,0.04,2495816232.03,-8.7505079563,-13.4035,49760003.08,48.23,197.8231,2.625121454685,1.56,0.129442767349,13.352132186,包装印刷,2026-04-27
4047,002216,三全食品,0.24,2218133561.43,-1.5800479733,47.1403,208508839.24,-9.22,40.882,5.255370196571,4.62,-0.283615986763,25.3245855862,食品加工,2026-04-27
4048,002210,飞马国际,-0.0003,54663876.53,-12.1349435504,135.6489,-768247.93,-112.24,84.8164,0.188113183481,-0.21,-0.001203794013,29.657767687,环境治理,2026-04-27
4049,002205,国统股份,-0.1696,27206020.68,-48.7504540783,-90.869,-31525882.75,-51.15,85.5605,1.880669764303,-8.63,-0.056299414526,40.442534428,水泥,2026-04-27
4050,002155,湖南黄金,0.21,13121278586.44,67.8273543481,91.5779,332326414.49,104.63,84.9161,5.963750257772,4.75,0.188698689616,4.8691957483,贵金属,2026-04-27
4051,002151,北斗星通,-0.05,318241852.43,13.6267764647,-26.9461,-29622281.32,35.96,89.6454,9.348098054205,-0.58,0.198324530549,33.0709956457,军工电子Ⅱ,2026-04-27
4052,002144,宏达高科,0.1,122989411.07,1.6462687358,-30.6278,17569076.18,-1.73,146.7385,11.697985934044,0.86,0.121465321937,30.1657339662,纺织制造,2026-04-27
4053,002115,三维通信,0.0016,2289745165.59,-18.5387415889,-5.6818,1317430.97,-91.7,100.5338,2.564303984213,0.06,-0.171363211352,4.8090220089,通信服务,2026-04-27
4054,002104,恒宝股份,0.0338,247638957.91,4.4492622478,12.3057,23935679.95,-8.75,561.7281,3.075202101305,1.11,-0.036922402763,29.312155342,通信设备,2026-04-27
4055,002007,华兰生物,0.1715,867612696.57,10.1997100079,-2.3562,313135984.76,19.62,90.7108,6.655874658357,2.61,0.007753023617,56.2812496152,生物制品,2026-04-27
4056,001396,誉帆科技,-0.0198,106617486.66,,-57.575,-1589233.11,,-102.8392,,-0.24,,31.9751781419,基础建设,2026-04-27
4057,001373,翔腾新材,-0.0324,138104695.11,-18.9986615734,2.5445,-2222053.06,-161.93,-297.2849,13.0281628102,-0.25,0.057911989258,10.697039263,光学光电子,2026-04-27
4058,001337,四川黄金,0.23,208315814.4,9.7117498442,85.7369,95873061.63,24.87,87.3229,3.709341157429,6.36,0.227604785,63.157350458,贵金属,2026-04-27
4059,001332,锡装股份,0.42,192786078.6,-3.9825102159,-46.7149,46378452.9,18.44,-2.0814,22.182299028636,1.92,0.112891468182,39.4845312809,专用设备,2026-04-27
4060,001318,阳光乳业,0.078,104943144.28,-3.6173515364,-21.6422,22059641.87,2.58,-24.1492,5.050278219168,1.52,0.074270629909,35.596596039,饮料乳品,2026-04-27
4061,001313,粤海饲料,-0.04,932640187.45,9.5833588845,-36.0183,-24668647.25,56.07,-37.1752,3.647719951357,-0.96,-0.678342940129,8.8116731979,饲料,2026-04-27
4062,001300,三柏硕,0.0268,138409098.0,-12.3414523803,-8.9409,6526018.17,-46.61,310.8079,4.309657188282,0.62,-0.065110749375,21.210659006,文娱用品,2026-04-27
4063,001259,利仁科技,0.0288,108211212.38,-12.1330802583,-9.0921,2118757.5,-82.96,188.7434,9.836104079464,0.29,0.096212040193,25.4220372593,小家电,2026-04-27
4064,001234,泰慕士,0.19,217539079.34,-11.1204349704,-10.257,20813974.92,-29.32,288.4284,8.465395833642,2.28,0.362347143065,19.0456130943,服装家纺,2026-04-27
4065,001231,农心科技,0.19,207671491.74,38.9608435924,20.4398,18383925.7,20.83,-25.8601,9.7913598726,1.9,-0.7338012897,27.9609888018,农化制品,2026-04-27
4066,001229,魅视科技,0.06,27311326.06,-1.6337044147,-65.5997,5857541.26,-59.23,-78.9879,9.9861650937,0.59,0.2223479223,54.1667353226,计算机设备,2026-04-27
4067,001221,悍高集团,0.32,626123479.73,26.7520804383,-26.1211,115592709.18,40.31,-36.2082,5.172130795056,6.41,0.019474582306,35.1467720177,家居用品,2026-04-27
4068,000995,皇台酒业,0.0194,38673686.87,6.3951829481,-34.3676,3437345.98,294.78,-32.265,0.877877515276,2.23,-0.076850346771,67.0205407287,白酒Ⅱ,2026-04-27
4069,000988,华工科技,0.41,3355471582.66,52.2772234971,23.9338,409904500.42,40.88,44.7662,10.528950217386,3.95,-0.340593357408,20.4869217395,自动化设备,2026-04-27
4070,000929,兰州黄河,0.0389,47671749.66,-11.4851251068,46.1467,7232654.82,934.62,111.8207,2.657285582184,1.48,-0.104471751451,15.2537556768,非白酒,2026-04-27
4071,000828,东莞控股,0.2108,365624276.17,-10.9485620312,-3.3397,219083118.27,-45.58,-4.1371,9.66163270878,2.2,0.373139074075,69.4231006537,铁路公路,2026-04-27
4072,000779,甘咨询,0.1183,412727328.08,-4.1417855003,-31.978,55001191.91,3.84,50.3136,8.332901506701,1.43,-0.36787947376,41.938257664,工程咨询服务Ⅱ,2026-04-27
4073,000752,*ST西发,0.0263,103850442.27,15.804392671,-14.8819,6931659.64,791.12,214.4444,1.238788941396,2.64,0.140068969533,42.8144033652,非白酒,2026-04-27
4074,000738,航发控制,0.1116,1348771438.4,-4.6914320732,6.0966,146811592.82,-43.61,20.947,9.502018172832,1.18,0.348422899618,25.1060950373,航空装备Ⅱ,2026-04-27
4075,000736,中交发展,-0.66,11769570366.02,224.1910096612,77.0022,-493060281.67,-127.73,86.475,-5.450405455814,,-0.141446209052,0.9169997837,房地产服务,2026-04-27
4076,000719,中原传媒,0.1075,1916065289.47,1.0422575442,-39.3268,109965381.13,234.61,-78.9221,11.338147011696,0.95,-0.379169035785,33.1619405081,出版,2026-04-27
4077,000657,中钨高新,0.14,3393606235.72,3.5771639071,-24.8645,252738310.16,3.24,-69.8659,4.582076718578,3.18,-0.224157411866,22.1198733883,小金属,2026-04-27
4078,000652,泰达股份,0.0052,4132224762.48,-7.1674105154,-12.0851,7617219.39,0.57,132.6541,3.883730023511,0.13,0.001240089561,4.0180564643,环境治理,2026-04-27
4079,000617,中油资本,0.1,8917842423.99,-7.77,-8.7857,1280140221.95,-26.57,309.1991,8.100376714264,1.25,-6.330932217872,52.4415718726,多元金融,2026-04-27
4080,000615,*ST美谷,-0.05,237720630.92,-13.4852460349,-20.8244,-41179136.24,-52.45,84.5778,-0.238292762917,,0.002901264719,18.2211107729,医疗美容,2026-04-27
4081,000572,海马汽车,-0.0182,275378071.07,-37.9775397669,-62.7467,-30003784.66,65.08,84.683,1.049703209176,-1.72,-0.018002979426,12.1723372187,乘用车,2026-04-27
4082,000529,广弘控股,0.0238,508630889.66,-8.5400946439,12.12,13919384.9,1.7,-62.0545,5.457908294867,0.44,-0.248046952371,6.4467360844,食品加工,2026-04-27
4083,000518,四环生物,-0.0155,43841686.93,-22.2649286834,-7.7462,-15914724.6,-436.35,83.3138,0.345584386231,-2.84,0.009447546421,64.3837062088,生物制品,2026-04-27
4084,000156,华数传媒,0.0705,2119120872.19,3.6188522794,-30.4365,130577388.58,17.16,-28.3545,8.132388622666,0.87,-0.235570440231,30.8575731258,电视广播Ⅱ,2026-04-27
4085,000070,特发信息,-0.0167,789875949.84,-26.1594894829,-9.2582,-15056442.93,-206.19,96.3005,1.650794355653,-1.01,-0.208661179424,17.0309763827,通信设备,2026-04-27
4086,000065,北方国际,0.1707,3649622619.29,-27.2168049365,-26.3935,176876371.12,-32.97,-39.4257,9.259456775865,1.72,0.312156144004,13.0317706035,专业工程,2026-04-27
4087,900946,天雁B股,0.0008,110689040.03,10.0828906313,-17.3962,882621.16,40.44,-69.3998,0.718924177027,0.11,-0.016701753062,8.7804344471,汽车零部件,2026-04-25
4088,900906,中毅达B,0.0128,270350565.26,-5.3992324162,-6.3898,13760958.82,232.416243776,1278.5508,0.075617970119,18.68,-0.001894397403,16.4215283061,化学原料,2026-04-25
4089,900902,市北B股,-0.021,363622384.49,64.5623687761,-80.1316,-39285717.1,37.6974172594,-130.629,3.407930848919,-0.61,-0.060594229774,22.2999326798,房地产开发,2026-04-25
4090,900901,云赛B股,0.031,1410416169.56,-2.0676576216,-12.4413,42122266.98,-29.03,-5.2677,3.505010213831,0.88,-0.319554125155,17.2868931484,软件开发,2026-04-25
4091,688788,科思科技,-0.3739,20759952.76,45.2449764227,-56.9087,-58352536.93,-9.0,23.6864,20.01960524294,-2.72,-0.495405388711,24.8248842836,军工电子Ⅱ,2026-04-25
4092,688777,中控技术,0.15,1607199080.04,-7.5506371845,-42.6317,120092771.78,-17.42,-69.9971,13.190742307147,1.16,-0.662659493568,30.3581212663,自动化设备,2026-04-25
4093,688767,博拓生物,0.06,87886678.18,-35.1995502761,-48.4907,8732428.9,-77.97,-89.1258,22.710365691655,0.36,0.258496583098,46.1753931431,医疗器械,2026-04-25
4094,688757,胜科纳米,0.0317,108548186.51,25.1104382119,-10.4614,11519012.52,34.14,-56.6195,2.269458839613,1.88,0.097714806689,44.0480007057,专业服务,2026-04-25
4095,688755,汉邦科技,0.17,165231383.94,19.88,-20.3412,11103736.76,93.79,-67.9044,11.44677159303,1.49,-0.525408419697,37.0262348721,专用设备,2026-04-25
4096,688722,同益中,0.19,252990448.8,126.8984859617,14.1007,43400879.01,147.35,-10.8789,6.162602089228,3.18,0.069780376843,32.9299470929,化学纤维,2026-04-25
4097,688720,艾森股份,0.09,126173981.46,54.1344260705,5.2303,7563749.14,0.71,-21.5973,11.140390428439,0.8,0.124774688882,26.5603294136,半导体,2026-04-25
4098,688712,北芯生命,0.06,127510373.27,104.9047363211,60.9851,20606052.2,207.8540326084,263.9177,,2.91,,67.0666877501,医疗器械,2026-04-25
4099,688707,振华新材,-0.19,271645830.17,-57.3115385639,-45.8672,-97687861.21,28.5681668293,50.2721,8.495253558444,-2.24,0.659136748648,-22.2126532891,电池,2026-04-25
4100,688692,达梦数据,0.87,258126268.7,55.6056610334,-37.7954,98161706.63,76.39,-47.6497,43.890969838947,2.99,-1.338522894079,96.9230754623,软件开发,2026-04-25
4101,688687,凯因科技,0.15,231594549.4,8.8966009933,5.4122,25668499.89,15.92,-25.1698,10.968636608745,1.38,0.034326632489,82.9537449943,生物制品,2026-04-25
4102,688677,海泰新光,0.39,146890114.27,24.8620547338,18.3076,46688665.42,21.45,23.0186,11.141038044506,3.49,0.530433634072,64.9822132104,医疗器械,2026-04-25
4103,688663,新风光,0.2,395502469.68,11.809016799,-51.1177,28092538.45,-30.47,-49.0173,9.90021278278,2.0,-0.605899985138,22.6382162424,电网设备,2026-04-25
4104,688659,元琛科技,0.02,128979148.46,3.3502203286,-24.0866,2520528.06,55.89,103.7243,3.438951009813,0.46,0.01166298275,26.495000043,化学制品,2026-04-25
4105,688657,浩辰软件,0.11,58794021.99,4.5163491964,-35.5813,6863914.34,13.9,-75.753,21.597449861777,0.49,-0.219515581853,91.2619791501,软件开发,2026-04-25
4106,688655,迅捷兴,-0.04,123530947.47,21.4221041739,-2.9502,-4854681.9,-285.4741825744,-42.9554,5.076645956444,-0.72,-0.068425705225,19.0053104593,元件,2026-04-25
4107,688638,誉辰智能,-0.82,95604339.21,-27.0888376359,31.4776,-45876715.83,-150.39,23.0047,16.431368965,-4.84,0.484007152857,9.4578553492,电池,2026-04-25
4108,688631,莱斯信息,-0.09,108871658.6,-55.527798978,-84.2712,-14933401.65,5.0971573702,-113.1611,11.69540973255,-0.78,-2.144247105035,36.5144779653,软件开发,2026-04-25
4109,688628,优利德,0.5,311046902.64,9.5790492788,12.3445,55106577.26,0.91,73.2256,11.587859839898,4.36,0.726262909804,42.957942055,通用设备,2026-04-25
4110,688607,康众医疗,-0.04,58438952.04,10.3251093476,-43.0412,-3281292.0,-380.74,-164.7654,9.754361885784,-0.38,-0.392999148396,35.8888742147,医疗器械,2026-04-25
4111,688600,皖仪科技,-0.04,134286929.36,16.8664084983,-52.8181,-5450922.09,83.7849254254,-113.2657,5.488595085803,-0.7,-0.181569289063,50.0370290394,通用设备,2026-04-25
4112,688597,煜邦电力,0.02,137156077.29,43.814912593,-65.5349,5378460.56,168.0806254893,-89.9128,3.251966991937,0.54,-0.076248659093,35.9014982514,电网设备,2026-04-25
4113,688593,新相微,0.005,150323823.8,49.9546609919,-8.5012,2185135.59,119.0600634687,-56.3842,3.373261959737,0.14,0.172054114982,14.4431809018,半导体,2026-04-25
4114,688589,力合微,0.09,97787703.1,-24.6984095363,-42.7534,12593180.73,-46.08,-62.9477,8.130052016076,1.17,-0.342756488412,47.2936606893,半导体,2026-04-25
4115,688568,中科星图,0.0257,504334589.59,20.4807842883,-59.6622,20776555.9,971.0,-89.9151,6.977625914872,0.54,-0.535595473807,49.1220257114,IT服务Ⅱ,2026-04-25
4116,688553,汇宇制药,-0.06,239052524.64,-1.4639745733,-1.4371,-25626485.3,-155.19,-126.1394,9.331480127998,-0.65,0.006047976889,83.6191952798,化学制药,2026-04-25
4117,688548,广钢气体,0.04,548339548.06,18.9526803507,-9.3655,56440603.84,-15.95,-15.3269,4.458147137994,0.96,0.118341397178,25.7532149231,电子化学品Ⅱ,2026-04-25
4118,688539,高华科技,0.02,65222251.21,-13.0508634583,-33.7289,3791273.85,-79.81,-63.6542,9.286548432982,0.22,-0.133897455787,42.0382648733,元件,2026-04-25
4119,688530,欧莱新材,-0.01,87320620.42,-21.626552625,-37.5578,-1230166.3,-111.6,-106.7242,5.345343588369,-0.14,0.186096995677,14.4780722803,半导体,2026-04-25
4120,688523,航天环宇,0.0246,61312025.14,40.6059168616,-73.7022,9943377.82,145.34,-80.2603,4.034585437058,0.61,-0.193169424622,46.1807296454,航天装备Ⅱ,2026-04-25
4121,688479,友车科技,0.04,93763066.93,-34.5237584065,-44.5292,5602268.41,-82.5,-73.6282,13.298860610571,0.29,-0.243318061301,34.1288087706,软件开发,2026-04-25
4122,688456,有研粉材,0.1,795686885.14,20.3418623489,-8.5945,10336836.9,5.71,-45.6567,11.775891872371,0.85,-1.189599945688,7.3246028543,金属新材料,2026-04-25
4123,688455,科捷智能,-0.26,154438226.2,2.3399329939,-78.9984,-43456374.12,-31.8150437291,-1737.792,5.116626398948,-4.36,-1.030361571143,15.3746752176,自动化设备,2026-04-25
4124,688450,光格科技,-0.21,26389855.62,202.2525103878,-71.887,-13746001.57,-14.0433959198,60.5654,15.185623367424,-1.36,-0.222699114545,45.1575692251,电网设备,2026-04-25
4125,688419,耐科装备,0.2,68286299.87,25.0984014252,-3.4708,22800431.19,22.52,263.888,12.423868872195,2.26,-0.01858228439,45.1592830607,半导体,2026-04-25
4126,688398,赛特新材,0.06,245908185.9,10.0565492136,-7.3094,9758384.43,-65.96,-18.8114,6.141838113379,0.85,0.030429436497,25.1290990838,化学制品,2026-04-25
4127,688396,华润微,0.0629,2354709996.8,11.2886042628,-11.0375,83216566.09,150.68,-68.3773,16.968484765269,0.3723,0.204137504848,25.2925362711,半导体,2026-04-25
4128,688395,正弦电气,0.11,96896189.41,17.4069594955,9.8427,9157317.8,13.32,27.8171,8.894691580795,1.2,-0.024594219917,33.8603097085,自动化设备,2026-04-25
4129,688392,骄成超声,0.21,147553510.86,22.347514844,-16.3475,23633742.81,2152.47,-63.8742,14.992973372909,1.39,-0.011352339111,64.9136592222,电池,2026-04-25
4130,688387,信科移动,-0.05,815094408.34,-15.8851229523,-65.2447,-156298834.65,1.4384700014,-43.6421,1.790792079052,-2.52,-0.142559910634,18.6927090115,通信设备,2026-04-25
4131,688377,迪威尔,0.11,271015908.61,-5.3597801785,-17.7042,21052523.51,-25.4,-3.3749,9.338467091238,1.17,-0.19919495369,18.9636776098,专用设备,2026-04-25
4132,688370,丛麟科技,0.04,124772574.04,-8.5070400309,-27.2301,5069286.65,-77.35,-66.1998,19.51607025888,0.19,0.158600482763,21.0308121572,环境治理,2026-04-25
4133,688366,昊海生科,0.39,618542128.87,-4.2497435466,-0.6911,90312072.67,-7.41,13.5175,24.310389031573,1.61,0.36826209538,69.5212408726,医疗器械,2026-04-25
4134,688365,光云科技,-0.03,114887403.1,2.77509008,-8.2095,-12950886.07,12.2613180809,50.7678,2.21765079417,-1.36,0.044877692224,67.1010102064,IT服务Ⅱ,2026-04-25
4135,688355,明志科技,0.11,117194189.06,-4.0080081493,-40.3207,13202542.3,-19.77,-1.6529,8.842317508819,1.21,0.168581777261,29.7560663116,通用设备,2026-04-25
4136,688345,博力威,0.13,620131295.57,73.3562605764,9.1228,12635563.54,161.1814429578,117.0252,10.6928726336,1.19,-0.9689410417,16.2895122197,电池,2026-04-25
4137,688336,三生国健,0.17,311119000.0,16.5698120984,22.4089,102956000.0,12.99,-78.1656,9.194954657459,1.83,0.158908653721,75.8870078652,生物制品,2026-04-25
4138,688335,复洁科技,-0.01,41142099.56,184.1897598833,-21.8899,-1051703.28,8.4433812832,97.0091,7.900585600763,-0.09,0.639112225878,23.7999811743,环境治理,2026-04-25
4139,688326,经纬恒润,-1.05,1328168875.2,49.3413444842,-33.4284,-119966107.47,37.419904065,14.4104,32.395362669063,-9.16,-1.493960178419,21.3906252973,软件开发,2026-04-25
4140,688322,奥比中光,0.06,191058207.36,105.6346511291,-10.551,24315014.74,184.483840038,1035.039,7.244041080672,0.84,0.003571138822,42.1217181884,光学光电子,2026-04-25
4141,688312,燕麦科技,0.02,95122528.5,33.0311546554,-30.6391,2517328.72,-69.72,-90.8371,9.892092217625,0.18,0.148683367984,44.4927777756,专用设备,2026-04-25
4142,688302,海创药业,-0.32,,,,-32101768.77,32.0091366823,29.3291,11.752477353215,-2.73,-0.356054063926,,化学制药,2026-04-25
4143,688233,神工股份,0.17,105844314.91,81.4880346796,19.4361,28510674.09,1850.7,108.6434,10.695997893048,1.58,0.268688253166,39.6755295508,半导体,2026-04-25
4144,688221,前沿生物,-0.12,28328182.53,14.930351836,-25.1153,-44121517.41,20.7960068166,-456.7485,2.929188383167,-3.94,-0.12993086416,32.468311902,化学制药,2026-04-25
4145,688215,瑞晟智能,0.03,70073492.19,-13.3040795773,-49.8226,1997059.8,29.18,-78.2919,8.947532639476,0.43,-0.542760377123,32.819559881,自动化设备,2026-04-25
4146,688208,道通科技,0.3,1093779525.58,26.7081275781,-3.0426,199492887.25,59.91,100.2102,7.904091457118,5.44,0.618262305395,56.5799073019,计算机设备,2026-04-25
4147,688207,格灵深瞳,-0.17,7674727.75,-75.0225409061,-86.4344,-44503956.79,-64.2245881012,39.8386,7.690072658112,-2.21,-0.248097201715,30.2065663502,IT服务Ⅱ,2026-04-25
4148,688203,海正生材,0.0012,205373557.97,6.9975493285,10.4576,233434.57,-96.62,-88.6181,7.350515986515,0.02,0.085000660555,8.2166030996,塑料,2026-04-25
4149,688199,久日新材,-0.07,356042647.47,-0.1504329755,-2.2881,-10524330.01,-139.7470184683,64.4823,15.805875419782,-0.41,-0.298933605709,11.904557988,化学制品,2026-04-25
4150,688195,腾景科技,0.1,113229735.98,20.6025534305,-0.0548,13033979.39,15.81,-6.1417,7.1729067339,1.4,0.225291967221,34.5898995357,光学光电子,2026-04-25
4151,688184,ST帕瓦,-0.34,80013897.0,-72.5907028276,-59.3999,-56008733.21,46.01,81.9413,12.355768845466,-2.75,-0.739507444297,79.3272010736,电池,2026-04-25
4152,688163,赛伦生物,0.03,25621279.55,-2.5857104396,18.4835,3757316.22,154.77,120.1388,10.154267654592,0.34,-0.193433523933,74.8263785288,生物制品,2026-04-25
4153,688115,思林杰,-0.19,31710954.27,20.8332758319,-54.6098,-12541274.58,-546.94,-221.2881,18.902202686816,-0.99,0.110779823609,59.3029612098,通用设备,2026-04-25
4154,688114,华大智造,-0.41,468993750.38,-11.6333183763,-60.2028,-169311993.82,15.7591430104,3.0274,18.58828621927,-2.19,-0.313694394183,55.2495002098,医疗器械,2026-04-25
4155,688081,兴图新科,-0.2,18075417.57,2.0483282062,-78.45,-20062120.32,-55.0674043054,47.6703,4.036080164693,-4.71,-0.244106876553,39.4645878712,军工电子Ⅱ,2026-04-25
4156,688068,热景生物,-0.43,93240268.01,-19.7068847646,-25.2495,-37400499.75,-574.96,84.0335,32.269596218174,-1.23,-0.106600278377,41.7074955917,医疗器械,2026-04-25
4157,688035,德邦科技,0.19,316308960.83,55.7068799201,-17.3533,27143221.69,96.91,-26.6063,16.356859866845,1.17,-0.056259896654,26.9411441037,电子化学品Ⅱ,2026-04-25
4158,688030,山石网科,-0.4129,158002030.06,4.580196366,-45.7816,-74409215.9,1.3203570054,-22.7265,4.608839240611,-8.41,-0.66110368,68.2934379128,软件开发,2026-04-25
4159,688003,天准科技,-0.1679,218626919.02,13.1376544384,-71.1441,-32297829.75,14.9990975324,-123.3436,9.868581772411,-1.68,-0.494615566673,30.439322412,自动化设备,2026-04-25
4160,605589,圣泉集团,0.25,2458775346.54,15.1403800534,-14.269,206712436.96,50.46,-28.0278,11.839178108866,2.08,-0.829559814626,24.1331904521,塑料,2026-04-25
4161,605555,德昌股份,0.17,1000469829.44,21.3338280714,-9.7151,81048766.01,-4.97,-25.8194,8.293047039431,2.66,-0.127443757479,15.8114828609,小家电,2026-04-25
4162,605365,立达信,0.137,1538164520.27,8.7597125867,-17.5889,68778513.11,-0.11,-50.5195,7.667175691665,1.8,0.235096575232,26.6926595237,照明设备Ⅱ,2026-04-25
4163,605319,无锡振华,0.27,600474444.76,22.4845260122,-24.9864,94544684.36,22.2,-25.816,10.128293771859,3.8,0.35361138624,28.1022947575,汽车零部件,2026-04-25
4164,605300,佳禾食品,0.01,570527071.9,5.463348731,-9.5166,3906374.17,-91.46,204.8088,6.313958936057,0.19,-0.18470587133,12.0188267687,饮料乳品,2026-04-25
4165,605299,舒华体育,0.0189,271157632.38,-0.0098481056,-47.1476,7777250.58,-41.58,-80.3165,3.133209833731,0.6,-0.176180487441,32.2032864034,文娱用品,2026-04-25
4166,605296,神农集团,0.44,1471688273.42,35.9686745241,-2.3115,228601867.5,6510.85,10.6724,9.456004878502,4.66,0.611985421674,22.9009195974,养殖业,2026-04-25
4167,605255,天普股份,0.07,81163955.52,-9.3581128391,-18.7112,8725383.04,-10.32,-40.5649,6.159780925268,1.06,0.20379859278,36.1144721597,汽车零部件,2026-04-25
4168,605208,永茂泰,0.04,1201208116.18,45.8855377081,-10.0722,14520874.78,42.12,828.9955,6.474968096805,0.69,-0.178978316391,5.7377697296,工业金属,2026-04-25
4169,605183,确成股份,0.34,539698638.09,3.254044837,-4.1434,137711133.49,12.57,-14.7083,8.349566582988,4.05,0.374956481994,34.578376112,橡胶,2026-04-25
4170,605166,聚合顺,0.26,1562641215.6,-4.6341700987,-14.8529,80786922.02,15.04,21.1591,6.137357224716,4.11,0.095034609803,8.1678465201,化学纤维,2026-04-25
4171,605162,新中港,0.04,174028280.64,-20.4590539744,-21.9407,15453720.37,-39.2,-72.8667,3.232632552593,1.17,0.309842434826,24.5365601803,电力,2026-04-25
4172,605138,盛泰集团,0.04,903241683.71,-10.0275213762,-10.6006,20374220.74,200.14,197.0757,4.425652211722,0.8,0.433097673727,17.7370438399,服装家纺,2026-04-25
4173,605018,长华集团,0.01,422823622.18,-27.8176275559,-22.8982,6791296.56,-84.87,-71.3454,5.805238308591,0.25,0.07885986572,12.0709372189,汽车零部件,2026-04-25
4174,605005,合兴股份,0.13,403287275.12,-0.9271260376,-18.8529,52000352.29,-5.72,-24.9493,5.010750911646,2.62,0.078292433491,33.0564050627,汽车零部件,2026-04-25
4175,603998,方盛制药,0.2,418083503.37,-4.6244458793,-2.6652,88257931.44,25.74,225.9431,3.794727501614,5.32,0.049935881102,70.5020291243,中药Ⅱ,2026-04-25
4176,603995,甬金股份,0.29,9388616718.19,0.8945148634,-14.0219,104742057.4,-15.41,-53.1879,15.549347142305,1.82,-0.71855448462,4.5612175088,特钢Ⅱ,2026-04-25
4177,603993,洛阳钼业,0.18,46005929071.08,-0.2503187155,-21.0525,3946025081.1,90.47,-24.9679,3.426877282348,5.49,0.061111219095,22.3349779517,工业金属,2026-04-25
4178,603982,泉峰汽车,-0.3323,601040840.05,19.3551238703,-18.1593,-90491482.74,35.9169210233,33.6203,6.013997501698,-4.99,-0.423756945995,2.1925136283,汽车零部件,2026-04-25
4179,603976,正川股份,0.07,161572393.9,-34.2429468304,-15.6107,10914129.26,-48.15,734.3172,8.002364881473,0.89,0.126422188726,21.6139297358,医疗器械,2026-04-25
4180,603970,中农立华,0.2007,2532148049.31,5.616600378,21.7177,53936654.66,-5.1,90.8746,5.856223821191,3.49,-2.402456504802,6.4115192295,农化制品,2026-04-25
4181,603966,法兰泰克,0.0959,407863182.15,18.4306962467,-42.7387,34394247.37,38.37,-21.5612,4.512134532104,2.1,0.688673033283,27.2780086973,专用设备,2026-04-25
4182,603958,哈森股份,0.025,357446933.33,57.6761581839,41.0601,5590050.23,13.41,110.1688,3.248444006747,0.79,0.014675371535,39.2856298169,服装家纺,2026-04-25
4183,603931,格林达,0.16,162407600.82,-4.8750001754,11.8407,31822890.86,-6.66,-9.8805,8.001743762702,2.01,0.108550126735,30.4175207752,电子化学品Ⅱ,2026-04-25
4184,603886,元祖股份,-0.1,337747509.22,-19.7689680572,-17.9558,-25016485.25,-198.0099163259,-438.9,6.788600998042,-1.52,-0.006670195667,61.5634188599,休闲食品,2026-04-25
4185,603882,金域医学,-0.06,1466504705.88,-20.3532298817,-6.6332,-27785254.88,-49.09,94.1515,14.868343250382,-0.39,0.117655085924,33.2470933434,医疗服务,2026-04-25
4186,603881,数据港,0.06,395019997.46,3.571928599,-26.5655,44055941.06,23.22,62.5587,5.459892636869,1.36,0.43978400152,29.1939439956,通信服务,2026-04-25
4187,603867,新化股份,0.38,764698211.6,2.810317028,-1.5365,71570375.34,-5.98,53.2605,12.543826271448,3.03,-0.350565022805,21.9294847047,化学制品,2026-04-25
4188,603861,白云电器,0.07,975945657.89,4.684362145,-31.7953,36643128.03,11.47,-49.1262,7.064747465581,1.0,-0.503867838434,18.8283519922,电网设备,2026-04-25
4189,603836,海程邦达,-0.05,2102445762.9,6.8281890316,-21.1493,-9538484.34,-130.67,-2430.1381,8.728261667269,-0.53,0.318262967387,4.6648304599,物流,2026-04-25
4190,603817,海峡环保,0.0847,278793452.62,8.1961317344,-18.2851,45244930.64,-14.73,117.1345,5.304741663723,1.59,-0.843617146774,40.9059335965,环境治理,2026-04-25
4191,603790,雅运股份,0.14,226579497.97,4.354425804,15.4785,27525614.57,10.26,434.0072,6.47968534422,2.25,0.090228532243,33.687834925,化学制品,2026-04-25
4192,603787,新日股份,0.13,1053521435.93,39.4690037217,54.8281,29924948.84,19.08,152.1834,6.75526608791,1.94,1.203691226906,14.5689139827,摩托车及其他,2026-04-25
4193,603767,中马传动,0.02,200512774.6,-15.1416376457,-3.88,6045622.11,-59.67,135.8304,4.642370724634,0.42,0.103123990941,12.0570989047,汽车零部件,2026-04-25
4194,603766,隆鑫通用,0.2468,4646315785.73,40.9781256409,0.9222,506881114.02,96.79,127.7362,4.716648741373,5.37,0.497315543606,18.0902249845,摩托车及其他,2026-04-25
4195,603755,日辰股份,0.1817,101386200.03,10.4976598206,-5.6833,17662078.98,36.86,87.431,7.314025102663,2.45,0.124923892964,39.2052936082,调味发酵品Ⅱ,2026-04-25
4196,603739,蔚蓝生物,0.04,310197929.93,8.1642224403,-17.312,9576827.68,-24.73,-56.05,6.905329159678,0.55,0.030103706666,44.3602457473,化学制品,2026-04-25
4197,603722,阿科力,-0.05,105906386.03,2.6986194033,4.1055,-4825999.14,-505.2,62.4905,9.678551093577,-0.52,-0.654700847766,6.222440239,化学制品,2026-04-25
4198,603703,盛洋科技,0.02,184328207.68,7.2551844719,-28.3873,6261869.57,68.79,114.3206,1.948921706844,0.78,0.056557809045,25.8531283138,光学光电子,2026-04-25
4199,603693,江苏新能,0.18,574350988.71,-13.8532919402,6.1063,163685405.79,-34.65,2436.4723,7.701848625719,2.41,0.203441002767,55.8191161297,电力,2026-04-25
4200,603688,石英股份,0.1,253842017.01,-35.5016656607,18.9993,52747334.89,-66.71,155.2912,10.742400371173,0.91,-0.079971806291,36.8108453205,非金属材料Ⅱ,2026-04-25
4201,603682,锦和商管,0.11,241187966.71,-4.9240254633,3.4226,53894661.94,310.58,335.2177,2.272579176677,5.15,0.303898849206,25.8620112897,一般零售,2026-04-25
4202,603677,奇精机械,0.096,512583397.14,11.1338014027,-4.7191,18490799.71,-22.63,17.6939,6.091217760055,1.59,0.026951513691,13.4892365527,家电零部件Ⅱ,2026-04-25
4203,603663,三祥新材,0.03,230816589.33,-9.7517990109,13.238,13508418.19,-29.94,1266.9741,3.096743377342,1.02,0.039616550585,21.7650996429,化学原料,2026-04-25
4204,603656,泰禾智能,0.012,104706461.01,10.1857097635,-35.0454,2089746.87,716.41,16.3578,7.068495957783,0.16,-0.116716954739,44.562111287,专用设备,2026-04-25
4205,603608,天创时尚,-0.002,257034222.0,-9.7271099186,-13.7397,-960847.0,79.2405049617,98.4,2.453512104008,-0.09,0.075587992537,64.9465023377,服装家纺,2026-04-25
4206,603600,永艺股份,0.17,1010309431.48,17.9323127564,-25.6767,57553690.53,34.81,-19.3624,6.983333816315,2.54,-0.239704466311,20.6474351026,家居用品,2026-04-25
4207,603586,金麒麟,0.38,520208136.46,38.5975781173,2.3285,75064408.63,332.77,212.7978,11.893445037811,3.26,0.249915225839,23.0452821453,汽车零部件,2026-04-25
4208,603579,荣泰健康,0.25,394971319.77,-1.40848103,-8.6881,43938868.26,-29.97,-11.1158,11.453038125735,2.16,-0.194352246937,32.543375581,其他家电Ⅱ,2026-04-25
4209,603538,美诺华,0.1,276483125.97,5.220137184,-34.7573,21221727.07,51.12,496.7459,9.842673843343,0.96,-0.116553948458,31.4161559355,化学制药,2026-04-25
4210,603527,众源新材,0.23,2196467045.2,26.5038367127,-17.855,72075005.74,284.85,102.3332,6.570468776974,3.52,0.05999164432,0.8240360587,工业金属,2026-04-25
4211,603511,爱慕股份,0.21,854188569.64,-2.8558634778,-3.2099,85559802.38,-20.26,287.8199,11.012199790222,1.93,0.477184257033,68.4472635903,服装家纺,2026-04-25
4212,603486,科沃斯,0.84,3858233540.82,11.056845123,-38.9159,474679549.09,59.43,148.4286,13.290435793255,6.39,1.554070471213,49.6840725197,小家电,2026-04-25
4213,603416,信捷电气,0.33,388297873.5,14.253022478,-21.9943,46009361.4,3.46,-15.2609,16.668498101594,1.98,-0.509844307982,38.1088302586,自动化设备,2026-04-25
4214,603375,盛景微,0.04,88007476.3,-0.7346046048,-45.1885,4169751.93,282.5487131546,7.2569,15.667184521168,0.26,0.104567645614,35.2694195027,半导体,2026-04-25
4215,603366,日出东方,-0.0575,692659992.63,-5.1724824881,-61.7184,-46774972.63,10.7068809916,-132.238,5.060619771683,-1.13,-0.165489877615,29.328048903,厨卫电器,2026-04-25
4216,603327,福蓉科技,0.0207,560613581.27,17.3200300629,-15.4826,20621632.78,-67.38,18.3417,2.771288937519,0.61,-0.133157295339,9.1163262749,消费电子,2026-04-25
4217,603312,西典新能,0.44,707352750.34,80.2506188811,-5.6405,71848745.94,44.81,-10.1055,10.87025188422,4.18,-0.555260082488,17.2861360108,电网设备,2026-04-25
4218,603310,巍华新材,0.1,190979383.91,-38.4466382894,-42.0124,33486001.64,-63.17,-51.9903,11.574823702004,0.84,0.065024254213,27.744292863,化学制品,2026-04-25
4219,603170,宝立食品,0.15,668914646.49,7.1835507132,-7.2303,58251290.19,-4.19,-2.5126,3.584651767156,4.15,0.117318294643,32.6077655818,调味发酵品Ⅱ,2026-04-25
4220,603156,养元饮品,0.5095,1859678084.65,-19.7008430943,1.6769,642073888.63,-26.95,30.2487,8.427406009122,6.22,-0.186461937179,46.2105521866,饮料乳品,2026-04-25
4221,603125,常青科技,0.09,246327062.95,1.3910196506,-8.8608,35382877.58,-23.8,-26.9142,8.48619365048,1.51,-0.066351667655,25.1481658808,化学制品,2026-04-25
4222,603095,越剑智能,0.1297,331430392.35,40.3597812396,-15.4359,33356907.94,179.22,26.8916,13.502466749946,1.35,-0.006805188366,16.178546928,专用设备,2026-04-25
4223,603080,新疆火炬,0.32,467235793.22,10.6279871411,4.8544,45484608.5,24.86,74.9871,11.136143732438,2.94,-0.224447844099,19.5610398296,燃气Ⅱ,2026-04-25
4224,603037,凯众股份,0.05,158853594.08,19.5208240773,-25.4867,12522429.17,4.09,-56.7581,5.117301170355,1.29,0.152226528914,34.2204522062,汽车零部件,2026-04-25
4225,603019,中科曙光,0.128,2586233304.5,4.3407555001,-49.3514,186472838.24,30.79,-83.6661,13.808907342923,0.91,-0.76390033895,26.0682858463,计算机设备,2026-04-25
4226,601996,丰林集团,-0.031,320026799.69,-19.7210687909,-36.9545,-34876983.25,-20145.28,63.3371,2.296672910637,-1.35,-0.002628132468,-5.2362111505,家居用品,2026-04-25
4227,601990,南京证券,0.08,756774803.37,-14.1803628241,0.0008,276537819.82,5.32,-9.5096,4.852527989683,1.55,-0.813152049314,,证券Ⅱ,2026-04-25
4228,601968,宝钢包装,0.04,2001845450.85,1.017419958,-7.2309,57357427.58,2.67,271.546,3.546478373519,1.28,0.109510128193,7.0568014034,包装印刷,2026-04-25
4229,601949,中国出版,-0.015,819633195.78,-12.808381252,-64.8177,-28635956.86,-465.306315062,-108.6527,5.026707139478,-0.3,-0.167494041883,30.0969342738,出版,2026-04-25
4230,601918,新集能源,0.205,2909615284.74,-4.8497380705,-17.7624,531834538.12,-11.01,-6.47,6.227267625155,3.36,0.289144414639,42.7428913693,煤炭开采,2026-04-25
4231,601872,招商轮船,0.11,5595174511.35,-10.5315563495,-13.9609,865440837.28,-37.07,-50.2125,4.989855378952,2.14,0.169462695854,24.6031749167,航运港口,2026-04-25
4232,601633,长城汽车,0.21,40019080365.54,-6.63,-33.2361,1751178715.35,-45.6,-22.6542,9.614575990552,2.17,-1.048756919296,17.8385422644,乘用车,2026-04-25
4233,601616,广电电气,0.0005,169156032.55,-6.4001057244,-43.7539,422813.75,-96.7,-98.4208,2.880889289866,0.02,0.024259676084,25.4741836992,电网设备,2026-04-25
4234,601611,中国核建,0.18,29549453417.08,1.7698115058,-14.6277,551369787.49,-1.01,-9.4876,7.063672505395,2.63,-3.384982608344,8.935975573,基础建设,2026-04-25
4235,601608,中信重工,0.0199,2192859108.7,0.7206757711,1.6515,90923316.08,1.28,0.6264,1.99944147654,1.0,-0.083572433078,18.966662631,专用设备,2026-04-25
4236,601606,长城军工,-0.07,147930070.35,5.0884217481,-67.7381,-54253426.95,-55.14,81.1074,2.998895493866,-2.47,-0.122447022293,2.8058578896,地面兵装Ⅱ,2026-04-25
4237,601567,三星电气,0.35,3630793866.31,20.0346195762,-12.863,489308019.24,34.33,10.2488,8.923343961614,3.96,-0.105197439566,28.9042650462,电网设备,2026-04-25
4238,601330,绿色动力,0.13,828204134.7,2.8982646541,-3.0898,184962944.73,33.21,127.1062,5.75901563739,2.27,0.195274637445,49.2099676691,环境治理,2026-04-25
4239,601225,陕西煤业,0.4956,40162176900.55,-7.299401588,-31.6012,4804771581.95,-1.23,-25.12,9.951353357994,5.14,0.727179505053,28.8823074351,煤炭开采,2026-04-25
4240,601218,吉鑫科技,0.0434,338137494.01,42.8605002933,7.9929,42011775.27,240.5,815.0603,2.97695462689,1.4679,0.035642488482,23.4513801352,风电设备,2026-04-25
4241,601216,君正集团,0.1194,6205681020.81,19.3946745481,-9.0074,1007308022.24,41.4,78.5775,3.351674366046,3.63,0.107398760124,23.6401412014,化学原料,2026-04-25
4242,601211,国泰海通,1.16,10214854390.0,27.9561246612,-18.2192,12242053407.0,391.78,249.6667,17.681516022254,6.46,-2.824400736428,,证券Ⅱ,2026-04-25
4243,601121,宝地矿业,0.025,304662900.03,24.7945358251,37.5933,20041987.53,-50.29,162.0817,3.8376168727,0.66,0.057059373738,31.2594853494,冶钢原料,2026-04-25
4244,601116,三江购物,0.1292,1073507999.25,1.1273125975,18.6383,70764084.42,35.32,229.6684,5.990579968646,2.1804,0.284090457009,26.627892093,一般零售,2026-04-25
4245,601108,财通证券,0.06,1069468118.38,-24.159266781,-42.0158,289662555.45,-36.52,-66.6137,7.782269356643,0.79,1.273746281907,,证券Ⅱ,2026-04-25
4246,601089,福元医药,0.27,830471781.49,3.4569102986,-7.5837,130633035.22,-1.47,48.912,7.655724115063,3.62,0.262496957229,66.6441961516,化学制药,2026-04-25
4247,601088,中国神华,0.601,69585000000.0,-21.0714366734,-17.6275,11949000000.0,-18.0,-5.1441,21.79900671922,2.8,1.033695516652,34.0633757275,煤炭开采,2026-04-25
4248,601011,宝泰隆,-0.034,126907388.52,-75.7088404058,-22.0352,-65560657.72,27.1077936998,65.7013,2.9826655269,-1.14,0.043091501309,-20.9003818842,焦炭Ⅱ,2026-04-25
4249,600993,马应龙,0.47,969147449.22,1.4795822419,3.5185,203572140.06,2.99,188.3881,9.904761148972,4.88,0.355716518958,49.8911178726,中药Ⅱ,2026-04-25
4250,600988,赤峰黄金,0.29,2407203605.84,29.8494401668,-14.1202,483416308.44,141.1,-26.6633,5.827565518017,5.93,0.180795366596,46.4186989816,贵金属,2026-04-25
4251,600980,北矿科技,0.1097,234630723.52,16.3710714875,-47.9058,20758102.2,5.67,-23.2058,7.462651444737,1.48,-0.162084962583,25.6917376359,专用设备,2026-04-25
4252,600963,岳阳林纸,0.03,2103837747.83,-16.6215271075,-29.2405,48871065.04,-68.39,-82.0718,4.52163849382,0.63,-0.30876523014,9.5124205917,造纸,2026-04-25
4253,600955,维远股份,-0.3,2405777162.59,12.4295251401,4.2244,-162606469.83,-951.83,-419.813,15.343038618945,-1.91,0.174956878327,-4.5230364309,化学原料,2026-04-25
4254,600917,重庆燃气,-0.0346,2751178910.99,1.7893109206,-8.0214,-54087531.85,-5.14,-145.7889,3.616023531265,-0.95,0.006363432044,3.2996170782,燃气Ⅱ,2026-04-25
4255,600895,张江高科,0.18,1219411240.45,24.4065499936,305.4049,294461057.73,147.38,-37.535,8.643346779869,2.15,-0.513884544433,28.3586217602,房地产开发,2026-04-25
4256,600864,哈投股份,0.06,972569251.7,-0.85,3.1427,118658340.41,-16.05,54.9702,6.172954405001,0.92,-0.236890720647,14.5037702306,证券Ⅱ,2026-04-25
4257,600862,中航高科,0.257,1401382650.48,6.3814627909,12.0134,357806056.28,1.93,48.644,5.342114515199,4.66,0.055850827533,41.2049540496,航空装备Ⅱ,2026-04-25
4258,600861,北京人力,1.0436,10836785729.61,2.7169167062,9.9881,590797229.38,180.41,293.7501,12.582931289684,8.65,0.763205653543,5.6301861944,专业服务,2026-04-25
4259,600853,龙建股份,0.0081,1800333438.29,-5.0619231524,-74.7191,8217044.58,25.71,-95.3952,3.165792516707,0.22,-2.265759007016,12.2284967733,基础建设,2026-04-25
4260,600839,四川长虹,0.0748,26836812486.21,12.8937508392,1.6814,345486877.8,96.68,-3.7526,3.253087941934,2.3274,-0.781058643043,9.8750472065,黑色家电,2026-04-25
4261,600830,香溢融通,0.051,120533173.81,28.94,9.0658,23314132.04,9.95,667.3909,4.820221860782,1.07,-0.484805478692,49.5127391745,多元金融,2026-04-25
4262,600812,华北制药,0.034,2574254051.92,0.6546181656,11.4714,57491586.04,216.72,134.3847,3.175048734872,1.061,0.095186179743,29.4421513073,化学制药,2026-04-25
4263,600808,马钢股份,-0.02,19424908533.0,-4.7408035396,-4.3281,-144080456.0,53.6717243245,93.2175,2.994000508089,-0.62,0.03425951838,2.7034746295,普钢,2026-04-25
4264,600794,保税科技,0.03,228195934.74,-20.0876067327,23.0969,30733368.07,-58.45,17.6833,2.173958922007,1.17,0.089043722586,29.1837687362,物流,2026-04-25
4265,600789,鲁抗医药,0.09,1673699598.01,-6.9511747918,6.8684,78597649.89,16.77,65.2694,4.446102139245,2.11,0.029901081224,20.7032232004,化学制药,2026-04-25
4266,600784,鲁银投资,0.12,813697737.22,0.0957930364,1.2096,79347348.89,-1.16,67.7949,4.772430653083,2.49,0.145080410437,27.1931310336,化学原料,2026-04-25
4267,600780,通宝能源,0.1469,3116595717.28,9.4133509839,5.0476,168384276.76,26.21,31.2572,6.870909698173,2.16,0.253580206304,8.5064886296,电力,2026-04-25
4268,600761,安徽合力,0.38,4615220516.96,10.1913925936,9.133,334489203.56,-20.05,47.4861,11.966669165239,3.12,0.19255896638,22.102451375,工程机械,2026-04-25
4269,600750,华润江中,0.45,1184099207.93,-7.0334404534,-19.0952,284914263.9,5.91,85.1876,6.594716818205,7.11,0.280983160863,68.2148763685,中药Ⅱ,2026-04-25
4270,600721,百花医药,0.054,96917183.06,6.6472630072,1.8842,20720859.94,0.28,18.2306,2.030119341028,2.69,-0.044945928046,51.4109597048,医疗服务,2026-04-25
4271,600703,三安光电,0.04,4312037853.27,21.2250039119,1.4375,211913413.46,78.46,3632.3304,7.432041244152,0.57,0.119493427189,16.3335738815,光学光电子,2026-04-25
4272,600698,湖南天雁,0.0008,110689040.03,10.0828906313,-17.3962,882621.16,40.44,-69.3998,0.718924177027,0.11,-0.016701753062,8.7804344471,汽车零部件,2026-04-25
4273,600693,东百集团,0.0455,491474989.69,0.5927875942,0.7525,39590023.96,5.09,194.3416,4.086597544091,1.12,0.128993427638,58.0080802463,一般零售,2026-04-25
4274,600653,申华控股,-0.0061,884216483.54,-19.7876250975,-18.6269,-11950360.87,56.11,-112.6009,0.415612329582,-1.466,0.038406766944,7.3531481917,汽车服务,2026-04-25
4275,600645,中源协和,0.06,350790044.48,-11.8576334105,-7.5703,28030417.8,-30.18,184.5289,7.738519903701,0.78,0.099153176066,68.3154797752,生物制品,2026-04-25
4276,600644,乐山电力,-0.0021,840680254.18,1.5759241137,-3.6138,-1203849.9,76.76,97.3828,3.528959566124,-0.06,-0.248476701041,12.8285254107,电力,2026-04-25
4277,600615,鑫源智造,0.02,165994817.65,509.54118537,102.395,5239639.34,645.11,27.4235,3.905061867772,0.72,0.202809198824,12.3618514424,工业金属,2026-04-25
4278,600610,中毅达,0.0128,270350565.26,-5.3992324162,-6.3898,13760958.82,232.416243776,1278.5508,0.075617970119,18.68,-0.001894397403,16.4215283061,化学原料,2026-04-25
4279,600604,市北高新,-0.021,363622384.49,64.5623687761,-80.1316,-39285717.1,37.6974172594,-130.629,3.407930848919,-0.61,-0.060594229774,22.2999326798,房地产开发,2026-04-25
4280,600602,云赛智联,0.031,1410416169.56,-2.0676576216,-12.4413,42122266.98,-29.03,-5.2677,3.505010213831,0.88,-0.319554125155,17.2868931484,软件开发,2026-04-25
4281,600588,用友网络,-0.22,1378062260.0,-21.2209564836,-59.6422,-735789398.0,-62.4149349179,-21.4293,2.194223375836,-9.36,-0.29923430299,39.0613654132,软件开发,2026-04-25
4282,600583,海油工程,0.12,5096122700.0,-10.1477714442,-46.5165,540815900.0,13.85,29.748,6.063476380588,2.04,0.455042513213,16.1541400877,油服工程,2026-04-25
4283,600578,京能电力,0.15,9960277717.93,5.3886315705,-5.1668,1085034418.11,129.84,245.4675,3.362702147424,4.65,0.385126980339,18.1871396742,电力,2026-04-25
4284,600535,天士力,0.2104,2054886385.2,0.30417142,0.9483,314309585.08,6.47,177.2058,7.978832736856,2.61,-0.24255845419,66.6127844882,中药Ⅱ,2026-04-25
4285,600529,山东药玻,0.34,1171184716.31,-4.5713784612,8.4469,223629434.88,1.29,0.4804,12.402216444529,2.75,0.13642447892,32.0434941563,医疗器械,2026-04-25
4286,600523,贵航股份,0.1,591795127.74,8.7681113461,-10.2555,38436642.45,4.66,-36.4214,7.681236689712,1.25,-0.046667547597,22.363840435,汽车零部件,2026-04-25
4287,600522,中天科技,0.185,9755837943.24,18.3664003874,-28.9919,627613415.73,-1.33,19.0596,10.446905759529,1.77,-0.332922444228,14.5964975316,通信设备,2026-04-25
4288,600519,贵州茅台,21.38,51443450583.77,10.6673989111,0.827,26847474238.76,11.56,5.6962,205.666530124802,10.92,7.012586430561,91.9736093542,白酒Ⅱ,2026-04-25
4289,600502,安徽建工,0.18,14542034450.34,7.418501827,-65.8145,311169028.21,0.31,-18.7182,6.53523384323,2.0,-1.538019508083,12.4302314652,基础建设,2026-04-25
4290,600501,航天晨光,-0.17,270757963.31,-24.5594914925,-75.7726,-72208344.77,6.0012108009,66.4975,4.088102819219,-4.01,-0.635626718266,-3.3569198183,专用设备,2026-04-25
4291,600490,鹏欣资源,0.0487,536464665.24,-10.0366043048,-18.4846,107756934.04,283.52,431.6552,2.802879253049,1.76,-0.018814003509,15.0907333857,工业金属,2026-04-25
4292,600488,津药药业,0.053,785765994.13,-9.0306126263,22.1897,58050125.92,0.07,209.0251,2.855197307343,1.88,-0.009618243195,40.812929383,化学制药,2026-04-25
4293,600487,亨通光电,0.2298,13267951777.19,12.5849227261,-24.5491,556783362.25,8.52,22.6352,11.887245245912,1.92,0.031072860039,13.6158414547,通信设备,2026-04-25
4294,600449,宁夏建材,-0.02,877753793.58,-43.9705422105,-53.3315,-8408065.84,45.6605378168,-111.9123,15.203683782595,-0.12,-0.057702841908,5.2357800554,水泥,2026-04-25
4295,600446,金证股份,-0.1006,521247483.83,-52.1267057433,-57.096,-95195955.45,-19.6767370437,-9.4493,3.754408294384,-2.64,-0.021536925886,33.9816326553,IT服务Ⅱ,2026-04-25
4296,600435,北方导航,-0.0111,351743656.91,347.4710630263,-81.9762,-16758418.57,66.3203168973,-112.6204,1.839598122685,-0.61,-0.251047007962,27.9076362549,地面兵装Ⅱ,2026-04-25
4297,600422,昆药集团,0.12,1608452032.42,-16.5290996714,-45.3649,90482321.86,-31.06,-65.2906,7.061555339097,1.71,-0.18421518449,36.9119825741,中药Ⅱ,2026-04-25
4298,600409,三友化工,-0.0092,4765191362.39,-8.6412020953,-9.8062,-19016333.72,-124.4,-118.233,6.714734627865,-0.14,-0.14504621126,12.6338022442,化学原料,2026-04-25
4299,600408,安泰集团,-0.06,1037656388.76,-42.5347426277,-31.8852,-57675536.42,53.6265008217,-68.4048,1.444981229787,-3.89,0.011083171275,0.272710802,焦炭Ⅱ,2026-04-25
4300,600399,抚顺特钢,-0.0635,1755527992.74,-15.2502265315,-14.3576,-125239966.89,-209.33,38.6313,3.159286939395,-1.99,-0.33372173869,0.928138082,特钢Ⅱ,2026-04-25
4301,600391,航发科技,0.011,756047551.54,-6.7873851675,-38.5157,3568497.52,265.4,-76.9097,5.044230268584,0.21,0.304769960983,14.8344668416,航空装备Ⅱ,2026-04-25
4302,600380,健康元,0.23,4089279479.56,-5.7729420315,9.9076,435788328.07,-0.91,58.4626,8.005093651186,2.99,0.442722135146,61.8902049114,化学制药,2026-04-25
4303,600368,五洲交通,0.1217,366585930.85,-9.0097779651,5.6344,195833188.65,-8.17,48.5687,4.389820028145,2.81,0.143160169054,58.7790830189,铁路公路,2026-04-25
4304,600367,红星发展,0.09,532686549.54,8.1460719992,-9.0287,29310274.14,362.5,-7.2316,7.071736641496,1.22,0.038380370653,23.7999530999,化学原料,2026-04-25
4305,600361,创新新材,0.05,19163990142.59,7.7912369236,-10.4734,206955778.8,-26.55,-5.8215,2.678485972861,1.9,-0.688586996766,3.3165976761,工业金属,2026-04-25
4306,600351,亚宝药业,0.1522,614533394.31,-20.3160391353,8.858,107269233.54,-4.45,1283.1684,4.203408342319,3.67,0.206283598516,52.9307168661,中药Ⅱ,2026-04-25
4307,600339,中油工程,0.0348,17128853918.83,16.2614776036,-50.6992,194174474.16,-19.82,6001.4053,4.778322757414,0.73,-1.700561227642,7.1826357854,油服工程,2026-04-25
4308,600316,洪都航空,-0.0119,509747821.94,90.5633879544,-77.0648,-8536226.24,8.0362470567,-134.1221,7.439226528803,-0.16,0.022560206605,3.8394278303,航空装备Ⅱ,2026-04-25
4309,600310,广西能源,-0.1423,822061980.25,-15.2216492315,-18.9472,-208554011.26,-263.9549368945,46.0567,1.904934975853,-7.22,0.36553127787,12.9491017828,电力,2026-04-25
4310,600273,嘉化能源,0.2038,2360835710.1,12.8512613342,13.3966,275644660.3,30.95,26.9655,7.445668225677,2.69,0.0212628712,18.4297353915,化学制品,2026-04-25
4311,600241,时代万恒,0.01,85538450.29,9.2089119363,-16.6641,3880423.11,-2.13,571.6752,3.977652212387,0.33,0.038116404056,24.2981642402,电池,2026-04-25
4312,600237,铜峰电子,0.04314,364729652.99,16.7171420203,12.0322,27211388.99,12.53,-19.3331,2.956616675479,1.88,0.012892643631,23.2305409295,元件,2026-04-25
4313,600228,返利科技,-0.0333,53596570.54,-16.6777565823,4.9012,-13981442.43,-440.902677611,-66.7367,1.058464366399,-3.11,-0.04110539815,47.8483488992,数字媒体,2026-04-25
4314,600206,有研新材,0.08,1839801206.94,-18.6741613867,-22.9006,67384695.82,14698.12,103.5382,4.708334889561,1.71,-0.374413749387,6.6732620137,半导体,2026-04-25
4315,600184,光电股份,0.0019,305567977.24,33.0367003861,20.5451,958395.33,110.266252617,100.4625,4.625543486774,0.0408,0.047863403284,19.1696243596,地面兵装Ⅱ,2026-04-25
4316,600179,安通控股,0.0571,2042143387.54,26.3520281563,-8.0019,241446945.12,371.53,-46.2508,2.602715903837,2.22,0.111973510253,17.6783009182,航运港口,2026-04-25
4317,600176,中国巨石,0.1825,4478911752.73,32.4157534472,6.0447,730417877.32,108.52,-19.8804,7.686403612175,2.4,-0.023117604158,30.5268388873,玻璃玻纤,2026-04-25
4318,600173,卧龙新能,0.05,1104737944.9,97.5250357137,-7.4571,35036054.01,-24.48,152.1131,5.405344545723,0.78,0.712019234906,11.9432065341,房地产开发,2026-04-25
4319,600171,上海贝岭,0.054,468844738.6,6.0050056771,-50.5829,38385656.5,4.03,-75.5456,6.273849464898,0.87,-0.129898093913,28.4508376543,半导体,2026-04-25
4320,600148,长春一东,-0.0029,175851845.7,-0.4989111428,-2.324,-415189.02,76.1662371769,-132.3128,3.28704513228,-0.09,0.004550235891,11.8398390231,汽车零部件,2026-04-25
4321,600131,国网信通,0.0,1387644326.02,36.2289277974,-68.8468,5668610.58,117.2,-93.164,5.672254711444,0.07,-0.196246590366,20.3159795298,IT服务Ⅱ,2026-04-25
4322,600126,杭钢股份,-0.01,14436906612.33,-10.0139232432,-6.279,-34995834.43,-202.49,80.707,5.73606913607,-0.18,-0.553489289406,1.6186629823,普钢,2026-04-25
4323,600121,郑州煤电,-0.0494,966707314.37,-15.0528626437,-4.3267,-60200937.4,-277.98,-122.3254,1.499875802064,-3.25,0.120803590091,19.7239580125,煤炭开采,2026-04-25
4324,600099,林海股份,0.0159,271076790.71,34.4401269823,-6.1539,3493634.39,74.32,-43.6282,2.422879153341,0.66,0.042005224398,16.3849240518,摩托车及其他,2026-04-25
4325,600095,湘财股份,0.0172,621109611.23,5.44,-3.3933,49167893.85,-45.75,234.9335,4.14919939406,0.415,-0.262567465599,5.1417890354,证券Ⅱ,2026-04-25
4326,600062,华润双鹤,0.4932,3078710957.59,-2.1032151106,15.594,506674352.32,-1.26,119.6713,10.511460627498,4.75,0.305226601034,60.5282539894,化学制药,2026-04-25
4327,600055,万东医疗,0.05,373277998.39,20.9996328937,-13.4467,35052178.64,5.4,-15.7757,6.830983885442,0.73,-0.29679718974,37.7460449846,医疗器械,2026-04-25
4328,600030,中信证券,0.43,16432092877.04,19.4664233258,0.6447,6608025797.06,32.0,33.4422,18.128652958918,2.39,-3.600413670244,,证券Ⅱ,2026-04-25
4329,301682,宏明电子,1.5163,819203896.62,,99.4748,138230872.74,,351.6768,,5.21,,51.3478436279,军工电子Ⅱ,2026-04-25
4330,301592,六九一二,-0.2458,22853806.98,-35.0219554348,-93.3616,-17203864.35,-629.45,-120.0762,13.300254617286,-4.36,-1.062109504571,41.3721379912,军工电子Ⅱ,2026-04-25
4331,301589,诺瓦星云,1.11,621000758.21,-8.8295658502,-31.6487,102284356.13,-16.54,-22.7421,40.10369196186,2.7,-0.398378153881,59.1243933547,计算机设备,2026-04-25
4332,301577,美信科技,0.16,106030841.92,0.4506985169,-11.454,7090639.56,5.73,-58.6552,17.40602057117,0.92,0.124877090149,24.8166942783,通信设备,2026-04-25
4333,301539,宏鑫科技,0.07,247613758.59,11.1746648149,-14.8197,10175675.05,-21.36,-41.8506,5.317956878243,1.3,-0.080128882838,12.3910623524,汽车零部件,2026-04-25
4334,301519,舜禹股份,-0.1007,131220318.47,5.7698491868,-37.5644,-16528936.88,-433.12,-37341.519,8.934256188292,-1.12,-1.055637492507,30.4590314793,环境治理,2026-04-25
4335,301511,德福科技,0.0295,2500567347.01,110.0386632239,1.4708,18200862.49,119.21,144.3818,6.363867333569,0.46,-0.335702412259,6.4697293702,电池,2026-04-25
4336,301509,金凯生科,0.39,176343757.34,41.8322519528,60.5827,47417837.41,183.24,7060.531,18.238740449767,2.18,0.383803823085,51.0907293624,医疗服务,2026-04-25
4337,301500,飞南资源,0.009,3042738347.63,33.1537614083,-11.2771,5055433.33,106.7402353433,109.625,11.270775090542,0.11,-0.065542745953,7.4485538553,环境治理,2026-04-25
4338,301456,盘古智能,0.09,117662932.53,43.4533022423,-14.5784,13074445.05,-1.16,88.127,14.428694141682,0.61,-0.071804148092,34.3697461898,风电设备,2026-04-25
4339,301408,华人健康,0.1531,1266847107.0,14.712542564,0.3515,61222277.52,28.15,105.6515,5.166151315842,3.01,0.908271524037,33.5763030495,医药商业,2026-04-25
4340,301395,仁信新材,0.089,538088444.47,20.4619126372,-16.2104,21614349.89,186.52,6.7233,7.710107771184,1.37,-0.971221540456,5.1541711953,塑料,2026-04-25
4341,301387,光大同创,0.1669,347329633.58,51.1591005077,-8.9113,17761824.56,55.88,36.1307,15.428045721516,1.09,0.080782743518,22.6485399271,消费电子,2026-04-25
4342,301337,亚华电子,-0.06,39574250.88,30.0122181734,-48.4666,-5941587.31,28.0,11.9908,10.522240034933,-0.54,-0.094292108733,40.3844803998,软件开发,2026-04-25
4343,301335,天元宠物,0.14,569418953.84,13.0704878403,-21.8848,16618527.52,18.97,295.1814,14.955821215476,0.89,-1.723426234841,19.4110935726,文娱用品,2026-04-25
4344,301327,华宝新能,0.49,713860480.56,22.5997587893,-51.5327,85072952.22,193.36,6.1963,50.416756515705,1.36,-3.492570644631,44.2105039983,电池,2026-04-25
4345,301322,绿通科技,0.2,164727697.68,-0.059138582,-13.8655,28269812.48,-26.16,69.786,19.831565118333,1.01,0.329498609583,24.8315254909,摩托车及其他,2026-04-25
4346,301321,翰博高新,-0.1931,728627576.79,55.2542783149,9.7468,-36000812.21,-139.29,68.8886,5.404162512028,-3.51,-0.486665427629,11.0627122274,光学光电子,2026-04-25
4347,301318,维海德,0.31,193066083.19,66.061328995,-11.6927,42306604.68,92.94,17.1065,13.897445923388,2.28,0.012341202539,47.2468628528,计算机设备,2026-04-25
4348,301305,朗坤科技,0.3196,412207153.06,-16.4688616083,1.2969,76842993.9,94.77,246.3269,14.94018176164,2.13,0.492542758427,38.4838021205,环境治理,2026-04-25
4349,301255,通力科技,0.07,87779421.75,-2.7981602097,-14.0951,10633886.89,-29.95,27.9292,9.652143617188,1.02,-0.050617117463,24.7068410541,通用设备,2026-04-25
4350,301236,软通动力,-0.21,7010697880.51,28.6511504495,-23.0324,-197688316.74,28.76,-289.2947,10.860748606721,-1.89,-1.92784776619,10.3203044032,IT服务Ⅱ,2026-04-25
4351,301235,华康洁净,-0.27,295271024.99,28.5433584989,-52.9985,-28954967.04,9.72,-161.3784,16.452527732102,-1.63,-1.823011984091,22.6922081509,医疗器械,2026-04-25
4352,301189,奥尼电子,-0.23,133675709.74,17.4049791546,-26.192,-27162581.23,-295.14,47.6913,18.713727807988,-1.26,0.099634820706,16.3616891599,消费电子,2026-04-25
4353,301182,凯旺科技,-0.4014,132506490.78,6.77405486,-16.2622,-38459974.34,-469.71,30.0645,8.083371256093,-4.55,0.487194650794,-14.1306727163,计算机设备,2026-04-25
4354,301162,国能日新,0.14,145054113.8,40.137097899,-21.5823,16607458.74,34.58,-58.8661,11.741072423783,1.42,-0.096132008023,56.1157330444,软件开发,2026-04-25
4355,301153,中科江南,-0.13,86537177.98,-34.2002135341,-73.8824,-45735489.38,-235.94,-146.8319,4.922042787123,-2.63,-0.330190547382,47.2224853802,软件开发,2026-04-25
4356,301151,冠龙节能,0.0486,159191737.45,7.3331866346,-53.3808,8220020.7,38.98,-84.5884,12.208299855854,0.4,-3.813680848399,33.6873404795,通用设备,2026-04-25
4357,301141,中科磁业,0.11,154029432.79,35.0884206635,-4.1763,13438447.13,232.27,130.2014,10.251686173325,1.06,0.078717785779,17.9596710375,金属新材料,2026-04-25
4358,301103,何氏眼科,0.2059,291475651.27,2.3455867705,26.3258,32531877.2,12.27,174.3184,12.097394651432,1.72,0.505879043708,43.8014150732,医疗服务,2026-04-25
4359,301077,星华新材,0.1986,183468618.96,1.4139905653,-8.6966,34541196.32,9.73,-18.0794,10.433494505038,2.85,0.297497506342,34.6494940826,化学制品,2026-04-25
4360,301065,本立科技,0.15,161979567.81,-13.9479520344,-4.7785,15246208.73,-8.07,7.6191,12.43461930117,1.16,-0.512680578759,16.8535069016,化学制药,2026-04-25
4361,301040,中环海陆,-0.2085,161289732.82,5.0498198883,16.5971,-20851757.51,-12.23,75.8552,7.759676870931,-2.38,-0.144081008685,2.2914362591,风电设备,2026-04-25
4362,301039,中集车辆,0.1,4590770906.08,-10.9109473817,-11.2852,178568597.85,-32.59,-26.443,7.776286838976,1.23,0.314848643069,14.297283956,商用车,2026-04-25
4363,301031,中熔电气,0.6194,390041245.37,44.9841547595,-14.3058,60754912.04,125.81,-9.2658,18.601951590849,5.08,-0.505086862379,38.5566569857,其他电子Ⅱ,2026-04-25
4364,301028,鼎熔岩,0.15,300880491.33,6.5320763825,23.4294,56135160.86,9.78,64.3356,4.028769062254,3.73,0.084897704877,31.1931523427,通用设备,2026-04-25
4365,301025,读客文化,0.0016,85259928.53,-9.5967791521,-24.3932,659982.6,-83.76,283.8348,1.561385162877,0.11,0.092218887116,29.5910561444,出版,2026-04-25
4366,301023,奕帆传动,0.22,55269994.15,35.9659731977,-30.9188,16891344.71,28.31,-24.7235,14.959195380021,2.04,0.479911796108,43.867087889,电机Ⅱ,2026-04-25
4367,301022,海泰科,0.1642,192373169.29,37.1954572583,13.2567,13919563.22,5738.82,193.041,11.472455941305,1.44,-0.24121940063,18.252079809,汽车零部件,2026-04-25
4368,301005,超捷股份,0.12,188598975.68,38.3638449999,3.4455,15987047.39,27.18,207.4665,5.660566150279,2.12,-0.257489818496,23.4798964736,汽车零部件,2026-04-25
4369,301002,崧盛股份,0.0,201541197.07,10.2473763759,-13.0189,-35940.59,-100.6,99.8894,6.124433743131,,-0.327967219445,22.4250734773,电网设备,2026-04-25
4370,300993,玉马科技,0.1,150910652.98,-4.8786879712,-31.0016,30185821.99,-17.57,-47.542,4.781149781846,2.08,0.024146152061,40.682535797,家居用品,2026-04-25
4371,300989,蕾奥规划,0.02,76290858.7,-11.5233539405,-10.139,3803694.99,9.32,120.62,4.662759538642,0.39,-0.189760793286,47.6796702643,工程咨询服务Ⅱ,2026-04-25
4372,300986,志特新材,0.0998,556067766.99,23.6536475828,-22.8964,24610317.8,236.44,71.3228,6.095147433271,1.53,0.444177619662,28.0782347006,专业工程,2026-04-25
4373,300968,格林精密,-0.03,207705905.2,-11.7211532956,-26.369,-11238263.11,-236.51,-293.148,4.57620721808,-0.59,0.283448569186,16.4758456757,消费电子,2026-04-25
4374,300960,通业科技,-0.03,68483129.18,15.7918838184,-57.7724,-2768266.64,18.29,-115.7066,6.008641888066,-0.45,-0.11466557437,36.6932901152,轨交设备Ⅱ,2026-04-25
4375,300958,建工修复,-0.05,227421489.55,2.1135113053,30.5498,-7556996.46,-120.79,88.1494,8.355830613542,-0.58,-0.122554741162,20.410953051,环境治理,2026-04-25
4376,300946,恒而达,0.13,150303517.14,2.0369259625,4.2774,20019806.32,-29.86,141.028,9.99789113986,1.68,-0.179816474843,29.1614703262,通用设备,2026-04-25
4377,300939,秋田微,0.16,267727834.16,19.4128549495,-3.2189,19484289.51,-19.09,11.378,11.577923139333,1.41,0.148341178583,24.0568603343,光学光电子,2026-04-25
4378,300903,科翔股份,-0.0803,872120118.55,36.8366890328,-5.1274,-33264324.56,51.79,80.2822,4.391374961754,-1.81,-0.031994151805,6.6334182941,元件,2026-04-25
4379,300887,谱尼测试,-0.2033,251721141.64,-24.7342220854,-39.7775,-110967543.61,-13.26,9.1698,5.419264901671,-3.68,-0.078325592533,17.1694521241,专业服务,2026-04-25
4380,300868,杰美特,-0.0293,149598231.18,-29.1043042484,-26.7062,-3657958.22,-140.56,-21.5064,11.947540185781,-0.24,-0.041318014766,27.7738601067,消费电子,2026-04-25
4381,300863,卡倍亿,0.29,884542071.7,13.7012721205,-18.0415,53127724.93,20.3,73.0845,11.665102138596,3.56,1.193421676245,11.8182727893,汽车零部件,2026-04-25
4382,300849,锦盛新材,-0.03,74433609.63,10.9674690793,1.0154,-3836409.75,-290.1,83.6898,3.966118180133,-0.64,-0.177788878133,19.1780583408,化妆品,2026-04-25
4383,300837,浙矿股份,0.16,170586488.38,-38.7343015842,28.7616,16217863.93,-73.65,253.7042,13.719793857138,1.15,-0.587131706173,26.3094026885,专用设备,2026-04-25
4384,300831,ST派瑞,0.0021,10948633.29,-67.9950293356,-72.0298,672233.34,-90.83,-84.3232,2.902897088813,0.07,0.007472705687,18.6096652069,半导体,2026-04-25
4385,300816,艾可蓝,0.2344,244737962.12,1.9331481301,5.8538,18543257.9,35.12,1200.5086,10.604177052875,2.21,1.42660043,26.3517240282,汽车零部件,2026-04-25
4386,300809,华辰装备,0.09,125747171.51,0.8885747234,-17.9514,23579944.81,-13.11,501.234,6.458819228466,1.46,0.085630382876,34.3732234618,通用设备,2026-04-25
4387,300803,指南针,0.23,542058996.0,84.68,-27.9542,138664932.0,725.93,-35.2483,3.729812134566,5.99,0.498428322592,90.1599960435,软件开发,2026-04-25
4388,300802,矩子科技,0.11,183144553.17,11.8855400046,18.006,32199368.96,1.28,591.4176,5.639425545927,1.97,0.026993142325,33.7683503656,自动化设备,2026-04-25
4389,300772,运达股份,0.075,4010374186.73,6.8771276437,-51.5039,58791495.38,-16.8,-70.3107,8.183678422092,0.99,-0.377778101084,10.4693430964,风电设备,2026-04-25
4390,300753,爱朋医疗,-0.14,64821886.38,-26.1313978439,-49.7695,-17649164.17,-1400.65,-352.3679,5.403988445433,-2.55,-0.303037670015,61.9074909125,医疗器械,2026-04-25
4391,300739,明阳电路,0.03,420373196.37,11.8172133828,13.7927,12020149.12,36.73,153.1439,6.95374923698,0.5,0.195124654695,22.1122867877,元件,2026-04-25
4392,300736,百邦科技,-0.0369,109989368.4,-22.1669014521,34.603,-4702461.18,35.34,-1366.5326,0.694494501111,-5.09,-0.146953663275,7.1894089175,其他电子Ⅱ,2026-04-25
4393,300717,华信新材,0.15,88799636.96,12.0987885035,-2.0415,15889462.01,48.84,-1.7441,7.009723952615,2.23,-0.132044066359,32.5338462622,塑料,2026-04-25
4394,300705,九典制药,0.25,696028386.21,17.7919525079,-11.3101,125775709.52,0.08,100.7837,5.241689740612,4.85,0.296865775227,73.5748375606,化学制药,2026-04-25
4395,300696,爱乐达,0.01,84824231.64,55.002941755,-16.8503,3157765.98,152.25,150.1003,6.270910287991,0.17,0.004965841538,22.333583734,航空装备Ⅱ,2026-04-25
4396,300676,华大基因,-0.1278,671910156.79,-18.1844935066,-35.4544,-52695120.08,-524.87,93.2314,21.886264119605,-0.58,-0.954961939409,43.5454403871,医疗服务,2026-04-25
4397,300649,杭州园林,-0.07,31329128.44,-52.2683370827,-45.8168,-8878763.75,-209.42,56.8657,3.704796675544,-1.79,-0.694882679634,31.4790205188,基础建设,2026-04-25
4398,300642,透景生命,0.0029,74893130.45,-19.5321659723,-35.3603,471691.09,110.51,-95.3492,9.239587960372,0.03,0.100671029797,63.6622440984,医疗器械,2026-04-25
4399,300625,三雄极光,-0.0548,334273758.59,-15.8185700891,-42.8315,-15313446.07,-207.88,-15.4089,7.398062605976,-0.74,-0.197751153792,29.0325136706,照明设备Ⅱ,2026-04-25
4400,300609,汇纳科技,-0.022,52362558.0,4.1882739162,-69.8359,-2637965.62,87.4,-117.6847,8.539997418211,-0.26,-0.171709254945,63.1434475566,IT服务Ⅱ,2026-04-25
4401,300604,长川科技,0.1776,815250934.46,45.7399942271,-26.2968,111000644.56,2623.82,9.8641,5.494183688939,3.3,0.191987796075,52.7517869188,半导体,2026-04-25
4402,300599,雄塑科技,0.0,218898732.68,-3.0081175649,-21.0679,-46884.98,99.73,99.9268,5.594585666418,-0.27,-0.006159521677,11.7410230362,装修建材,2026-04-25
4403,300592,华凯易佰,-0.0373,2291894216.24,35.076254826,-21.1594,-15093381.9,-118.42,21.0658,5.811809052941,-0.64,0.20233553276,31.4822216578,互联网电商,2026-04-25
4404,300591,万里马,-0.0318,84317163.17,-32.5037051341,-44.846,-12920188.08,-113.35,88.3316,0.741964580274,-4.2,-0.130632357388,21.038003454,服装家纺,2026-04-25
4405,300584,海辰药业,0.1253,142649339.94,36.4257927902,-0.8433,15036959.76,12.57,24.2611,8.649629813917,1.46,0.359660844917,86.0901841548,化学制药,2026-04-25
4406,300582,英飞特,0.01,566854346.42,-10.9107674711,-13.6147,2791641.58,51.72,107.4452,4.962280725464,0.19,0.05155598454,30.1821592214,光学光电子,2026-04-25
4407,300572,安车检测,-0.0176,114808914.75,-8.2335935954,-5.3693,-4034794.14,-2716.34,97.8369,7.810223748224,-0.23,-0.052259047049,25.6667173835,通用设备,2026-04-25
4408,300556,丝路视觉,-0.22,108800295.34,23.5101567365,-25.5242,-27027110.54,58.53,81.651,4.44101481516,-4.7,-0.234619500233,3.485593121,软件开发,2026-04-25
4409,300484,蓝海华腾,0.1348,131474273.46,87.0364890422,13.8838,27992355.96,273.83,311.9845,3.319643896367,4.15,-0.089508770238,39.2676329303,自动化设备,2026-04-25
4410,300467,迅游科技,0.03,73757526.29,-6.2211303722,6.7393,6498302.67,-39.91,525.555,3.094080110628,1.04,-0.045119098828,57.9715126859,游戏Ⅱ,2026-04-25
4411,300447,全信股份,0.0454,193309029.25,-30.3177228826,50.2285,14037941.89,-57.16,134.3253,6.394820276848,0.71,0.197253299734,38.9324357336,军工电子Ⅱ,2026-04-25
4412,300413,芒果超媒,0.2,2900344772.02,-12.7561418232,-23.7143,378811611.91,-19.8,573.521,12.244352924464,1.67,-0.115766629159,26.434391926,数字媒体,2026-04-25
4413,300412,迦南科技,-0.01,245852581.41,12.3915394854,-53.8422,-4937207.35,17.54,-123.2928,2.103457549678,-0.45,-0.130384609879,23.0333369596,专用设备,2026-04-25
4414,300404,博济医药,0.0102,138861747.84,-17.0600209925,-25.2911,3900579.72,-76.38,126.8988,2.571374058994,0.4,0.023041141629,30.6011688827,医疗服务,2026-04-25
4415,300385,ST雪浪,-0.1405,120582287.71,89.7314566092,-41.1887,-46803580.97,-106.77,85.0483,0.580193227783,-21.6,-0.18218493555,-11.3910188228,环境治理,2026-04-25
4416,300368,汇金股份,-0.0266,26259983.17,-62.4289257224,14.4336,-14054976.88,9.36,94.16,0.259891002058,-10.78,-0.047738722706,25.9874222532,计算机设备,2026-04-25
4417,300348,长亮科技,-0.0032,297434589.18,3.0408955216,-57.5701,-2588389.59,31.69,-117.7234,2.608210936205,-0.12,-0.283656900991,35.0176168404,软件开发,2026-04-25
4418,300343,联创股份,0.0047,160574657.26,12.1985504584,-22.8357,5016407.39,132.25,-87.0188,1.835573010374,0.26,-0.003846952627,13.7964707806,化学制品,2026-04-25
4419,300322,硕贝德,0.03,517737720.32,41.6906300358,-2.8482,14525384.47,276.05,121.3278,2.109429025292,1.49,0.03272342304,24.6986047107,消费电子,2026-04-25
4420,300313,天山生物,-0.0158,24648491.4,40.5020449654,-21.2863,-4959240.35,31.19,79.6063,-0.027920574398,,-0.022832137916,11.4253678828,养殖业,2026-04-25
4421,300294,博雅生物,0.28,535876732.9,19.4946373086,9.408,139484155.03,-8.25,987.7533,15.124013428964,1.85,-0.083529205818,53.8016274078,生物制品,2026-04-25
4422,300278,华昌达,0.0026,369504124.32,-51.2675818957,-35.3288,3718059.08,-87.81,7784.3314,1.266592318851,0.21,0.049693009594,16.3955795518,自动化设备,2026-04-25
4423,300275,梅安森,0.0423,96867507.56,4.6938286144,-34.8454,12884129.93,3.92,38.7581,2.983701974694,1.43,-0.072188959928,45.5788473784,计算机设备,2026-04-25
4424,300268,佳沃食品,-1.0385,677514772.36,-34.0894778382,-14.3714,-180913426.83,-105.49,33.6325,-10.582262912974,,-1.408979553617,-7.9787917364,农产品加工,2026-04-25
4425,300264,佳创视讯,0.0045,56102722.04,207.339513596,-21.4528,1940141.05,115.85,107.8095,0.067428249656,6.91,-0.023396681731,25.1616625481,IT服务Ⅱ,2026-04-25
4426,300246,宝莱特,0.0546,247732813.14,-7.1690542066,-2.0715,14448489.46,298.35,124.997,4.45784206447,1.18,-0.079783186523,27.3926373942,医疗器械,2026-04-25
4427,300231,银信科技,0.0498,464316060.82,23.3013847347,2.5829,22104204.93,32.79,113.0842,3.651595797678,1.35,-0.111480530482,20.6386200363,IT服务Ⅱ,2026-04-25
4428,300213,佳讯飞鸿,-0.0434,117062065.02,-32.0934778426,-71.9541,-25532416.7,-310.45,-168.2674,3.698668931699,-1.16,0.026763406256,43.2046842343,通信设备,2026-04-25
4429,300193,佳士科技,0.1,278582587.2,4.2818214054,-11.7236,47377681.44,-5.19,-36.8183,4.629373162002,2.1,-0.046896751364,29.8039068035,通用设备,2026-04-25
4430,300189,神农种业,-0.0123,38968890.86,-22.157762745,15.194,-12641464.89,-53.27,56.1965,0.694990902061,-1.82,-0.001467378213,34.275609814,种植业,2026-04-25
4431,300185,通裕重工,0.01,1415321802.64,1.343061079,-24.6265,38868518.23,270.31,392.0778,1.711509602229,0.56,0.013673644975,13.4430044952,风电设备,2026-04-25
4432,300182,捷成股份,0.0495,710651793.43,5.1269849154,-5.6554,131120771.33,11.8,206.0029,3.12971715794,1.58,0.135779550822,30.1345214534,影视院线,2026-04-25
4433,300177,中海达,-0.0332,151988324.18,30.6043012011,-68.3972,-24692507.12,37.63,-285.3496,2.054303909174,-1.6,-0.107707854347,44.0019117461,军工电子Ⅱ,2026-04-25
4434,300146,汤臣倍健,0.27,1791668420.41,-32.2901276616,62.1641,454532555.26,-37.44,310.6455,6.766306414025,4.03,0.21293640459,68.6645140672,食品加工,2026-04-25
4435,300139,晓程科技,0.04,90731231.74,24.7654618069,-19.6473,11007000.77,7.42,86.3267,3.714761344234,1.09,0.100111042372,62.8561377999,贵金属,2026-04-25
4436,300138,晨光生物,0.2266,1716472687.32,-0.9152165303,-2.9564,109480325.98,183.69,248.1785,6.661481513646,3.46,1.098001047104,14.1570539004,农产品加工,2026-04-25
4437,300137,先河环保,0.02,188516139.38,17.0481027071,-46.5183,11509954.77,38.01,107.2939,3.053924603594,0.71,-0.247816455711,39.7257151914,环保设备Ⅱ,2026-04-25
4438,300127,银河磁体,0.12,179405289.96,-3.6629393536,-13.9998,39426966.73,-1.56,18.4586,4.609196913838,2.68,-0.043098399623,36.5712583585,金属新材料,2026-04-25
4439,300091,*ST金灵,-0.0489,120632169.64,-67.7631246827,-66.067,-72877411.84,-197.51,93.7929,0.408820622666,-11.3,-0.053922965973,4.3144208925,通用设备,2026-04-25
4440,300087,ST荃银,0.0023,835321277.94,24.1260605725,-68.5233,2196667.64,-87.62,-98.9319,2.080851666704,0.22,-0.82002440446,13.4788200173,种植业,2026-04-25
4441,300073,当升科技,0.2184,1908009532.72,25.7981231655,-7.7288,110624326.38,0.22,1365.5332,26.206589815734,0.84,0.713149441229,10.9327536012,电池,2026-04-25
4442,300072,海新能科,-0.0212,241334714.35,-53.6864577379,-58.9418,-49903481.8,57.6,84.4562,2.526333827949,-0.84,-0.066561006047,-6.6471309207,化学制品,2026-04-25
4443,300066,三川智慧,0.0157,213343591.3,-38.7881595747,-41.0174,16310506.63,3337.9,310.9077,2.421676585099,0.64,-0.029829829116,27.5543929451,通用设备,2026-04-25
4444,300062,中能电气,-0.02,214876905.27,-44.3901492481,45.9863,-13348727.92,-207.92,81.8067,2.138446056008,-1.08,-0.198183539301,16.6222407825,电网设备,2026-04-25
4445,300059,东方财富,0.172,3485587013.94,41.93,-18.9539,2715030716.13,38.96,-23.9135,5.275546168223,3.31,-0.289243538055,70.0649146082,证券Ⅱ,2026-04-25
4446,300017,网宿科技,0.0785,1234995070.32,10.2630061704,-6.5949,191838873.46,38.54,-21.8466,4.13730358464,1.92,0.083408439346,30.9601906719,IT服务Ⅱ,2026-04-25
4447,300014,亿纬锂能,0.54,12796142215.48,37.3371350887,-12.1463,1101115915.75,3.32,24.1485,18.749652404195,2.88,0.436102348183,17.1592748483,电池,2026-04-25
4448,300013,新宁物流,0.01,110814234.77,-8.0676336669,-2.9098,5794160.56,398.61,114.1495,0.370145985585,2.84,0.035506225356,15.1361686473,物流,2026-04-25
4449,200550,江铃B,0.35,7967428172.0,-0.0923393733,-25.1431,305997821.0,-36.56,-17.5315,13.43522659271,2.67,-2.661119146585,11.8074467029,商用车,2026-04-25
4450,200512,闽灿坤B,0.06,369535852.85,-0.8894535981,0.0951,11735739.16,-22.82,-25.9445,6.007271474103,1.05,-0.027913264824,13.3361928105,小家电,2026-04-25
4451,200026,飞亚达B,0.1118,924208353.87,-13.2321650675,2.6027,45306381.34,-39.99,99.3484,8.505245000772,1.32,0.204726260775,35.0909734977,饰品,2026-04-25
4452,003041,真爱美家,1.4435,180223221.52,12.9368835347,-29.3816,207862453.13,689.05,957.3478,10.806727519097,14.31,0.11076676,19.8384851455,服装家纺,2026-04-25
4453,003040,楚天龙,0.04,257681456.65,0.5059522005,-27.0767,18370144.62,-3.63,-63.1419,3.202813305508,1.25,-0.20218678427,32.0204602196,通信设备,2026-04-25
4454,002982,湘佳股份,0.24,1077744971.6,19.0625755309,-11.5935,34543082.87,277.94,279.1406,11.113493732811,1.98,0.298304162002,14.7578769005,养殖业,2026-04-25
4455,002978,安宁股份,0.4889,550148325.6,23.5102863841,10.5335,230309904.31,0.02,36.5632,17.749174371269,2.79,0.568392339229,61.7569772024,小金属,2026-04-25
4456,002963,豪尔赛,-0.15,57548851.65,-60.0475970437,-29.4024,-22397984.98,-517.82,87.931,8.816892632565,-1.68,0.132450062527,23.6393146344,装修装饰Ⅱ,2026-04-25
4457,002955,鸿合科技,0.01,510086493.22,-7.4027922264,-32.9257,5850505.73,-76.67,125.323,13.616993902575,0.17,-0.845640073514,27.6316909609,光学光电子,2026-04-25
4458,002945,华林证券,0.0382,324608904.09,19.07,-22.4791,103031497.92,87.92,101.8438,2.5806546708,1.51,2.0952482251,,证券Ⅱ,2026-04-25
4459,002935,天奥电子,-0.0152,91579926.62,-14.4628646717,-76.3641,-6417288.92,29.46,-113.2985,3.704654278341,-0.41,-0.25444808381,22.0123678562,军工电子Ⅱ,2026-04-25
4460,002911,佛燃能源,0.06,6550847486.96,6.3637169022,-29.4703,81037078.27,0.91,-79.2692,3.498859679829,1.47,-0.120171348134,4.7250053476,燃气Ⅱ,2026-04-25
4461,002908,德生科技,0.0151,132305288.44,-12.7520920253,-45.723,6511279.11,-5.19,-43.0157,2.612434559434,0.58,-0.300506850895,46.3279118868,IT服务Ⅱ,2026-04-25
4462,002906,华阳集团,0.3,2489088728.63,25.0305063318,-24.9465,155479820.09,9.27,-16.715,12.602654646521,2.38,0.056439465517,18.1861714046,汽车零部件,2026-04-25
4463,002902,铭普光磁,-0.1995,359065226.48,-10.771700265,-11.1462,-46967522.78,-106.25,68.9151,3.858552643612,-5.18,-0.107759419302,8.6188094524,通信设备,2026-04-25
4464,002889,东方嘉盛,0.12,891160264.25,8.6062709887,-9.2717,43391208.45,-14.49,261.2957,9.005522075309,1.8,0.169822395687,9.5241012425,物流,2026-04-25
4465,002885,京泉华,0.0669,793117242.14,36.1602165475,-13.2242,18188715.41,105.01,541.3329,5.227582907395,1.29,0.047920788532,10.9432011522,其他电子Ⅱ,2026-04-25
4466,002882,金龙羽,0.0859,898529180.99,31.1395749036,-13.0755,37168486.63,2.94,172.6768,5.028145035643,1.72,-0.893281140194,11.5548604404,电网设备,2026-04-25
4467,002862,实丰文化,0.02,80719822.02,22.1263055925,-36.2724,2220218.82,-46.82,-55.604,3.871992706,0.48,-0.341599285167,38.2413309736,文娱用品,2026-04-25
4468,002861,瀛通通讯,-0.09,164238455.53,1.4154549842,-25.0685,-17444881.82,-117.3,-139.9037,6.137875034728,-1.51,-0.048235431024,15.0076443306,消费电子,2026-04-25
4469,002855,捷荣技术,-0.3523,378125563.3,46.1385103347,1.1336,-86803733.5,-72.65,28.4724,2.064702726789,-15.71,0.25988860695,3.0162314895,消费电子,2026-04-25
4470,002843,泰嘉股份,0.06,355137244.32,-19.9968708022,-14.379,14969500.86,-53.24,195.9371,5.495696572791,1.08,0.059298587051,16.9400954989,通用设备,2026-04-25
4471,002819,东方中科,-0.1161,615049298.14,-5.8878134805,-38.9153,-34577090.76,-21.97,72.4012,13.514000522833,-1.22,-0.584417634074,17.0658333596,通用设备,2026-04-25
4472,002802,洪汇新材,0.06,93834466.41,34.9880263631,-16.4428,11384474.82,200.55,-24.3152,3.499974896105,1.8,0.015958172261,27.9907591367,化学制品,2026-04-25
4473,002758,浙农股份,0.11,10190719678.99,3.2471341372,-9.3806,58489901.37,2.4,-73.3752,9.150705844428,1.23,1.676250615979,5.6774215996,综合Ⅱ,2026-04-25
4474,002757,南兴股份,0.1462,845252236.0,-11.3802285698,11.7642,43195493.11,-48.46,111.297,6.927305847015,2.13,0.237126192597,16.0705778612,专用设备,2026-04-25
4475,002742,冀衡医药,-0.1907,234934455.67,-32.5191129733,12.1508,-82377602.48,-132.59,86.4982,-1.138318218009,,0.03108998956,14.7991698624,化学制药,2026-04-25
4476,002706,良信股份,0.1,1088564969.86,15.5322248508,-2.2314,103144063.29,15.15,6896.5424,3.641137117602,2.49,0.047981296998,31.5556997139,电网设备,2026-04-25
4477,002700,万憬能源,0.039,187469804.37,7.9300862294,-10.5471,16214026.29,-8.49,46.4844,3.25665322241,1.21,-0.05495336731,17.4232817865,燃气Ⅱ,2026-04-25
4478,002695,煌上煌,0.079,445935566.98,-2.530346951,55.4166,44369658.05,36.21,216.0455,5.033085916836,1.16,0.327573968773,35.2109405073,休闲食品,2026-04-25
4479,002690,美亚光电,0.123,392340157.04,18.3886998664,-46.4596,108455126.71,7.49,-45.5399,3.325988207977,3.81,0.064809360975,51.600267038,专用设备,2026-04-25
4480,002676,顺威股份,0.0322,796685961.81,25.8281917245,21.0966,23160192.82,38.12,101.9016,1.751774502375,1.85,0.08963928175,18.4982877701,家电零部件Ⅱ,2026-04-25
4481,002659,凯文教育,0.0008,90674739.64,17.6764270446,-3.8063,468361.77,113.24,103.1692,3.618015435853,0.02,-0.042590583715,32.3979362793,教育,2026-04-25
4482,002643,万润股份,0.09,861227665.96,-8.1740536404,-7.4611,79874486.74,-18.76,260.814,7.632467899325,1.13,0.134367930918,37.567603457,电子化学品Ⅱ,2026-04-25
4483,002611,东方精工,0.23,988738120.45,5.7310317405,-32.831,275689175.48,517.55,61.6615,4.350646323916,5.37,0.112056680529,29.8069121868,专用设备,2026-04-25
4484,002608,江苏国信,0.2288,7760353643.03,-14.54,-13.2807,864336718.91,11.01,172.3154,8.718351074581,2.63,0.38490483998,11.2123970166,电力,2026-04-25
4485,002589,瑞康医药,0.008,1756650456.75,-12.9836369234,-8.036,12088659.39,-6.58,177.9285,3.66123964454,0.22,0.028562701529,13.8474493537,医药商业,2026-04-25
4486,002566,益盛药业,0.0358,159128536.54,-20.5896605731,-2.3201,11861570.02,-43.56,-26.8765,6.79092720573,0.53,0.066594272999,74.8751751764,中药Ⅱ,2026-04-25
4487,002561,徐家汇,0.0157,103563775.78,-23.078536008,-4.045,6523474.85,-40.53,5.423,5.32995935444,0.29,-0.004108220188,59.81965678,一般零售,2026-04-25
4488,002554,惠博普,0.02,315857886.84,-53.1087637919,-68.3313,30744158.54,74.73,126.8987,1.759441807246,1.32,-0.195036671421,4.968001821,油服工程,2026-04-25
4489,002544,普天科技,-0.0241,871039823.78,-19.5783369305,-43.8953,-16397958.22,-201.78,-132.3069,5.44867964242,-0.44,-0.472795647356,13.9597126446,通信服务,2026-04-25
4490,002519,银河电子,-0.0145,87898004.21,-69.102145259,130.9224,-16285495.88,-117.33,98.0305,2.060912462994,-0.7,-0.067161917952,16.4188109841,地面兵装Ⅱ,2026-04-25
4491,002516,旷达科技,0.03,501651563.54,15.7230972747,-11.4652,43972913.36,43.65,-2.8368,2.534046005318,1.19,0.0377827528,24.3995951445,汽车零部件,2026-04-25
4492,002492,恒基达鑫,0.0513,84141740.74,-9.9958324707,6.2236,20796008.85,-15.21,121.0379,4.207288323951,1.23,0.202272660444,40.3883570165,物流,2026-04-25
4493,002469,三维化学,0.0794,547669241.75,5.5404521717,-36.3928,51536331.27,-10.5,-55.838,4.282176185381,1.87,0.202233519474,20.6361028143,化学原料,2026-04-25
4494,002465,海格通信,0.0184,1039604901.17,-9.1505899772,-9.842,45588807.49,7.25,134.5934,5.097735491533,0.36,-0.158127721243,27.3664967941,军工电子Ⅱ,2026-04-25
4495,002461,珠江啤酒,0.0709,1226771407.96,10.6919185921,45.3149,157027195.15,29.83,4104.0897,4.819434625461,1.48,0.031104463676,45.0020289875,非白酒,2026-04-25
4496,002436,兴森科技,0.01,1579603763.29,13.7660315008,7.7614,9372438.91,-62.24,105.6228,2.955225089897,0.19,0.010017963555,17.1965752882,元件,2026-04-25
4497,002431,ST棕榈,-0.09,747671014.86,-20.4608468609,7.9869,-161761392.19,-57.4,83.6966,0.825837273972,-10.25,0.033856370342,5.5270478364,基础建设,2026-04-25
4498,002426,胜利精密,-0.0071,844633519.51,2.5172237653,16.4212,-23779843.61,-153.66,96.6472,0.721290100651,-0.97,0.029012869042,16.8779973535,消费电子,2026-04-25
4499,002420,毅昌科技,0.0535,717565468.02,25.4728239755,-14.6706,21890902.55,-59.42,-5.0871,1.410287677722,3.71,-0.170600678505,13.2424823553,综合Ⅱ,2026-04-25
4500,002419,天虹股份,0.1292,3267442809.47,-2.179864267,19.2724,151000397.18,1.22,462.7401,3.635465368137,3.62,0.002339003005,36.2475370965,一般零售,2026-04-25
4501,002397,梦洁股份,0.01,334426286.67,-18.1701223951,-36.2544,7599097.98,13.87,68.9417,1.595982549623,0.65,-0.068679373099,41.6388182809,服装家纺,2026-04-25
4502,002392,北京利尔,0.11,1669353565.68,10.5355797614,24.7608,126475304.16,49.35,1340.9658,4.606876656873,2.33,-0.152281206701,15.9704241277,装修建材,2026-04-25
4503,002379,宏桥控股,0.377,39661665370.61,4798.2796091198,-16.8968,4912606869.4,-159.6,-213.1796,1.675505623536,10.88,7.021028819503,20.4014172974,工业金属,2026-04-25
4504,002370,亚太药业,-0.0105,64550537.91,-42.7299300166,-34.3591,-7803212.71,-160.25,-120.6986,1.272990781897,-0.79,0.015649489348,31.351145684,化学制药,2026-04-25
4505,002367,康力电梯,0.0867,728659558.88,-4.8021973637,-39.5825,69136373.64,28.58,-8.3955,4.514673855871,1.94,-0.074331538773,30.1165679796,专用设备,2026-04-25
4506,002366,融发核电,0.0015,154660992.21,11.5406231405,-62.8657,3112922.25,307.8,278.0003,2.229843265073,0.07,-0.037455065684,22.3444116685,其他电源设备Ⅱ,2026-04-25
4507,002327,富安娜,0.07,535986600.53,-17.8029316882,-52.3253,56142314.19,-54.12,-77.4585,4.719278743744,1.43,0.217218332953,54.4685759516,服装家纺,2026-04-25
4508,002301,齐心集团,0.07,2212153750.95,0.9768478978,-26.2849,48865693.45,-1.14,151.0378,4.33175822346,1.58,0.034464662251,9.7399452284,文娱用品,2026-04-25
4509,002286,保龄宝,0.14,684796378.74,24.232570067,20.4971,50355660.3,117.35,399.1666,5.646334001907,2.44,-0.0426310161,13.6526109195,农产品加工,2026-04-25
4510,002285,世联行,-0.0053,496600515.89,-6.9614601103,-29.3916,-10654969.34,73.84,93.974,1.42146788261,-0.38,-0.055417267856,6.7048081173,房地产服务,2026-04-25
4511,002282,博深股份,0.11,407437692.83,10.5819578937,-6.0594,58441414.86,0.65,116.492,6.866307838946,1.63,0.051997091184,26.7780128152,通用设备,2026-04-25
4512,002278,神开股份,0.0509,201914351.46,41.7755317414,-14.6115,18460176.4,434.81,86.345,3.141267838851,1.63,-0.027737861597,33.786349448,专用设备,2026-04-25
4513,002259,升达林业,0.0151,229732760.41,52.204745936,2.9936,11367713.67,177.2,-64.8189,0.353208375886,4.37,0.049496731817,14.117761769,燃气Ⅱ,2026-04-25
4514,002258,利尔化学,0.1912,2086079067.26,49.9871527438,-1.726,153043699.24,219.9,83.4235,9.852535707035,1.96,-0.182121216119,20.2357364078,农化制品,2026-04-25
4515,002254,泰和新材,0.01,1057647713.55,9.4475308649,5.0457,10471808.27,-54.12,118.7716,8.234913577856,0.15,-0.291968506311,17.3934770192,化学纤维,2026-04-25
4516,002245,蔚蓝锂芯,0.123,1727900023.72,20.8964052959,-9.8995,141729301.61,100.56,-31.1927,6.139472266978,2.02,0.288814676338,20.4073104178,电池,2026-04-25
4517,002234,民和股份,-0.2,467611280.05,-10.4954104327,-19.8541,-71029025.59,-103.48,-122.662,5.637490076519,-3.55,0.010019160924,1.9546836871,养殖业,2026-04-25
4518,002232,启明信息,-0.0368,135328769.68,-11.121187833,-68.1946,-15052545.8,16.97,-140.0621,3.353875290533,-1.09,-0.313922372733,8.057414721,IT服务Ⅱ,2026-04-25
4519,002223,鱼跃医疗,0.6271,2435873177.34,9.1727783203,58.3827,624758641.94,-5.26,127.9251,13.074540733845,4.87,0.656089428159,50.3030644567,医疗器械,2026-04-25
4520,002202,金风科技,0.1299,9472103951.62,35.7203339007,-54.592,568246130.26,70.84,731.5715,8.785475715047,1.48,-0.387321749192,21.7753271408,风电设备,2026-04-25
4521,002197,证通电子,-0.01,200709011.59,-15.0471334075,60.9314,-6718614.32,-345.24,97.9143,3.487681919766,-0.31,0.092745862914,26.2797910478,计算机设备,2026-04-25
4522,002179,中航光电,0.3071,4838670554.5,20.5639594257,-26.5815,639869007.13,-14.78,-23.9364,11.471900054386,2.67,-0.531543500248,28.438542094,军工电子Ⅱ,2026-04-25
4523,002158,汉钟精机,0.2201,606395770.45,-19.0869497132,-25.8453,117700200.58,-19.58,-16.6373,8.065479278354,2.75,0.141423000767,35.6609484874,通用设备,2026-04-25
4524,002154,报喜鸟,0.12,1303353865.47,-3.662868897,-19.419,170397305.29,-31.9,113.8171,3.111242536984,3.82,0.054375267187,67.9251057602,服装家纺,2026-04-25
4525,002152,广电运通,0.1,2149874852.11,7.1583219378,-42.6442,240640878.89,-2.63,-2.5391,5.133577517678,1.9,-0.314917200038,30.8901241609,计算机设备,2026-04-25
4526,002142,宁波银行,1.12,18495000000.0,5.6313895711,16.4819,7417000000.0,5.76,15.5296,31.824348879467,3.545,14.091459721381,,银行Ⅱ,2026-04-25
4527,002121,科陆电子,0.0406,1213551312.87,16.1959001605,-20.4527,67450933.37,857.45,121.7264,0.343675937221,12.61,-0.097338998156,28.9609826781,电网设备,2026-04-25
4528,002120,韵达股份,0.11,12188680395.25,9.2615072326,-6.4863,321117491.69,-22.15,-36.542,7.074447413205,1.56,0.064497407793,7.7415828813,物流,2026-04-25
4529,002117,东港股份,0.082,276426242.94,-9.0119581093,-31.2068,42940475.42,-1.1,-44.6618,2.750874708345,3.03,-0.185331541851,35.0598913074,包装印刷,2026-04-25
4530,002092,中泰化学,-0.0349,6766944051.8,-13.0235901184,-11.314,-89797935.26,49.28,85.711,8.379501140396,-0.41,0.039934251098,20.4139117959,化学原料,2026-04-25
4531,002080,中材科技,0.2158,5505598857.29,24.2638121369,-23.2473,362098438.95,68.34,27.7234,11.249629988997,1.94,-0.171807450964,18.5417374845,玻璃玻纤,2026-04-25
4532,002063,远光软件,0.0049,416640093.59,-9.4738169663,-51.5207,9388417.57,2.66,-94.8569,1.933654417588,0.27,-0.125058549496,54.3890274571,软件开发,2026-04-25
4533,002059,云南旅游,-0.0474,47422230.16,-62.3002714443,-56.6113,-48025234.28,-51.6,70.8121,1.356395422408,-3.44,-0.020137583534,-26.0688644931,旅游及景区,2026-04-25
4534,002057,中钢天源,0.087,724056043.37,19.075318879,-3.6144,65964921.28,28.91,340.254,4.168423684983,2.11,0.056643969381,24.2784643205,专业服务,2026-04-25
4535,002051,中工国际,0.11,2182850656.45,-7.6146685638,-39.3235,131183635.89,12.17,246.0914,9.336420998574,1.14,-0.029306280459,19.7155152048,专业工程,2026-04-25
4536,002029,七匹狼,0.22,844034694.74,-5.4730033256,-10.805,149508166.5,40.63,205.5081,9.495163500577,2.25,0.153241453342,48.362288712,服装家纺,2026-04-25
4537,002028,思源电气,0.57,3226557969.19,21.4110668656,-36.1179,446499519.83,22.91,-19.939,16.558250613268,3.46,-0.718057834661,30.3109650311,电网设备,2026-04-25
4538,002017,东信和平,0.0809,321419358.69,-10.8218432048,0.4889,46938236.9,7.4,-33.7886,3.094463256085,2.65,-0.136653706869,35.4584928035,通信设备,2026-04-25
4539,002004,华邦健康,0.0934,2820969309.75,-3.2420055577,2.4007,184340340.89,18.5,124.5471,4.812957148426,1.95,0.019117151292,37.1159977803,化学制药,2026-04-25
4540,001965,招商公路,0.1893,2802710647.48,-7.2417942945,-22.8793,1328834936.51,2.74,14.3813,9.842615670136,1.94,0.198560744104,36.4590848991,铁路公路,2026-04-25
4541,001696,宗申动力,0.1977,3242559134.79,39.1104413928,4.5407,226342822.5,88.28,222.5336,4.551961536616,4.44,0.344227363563,13.239861591,通用设备,2026-04-25
4542,001356,富岭股份,0.0647,533580083.05,-0.1950213763,-5.1253,34977654.35,-34.85,-37.6015,3.452366154772,1.95,0.053338071693,19.0242584355,家居用品,2026-04-25
4543,001269,欧晶科技,-0.0191,140682949.27,-58.6130325857,1.45,-3666344.26,-116.91,98.8268,4.973253719324,-0.35,-0.036914662628,17.2022186239,光伏设备,2026-04-25
4544,001215,千味央厨,0.22,470438899.99,1.4978502715,-6.7344,21444523.89,-37.98,902.8931,18.570337677994,1.17,-0.066651637658,24.4179091721,食品加工,2026-04-25
4545,001210,金房能源,0.8289,629092265.37,11.3333886317,42.1752,129983111.78,5.5,1011.259,10.572753776002,9.87,-1.312520647629,31.3289925452,电力,2026-04-25
4546,000999,华润三九,0.77,6853656383.75,-6.0379752373,-12.9841,1270073784.52,-6.87,211.2498,16.490070313901,6.18,0.76294955645,53.2783314324,中药Ⅱ,2026-04-25
4547,000997,新大陆,0.3073,1896281252.87,8.92,-12.698,311067261.26,25.16,63.0516,6.897733670297,4.44,0.358554643756,38.9545447712,计算机设备,2026-04-25
4548,000985,大庆华科,0.055,501980817.11,3.9686109038,8.1613,7127128.56,93.95,143.6328,4.72923475052,1.16,0.317509310742,6.5189443012,炼化及贸易,2026-04-25
4549,000972,中基健康,-0.0094,78693422.51,-34.0123935328,661.5103,-7255722.34,-221.2782897304,96.1247,-0.044891099646,,-0.213089773133,18.0715611501,农产品加工,2026-04-25
4550,000970,中科三环,0.0112,1460741260.74,-11.5755258458,-17.4259,13489994.31,113.66,-75.0466,5.309675732489,0.21,0.08097709229,8.6539077178,金属新材料,2026-04-25
4551,000957,中通客车,0.129,1693306629.88,32.0988061139,12.8707,76512275.11,80.52,41.2395,5.093616629777,2.57,0.000778280463,15.0920097489,商用车,2026-04-25
4552,000952,广济药业,-0.1037,148487959.52,-17.5804128856,-15.9223,-36266158.34,28.2,73.4733,2.940880682115,-3.46,-0.00167110281,28.9516975915,化学制药,2026-04-25
4553,000948,南天信息,-0.0764,1993119989.64,1.6962580936,-45.1532,-30077909.44,-228.98,-150.3822,6.858911877143,-1.12,-4.650210097253,9.6715258851,软件开发,2026-04-25
4554,000931,中关村,0.0209,616290632.44,1.6278992916,2.3231,15756417.46,35.47,702.6089,2.129956031372,0.99,0.087392150345,64.2212831863,化学制药,2026-04-25
4555,000909,*ST数源,-0.024,68999923.21,-22.6374203627,-20.421,-10523347.34,23.93,90.7856,2.430000115349,-0.98,0.007723028617,41.4518343201,房地产开发,2026-04-25
4556,000823,超声电子,0.0778,1466308269.24,15.8106268422,-4.9207,41772451.01,142.26,-38.9198,8.734647286877,0.87,0.157629994155,17.1048517001,元件,2026-04-25
4557,000822,山东海化,-0.07,1023637626.89,-44.4629109883,-14.2679,-66524582.55,-142.75,49.8161,5.735431024869,-1.29,0.055807337849,11.467394814,化学原料,2026-04-25
4558,000821,ST京机,0.15,1766082273.55,-13.0852572074,-14.4144,95422542.4,-26.67,2391.1685,6.644897385378,2.33,0.140390727091,19.147299035,光伏设备,2026-04-25
4559,000816,智慧农业,-0.0045,191681219.12,-4.4233489311,-41.927,-6556320.6,43.4283964044,91.6896,1.389600425025,-0.32,-0.071342692722,9.792807572,汽车零部件,2026-04-25
4560,000813,德展健康,-0.0104,89277784.01,-11.8247954724,-20.2965,-22114871.36,-31.6,22.4111,2.37229238144,-0.43,0.008333984332,59.8203302112,化学制药,2026-04-25
4561,000802,北京文化,-0.3044,97981692.1,1480.5047238056,-54.964,-217897637.25,-1490.38,-88.2877,1.210854981425,-22.33,-0.015192415066,-195.434607921,影视院线,2026-04-25
4562,000757,浩物股份,0.0156,685363577.17,-26.8750366338,-28.9917,8181163.25,155.75,110.5133,2.923818780715,0.53,0.300353125542,13.3641243131,汽车服务,2026-04-25
4563,000755,山西高速,0.0732,338456956.92,2.5293257825,-20.1991,107419587.13,26.92,27.7729,3.716923900807,1.97,0.118176726505,57.6265582764,铁路公路,2026-04-25
4564,000753,漳州发展,0.0128,527892306.55,-8.9843858999,-56.5684,17130442.82,-12.54,314.1245,2.753142302865,0.47,-0.25157369193,20.804522583,综合Ⅱ,2026-04-25
4565,000723,美锦能源,-0.08,3982573352.62,-5.0194161402,-14.5503,-358723574.08,0.76,26.4464,3.077708956946,-2.52,0.058218939498,0.1364496892,焦炭Ⅱ,2026-04-25
4566,000715,中兴商业,0.04,213172656.71,-0.1150760818,8.2282,20416722.47,32.34,-54.7698,4.695039219935,1.05,0.063060558174,52.7550105373,一般零售,2026-04-25
4567,000698,ST沈化,0.0395,1143449796.19,-4.1464811945,-19.1688,32348427.98,289.43,70.4051,1.724902407785,2.32,0.201889552886,8.5260079896,炼化及贸易,2026-04-25
4568,000686,东北证券,0.09,983732469.08,25.94,-24.3324,202292716.42,859.84,-49.4305,8.204707924385,1.06,-1.035669025929,,证券Ⅱ,2026-04-25
4569,000629,钒钛股份,-0.0106,2121816088.25,-40.8353797343,-22.4256,-98003811.31,-243.81,-196.1095,1.333000598423,-0.79,-0.004727870699,3.7044379292,冶钢原料,2026-04-25
4570,000619,海螺新材,-0.0557,1028171837.73,-2.2064514686,-13.4939,-24555074.25,-59.0,69.0929,5.811864945939,-0.95,0.084492908861,7.0300282441,装修建材,2026-04-25
4571,000595,新能股份,-0.01,141349791.63,147.1159103383,-19.4041,-9779190.66,-44.6,77.5023,0.257076932076,-0.93,-0.005199247514,27.1781507613,电力,2026-04-25
4572,000593,德龙汇能,0.009,429880789.8,0.4297044565,-5.9821,3346698.89,-76.2,114.3705,2.375912116484,0.39,0.104185901114,8.9999497391,燃气Ⅱ,2026-04-25
4573,000565,渝三峡A,0.01,73702983.41,7.3490339176,-10.6087,5250023.96,-53.16,149.2152,2.87210385726,0.42,-0.051676140868,24.4180729563,化学制品,2026-04-25
4574,000563,陕国投A,0.0757,706398126.22,-1.1539127534,-22.4893,386984542.38,5.27,-9.3015,3.573445950875,2.14,0.109228036499,,多元金融,2026-04-25
4575,000559,万向钱潮,0.089,3498390353.61,27.3945578775,0.4271,293250586.07,5.29,25.0868,2.861041231347,3.15,0.07887510426,17.9343398595,汽车零部件,2026-04-25
4576,000550,江铃汽车,0.35,7967428172.0,-0.0923393733,-25.1431,305997821.0,-36.56,-17.5315,13.43522659271,2.67,-2.661119146585,11.8074467029,商用车,2026-04-25
4577,000548,湖南投资,0.04,108332799.9,-51.7985488673,-7.3923,19793061.77,-44.84,290.7943,4.119168079995,0.97,-0.128352791114,48.0443953891,铁路公路,2026-04-25
4578,000534,万泽股份,0.1457,335036012.25,15.3364171987,11.1089,72688907.41,10.52,34.712,2.959445539582,5.1,-0.047626850293,75.4891301957,生物制品,2026-04-25
4579,000532,华金资本,0.1073,111594298.23,13.7334150782,-39.8744,36970794.05,-65.97,-69.2636,4.416740151312,2.46,0.348350473215,44.4703693891,多元金融,2026-04-25
4580,000528,柳工,0.3255,9148997670.9,15.2437642498,26.9499,657197042.81,32.0,10145.1877,8.858438527273,3.72,-0.068214477509,22.0071436611,工程机械,2026-04-25
4581,000514,渝开发,0.213,77040296.28,-1.6409600548,-17.5167,179698609.24,786.39,362.9952,4.516268940636,4.83,-0.018019911351,18.3949024787,房地产开发,2026-04-25
4582,000423,东阿阿胶,0.6607,1719320437.8,18.2977869346,7.9776,424508290.78,20.25,4.9288,16.670088054986,4.03,-0.46762384309,73.6294543291,中药Ⅱ,2026-04-25
4583,000063,中兴通讯,0.51,32968196000.0,7.8156565991,5.484,2453172000.0,-10.5001534123,373.2299,15.110849403213,3.38,0.387005216853,34.2713747516,通信设备,2026-04-25
4584,000026,飞亚达,0.1118,924208353.87,-13.2321650675,2.6027,45306381.34,-39.99,99.3484,8.505245000772,1.32,0.204726260775,35.0909734977,饰品,2026-04-25
4585,000001,平安银行,0.62,33709000000.0,-13.0539076606,-3.9985,14096000000.0,-5.6,194.9571,22.475471503659,2.8,8.4,,银行Ⅱ,2026-04-25
4586,920833,美心翼申,0.13,120100179.86,13.4548063717,18.3934,10667194.56,127.0,96.3205,7.506966084507,1.74,0.171999339728,24.6843777458,通用设备,2026-04-24
4587,920826,盖世食品,0.06,129982390.34,22.3199150106,-11.9514,8892770.01,17.85,-9.7577,2.505664377534,2.56,-0.076095787482,17.4063511148,食品加工,2026-04-24
4588,920821,则成电子,0.047,95195671.47,26.6826270294,-16.0769,4644976.69,29.8,-9.1682,5.314022831019,0.89,0.0089799175,23.2979594634,元件,2026-04-24
4589,920819,颖泰生物,0.0,1353420786.6,-1.5034123545,1.6416,2348404.41,107.89,100.6034,4.127882775078,0.05,0.003310647373,13.6276866645,农化制品,2026-04-24
4590,920808,曙光数创,-0.16,11669677.87,-1.3652398785,-96.4952,-31372508.98,-329.66,-147.5216,3.426975023565,-4.43,-0.191350304743,-17.2097882424,计算机设备,2026-04-24
4591,920753,天纺标,0.04,41114179.92,20.9525566826,-38.8539,3160478.97,75.91,-59.2918,4.912500585718,0.79,0.029049830594,46.904496861,专业服务,2026-04-24
4592,920703,广厦环能,0.1,60424069.37,-62.0550360962,-52.7507,15094436.11,-61.37,-52.789,10.178785770202,1.39,-0.286712364667,40.8931800649,专用设备,2026-04-24
4593,920694,中裕科技,0.24,184379049.33,48.7492968298,13.603,31089400.69,119.77,9.0348,8.363630368811,3.71,-0.039061158231,50.7227783904,橡胶,2026-04-24
4594,920670,数字人,-0.03,11759217.16,180.2477250717,-68.961,-2675522.31,-431.11,-183.3398,2.248335518975,-1.11,-0.106906734449,76.633334153,医疗服务,2026-04-24
4595,920663,明阳科技,0.2,85463130.31,43.272302957,-9.9427,19837078.81,18.53,1.6095,3.854028988566,5.15,-0.061919275872,42.527314221,汽车零部件,2026-04-24
4596,920640,富士达,0.0659,189788487.97,-1.0408891899,-7.0266,12370621.18,-6.68,-18.2622,4.72934785871,1.41,-0.504585835251,36.4337133456,通信设备,2026-04-24
4597,920608,丰安股份,0.16,44659367.66,7.624697863,3.4755,10255808.2,6.69,59.2393,7.644886834672,2.18,-0.197001758997,33.7345459181,专用设备,2026-04-24
4598,920556,雅达股份,0.04,75860845.14,24.1104880535,-22.0043,6230240.45,28.44,-8.2007,3.235901745341,1.2,-0.052751952079,31.4516692056,电网设备,2026-04-24
4599,920475,三友科技,-0.06,38549429.13,-62.065660906,-52.7905,-5739418.25,-260.29,-182.5611,3.501108637818,-1.58,0.092311261653,16.0193512832,专用设备,2026-04-24
4600,920429,康比特,0.1,193752584.37,26.078062372,-27.1373,12036941.28,9.66,-49.3299,6.881176473092,1.39,-0.941864700241,38.6369612996,食品加工,2026-04-24
4601,920414,欧普泰,-0.0249,16370492.08,-35.6837856276,39.8107,-1983307.57,-181.77,87.18,3.603279966258,-0.69,0.135822103055,36.468754029,光伏设备,2026-04-24
4602,920395,朗鸿科技,0.12,47438663.69,68.7758623897,7.8835,14882621.32,69.93,-0.5138,1.775602937815,6.89,-0.077384680763,61.9484965303,专用设备,2026-04-24
4603,920378,泰德股份,0.03,83873276.03,5.4007505514,-8.1205,4639414.89,-18.91,116.4207,2.461425611602,1.24,-0.019045214112,25.0034802653,汽车零部件,2026-04-24
4604,920371,欧福蛋业,0.08,226060780.09,-3.0754809149,-2.8271,17113290.34,-11.33,419.3423,2.767946574901,3.06,0.12247737449,19.339357005,农产品加工,2026-04-24
4605,920368,连城数控,0.34,558672355.19,-49.0568098573,-67.1532,79571122.43,-63.98,318.6472,18.172902988895,1.88,0.919376306604,35.0879416708,光伏设备,2026-04-24
4606,920284,灵鸽科技,0.0367,39457859.7,52.4075246964,-37.5649,3821486.13,156.9,110.4128,2.966434094861,1.24,0.46094468102,23.5648647207,专用设备,2026-04-24
4607,920260,中寰股份,0.12,41175621.06,27.0221743058,-64.4388,12790203.68,90.33,6.4222,4.253421946886,2.95,0.071894831579,35.4474551549,通用设备,2026-04-24
4608,920190,雷神科技,0.0949,571203361.06,-8.7883183158,-39.7491,9494030.62,55.88,184.649,8.628851562911,1.11,2.485105970249,9.2921940308,计算机设备,2026-04-24
4609,920159,农大科技,0.75,696687159.08,12.4486875411,89.7677,44722252.02,30.15,622.8189,10.177724134167,7.6,0.6405020605,15.6815108096,农化制品,2026-04-24
4610,920130,立方控股,-0.09,66084445.4,19.5620867082,-26.2638,-8331321.34,4.81,82.0008,5.603054621262,-1.6,-0.06919308967,42.4488947289,IT服务Ⅱ,2026-04-24
4611,920116,星图测控,0.09,43550992.36,34.4924544905,-65.3021,13402708.99,10.35,-61.4499,4.522019547338,2.73,-0.318277419671,60.8640002756,IT服务Ⅱ,2026-04-24
4612,920110,雷特科技,0.27,41652666.99,-1.4383217411,-24.9291,10582985.88,37.38,-30.2136,9.582529507436,2.87,0.263175863077,48.8014052615,其他电源设备Ⅱ,2026-04-24
4613,920087,秋乐种业,-0.03,19194256.23,-45.2532571068,-91.5709,-4484522.57,-382.04,-110.8783,3.368183600121,-0.8,0.309863174395,18.1998844245,种植业,2026-04-24
4614,920050,爱伦医疗,0.44,206328950.4,45.5630031404,-1.2045,22085715.72,35.1120093158,-4.3175,14.784293748362,2.99,0.040702928122,23.672924597,医疗器械,2026-04-24
4615,920006,晟楠科技,0.01,24794088.12,28.709467728,933.5838,615737.03,210.71,102.7464,3.564440869581,0.19,-0.107312291886,50.7805826093,航空装备Ⅱ,2026-04-24
4616,920005,鼎佳精密,0.34,100121832.23,20.3590389092,-9.3148,20296691.27,63.2661394507,13.1039,7.1188116335,4.96,0.394872377,32.8847237278,消费电子,2026-04-24
4617,920002,万达轴承,0.41,88372985.62,3.3124699666,5.9955,18530864.04,29.95,47.8249,21.457121341623,2.69,0.783653421069,31.6167175794,通用设备,2026-04-24
4618,900905,老凤祥B,1.1719,17521314390.34,-31.6369922604,316.0636,613046259.08,-23.55,252.4388,25.072122041032,4.79,6.782969170571,9.0556675703,饰品,2026-04-24
4619,874697,图特股份,0.22,181280110.46,,,18914593.65,,,,3.32,0.073070801057,29.780655949,,2026-04-24
4620,874671,吉宝股份,0.22,86919009.17,3.7853953254,-4.866,8697339.1,-26.3799012171,59.6858,,,0.394077936434,28.0258929578,,2026-04-24
4621,874654,玉健健康,0.15,93996575.68,,-34.7059,7945912.01,,-47.6021,,,0.820588213519,21.5912904946,,2026-04-24
4622,872161,风行测控,-0.28,2967727.25,,,-18964284.1,,,,-9.92,-0.245667726139,-301.0365147269,,2026-04-24
4623,835033,精晶药业,-0.03,97356651.8,,,-8332416.11,,,,-1.61,-0.050095401003,5.2225728248,,2026-04-24
4624,831199,海博小贷,0.03,28082435.6,-21.6504950574,-32.1315,17553256.69,-24.69,24.1884,1.411527977296,1.98,0.079109036434,,,2026-04-24
4625,830958,鑫庄农贷,-0.0004,57810.26,-88.435639985,97.0323,-184904.57,-7269.68,-111.9734,0.030786644855,-3.0,-0.001792402389,,,2026-04-24
4626,688787,海天瑞声,0.01,69809531.77,71.7532104164,-20.2409,371626.1,158.6029628025,-95.0761,12.348297740015,0.05,-0.264821294856,47.4073430675,IT服务Ⅱ,2026-04-24
4627,688781,视涯科技,-0.08,50693729.49,,-44.1597,-74092536.09,,-20.9821,,-3.48,,31.204113939,光学光电子,2026-04-24
4628,688676,金盘科技,0.24,1342678443.8,2.9046024342,-36.1331,107242028.23,13.32,-37.1501,9.96842096108,2.38,0.294896615496,24.9334069803,电网设备,2026-04-24
4629,688633,星球石墨,0.12,127838155.86,8.3944147661,-30.1184,16792962.72,-40.81,-66.255,10.972634020871,1.04,0.274258097867,32.5642992813,专用设备,2026-04-24
4630,688626,翔宇医疗,0.15,186048007.84,10.0241104337,-21.4654,22951013.6,-41.26,-22.278,12.708055142875,1.11,0.130276351687,65.3036018609,医疗器械,2026-04-24
4631,688621,阳光诺和,0.27,230839657.82,-8.4928881641,42.676,29578574.65,-59.34,197.6855,9.198354010536,2.81,0.092248809018,46.569753471,医疗服务,2026-04-24
4632,688617,惠泰医疗,1.3,564276710.67,23.9277174555,4.3078,183151687.9,30.69,26.3072,27.821378068135,5.65,1.716720535482,73.0872832356,医疗器械,2026-04-24
4633,688609,九联科技,-0.1143,546257278.34,-17.4514462229,-13.2311,-56484063.5,-1348.75,-54.0143,1.74426272108,-6.28,0.06423236264,7.2708042226,黑色家电,2026-04-24
4634,688602,康鹏科技,0.06,243177446.14,44.2730915069,61.1652,30629054.29,59.73,195.1631,5.402810916236,1.1,0.199879590219,28.3737165577,化学制药,2026-04-24
4635,688582,芯动联科,0.11,87892732.91,291.7733394285,-33.9376,44367706.9,2869.166721409,-47.2371,5.685647552011,1.89,0.082962725134,83.924921524,半导体,2026-04-24
4636,688551,科威尔,0.24,107063922.12,-3.6435840541,5.9694,20392775.32,11.26,885.4996,15.628931975583,1.56,0.018509319578,37.603527755,其他电源设备Ⅱ,2026-04-24
4637,688550,瑞联新材,0.26,343971618.35,4.8290966924,-5.8293,45631603.32,32.9,-31.2975,17.794878408996,1.5,0.181573319033,42.4806976927,电子化学品Ⅱ,2026-04-24
4638,688517,金冠电气,0.14,139481548.65,8.3587017921,-26.0817,19093156.24,-7.16,-23.2944,6.109265780527,2.32,0.078078817781,29.4499642122,电网设备,2026-04-24
4639,688466,金科环境,0.09,129378143.43,17.1745340757,-42.1686,11559292.58,33.14,-46.3035,9.150115539495,1.03,-0.453996125051,28.1306785946,环境治理,2026-04-24
4640,688428,诺诚健华,0.01,381263139.35,129.9203327529,22.3174,17967628.89,112.6174160378,110.8748,3.829058906385,0.27,0.032069297889,90.540276159,化学制药,2026-04-24
4641,688416,恒烁股份,-0.32,75141208.77,-6.6710468392,-30.814,-26331483.1,20.3362815816,53.3405,16.115524186245,-1.96,0.252753573965,11.6476110955,半导体,2026-04-24
4642,688380,中微半导,0.09,206498167.84,0.5204764009,-21.2501,34420237.01,19.4,35.0037,7.56302518914,1.14,0.140258449715,34.4573987432,半导体,2026-04-24
4643,688338,赛科希德,0.22,68639307.27,-9.4690916086,-13.4926,23132857.77,-23.98,-21.1583,15.617535602832,1.4,0.047391773693,62.4852453293,医疗器械,2026-04-24
4644,688308,欧科亿,0.05,301672910.35,14.3185771672,29.9099,7663175.54,-74.33,123.5571,16.102381140402,0.3,-0.791420330294,18.3025309485,通用设备,2026-04-24
4645,688301,奕瑞科技,0.71,481505741.56,-1.9159836067,1.3216,143110620.86,2.74,90.7249,31.663975975435,3.04,0.497531536741,48.9215477445,医疗器械,2026-04-24
4646,688269,凯立新材,0.17,625763432.3,105.2527719998,15.1614,21899613.99,90.48,-23.3628,7.715509343708,2.17,-1.522990093264,8.1199894972,化学制品,2026-04-24
4647,688262,国芯科技,-0.11,87274564.81,-51.1250479666,-16.5808,-34750638.09,25.0217244378,34.7817,6.416816013997,-1.6,-0.063269913376,42.3519374178,半导体,2026-04-24
4648,688259,创耀科技,0.11,87760476.18,-28.6643815225,-46.623,11794960.74,-22.11,-13.1992,13.619649876634,0.78,-0.042039478693,28.7417366313,半导体,2026-04-24
4649,688249,晶合集成,0.07,2567682999.65,15.2516159164,3.7783,135472184.74,70.92,-46.6447,10.481323569791,0.65,0.292306988761,27.2492964764,半导体,2026-04-24
4650,688228,开普云,0.01,60297628.73,-31.3171118577,-84.4682,732234.55,156.77,-98.0032,19.29206739764,0.06,-0.677912695592,46.5596193935,IT服务Ⅱ,2026-04-24
4651,688157,松井股份,0.03,153116201.85,13.2386074289,-29.988,3805026.37,-68.52,-74.9051,11.905284819768,0.29,0.792523358932,43.3486655678,化学制品,2026-04-24
4652,688156,路德科技,0.01,63074491.09,-7.18154704,13.5901,1254440.92,-77.89,102.3621,8.296964635369,0.15,0.093907122809,16.9426961602,环境治理,2026-04-24
4653,688151,华强科技,0.005,64982273.26,-46.4449730228,-75.8741,1883115.36,-86.69,137.1236,12.19689429521,0.04,0.090058044906,16.5591360846,医疗器械,2026-04-24
4654,688125,安达智能,-0.25,141918555.12,-6.5852749686,-14.6905,-20177341.42,-596.67,5.5649,23.091575125178,-1.07,0.181706779036,41.5065339625,自动化设备,2026-04-24
4655,688117,圣诺生物,0.3,184337043.36,77.1496363554,55.9088,47119700.22,186.06,780.6335,8.595080319658,5.0,0.077932910026,56.1023237842,生物制品,2026-04-24
4656,688112,鼎阳科技,0.26,131805218.52,26.9254457397,-7.6749,40690241.02,33.96,98.8698,9.892266031451,2.62,0.312614153017,61.7975259968,通用设备,2026-04-24
4657,688111,金山办公,0.87,1301469310.66,6.2165976646,-12.8881,402807538.27,9.75,-33.4426,25.478989645612,3.48,0.076117541348,85.9578426842,软件开发,2026-04-24
4658,688109,品茗科技,0.01,64948306.08,10.472104539,-61.8533,1004935.42,110.3172489881,-94.508,9.98665865354,0.13,-0.513456427704,76.7393753097,软件开发,2026-04-24
4659,688060,云涌科技,-0.1063,36903697.21,-29.3759815046,-69.5129,-6363731.53,-290.35,83.7835,15.045750755166,-0.7002,-0.046064774628,44.9729780069,计算机设备,2026-04-24
4660,688059,华锐精密,0.34,222099270.64,30.4760704328,27.2468,29224020.88,70.0,-2.2696,20.152259975535,2.17,0.060011763636,35.487645994,通用设备,2026-04-24
4661,688058,宝兰德,-0.39,38670910.89,-43.2984983759,-52.2788,-30367060.48,-798.2173486968,-685.0429,8.965237455198,-4.27,-0.02349348008,72.9889632812,软件开发,2026-04-24
4662,688011,新光光电,-0.12,7904632.51,-76.202787212,-92.4341,-11991750.55,-157.28,64.5346,10.8061461118,-1.1,-0.3576937179,-7.7959082756,军工电子Ⅱ,2026-04-24
4663,605598,上海港湾,0.15,371909549.43,29.2484479629,5.5027,35696702.82,18.59,318.2704,7.433346927389,1.96,0.181598619692,25.8843264142,专业工程,2026-04-24
4664,605369,拱东医疗,0.12,264475758.74,-2.737106247,-5.2658,27412464.23,-39.23,-9.3385,11.003786373216,1.59,0.130411194579,32.4016493414,医疗器械,2026-04-24
4665,605333,沪光股份,0.21,1542784291.25,0.6428570879,-35.2195,93103452.53,-7.63,-59.8563,5.302793613279,4.16,0.137761424807,14.3828927523,汽车零部件,2026-04-24
4666,605116,奥锐特,0.3,401995270.58,19.7757854642,3.7625,119417662.41,45.3,68.2009,5.961645575265,4.97,0.063283753177,60.733580397,化学制药,2026-04-24
4667,605090,九丰能源,0.8,5483807600.39,-13.4070505821,9.6974,506049632.95,5.4,239.4619,15.044071557109,5.29,0.763871687854,11.7156289975,燃气Ⅱ,2026-04-24
4668,605088,冠盛股份,0.47,893420751.2,18.6532540699,-21.0135,83984106.91,26.84,8.5797,13.499166962814,3.4,-0.755307344274,25.178271429,汽车零部件,2026-04-24
4669,603999,读者传媒,0.016,205911817.45,-18.1602985984,6.4842,9371885.26,7.77,199.2334,3.462564529774,0.47,-0.092380984896,23.4036697198,出版,2026-04-24
4670,603992,松霖科技,0.11,561886241.79,-17.4954493072,-31.7516,45455632.19,-59.17,-63.8356,7.585408486618,1.41,0.078728123676,32.5901332104,家居用品,2026-04-24
4671,603991,领先股份,-0.19,51190613.66,38.6673593512,-70.129,-14231535.0,-157.7347882356,7.9408,2.863892825354,-6.48,0.062337176289,6.5156822932,半导体,2026-04-24
4672,603967,中创物流,0.2,2071289212.62,-12.9521087483,-22.9643,69136814.99,10.05,32.3772,7.004092574623,2.89,0.570814428475,7.1866145279,物流,2026-04-24
4673,603960,克来机电,0.04,80519127.28,-17.2996167929,-61.1027,9215416.63,-17.86,-56.5876,4.255987469028,0.83,0.011603947176,26.9737753794,汽车零部件,2026-04-24
4674,603956,威派格,-0.13,106688279.19,-50.2431318591,-78.1267,-65823385.35,-75.51972922,-17.8997,3.487440908223,-3.84,-0.15089685833,46.1106394662,专用设备,2026-04-24
4675,603948,建业股份,0.31,510832696.89,-9.1825790537,-17.171,49622204.33,-15.67,16.086,13.142961585248,2.35,0.001522764099,16.8605861986,化学制品,2026-04-24
4676,603811,诚意药业,0.14,185591983.95,21.2557689488,-4.2485,45793170.61,40.1,-45.2413,3.965796599293,3.57,0.169588709767,68.9705921752,化学制药,2026-04-24
4677,603798,康普顿,0.21,362003516.15,5.6287061484,62.8131,54290988.62,28.76,1989.9764,4.569148291916,4.67,0.557229739015,28.2097286944,炼化及贸易,2026-04-24
4678,603676,卫信康,0.2,295809077.01,-6.9306449085,-3.2916,84541584.1,-10.93,2812.1263,3.377837332347,5.92,0.114574321832,59.8428802183,化学制药,2026-04-24
4679,603617,君禾股份,0.05,303899123.25,27.3146707178,15.5091,20436571.7,29.33,15.8503,3.889155253642,1.36,0.317928519757,22.3063678483,通用设备,2026-04-24
4680,603616,韩建河山,0.0101,117238079.29,191.9595287946,-69.7801,3855617.4,133.1604864111,102.0292,0.606385544928,1.65,-0.173729096822,20.9604728164,水泥,2026-04-24
4681,603515,欧普照明,0.19,1490850889.93,-5.8270471102,-26.5054,141170841.28,16.77,-49.8729,9.217596121535,2.08,-0.051548323814,36.3193662919,照明设备Ⅱ,2026-04-24
4682,603456,九洲药业,0.28,1490269186.29,0.9842909081,24.675,250202958.78,5.68,1109.6827,9.823074799683,2.89,0.319103913522,37.4202320487,医疗服务,2026-04-24
4683,603444,吉比特,3.93,1135663700.45,22.4745564253,29.435,283308836.76,11.82,-1.4299,71.947572078056,5.62,2.953100581431,90.8888839523,游戏Ⅱ,2026-04-24
4684,603365,水星家纺,0.34,925792425.59,1.2014914029,-38.7043,89782507.62,-3.79,-42.7983,11.706260626024,2.97,-0.249971519738,43.9027484828,服装家纺,2026-04-24
4685,603353,和顺石油,0.07,766857512.37,-5.0070566314,12.3734,12590258.52,36.6,190.8172,9.55587904518,0.76,0.103409010404,8.3922154901,炼化及贸易,2026-04-24
4686,603325,博隆技术,1.304,328265823.73,131.0861970631,-42.9457,104328165.16,270.28,-18.2628,37.927340585571,4.21,-0.766354832308,36.6478983718,专用设备,2026-04-24
4687,603318,水发燃气,0.04,628668847.63,-5.555355456,-11.9361,18983192.59,-34.33,-51.0065,3.291220719067,1.3,0.106291355799,13.9558467007,燃气Ⅱ,2026-04-24
4688,603308,应流股份,0.14,662572873.6,0.0255460366,9.8856,92043128.7,1.65,54.4949,6.967187154688,1.97,-0.231148061066,36.8291932605,通用设备,2026-04-24
4689,603303,得邦照明,0.1323,997653397.46,-8.0897464017,-12.5242,61856637.05,-17.11,-30.5197,7.600512493574,1.72,0.597947943784,17.7952453098,照明设备Ⅱ,2026-04-24
4690,603301,振德医疗,0.19,991564852.44,2.8714364052,-12.9057,51241871.64,-30.19,-34.0605,21.422290257561,0.9,-0.104221552245,34.2779300278,医疗器械,2026-04-24
4691,603298,杭叉集团,0.33,4455524706.04,6.8014472889,20.072,431975966.52,15.18,-2.8534,8.082963542764,4.16,0.151797782332,20.8662095611,工程机械,2026-04-24
4692,603297,永新光学,0.5,219728239.13,1.7659532364,-8.8974,55654075.03,22.16,-18.5455,17.942721088074,2.83,0.559497590474,40.172499602,光学光电子,2026-04-24
4693,603238,诺邦股份,0.17,608140267.86,39.1430597791,-10.325,30430588.14,48.56,17.6179,8.059711218586,2.15,0.485643057873,15.7318159899,个护用品,2026-04-24
4694,603236,移远通信,0.81,5221392925.26,32.0455510604,-2.3702,211894191.97,286.91,-8.4952,16.22838257015,5.14,-2.38128862055,17.8091936757,通信设备,2026-04-24
4695,603233,大参林,0.4,6956003233.58,3.0225189804,2.8152,459997850.7,15.45,712.2597,6.292762751175,6.45,1.552299096184,34.9761181685,医药商业,2026-04-24
4696,603217,元利科技,0.22,544399956.6,-1.449590641,8.3752,46595112.89,-16.04,-7.0827,15.998736013246,1.41,-0.098447457465,17.0840756254,化学制品,2026-04-24
4697,603205,健尔康,0.18,240894839.46,13.6898364301,-8.3451,28805066.25,15.42,7.6309,12.086325152917,2.01,0.324800856417,25.1333130821,医疗器械,2026-04-24
4698,603203,快克智能,0.27,250296610.01,11.1560141941,-4.4478,66357146.95,10.95,34.5748,5.947289463952,4.58,0.311484976211,49.4019294329,自动化设备,2026-04-24
4699,603202,天有为,2.0,1042747561.1,11.4297646635,-16.1664,240290907.3,4.2,-15.799,26.149556971667,8.05,3.903761210917,33.5225302211,汽车零部件,2026-04-24
4700,603199,九华旅游,0.6203,234596391.46,30.1337949734,20.041,68658636.67,31.83,111.7994,14.303849312161,4.43,0.242763176635,54.5962180291,旅游及景区,2026-04-24
4701,603173,福斯达,0.73,594187963.78,69.0355731466,-22.2904,115758044.48,76.26,116.0533,10.89145633725,6.87,0.429161300313,28.7694327032,专用设备,2026-04-24
4702,603160,汇顶科技,0.43,1064399637.59,-12.6446854216,-7.6325,195348364.84,20.29,25.5576,19.422422280038,2.21,0.397159808551,43.3426446748,半导体,2026-04-24
4703,603153,上海建科,0.03,932650553.63,0.6114141024,-40.3542,10185241.27,4491.6182356884,-95.8587,8.847379034497,0.27,-1.44464953852,26.5194000226,工程咨询服务Ⅱ,2026-04-24
4704,603139,康惠股份,-0.17,121353198.96,-4.7216830784,-22.7489,-17239346.14,-1686.98,66.4193,8.410921564678,-1.92,-0.165876792952,24.4649860691,中药Ⅱ,2026-04-24
4705,603122,合富中国,-0.02,175735762.62,-26.3539663656,-22.9789,-6001192.11,-184.13,-691.5978,2.927151997133,-0.51,0.096701843748,16.712722409,医疗服务,2026-04-24
4706,603121,华培动力,0.04,276156601.03,-19.1619065687,-7.47,14419740.85,-61.97,356.1664,3.680641225055,1.16,0.046024669951,24.3196039202,汽车零部件,2026-04-24
4707,603111,康尼机电,0.06,871488397.31,20.1610105784,-31.5614,50992707.24,14.34,-50.4922,4.574516581389,1.29,-0.290115792546,29.4827906078,轨交设备Ⅱ,2026-04-24
4708,603097,江苏华辰,0.13,289079172.19,15.2800246097,-45.5508,20667002.4,-10.57,-28.8482,6.361473501992,2.0,0.359512877733,20.3322164495,电网设备,2026-04-24
4709,603066,音飞储存,0.1106,219633232.19,1.1425797225,-59.4312,32526470.11,10.25,158.2611,4.827482217915,2.32,0.069508356572,23.9107354686,物流,2026-04-24
4710,603041,美思德,0.07,166692300.38,13.4898913446,7.1524,12102063.12,-60.82,189.6291,8.184175040109,0.81,-0.137892700226,18.2940881855,化学制品,2026-04-24
4711,603016,新宏泰,0.1,136197124.1,-4.0682892067,-16.2384,15363784.98,-8.37,-19.4641,5.81547836906,1.74,0.171264460111,28.8166013338,电网设备,2026-04-24
4712,603012,创力集团,0.06,351786505.35,-38.9241747511,-73.9742,37642959.82,-37.85,-47.2169,5.852881458356,1.0,-0.152433742175,48.0830265225,专用设备,2026-04-24
4713,603006,联明股份,0.04,170320094.93,-0.0236711554,-33.8371,10554986.49,-23.49,-32.069,5.700308398896,0.73,0.340036338508,18.4979694809,汽车零部件,2026-04-24
4714,601860,紫金银行,0.11,1140681000.0,-4.8179269371,13.8168,421768000.0,4.04,54.8449,5.372216388832,2.11,2.887358840898,,银行Ⅱ,2026-04-24
4715,601798,蓝科高新,0.018,129336081.35,35.8346066674,-26.6836,6484256.34,194.5250294912,109.5776,3.506037849915,0.523,-0.224718448009,26.5733366832,专用设备,2026-04-24
4716,601728,中国电信,0.1,134508815336.06,0.0105970081,2.2096,8864251916.54,3.11,138.7095,5.041238245177,1.94,0.118307480534,29.4683084661,通信服务,2026-04-24
4717,601609,金田股份,0.11,27285181758.53,9.8878347231,-15.5691,150802923.23,38.55,-13.3798,5.524964806053,1.78,-1.877814637194,2.8640789514,工业金属,2026-04-24
4718,601600,中国铝业,0.206,55788989000.0,13.9581582345,-11.8572,3535254000.0,58.78,4.5614,4.210147256598,4.95,0.364858607366,15.8585845676,工业金属,2026-04-24
4719,601566,九牧王,0.33,895073592.48,-4.7636190892,-2.1805,191747484.87,77.25,366.232,7.201696409378,4.74,0.124311196083,65.0996612698,服装家纺,2026-04-24
4720,601519,大智慧,0.001,165172564.0,3.4610745621,-34.6095,2378150.37,103.4631398022,2199.6927,0.711888772376,0.17,-0.023987151169,58.8766171602,软件开发,2026-04-24
4721,601311,骆驼股份,0.2,4136496723.86,19.74324105,-2.885,236680119.51,51.89,87.0997,8.35471063648,2.45,-0.247443169743,15.7796065544,电池,2026-04-24
4722,601229,上海银行,0.44,13597149000.0,3.8461767582,1.1411,6292061000.0,2.3,5.3433,16.780898049133,2.66,-10.126140852074,,银行Ⅱ,2026-04-24
4723,601128,常熟银行,0.33,2970661000.0,10.0371561317,16.9875,1083791000.0,13.81,29.4218,9.567088273529,3.7225,4.374230112894,,银行Ⅱ,2026-04-24
4724,600989,宝丰能源,0.33,10770741271.32,30.9216233244,23.6833,2436717409.01,71.49,35.3066,6.200563822094,5.51,0.465964131334,35.3629187338,化学原料,2026-04-24
4725,600987,航民股份,0.133,2948972264.48,-5.6866528065,5.6979,136013818.63,6.19,-44.3489,6.374440597524,2.11,0.208105945147,21.9704879756,纺织制造,2026-04-24
4726,600983,惠而浦,0.15,1214649868.69,36.0655408168,7.974,115909304.22,1029.06,-22.0617,3.642676634866,4.24,0.600476721618,16.2857861479,白色家电,2026-04-24
4727,600981,苏豪汇鸿,-0.01,11086183159.38,8.7032514492,-40.5631,-13673027.77,90.0642133602,-112.104,2.242268499534,-0.27,-0.171692836341,3.2177775567,贸易Ⅱ,2026-04-24
4728,600971,恒源煤电,0.0227,1178892854.2,-42.5225617193,-24.6487,27181923.44,-93.7,-78.6289,10.339770172627,0.22,0.145338913854,22.0839763319,煤炭开采,2026-04-24
4729,600966,博汇纸业,0.0432,4564175546.57,3.7703219229,-8.0418,53373698.27,-46.91,100.3103,5.126192951149,0.78,0.893963446766,9.6026241738,造纸,2026-04-24
4730,600927,永安期货,0.02,183130563.29,-95.778544571,-25.6268,31979801.1,-88.08,-94.0431,8.802054458442,0.25,-4.474561605047,,多元金融,2026-04-24
4731,600901,江苏金租,0.13,1544197747.88,20.4668694054,17.0873,771756484.01,8.41,7.8234,4.299121854877,3.15,-0.859443946857,,多元金融,2026-04-24
4732,600880,博瑞传播,0.01,184768517.99,79.06,-31.9446,5606527.62,-40.93,-9.744,2.785991826791,0.18,-0.081971218622,21.0680394341,教育,2026-04-24
4733,600874,创业环保,0.162,1102428524.33,2.0504374662,-23.3375,254761055.37,1.26,96.4981,6.319099913747,2.6,-0.041802716676,39.8425876713,环境治理,2026-04-24
4734,600791,京能置业,-0.24,315426027.34,85.484755038,-87.5166,-107203659.14,-85.616029075,-1412.8039,1.268241013403,-17.07,-0.422583559817,9.4204321567,房地产开发,2026-04-24
4735,600777,新潮能源,0.0868,2163041503.37,1.3260534201,11.9585,590467988.0,-3.65,53.8536,3.37504261561,2.608,0.193019701141,48.5197798237,油气开采Ⅱ,2026-04-24
4736,600769,祥龙电业,0.0121,18039764.05,-11.0127861392,5.7292,4537390.96,13.48,257.0281,0.286689136593,4.31,0.035897097477,38.202193282,环境治理,2026-04-24
4737,600733,北汽蓝谷,-0.17,3772880381.3,150.7502830337,-19.6153,-953421427.48,6.1521061775,61.1884,0.817035432609,-18.94,-0.042485182331,-7.5093307284,乘用车,2026-04-24
4738,600719,大连热电,0.148,358188577.92,-7.680399326,60.9269,59751876.79,136.53,302.1894,1.147355368913,13.81,-0.24647326505,25.7220926013,电力,2026-04-24
4739,600710,苏美达,0.23,25782143146.13,8.530831024,-15.147,294469588.78,9.58,99.0109,5.981015195205,3.78,1.028603189294,6.2607312808,贸易Ⅱ,2026-04-24
4740,600694,大商股份,0.77,1925202315.03,-8.0379476981,15.8765,265045544.47,0.7,382.2195,28.345806206776,3.0,0.992063477921,44.7958898385,一般零售,2026-04-24
4741,600667,太极实业,0.06,6718992840.86,-0.0970501637,-36.5603,117941603.78,-20.49,-18.2555,4.09583651116,1.38,-0.381153059883,7.8192097254,工程咨询服务Ⅱ,2026-04-24
4742,600662,外服控股,0.0929,6273988864.16,16.8154750121,-1.8292,210833162.88,8.85,-63.9429,2.311205087806,4.08,-0.196588948084,8.1550037473,专业服务,2026-04-24
4743,600612,老凤祥,1.1719,17521314390.34,-31.6369922604,316.0636,613046259.08,-23.55,252.4388,25.072122041032,4.79,6.782969170571,9.0556675703,饰品,2026-04-24
4744,600603,广汇物流,0.18,729927006.15,-26.1241925026,-37.6384,207141397.23,0.63,138.4712,6.019450458594,2.93,0.393703176501,47.4872565722,物流,2026-04-24
4745,600566,济川药业,0.48,1525389316.3,-36.5094634899,-31.0328,440335904.83,-47.91,-29.9636,16.428012192546,2.95,0.861344138644,77.2510065954,中药Ⅱ,2026-04-24
4746,600549,厦门钨业,0.2411,8419226186.94,1.8079788953,-5.109,382801642.46,-8.46,20.1049,10.27305727545,2.39,-0.248352417635,16.4641053471,小金属,2026-04-24
4747,600546,山煤国际,0.13,3820642509.06,-39.8878561003,-49.7001,254938736.46,-56.29,36.5999,8.491385206,1.53,-0.573773286076,39.0360708264,煤炭开采,2026-04-24
4748,600536,中国软件,-0.1,640498499.74,-8.8525661961,-71.8774,-80624990.05,27.2,-7.3745,2.356618606005,-3.95,-0.860743066724,53.2105058214,IT服务Ⅱ,2026-04-24
4749,600499,科达制造,0.187,3766903700.0,47.0463729833,-6.6782,346907000.0,11.38,14.3335,6.148538417859,2.98,0.04765695723,29.6793915916,专用设备,2026-04-24
4750,600433,冠豪高新,0.0004,1556747867.82,-7.8804226154,-30.8389,647162.1,-98.48,-99.431,2.654873070747,0.01,-0.456379200627,9.1520275733,造纸,2026-04-24
4751,600429,三元股份,0.058,1647056656.16,-19.4531118003,1.9294,87821823.66,20.85,280.4919,3.354633048353,1.755,0.098736710479,24.3584434749,饮料乳品,2026-04-24
4752,600397,江钨装备,-0.1187,891893701.1,-22.1844833033,-47.2222,-117530691.39,-20.9983862593,-38.9278,0.118556941856,-27.52,-0.061095200694,-1.4059389022,专用设备,2026-04-24
4753,600335,国机汽车,0.0894,8224627991.14,-14.8414826798,-38.7071,133780401.93,9.08,56.0219,7.70794659744,1.17,1.132650316299,7.4231200949,汽车服务,2026-04-24
4754,600333,长春燃气,-0.002,706057193.41,-6.5912305472,-14.9371,-1278961.36,91.514107855,-102.6205,3.171293645166,-0.07,-0.037179304417,20.4097340832,燃气Ⅱ,2026-04-24
4755,600293,三峡新材,0.01,215930537.88,-30.1223683623,-56.7542,10385842.98,-61.78,790.1749,1.512495229558,0.59,-0.058901588836,3.0146206432,玻璃玻纤,2026-04-24
4756,600268,国电南自,0.03,1854110042.75,50.78572102,-46.8954,29803635.25,260.4925782028,-87.3585,3.319041298187,0.89,-0.19814430578,18.1253389848,电网设备,2026-04-24
4757,600265,*ST景谷,-0.13,62596342.63,-40.2419679859,-41.7638,-16243878.25,-175.4702477633,73.3952,0.61249699923,-18.61,-0.106586133359,-8.967632012,林业Ⅱ,2026-04-24
4758,600256,广汇能源,0.1056,8901934857.37,-11.3445336513,-11.4259,693210638.69,-14.07,-27.6039,4.216564104161,2.34,0.114792692092,20.4813105614,煤炭开采,2026-04-24
4759,600235,民丰特纸,0.015,300421567.06,-20.5574818843,1.6591,5102213.58,-84.27,-53.7202,4.286003938201,0.34,0.019387539624,16.2044887577,造纸,2026-04-24
4760,600216,浙江医药,0.43,2255389182.25,0.2767567753,-0.3104,409085292.06,273.08,31.5984,11.509325368851,3.77,0.317130490146,43.3967096075,化学制药,2026-04-24
4761,600202,哈空调,-0.0256,185217075.49,-30.1944347353,-60.1676,-9794905.73,-258.56,-265.3201,2.150197739388,-1.18,-0.096284165355,12.6436334382,通用设备,2026-04-24
4762,600123,兰花科创,0.0227,2192434312.21,-3.0789578648,-33.1137,33373170.39,-75.26,206.3801,10.895685799415,0.21,-0.27961947259,24.3915311374,煤炭开采,2026-04-24
4763,600109,国金证券,0.158,1885461101.54,27.1430884843,-20.5412,582640167.39,58.82,-24.9779,9.234514706287,1.71,-0.652225269057,,证券Ⅱ,2026-04-24
4764,430558,均信担保,0.0102,22105159.46,-31.2039537601,-19.7316,7313603.11,-52.02,78.8481,1.611494492128,0.64,0.004915137079,,,2026-04-24
4765,400145,网力3,-0.0443,4767663.25,397.1694222796,-61.2443,-52836890.08,37.4,-183.1003,-3.184800676059,,-0.009394117769,22.5632097653,,2026-04-24
4766,400101,秋林3,-0.02,52199979.84,-15.1748823227,-13.5392,-12163461.61,-135.86,76.349,-4.051803664065,,-0.010976050708,48.8728391815,,2026-04-24
4767,301630,同宇新材,1.105,276406399.77,25.5962380765,15.9322,33148952.08,-4.43,-0.5266,27.865410429,4.06,-0.350085017667,19.4392393283,电子化学品Ⅱ,2026-04-24
4768,301628,强达电路,0.35,201258367.63,10.7870445344,-3.2523,26468564.5,1.27,-19.7525,14.676988080525,2.42,0.236805339512,29.3684112596,元件,2026-04-24
4769,301617,博苑新材,0.3672,320236400.36,4.017091335,-0.1962,49077469.4,-4.05,16.4548,16.172249877432,2.96,-0.343971542996,24.8907360782,化学制品,2026-04-24
4770,301601,惠通科技,0.0629,151418459.65,88.8846676441,-2.3934,8106261.06,-38.7,-57.8854,9.10729213881,0.7,-0.264239660806,28.4763863664,专用设备,2026-04-24
4771,301587,中瑞股份,0.05,139964463.5,-16.9634147517,-8.5604,7522679.85,-73.82,-64.1676,13.791721611107,0.37,-0.131552312038,26.4650140427,电池,2026-04-24
4772,301575,艾芬达,0.38,220842455.84,5.1150216282,-27.4189,24797748.23,18.8314559613,-21.654,,3.34,,25.9831747667,家居用品,2026-04-24
4773,301567,贝隆精密,0.11,85577321.34,-8.5939948549,-18.2091,8037815.37,-3.51,-32.3409,10.432215048056,1.08,0.088858602778,21.6648219174,消费电子,2026-04-24
4774,301559,中集环科,0.04,611226370.64,-1.3130476163,-38.5667,22377960.1,-56.99,-81.9156,7.887882048117,0.47,0.284630440783,14.5573384108,通用设备,2026-04-24
4775,301552,科力装备,0.39,150819850.36,17.8220865214,-10.1053,37203310.64,2.36,5.526,17.377282703088,3.2,0.632537838088,36.6218873498,汽车零部件,2026-04-24
4776,301550,斯菱智驱,0.2,195523526.9,19.7753981765,-10.1294,46457560.82,-1.2,-12.6676,16.202224789455,2.64,0.188717556909,33.0803311271,汽车零部件,2026-04-24
4777,301548,崇德科技,0.32,120114029.14,4.6758339996,-18.3695,27808355.05,-3.42,-7.8095,17.158107518966,2.02,-0.132167830345,36.4551195339,通用设备,2026-04-24
4778,301538,骏鼎达,0.6004,229261040.33,39.0012560707,-16.6315,47075087.41,3.24,-22.1923,23.50212661125,3.64,0.383858830893,39.6329590973,塑料,2026-04-24
4779,301536,星宸科技,0.12,665422047.32,26.357883178,23.0435,51178705.78,0.48,-14.733,7.197192899088,1.71,0.322240150715,33.2863708111,半导体,2026-04-24
4780,301515,港通医疗,0.0161,24286732.74,-68.0941305629,-90.7202,1578952.62,-85.25,128.0731,12.476307496,0.12,-0.1509097528,36.147051248,医疗器械,2026-04-24
4781,301507,民生健康,0.1759,271466917.97,15.7027457437,123.6056,62705133.38,6.51,1008.7193,4.515360349628,4.01,0.333267123218,56.062595394,化学制药,2026-04-24
4782,301505,苏州规划,0.03,46248142.22,-18.4194577837,-60.986,3225771.78,-5.65,-74.0472,11.314849581477,0.32,0.255960444659,23.8260254598,工程咨询服务Ⅱ,2026-04-24
4783,301446,福事特,0.235,105077454.87,-4.47493311,-28.8793,24441506.73,33.98,16.3488,11.117305317788,2.14,-0.130456025962,36.7925125497,工程机械,2026-04-24
4784,301419,阿莱德,0.086,78300589.97,22.8595231641,-20.3041,10322724.43,134.32,-43.0959,9.5799253412,1.08,0.0601470665,36.1014821099,通信设备,2026-04-24
4785,301413,安培龙,0.21,261268512.3,42.1512673889,-6.1452,20369612.71,59.49,0.6346,12.466042620075,1.68,-0.260489494902,27.7215102357,通用设备,2026-04-24
4786,301397,溯联股份,0.28,339460130.73,47.2205350176,-15.8287,33512222.4,3.08,140.2234,16.531100409592,1.71,1.338155651737,21.7274079437,汽车零部件,2026-04-24
4787,301393,昊帆生物,0.33,135213242.04,48.2118208088,9.2933,34798977.44,16.66,-7.7384,21.34707121287,1.52,0.117513870278,38.8307156147,生物制品,2026-04-24
4788,301388,欣灵电气,0.04,97938052.53,8.1962514005,-28.5334,3726101.48,-4.98,-20.3551,9.492766836607,0.38,-0.102327986014,20.8169751014,电网设备,2026-04-24
4789,301386,未来电器,0.1417,124594127.16,0.7862678963,1.5435,19840162.23,1.24,-22.5781,10.723394543714,1.3,0.187533860286,26.3053459477,电网设备,2026-04-24
4790,301373,凌玮科技,0.29,109583251.92,8.3352297804,-18.1367,31428645.83,6.41,-20.3434,15.040946293457,1.95,0.077202120221,44.0172406503,化学制品,2026-04-24
4791,301361,众智科技,0.1637,57740785.66,32.943012082,-28.0046,19039995.28,47.81,-32.3885,10.03692682248,1.64,-0.009382894375,57.8773691906,电网设备,2026-04-24
4792,301359,东南电子,0.09,69918126.21,15.9097349139,-25.474,11074208.29,9.21,-11.249,10.111105785881,1.31,0.277688451188,27.7817044348,其他电子Ⅱ,2026-04-24
4793,301357,北方长龙,-0.05,20569001.82,-16.863058075,-66.1358,-5070376.66,-244.16,-938.5439,11.778033415336,-0.45,-0.118733760609,43.3596420383,地面兵装Ⅱ,2026-04-24
4794,301349,信德新材,0.0721,242622172.0,80.9221623939,-0.8204,7276028.14,161.4,160.4934,26.41907955451,0.27,-0.984312104608,11.6037769252,电池,2026-04-24
4795,301328,维峰电子,0.23,145159014.94,44.6148937089,-3.0382,25447388.93,39.99,45.9418,17.592080371218,1.33,0.048606985408,40.1651867809,其他电子Ⅱ,2026-04-24
4796,301314,科瑞思,0.04,35628268.31,0.1972299617,-20.3446,2390073.21,-68.97,-46.8297,18.9665206219,0.22,-0.111196783891,17.3324322313,通信设备,2026-04-24
4797,301307,美利信,-0.29,881337006.4,14.3861443244,-17.6468,-60109546.52,-1076.12,48.1371,14.326942335138,-1.97,0.00506092887,7.623789874,通信设备,2026-04-24
4798,301299,卓创资讯,0.31,79512423.46,5.3249885908,5.5142,18587783.7,-25.09,4.0269,10.510030511167,3.01,0.155015295333,65.4446452713,数字媒体,2026-04-24
4799,301298,东利机械,0.1559,154232436.8,-3.0617177484,3.0428,22501281.64,30.23,145.2228,6.392220898501,2.43,0.179342823978,31.9021098939,汽车零部件,2026-04-24
4800,301289,国缆检测,0.27,81200911.42,20.0806175543,4.3649,21203967.45,30.0,-0.2581,12.791152390769,2.15,0.143755405769,59.3403487564,专业服务,2026-04-24
4801,301288,清研环境,-0.0111,9581811.51,2.3378943075,-54.0663,-1193688.17,75.02,77.0714,7.480639533747,-0.15,0.050710199056,45.480580634,环保设备Ⅱ,2026-04-24
4802,301281,科源制药,0.2132,111204722.41,-23.9765992499,-16.2847,23084866.5,7.25,11.1686,12.766218112845,1.68,-0.00509879638,51.3097521881,化学制药,2026-04-24
4803,301277,新天地,0.1443,219787892.38,19.0728323566,16.1703,56571160.86,1.17,77.7904,5.711633382502,3.6,0.094314897342,39.482564631,化学制药,2026-04-24
4804,301270,汉仪股份,0.0475,45440666.07,5.2450174784,-14.1067,4652350.16,296.42,24.3314,9.959424892,0.46,0.0740488613,78.85136766,软件开发,2026-04-24
4805,301266,宇邦新材,0.31,638508768.74,-8.7452658491,-20.0954,33635021.75,-2.84,530.5594,16.324522759588,1.83,-0.87908669453,7.8156918109,光伏设备,2026-04-24
4806,301262,海看股份,0.28,235387646.13,-3.2777396941,-0.2846,117101269.01,7.45,64.7153,8.826806915875,3.19,0.767128212758,55.2475314988,广告营销,2026-04-24
4807,301248,杰创智能,0.09,172379423.38,5.454462413,-7.3627,13633846.02,911.82,163.3282,9.734721908396,0.92,-0.402216919424,33.0598195322,IT服务Ⅱ,2026-04-24
4808,301233,盛帮股份,0.4899,106650463.16,20.5622244674,-5.9336,24856700.27,30.24,28.0765,18.4393882483,2.65,0.262146560326,37.0123990468,汽车零部件,2026-04-24
4809,301232,飞沃科技,-0.04,446068588.08,87.632383192,-24.3479,-2665802.99,89.19,96.8505,18.223231658799,-0.19,-0.664635823307,13.1573568636,风电设备,2026-04-24
4810,301226,祥明智能,0.0653,120174299.54,9.0573241463,-9.0674,7108622.22,12.04,-20.68,8.355371160662,0.79,0.153261938971,19.1866723653,电机Ⅱ,2026-04-24
4811,301212,联盛化学,0.1,176688793.53,31.3188303702,-13.3689,11175282.28,39.66,199.117,12.517601482222,0.83,0.093437911019,12.6199859564,化学制品,2026-04-24
4812,301195,北路智控,0.32,248864906.95,10.414475372,-21.2346,41939820.51,14.64,-31.0954,18.35269896844,1.75,-0.145822164091,43.6097592345,软件开发,2026-04-24
4813,301181,标榜股份,0.27,129234677.97,3.300349553,-16.2302,31264611.48,-4.3,-4.7107,12.430025640855,2.16,0.20746399265,34.2991710942,汽车零部件,2026-04-24
4814,301178,天亿马,0.0085,48422939.96,21.9460066378,-29.163,567488.39,106.4,101.9989,11.349446346828,0.07,-0.202062716812,26.8229001187,IT服务Ⅱ,2026-04-24
4815,301176,逸豪新材,-0.0091,360159178.39,17.1048284696,-11.5492,-1540124.11,15.49,93.7565,9.078879754872,-0.1,-0.338279619838,6.1783427593,元件,2026-04-24
4816,301170,锡南科技,0.2609,265317877.12,1.0188595027,-0.2738,26088372.17,-7.39,-19.2376,17.3883033143,1.51,0.2249728453,17.850218219,汽车零部件,2026-04-24
4817,301167,建研设计,0.0965,81470171.44,17.8763564453,-24.8543,10810516.76,2790.39,38.7176,8.446237399375,1.15,-0.102807904107,26.6782868206,工程咨询服务Ⅱ,2026-04-24
4818,301160,翔楼新材,0.44,332077371.54,-5.2379206067,-19.1382,52251237.87,3.14,-23.3051,21.171194629747,3.11,0.951933386709,25.8348961726,通用设备,2026-04-24
4819,301148,嘉戎技术,0.1106,98307957.76,-8.3639973877,-40.0046,12890099.73,0.76,660.3783,15.139003839324,0.73,0.128079828954,39.679834236,环境治理,2026-04-24
4820,301120,新特电气,0.02,88166666.65,19.9764802889,-2.204,9138226.74,112.87,115.2619,4.09824013996,0.61,0.012621607404,26.3266451392,电网设备,2026-04-24
4821,301117,佳缘科技,-0.16,22117341.59,35.6641925688,-84.4519,-14409054.51,8.83,-149.1784,14.107900724557,-1.1,-0.883599688609,47.278503465,计算机设备,2026-04-24
4822,301116,益客食品,-0.1587,4139836606.55,-9.7976287269,-24.3748,-71240558.5,-190.82,-74.4218,3.794171296912,-4.12,-0.181936039819,2.6324836412,养殖业,2026-04-24
4823,301107,瑜欣电子,0.24,184833088.79,94.4177522788,29.2719,24584587.94,280.84,245.7712,12.991854196322,2.61,0.087893421117,26.3116486384,通用设备,2026-04-24
4824,301106,骏成科技,0.2447,194686529.2,19.6629774709,-12.4136,24865201.58,15.36,43.3683,12.345297873424,1.99,0.246244133282,22.3318340404,光学光电子,2026-04-24
4825,301102,兆讯传媒,0.0514,163864660.82,-7.5953660439,-0.9775,20867599.12,-45.72,147.8914,7.543311543522,0.68,0.218605141552,30.1095248073,广告营销,2026-04-24
4826,301100,风光股份,-0.05,287619120.52,18.3938563687,0.4071,-10968758.3,13.95,47.2876,10.17207193325,-0.54,0.01685773895,6.9847288399,化学制品,2026-04-24
4827,301098,金埔园林,0.09,137581267.89,-1.387790579,-60.7784,15033456.53,2.25,98.1548,7.164548850481,1.13,-0.466228304016,30.0078826378,基础建设,2026-04-24
4828,301096,百诚医药,-0.24,128727480.49,-40.3218429711,60.0201,-26197617.81,-152.59,86.5238,23.374530146056,-1.02,-0.641133217839,41.6167902891,医疗服务,2026-04-24
4829,301093,华兰股份,0.112,145580419.13,15.0331898034,-11.0236,18379202.71,72.1,789.7624,17.925445165632,0.82,-0.182031519431,37.6764700279,医疗器械,2026-04-24
4830,301091,深城交,-0.05,181317153.21,-20.7749964784,-66.1589,-27648951.78,13.51,-159.4279,5.698050743319,-1.19,-0.620247424458,19.3990933606,工程咨询服务Ⅱ,2026-04-24
4831,301088,戎美股份,0.0886,149221216.19,-17.2373075412,-24.6845,20196091.39,-22.32,-50.4679,11.349316915445,0.78,0.171336626459,47.5919877101,服装家纺,2026-04-24
4832,301083,百胜智能,0.0246,71701315.59,-9.4194476166,-41.1012,4378914.72,-59.85,-35.2668,4.662347555655,0.53,0.015835055311,20.306534978,专用设备,2026-04-24
4833,301079,邵阳液压,0.0074,61083792.45,3.3052597523,-22.3223,811309.18,-49.45,107.7,4.403321371453,0.17,0.003527773776,20.1130083566,工程机械,2026-04-24
4834,301071,力量钻石,0.0572,118074401.68,-50.4551379811,-20.0397,14558834.73,-86.27,-39.1979,20.377725665311,0.27,0.203252262602,14.2016897832,非金属材料Ⅱ,2026-04-24
4835,301058,中粮科工,0.07,473531231.1,32.2119370062,-64.1292,36961796.24,7.6,-68.7376,4.256687900658,1.71,-0.750955684098,19.8481769728,工程咨询服务Ⅱ,2026-04-24
4836,301056,森赫股份,0.0617,102317328.65,-44.5113903726,-41.6771,16469769.28,-42.22,-4.5286,3.321796609274,1.88,-0.121125310209,32.8535056706,专用设备,2026-04-24
4837,301050,雷电微力,0.28,235750000.0,-34.8345798107,2883.2455,68869481.37,-30.17,321.2671,12.494912301054,2.28,1.446565366773,49.3196381972,军工电子Ⅱ,2026-04-24
4838,301045,天禄科技,0.05,146040152.69,-3.8891617537,-7.494,5467975.17,6.17,-23.5126,9.068941164625,0.55,0.067365593948,19.9077704621,光学光电子,2026-04-24
4839,301037,保立佳,-0.0742,425441299.89,-12.0909629938,-7.2663,-10347259.13,61.77,87.1108,4.461489523237,-1.65,0.481949031789,11.7970060224,化学制品,2026-04-24
4840,301027,华蓝集团,-0.06,95202392.26,-4.3813901914,-67.9857,-9111501.44,36.12,-194.2053,6.313048090729,-0.97,-0.561112303679,36.0156310845,工程咨询服务Ⅱ,2026-04-24
4841,300997,欢乐家,0.0819,448997763.65,-18.5164860271,-12.7818,34253333.33,-58.27,-46.1584,2.666683313428,2.98,-0.154766740041,31.3831902089,饮料乳品,2026-04-24
4842,300995,奇德新材,0.0486,87572368.52,24.21754638,-4.4553,4058492.75,17.16,30.4163,7.480417611573,0.65,0.02695410884,23.7188134808,塑料,2026-04-24
4843,300990,同飞股份,0.37,573620262.98,109.0201859107,-27.0685,61906853.08,1104.89,-25.8699,11.353866852248,3.26,-0.408775970833,25.448164373,通用设备,2026-04-24
4844,300987,川网传媒,0.02,68775219.07,45.2195290427,-42.6301,2619850.72,29.96,-80.485,4.66169289892,0.32,0.014365133127,27.2376538284,数字媒体,2026-04-24
4845,300976,达瑞电子,0.43,658551921.57,45.4075872747,-17.0495,57214051.7,84.35,-3.9762,35.563931370633,1.66,0.293261683255,22.1964441136,消费电子,2026-04-24
4846,300975,商络电子,0.0533,1840501449.72,35.9607283536,-2.3544,36642623.87,65.56,111.6319,3.19655552507,1.68,-0.395996784154,12.4802686162,元件,2026-04-24
4847,300955,嘉亨家化,-0.2,218555927.27,7.4602171193,-5.8367,-19923540.72,-584.24,23.1164,9.081545959722,-2.15,0.179090274206,14.1036209885,化妆品,2026-04-24
4848,300943,春晖智控,0.06,121152110.49,2.7725473716,-5.8314,12650425.44,8.64,-12.5671,4.832443435433,1.29,-0.115455991169,25.4148209185,通用设备,2026-04-24
4849,300935,盈建科,-0.23,15812912.16,14.4492882914,-73.1865,-17877939.97,7.31,-36.3621,10.340894606215,-2.15,-0.324343967218,80.5268032931,软件开发,2026-04-24
4850,300932,三友联众,0.04,533829430.03,14.3454661183,-5.9479,10447843.49,48.03,-11.9703,7.667338345285,0.6,-0.026565905261,17.4777381035,电网设备,2026-04-24
4851,300929,华骐环保,0.01,74967373.96,94.2401583417,-36.0346,1613160.4,118.01,105.476,6.10177086154,0.2,0.093012769426,34.8452812339,环境治理,2026-04-24
4852,300928,华安鑫创,-0.2768,192123563.58,3.712408895,-43.2091,-22143207.54,-128.04,39.3871,14.15040809,-1.94,-0.297125483,6.7617050496,汽车零部件,2026-04-24
4853,300925,法本信息,0.06,1078584931.47,7.845958373,-6.3243,27504021.71,-12.94,30.5585,5.020116407835,1.29,-0.476247218191,17.7797971995,软件开发,2026-04-24
4854,300922,天秦装备,0.0594,49873397.14,29.4571487999,-37.7199,9242544.58,-7.6,-35.931,5.863836080331,1.01,0.192994237338,37.5098452938,地面兵装Ⅱ,2026-04-24
4855,300920,润阳科技,0.0495,96040560.32,0.342524617,-18.5622,4950467.77,-63.0,-23.5379,11.7674625414,0.42,0.0539186727,19.1031339976,塑料,2026-04-24
4856,300918,南山智尚,0.1,362036517.02,0.7196921338,-20.0374,37302151.46,0.86,-43.713,6.433176756699,1.64,-0.188679452112,32.4693846846,纺织制造,2026-04-24
4857,300916,朗特智能,0.21,393770120.19,-5.9011222617,6.7845,30265428.46,-24.85,-39.5756,9.453630103182,2.24,0.423209326398,15.8470335484,消费电子,2026-04-24
4858,300897,山科智能,0.07,111112484.02,-17.6219169302,-36.016,9395126.5,-43.28,-45.1976,9.890610265504,0.95,-0.360637377367,45.9400202598,通用设备,2026-04-24
4859,300893,松原安全,0.1657,535573008.22,45.3415670649,-18.9611,73505757.03,20.47,5.5024,6.053761853983,5.33,-0.089762024616,27.9430445136,汽车零部件,2026-04-24
4860,300889,爱克股份,-0.1006,156485475.53,-8.6712285359,-41.8363,-15603929.19,55.47,57.535,9.46171311,-1.05,-0.3108726975,14.5491865829,光学光电子,2026-04-24
4861,300886,华业香料,0.1536,97793217.93,24.062308303,11.0169,11452839.81,94.5,167.9473,7.734862307558,2.01,0.165202890886,28.4960525483,化学制品,2026-04-24
4862,300877,金春股份,0.03,254045728.44,0.9951053084,-2.3969,3493333.03,174.37,-80.919,13.191464629667,0.22,-1.134024701667,7.5315499487,纺织制造,2026-04-24
4863,300867,圣元环保,0.2348,368589862.88,-2.120017345,-13.0756,63800875.03,43.24,84.5466,13.756583281989,1.72,0.365253512431,44.3133162572,环境治理,2026-04-24
4864,300848,美瑞新材,0.04,387798653.53,0.5031914672,-8.9154,18136835.87,47.12,-32.7023,3.584153155497,1.36,-0.098808008183,14.849103927,化学制品,2026-04-24
4865,300845,捷安高科,-0.05,24907487.12,4.8489563045,-89.1806,-6795575.6,-41.61,-114.7593,5.695237478024,-0.82,-0.280349359778,55.0601903915,计算机设备,2026-04-24
4866,300836,佰奥智能,0.1013,79093963.4,16.6067997123,-35.2297,9375246.13,-42.48,1.944,8.461077279022,1.75,-1.625932311243,27.5153120345,专用设备,2026-04-24
4867,300828,锐新科技,0.07,140357129.06,-0.822057368,-24.6093,11585798.19,-11.96,-33.6888,4.575575971747,1.5,0.036244812507,20.4037330001,通用设备,2026-04-24
4868,300827,上能电气,0.17,830695956.49,16.7770221348,-51.2602,87649747.71,71.56,-25.026,6.258371791884,3.97,-1.968334807303,24.2835786998,光伏设备,2026-04-24
4869,300826,测绘股份,0.03,73180681.01,-26.0660498293,-76.1331,4830650.63,-14.11,208.502,8.033225155386,0.35,-0.358707771209,24.8117953392,工程咨询服务Ⅱ,2026-04-24
4870,300818,耐普矿机,0.035,193888417.52,-21.8393729408,-3.4009,5655429.59,-85.59,245.4875,10.44983397258,0.34,-0.12336393915,36.5778743347,通用设备,2026-04-24
4871,300804,广康生化,0.23,187242875.58,5.157877859,-21.6947,17109527.99,-3.17,55.6794,18.121960342973,1.29,0.057083193243,23.4056952684,农化制品,2026-04-24
4872,300791,仙乐健康,0.2251,954215143.94,0.2849118893,-17.9246,68640679.6,8.9,-19.4926,10.070849760912,2.7,0.267717725866,33.0890863832,食品加工,2026-04-24
4873,300787,海能实业,0.062,679177597.91,66.5990081764,3.3743,19617468.62,139.3,-23.5421,5.679907234777,1.19,-0.394657796156,25.3477125202,消费电子,2026-04-24
4874,300785,值得买,-0.04,268421057.65,-9.4057431359,-46.8918,-8594790.64,62.16,-112.0315,9.534839308612,-0.45,-0.017279255594,40.3190114321,数字媒体,2026-04-24
4875,300784,利安科技,0.2604,116299983.41,2.850949397,-12.9263,14643326.19,-18.44,-28.9251,14.171339827802,1.85,0.488567991344,28.3133872031,消费电子,2026-04-24
4876,300780,德恩精工,-0.1,123873184.69,5.1341851615,6.5614,-14022322.13,31.92,85.0253,7.102219959433,-1.34,0.059219503102,6.7805400346,通用设备,2026-04-24
4877,300758,七彩化学,0.08,364915323.61,13.1358785646,-11.8125,30786436.55,42.56,554.7672,4.299746236513,1.78,-0.042759365959,32.826074415,化学制品,2026-04-24
4878,300756,金马游乐,0.0,118609573.12,22.7219295837,1.5365,-664360.44,-106.83,92.5298,8.759957206358,-0.05,-0.263943218861,31.7431516695,专用设备,2026-04-24
4879,300740,水羊股份,0.1079,1085398753.8,5.18718655,-8.9722,41883041.4,4.67,168.5113,5.260809374679,1.98,-0.038097182611,63.7551248495,化妆品,2026-04-24
4880,300737,科顺股份,0.04,1395038910.94,-6.0642409085,-17.5881,40504756.8,-23.19,149.3134,4.412134890453,0.82,-0.344471369751,24.4320339968,装修建材,2026-04-24
4881,300726,宏达电子,0.1336,328187591.32,6.0315749225,-18.6678,55008459.71,-29.92,212.4796,12.105022207358,1.11,0.110470412255,59.2164627426,军工电子Ⅱ,2026-04-24
4882,300723,一品红,0.1253,376961180.39,-39.4800200063,79.1575,56588459.64,-43.7,119.2806,4.283981295352,2.97,0.084886897037,61.0484879456,化学制药,2026-04-24
4883,300722,新余国科,0.0147,53565669.98,-32.1317801206,-57.6688,4079616.26,-49.75,-69.6226,2.318663276285,0.64,-0.113646001351,44.7170351999,航天装备Ⅱ,2026-04-24
4884,300708,聚灿光电,0.09,731410133.16,21.8035929905,-0.7764,61441573.69,27.72,70.5715,3.95861373829,2.26,0.26049992876,15.5163483871,光学光电子,2026-04-24
4885,300707,威唐工业,-0.0518,128837067.16,-46.2644180872,-33.796,-9166487.8,-140.72,-3.1692,6.250882659659,-0.77,0.224839482494,19.1717132223,汽车零部件,2026-04-24
4886,300702,天宇股份,0.2477,759323892.91,10.1346380645,8.6924,86183475.93,112.71,395.3605,10.305616710808,2.43,0.044761556979,37.3874061373,化学制药,2026-04-24
4887,300699,光威复材,0.19,565306244.36,10.4983478969,3.2365,154828043.98,-1.58,22.749,6.822271111876,2.77,0.158297454881,47.5045164845,航空装备Ⅱ,2026-04-24
4888,300695,兆丰股份,0.45,157754989.17,3.8770733039,-12.3787,31462897.05,20.32,-34.5125,36.544214868314,1.22,0.243932581889,28.8661357397,汽车零部件,2026-04-24
4889,300693,盛弘股份,0.2349,604482558.22,0.8715942777,-35.7661,72892203.64,9.87,-53.9825,6.079710371438,3.93,-0.266425178796,39.6072886462,其他电源设备Ⅱ,2026-04-24
4890,300689,澄天伟业,0.0458,92906490.52,33.0093491839,-16.3177,5298674.11,1143.65,-52.5304,5.900905836073,0.78,0.048650853201,19.7061136822,通信设备,2026-04-24
4891,300688,创业黑马,0.01,35544689.79,-29.106497862,-43.6456,1063555.11,111.56,101.7049,2.555813434974,0.25,-0.148148093723,56.7345429631,教育,2026-04-24
4892,300683,海特生物,-0.11,156670309.0,18.7908266915,-20.8668,-13930370.19,15.81,52.946,18.166248018679,-0.58,-0.380404399376,44.3832731893,医疗服务,2026-04-24
4893,300682,朗新科技,0.0031,666685172.94,-0.122880606,-62.5447,3370908.82,117.53,100.8213,6.474224895964,0.05,-0.190148316533,48.3863997841,IT服务Ⅱ,2026-04-24
4894,300679,电连技术,0.2909,1196463496.94,15.0158372108,-9.938,123280622.08,-23.8,-24.6993,11.912008979064,2.34,0.410569455079,30.729942234,消费电子,2026-04-24
4895,300678,中科信息,0.0108,53185262.84,-38.9991569235,-81.5818,3190045.04,-57.96,-5.869,2.900656077135,0.37,-0.220751383466,38.3825482473,IT服务Ⅱ,2026-04-24
4896,300677,英科医疗,0.55,2493933645.56,13.2017689443,2.8481,352721895.21,48.08,-54.6636,27.477362852396,2.17,0.628453891511,24.1608873802,医疗器械,2026-04-24
4897,300675,建科院,-0.2421,41659221.73,-28.1068831273,-66.3639,-35515339.8,-59.32,-196.2909,3.883959294373,-6.05,-0.380310499452,-11.5710977302,工程咨询服务Ⅱ,2026-04-24
4898,300659,中孚信息,-0.33,84735771.51,-35.5509126885,-75.635,-86147789.6,-16.41,-235.7816,4.855887502706,-6.59,-0.444153427333,72.3641097465,计算机设备,2026-04-24
4899,300654,世纪天鸿,0.014,102706092.17,3.7156457245,-28.0157,5243675.86,-25.71,-54.2208,2.33059683807,0.62,0.055810482485,35.0808380971,出版,2026-04-24
4900,300638,广和通,0.1549,1855618486.6,-12.5925218966,-5.9135,117791138.47,-37.3,634.6637,4.870819142307,3.2,-0.194125003213,17.0119565147,通信设备,2026-04-24
4901,300632,光莆股份,0.0641,207522129.74,1.4065062234,27.8938,19568997.76,-16.11,200.3138,5.860031303556,1.1,-0.099077647009,30.0139515521,光学光电子,2026-04-24
4902,300627,华测导航,0.1857,789117634.13,27.9143651122,-19.7633,142744778.78,38.5,-26.3102,6.721339052341,3.96,-0.230785780801,58.3374962717,通信设备,2026-04-24
4903,300621,维业股份,-0.02,1641399966.14,-57.7320341524,-26.2926,-3201112.59,-173.24,36.6306,4.06693429594,-0.38,-4.183034573364,7.1618484279,装修装饰Ⅱ,2026-04-24
4904,300619,金银河,-0.3798,147787443.8,-57.4654832729,-36.1414,-66090642.74,-351.14,6.7796,11.188915575974,-4.34,-0.104819738919,4.5165769353,电池,2026-04-24
4905,300615,欣天科技,-0.0196,79499368.25,98.4509122949,-19.3312,-3779585.78,55.14,-469.9131,2.711144432809,-0.72,-0.011558084077,17.4125421682,通信设备,2026-04-24
4906,300613,富瀚微,0.06,318496385.68,-11.0004712351,-34.7547,14639497.78,-59.46,-79.6613,11.637699114743,0.53,0.463208043382,38.3285016969,半导体,2026-04-24
4907,300589,江龙船艇,-0.0069,149776713.5,-58.0602947991,-69.2758,-2618307.72,-118.88,79.8161,2.180426654977,-0.32,-0.428502669392,11.5052825885,航海装备Ⅱ,2026-04-24
4908,300579,数字认证,-0.0804,179542446.84,0.6684487283,-59.6977,-21718727.49,11.99,-154.6646,3.266915629,-2.43,-0.352099519815,45.0835124978,软件开发,2026-04-24
4909,300575,中旗股份,-0.07,529298407.37,16.5408712123,-17.7003,-34102227.34,-245.04,-130.4737,4.497872238188,-1.59,-0.100133208451,10.6260154663,农化制品,2026-04-24
4910,300570,太辰光,0.35,370555568.42,65.9583560014,-19.7834,79369583.24,149.99,-31.2525,7.194001975337,5.02,0.423456784573,42.0903359771,通信设备,2026-04-24
4911,300565,科信技术,-0.0854,143429182.85,104.7174672971,-32.037,-21315766.4,55.67,71.8205,2.456792665768,-3.42,-0.012931782293,18.6244952033,通信设备,2026-04-24
4912,300563,神宇股份,0.07,174408922.02,-6.214423116,-25.6539,12116166.22,-75.88,-0.5099,6.013600359458,1.14,0.448828319349,19.225821702,通信设备,2026-04-24
4913,300562,乐心医疗,0.11,273307188.91,9.903402967,20.06,22942005.96,67.88,111.7022,4.696283012373,2.27,0.131064577221,37.3784794602,医疗器械,2026-04-24
4914,300561,汇金科技,0.0041,18714782.27,-4.5034075767,-12.0676,1352822.38,237.21,107.9041,1.862914537265,0.22,-0.038805150073,51.4832650522,软件开发,2026-04-24
4915,300543,朗科智能,0.0357,392555831.87,12.2052688899,-12.2132,9979635.01,14.22,69.7374,4.693318039582,0.89,0.316963785122,17.9809806706,家电零部件Ⅱ,2026-04-24
4916,300541,先进数通,0.07,529171852.56,39.6977198274,-24.6604,29579963.99,1073.93,416.6732,3.890105059385,1.79,-1.156249025973,15.9506027752,IT服务Ⅱ,2026-04-24
4917,300517,海波重科,0.003,86662190.17,-17.5526315098,-21.9498,648478.95,-95.14,-87.7372,5.186604058976,0.06,0.307463157956,19.3603671648,专业工程,2026-04-24
4918,300516,久之洋,-0.0328,67144534.28,5.6683017244,-73.9939,-5907464.53,-238.17,-154.5603,7.123844582,-0.46,-0.038778386944,26.0625432698,其他电子Ⅱ,2026-04-24
4919,300509,新美星,0.07,260589355.58,6.0315500627,-19.7621,21163914.01,118.37,17.4222,2.043255937179,3.56,-0.133940933468,25.7212002044,专用设备,2026-04-24
4920,300502,新易盛,2.22,4052256538.37,264.1319456609,15.2389,1572525789.22,384.54,31.952,14.007021613745,17.2,0.280790452711,48.6597338537,通信设备,2026-04-24
4921,300499,高澜股份,0.04,218000373.52,22.0329270157,-33.8571,12990872.11,131.01,139.7603,4.470311328115,0.96,-0.240250339851,25.1434898688,专用设备,2026-04-24
4922,300494,盛天网络,0.0518,314775485.68,24.1614070419,11.1132,25430831.36,78.56,109.6709,2.986071108089,1.75,-0.00996225947,20.3956900269,游戏Ⅱ,2026-04-24
4923,300491,通合科技,-0.04,207251419.35,16.1375877945,-56.1335,-6521254.6,-184.76,-314.3094,6.530355644879,-0.57,-0.05743170492,25.9921363332,其他电源设备Ⅱ,2026-04-24
4924,300489,光智科技,0.0695,471376640.76,101.0151683164,-5.6684,9565601.37,123.02,-74.5338,4.546368219845,1.54,0.25287877663,27.0470294974,光学光电子,2026-04-24
4925,300483,首华燃气,0.079,688217970.28,155.9934983111,36.0187,20925371.11,220.2,103.308,6.9214974841,1.05,1.536820846884,16.2513400071,燃气Ⅱ,2026-04-24
4926,300481,濮阳惠成,0.12,356014032.69,0.5684538266,8.8544,36217037.59,-34.22,-12.9147,8.278957446227,1.49,0.195467073695,18.4439620607,电子化学品Ⅱ,2026-04-24
4927,300480,光力科技,0.05,152865703.95,4.9911935264,-20.5258,17848422.75,19.12,130.2898,3.675380509229,1.36,-0.123226617476,57.5237663045,专用设备,2026-04-24
4928,300479,神思电子,-0.1463,81247852.44,303.7044548135,-89.8882,-28834001.57,29.05,-122.3625,2.617662370646,-5.44,-1.149497923235,22.0968674258,计算机设备,2026-04-24
4929,300475,香农芯创,0.04,7905805649.29,243.3324831079,1.8667,16728480.28,18.66,116.6891,6.485659023416,0.57,-0.105665034793,1.984265911,其他电子Ⅱ,2026-04-24
4930,300474,景嘉微,-0.1,102458287.79,-5.4629867313,305.2305,-54850234.44,-375.5,70.9778,13.434272035129,-0.78,-0.080793680182,32.3694002363,军工电子Ⅱ,2026-04-24
4931,300465,高伟达,-0.0237,136446828.5,-31.3023990619,-66.9481,-10538784.76,-619.06,-244.0626,1.441441368015,-1.63,-0.361282886163,20.5682902993,软件开发,2026-04-24
4932,300455,航天智装,0.0074,165832240.36,-18.7215156715,-72.9726,5282978.68,-46.28,-87.8828,2.591337836468,0.28,-0.075612087526,28.5165488492,计算机设备,2026-04-24
4933,300445,康斯特,0.1,111122413.5,3.5729370825,-48.8356,22182290.51,-12.39,-38.3926,5.732814423967,1.84,0.143738269978,64.3156190268,通用设备,2026-04-24
4934,300444,双杰电气,0.0012,597690290.28,-40.3477151446,-34.2247,947275.63,-98.82,102.675,2.044381176241,0.06,-0.137825425169,16.9447612864,电网设备,2026-04-24
4935,300443,金雷股份,0.1746,441801975.03,72.928031951,-22.8404,55910892.81,91.17,135.7114,18.986802838723,0.92,-1.153133688818,24.4174602349,风电设备,2026-04-24
4936,300434,金石亚药,0.1564,291494123.06,-19.651024705,-15.6822,62851306.76,-30.02,86.8754,6.249879625071,2.53,-0.029623439807,60.267364836,化学制药,2026-04-24
4937,300426,华智数媒,-0.0516,35516845.49,-27.4751501537,-73.4253,-21740637.63,-230.55,-146.6084,1.080547550369,-22.22,-0.071472558333,22.7671631825,影视院线,2026-04-24
4938,300425,中建环能,-0.0035,289123448.75,36.2305980212,-53.7314,-2374054.29,-177.2937538067,-103.6643,3.471401734964,-0.1,0.117502716308,24.4577244515,环境治理,2026-04-24
4939,300422,博世科,-0.02,260097079.38,-58.4372586049,-35.2475,-10437141.61,-115.6439928116,98.7079,2.443223369683,-0.8,0.040331401122,25.5805331758,环境治理,2026-04-24
4940,300408,三环集团,0.28,1833140973.45,17.2373372578,-8.0769,532651401.44,23.02,-9.2837,10.651920515382,2.64,0.12657935585,41.0123479404,元件,2026-04-24
4941,300399,天利科技,0.06,115178529.81,12.909219094,-14.91,11932151.89,351.23,25.654,2.678446186791,2.28,0.020835472217,2.376774434,IT服务Ⅱ,2026-04-24
4942,300397,天和防务,-0.06,87958364.77,-34.7744116227,-30.3982,-30418549.18,-534.67,26.8758,2.88089240985,-2.02,-0.045338027288,23.5133356834,军工电子Ⅱ,2026-04-24
4943,300395,菲利华,0.2226,406260612.77,-0.9722397213,-5.1352,105085733.78,35.72,32.0693,8.124590386451,2.51,0.302973407201,49.9553186922,航空装备Ⅱ,2026-04-24
4944,300390,天华新能,0.07,1687622325.51,-3.8038016117,46.0545,61635904.79,-99.35,104.3064,13.669500435105,0.54,-0.542946142688,6.3603860151,电池,2026-04-24
4945,300371,汇中股份,0.035,73649271.18,47.52011539,-39.8741,6969314.6,71.77,125.6664,5.533224466698,0.62,0.049125413553,47.6022343443,通用设备,2026-04-24
4946,300370,安控科技,-0.0163,40908460.61,-3.7842436742,-74.9164,-25487659.33,-42.54,57.2423,0.343078850415,-4.64,-0.0149344189,23.3487123142,通用设备,2026-04-24
4947,300357,我武生物,0.142,228471779.62,5.6519205461,17.0712,74342067.14,-3.71,63.1439,4.637360521215,3.11,0.164030353582,94.7607218494,生物制品,2026-04-24
4948,300346,南大光电,0.14,627360845.04,23.1906650354,6.6816,95561157.05,16.38,1679.8638,5.933079443933,2.8,0.286394785612,40.8544627157,电子化学品Ⅱ,2026-04-24
4949,300339,润和软件,0.04,832459245.69,8.0913543788,-15.9452,31200090.37,21.73,-38.1346,4.383295183296,0.9,-0.276580904214,22.5418850426,IT服务Ⅱ,2026-04-24
4950,300335,迪森股份,0.04,220056801.84,13.2090817385,-34.8824,19142120.76,118.46,218.5442,4.064526558941,1.0,0.087680797757,29.3157773087,电力,2026-04-24
4951,300334,津膜科技,0.0057,49506666.59,-1.2333819011,-35.7147,1724423.28,19.05,-92.48,1.917269763071,0.3,0.071977467121,36.7337642839,环境治理,2026-04-24
4952,300333,兆日科技,-0.0036,35225579.56,27.6151541195,87.5042,-1225307.86,74.53,97.2711,1.741674595119,-0.21,-0.020875488155,53.7153325406,计算机设备,2026-04-24
4953,300332,天壕能源,0.0714,935123559.45,-19.0183016188,15.6598,61770799.16,-10.04,1011.2556,4.879754165053,1.45,0.035807591483,15.845206276,燃气Ⅱ,2026-04-24
4954,300331,苏大维格,0.07,452745688.49,-3.9266739785,1.715,17340580.4,5.99,117.8,5.955481863238,1.12,0.023369395931,20.8902358906,光学光电子,2026-04-24
4955,300296,利亚德,0.0283,1663668423.06,-7.5941530813,-1.2644,76554928.11,-24.37,107.1501,2.994235349721,0.96,0.051136355894,26.5177633394,光学光电子,2026-04-24
4956,300283,温州宏丰,-0.03,679712454.99,25.6589153207,-18.2127,-15029059.74,-17.08,75.418,1.700262167144,-1.77,-0.149372689606,9.6453070204,电网设备,2026-04-24
4957,300267,尔康制药,0.0136,353547866.17,28.1948990173,23.9114,28112585.22,868.91,108.0806,2.164371941243,0.63,-0.002011295018,26.1349730889,化学制药,2026-04-24
4958,300248,新开普,-0.0722,137992836.95,-16.134134306,-66.7208,-34372496.27,-51.4,-134.4297,4.472312050269,-1.6,-0.143756926876,53.3185715623,计算机设备,2026-04-24
4959,300242,佳云科技,-0.0206,520196363.89,230.8914545335,0.8185,-13042773.21,16.15,79.8126,0.447788995446,-4.49,-0.071979640152,5.19331329,广告营销,2026-04-24
4960,300239,东宝生物,0.0323,188034307.73,-22.2287211878,-25.3299,19044819.05,-26.64,-3.3701,2.852637120485,1.1,-0.063228574221,25.0574448986,生物制品,2026-04-24
4961,300237,ST美晨,-0.03,404937016.41,-6.1449616294,-16.9759,-48392294.8,47.84,49.2245,0.037248970999,394.29,-0.001753821794,7.6133218082,汽车零部件,2026-04-24
4962,300233,金城医药,0.09,721919205.16,-22.5156298989,-15.867,35054760.33,-57.75,-23.3389,9.761030015123,0.93,-0.022312995546,34.1747107816,化学制药,2026-04-24
4963,300228,富瑞特装,0.0857,712690769.85,9.046858777,-5.7725,50228139.51,153.6,-45.9079,3.855549069802,2.26,-0.14680333551,22.9707213767,通用设备,2026-04-24
4964,300215,电科院,-0.03,107158094.14,-26.0241488022,-31.2909,-19822840.22,-2097.25,-417.1392,2.626290286097,-0.99,0.05041955708,15.7722788051,专业服务,2026-04-24
4965,300211,*ST亿通,-0.0439,34072063.3,94.5915643648,-23.6886,-13339691.15,-24.17,-45.5129,1.543982610414,-2.8,-0.000372108028,47.664605096,通信服务,2026-04-24
4966,300207,欣旺达,0.21,12288692094.19,11.9698631808,-30.7365,386323122.44,21.23,50.8922,13.074344546321,1.61,0.8273496144,16.8841828224,电池,2026-04-24
4967,300206,理邦仪器,0.1123,420355229.15,-5.249537089,-7.0508,65088179.59,68.98,764.8445,3.576787856171,3.19,0.018147707256,58.3439799395,医疗器械,2026-04-24
4968,300196,长海股份,0.2,763074249.45,31.3480140606,0.5098,82171429.49,61.78,13.6272,11.27395769289,1.76,-0.131819707623,22.5906439752,玻璃玻纤,2026-04-24
4969,300191,潜能恒信,0.0149,115155145.02,-0.6976506377,-7.9986,4771807.81,138.81,143.493,3.389435478844,0.44,0.084211443375,30.4679678567,油服工程,2026-04-24
4970,300183,东软载波,0.0085,237639980.68,15.1633925104,-2.1669,3940630.1,-46.44,122.9164,6.822076071381,0.12,-0.176259714775,29.4124973921,通信设备,2026-04-24
4971,300166,东方国信,-0.02,500763707.98,-5.4065903332,-61.6596,-27264276.09,-752.6,-424.4466,5.284012626162,-0.45,-0.189801904578,30.7174902232,IT服务Ⅱ,2026-04-24
4972,300164,通源石油,0.0013,258016885.76,13.209147648,-21.694,782659.64,-80.38,-89.6026,2.365796653226,0.06,0.009686010467,22.5287447171,油服工程,2026-04-24
4973,300150,世纪瑞尔,0.002,123496733.71,43.4482398531,-65.8463,1204737.33,109.22,-16.6079,2.625299411011,0.08,-0.053694584886,44.7935330014,IT服务Ⅱ,2026-04-24
4974,300144,宋城演艺,0.095,564103521.39,0.8072163173,38.937,248873631.22,-2.18,501.3264,3.188990842037,3.02,0.099454566949,68.6654661853,旅游及景区,2026-04-24
4975,300110,华仁药业,0.0136,303472326.57,-25.3823526338,8.5614,16028449.64,-68.46,101.0948,1.113855759241,1.22,0.081775071736,36.2968175105,化学制药,2026-04-24
4976,300109,新开源,0.17,324863000.55,-17.6911857161,-34.4137,80420300.5,-33.75,109.2262,7.6684774054,2.19,0.098028008665,44.0720015692,化学制品,2026-04-24
4977,300107,建新股份,0.0029,117954525.9,-23.422336026,-24.5654,1610167.93,-80.19,-71.6126,2.680889672868,0.11,0.032519678473,7.0303089744,化学制品,2026-04-24
4978,300105,龙源技术,0.0805,167030986.28,19.0011891241,-76.2279,41295671.85,204.99,-1.6089,3.819597212676,2.12,-0.229813903652,39.6329562822,其他电源设备Ⅱ,2026-04-24
4979,300097,智云股份,-0.1,27261818.85,-66.3984711303,3.0206,-27929370.02,-486.55,80.349,1.606683290079,-5.85,-0.010714057412,-16.8619163868,自动化设备,2026-04-24
4980,300085,银之杰,-0.0363,173345831.52,-17.1411226365,-19.5002,-25620342.96,18.38,61.2483,0.734732341784,-4.84,0.028258627309,26.1585397136,软件开发,2026-04-24
4981,300083,创世纪,0.059,1047941578.54,22.3724783766,-21.184,98258753.54,66.51,175.5493,3.091595921338,1.92,0.153810026937,23.0286945114,自动化设备,2026-04-24
4982,300077,国民技术,-0.04,304044524.46,31.8667500125,-12.267,-21375831.47,71.43,75.141,1.660309552504,-2.18,-0.143995361163,18.6166228287,半导体,2026-04-24
4983,300075,数字政通,0.0111,182377580.68,-38.0217988064,1064.3196,6904416.3,-87.79,101.6589,5.686117778683,0.2,-0.073330302729,37.0159795893,软件开发,2026-04-24
4984,300057,万顺新材,-0.0075,1461511910.57,13.9895719182,-20.1891,-6642967.29,62.02,95.7431,5.882973777595,-0.13,-0.148876223907,6.5641466988,工业金属,2026-04-24
4985,300055,万邦达,0.0234,633535253.66,-10.1294736474,-24.7727,19616573.49,-20.02,-35.6207,6.186706345267,0.38,0.124217029114,13.4154534999,炼化及贸易,2026-04-24
4986,300044,*ST赛为,-0.0242,32659213.41,-58.7645299287,267.781,-18449391.37,-388.67,96.2329,0.136118200745,-2.95,0.03435430004,37.9221145792,IT服务Ⅱ,2026-04-24
4987,300043,星辉娱乐,-0.04,414409569.31,37.1286023155,26.9037,-47584421.2,50.81,79.041,1.139813276179,-3.35,0.084029134482,48.3673074958,游戏Ⅱ,2026-04-24
4988,300025,华星创业,-0.0286,134676360.99,-15.3311447405,-28.5829,-14575701.12,-11.67,61.6538,1.112131577432,-2.54,-0.058713492127,10.124684525,通信服务,2026-04-24
4989,300024,机器人,-0.0321,688294309.05,-6.1400442532,-59.6945,-50266384.43,-24.51,46.5029,2.796566137689,-1.14,-0.153202306422,14.6374920242,自动化设备,2026-04-24
4990,300020,ST银江,-0.09,60265950.83,-87.0000000007,1735.8606,-70381007.34,-772.16,90.9104,3.963971870862,-2.21,-0.075374526739,9.9900000035,IT服务Ⅱ,2026-04-24
4991,300015,爱尔眼科,0.1136,6026140250.98,15.973534353,28.7253,1049755960.4,16.71,906.6034,2.341564373456,4.93,0.195216331488,48.0170358504,医疗服务,2026-04-24
4992,300011,鼎汉技术,-0.0268,284891355.88,3.5471066667,-35.565,-14997236.38,-410.48,-225.8835,2.343691714797,-1.14,-0.152233002624,29.4962870532,轨交设备Ⅱ,2026-04-24
4993,300009,安科生物,0.12,628754570.48,-4.1667207774,2.276,209002473.85,-4.02,78.2865,2.442431718068,5.1,0.116725090383,76.9565086073,生物制品,2026-04-24
4994,200992,中鲁B,-0.001,269861836.68,28.4373732797,-50.5566,-274714.35,95.37,-100.8644,4.009610958671,-0.03,0.15056014767,6.0809361716,渔业,2026-04-24
4995,200581,苏威孚B,0.36,2834349666.2,-2.3786842323,-3.916,354413869.98,-35.46,-7.2541,20.292697653146,1.77,-0.198423147378,17.6717936468,汽车零部件,2026-04-24
4996,200530,冰山B,0.03,1159081329.86,4.0309417005,29.1546,29359869.1,2.9,51.6362,3.750247973208,0.93,-0.220978307097,14.8998796556,通用设备,2026-04-24
4997,003036,泰坦股份,0.09,299363385.23,-19.1014490177,-29.9821,18980162.28,-7.53,141.8452,6.403490609594,1.31,-0.261225409485,19.0837601987,专用设备,2026-04-24
4998,003029,吉大正元,-0.16,60815050.88,-51.8887171179,-51.4737,-30738963.24,-88.42,54.276,5.79184415872,-2.7,-0.230247904316,53.7437322292,软件开发,2026-04-24
4999,002997,瑞鹄模具,0.47,747115379.4,47.759363151,6.981,97437239.05,28.49,-0.3134,10.814987061017,4.4,-0.605912668812,24.9961987906,汽车零部件,2026-04-24
5000,002975,博杰股份,-0.14,205792108.23,-25.1760183404,-49.7243,-20651193.88,-294.27,-199.701,13.281318224701,-1.15,0.288697349906,44.1584930791,自动化设备,2026-04-24
5001,002971,和远气体,0.12,354629813.53,-0.6806517424,4.1243,25197127.47,-16.47,75.2911,7.463442932469,1.6,0.026767596942,19.8957856695,化学制品,2026-04-24
5002,002957,科瑞技术,0.1069,535788217.12,-1.5679275608,-22.3836,44254272.04,31.81,273.9513,7.278376962171,1.49,0.690397542573,33.1395127788,自动化设备,2026-04-24
5003,002953,日丰股份,0.1022,1116434460.82,22.4010870035,6.0999,46343899.85,40.14,33.3938,4.144734199959,2.48,-0.188230239364,11.8984237689,电网设备,2026-04-24
5004,002937,兴瑞科技,0.14,420184275.42,-15.8857927879,-0.9588,40175210.17,-44.65,11.2913,5.258426218071,2.48,0.182966957838,24.7412672942,汽车零部件,2026-04-24
5005,002916,深南电路,0.96,4782896546.25,20.7493011337,-1.5449,491448182.06,29.47,26.1707,29.457913870199,3.31,1.194746632683,24.7402808248,元件,2026-04-24
5006,002891,中宠股份,0.3094,1101114916.77,25.4065860067,-13.7131,91155327.04,62.13,-18.4957,8.64284178563,3.65,0.646011148135,31.8716711004,饲料,2026-04-24
5007,002835,同为股份,0.237,262962319.29,-2.2179452071,-17.2352,52059499.7,20.44,-2.6712,5.637215937738,4.3,-0.241647542045,45.4191583883,计算机设备,2026-04-24
5008,002799,环球印务,-0.01,238088289.33,-47.1154569413,-17.7279,-3682535.47,-116.12,95.3877,4.020359603893,-0.29,0.156832615673,14.6883572302,包装印刷,2026-04-24
5009,002767,先锋电子,0.0191,115162085.53,13.6815141778,-35.122,2865773.36,-32.89,-82.8035,5.586693415067,0.34,-0.267955518133,33.9029373863,通用设备,2026-04-24
5010,002734,利民股份,0.3,1210766106.64,22.2791151342,35.5699,108119145.89,1373.23,258.5081,7.275514325814,3.95,-0.185274789104,23.9703594417,农化制品,2026-04-24
5011,002733,雄韬股份,0.05,664383419.47,-0.9268022789,-28.379,20997007.15,15.99,197.0592,7.07551951384,0.8,-0.217369507935,18.5402560389,电池,2026-04-24
5012,002718,友邦吊顶,0.02,112928512.25,-12.8508639178,-21.7146,2171421.27,36.71,102.8376,6.898063498105,0.24,-0.386919907061,27.8289062823,装修建材,2026-04-24
5013,002712,思美传媒,-0.0098,1790537508.43,34.6479940538,8.9252,-5316568.15,-237.79,80.9255,2.520837662829,-0.39,-0.156961848403,2.7502477981,广告营销,2026-04-24
5014,002686,亿利达,0.0235,334363968.12,19.2292204917,-33.3201,13333008.59,21.25,156.1017,2.894096737747,0.82,0.082324637619,21.6479170788,通用设备,2026-04-24
5015,002683,广东宏大,0.1241,3653762983.65,66.1368886144,-16.5823,93518093.89,23.99,-62.2777,8.691604681177,1.43,-0.643334665312,16.7704353031,化学制品,2026-04-24
5016,002673,西部证券,0.0652,1216245393.81,-23.753369402,-46.6893,291053008.81,48.33,-56.8497,6.499454994878,1.01,-0.022424974811,,证券Ⅱ,2026-04-24
5017,002652,扬子新材,-0.0091,70618037.02,-19.1139221743,-2.9713,-4653949.08,-6.16,8.6613,0.511090983022,-1.76,-0.002922488166,5.4246678068,装修建材,2026-04-24
5018,002637,赞宇科技,0.18,3429469318.18,40.4978702967,6.2497,82716533.16,61.69,462.705,8.046731931926,2.19,0.149067710039,6.9995597067,化学制品,2026-04-24
5019,002580,圣阳股份,0.13,754185767.98,26.4784215981,-0.8878,60686776.86,17.25,55.7605,4.946920097249,2.74,-0.032670287723,18.6518288892,电池,2026-04-24
5020,002550,千红制药,0.1288,450880337.41,-2.2166812543,41.5016,160968397.92,54.62,246.5647,2.092912028762,6.2,0.055877237264,54.3955359572,化学制药,2026-04-24
5021,002523,天桥起重,0.016,293469474.41,29.5852829885,-62.5991,22806072.33,355.08,-35.0902,1.765922484338,0.95,-0.050453696653,21.9213104393,专用设备,2026-04-24
5022,002484,江海股份,0.1801,1157681306.61,10.1398432764,-8.7899,152020118.4,11.04,-5.1609,7.075576097957,2.56,0.11546689975,24.3238724986,元件,2026-04-24
5023,002482,广田集团,-0.01,197235237.21,168.6032875859,-58.6048,-41225426.83,31.67,-82.056,0.142455959329,-7.07,-0.022640360873,6.1608785488,装修装饰Ⅱ,2026-04-24
5024,002481,双塔食品,0.0072,499830627.33,14.8787294236,-33.8391,8934695.58,-78.54,-71.7926,2.130221370499,0.34,-0.024248215927,16.7322297869,农产品加工,2026-04-24
5025,002478,常宝股份,0.12,1210737010.33,-7.0697896453,-17.7424,111222483.5,-33.0,-50.0965,6.378287485716,1.95,-0.078081651915,15.3260106024,特钢Ⅱ,2026-04-24
5026,002472,双环传动,0.33,2064750169.58,-0.4702031838,1.2729,276006673.5,24.7,-3.457,10.732196186625,3.08,0.247335063813,26.8206196894,汽车零部件,2026-04-24
5027,002457,青龙管业,-0.02,282212621.33,-21.4743193341,-74.1113,-5365512.44,-374.95,-103.4702,7.383464498235,-0.22,-0.602729274712,26.4392220992,装修建材,2026-04-24
5028,002449,国星光电,0.027,767113178.54,-18.4759261821,-2.2293,16696075.55,-40.25,209.9838,6.211020354447,0.44,-0.189067181783,12.0922924902,光学光电子,2026-04-24
5029,002448,中原内配,0.19,950183176.16,13.7705564923,12.2758,110975081.04,24.85,481.7245,6.104189488984,3.14,-0.188643472238,27.7885329508,汽车零部件,2026-04-24
5030,002429,兆驰股份,0.0739,3723108865.95,-9.3272839366,-10.5853,334578442.37,-19.3,45.596,3.582911057768,2.08,0.153692203868,18.3350671154,黑色家电,2026-04-24
5031,002410,广联达,0.0181,1227900814.21,-5.5332617952,-33.3922,29836965.24,390.89,-19.7169,3.632005839153,0.5,-0.415079801018,89.3061995952,软件开发,2026-04-24
5032,002407,多氟多,0.06,2098066046.73,-2.0935439581,57.6772,64730606.52,69.24,119.4124,7.150350233722,0.76,-0.176986514908,13.4696853901,化学制品,2026-04-24
5033,002394,联发股份,0.2252,1050151034.08,-16.1130098788,79.3765,72898284.6,258.32,2.6528,12.904348031171,1.76,0.375505960704,18.00005674,纺织制造,2026-04-24
5034,002393,力生制药,0.21,369840643.7,1.369001482,18.3942,55275346.71,-6.56,261.8436,18.61772581575,1.14,-0.003793529748,58.0137702048,化学制药,2026-04-24
5035,002376,新北洋,0.0061,496047483.47,21.0527332237,-27.0224,4923842.98,127.15,-48.1358,4.799139141541,0.13,-0.049407826583,26.7520906873,计算机设备,2026-04-24
5036,002351,漫步者,0.1149,658439949.79,-3.0360786448,-17.4463,102175532.0,-6.53,-7.9286,3.255664841431,3.6,0.045825813878,40.943777861,消费电子,2026-04-24
5037,002333,罗普斯金,0.0206,380168201.45,15.868319037,-19.3861,13930793.26,-28.67,119.597,2.799846059739,0.74,-0.106570289757,12.6851600308,装修建材,2026-04-24
5038,002322,理工能科,0.09,158917427.08,-4.3336209816,-65.8712,32501810.57,-20.64,-64.2495,7.760969370085,1.09,-0.030747054481,68.1500239676,软件开发,2026-04-24
5039,002287,奇正藏药,0.1425,403015309.71,10.3852868729,-53.474,75679793.49,-22.35,-59.9377,7.324616252151,1.84,0.481689521987,81.5250950904,中药Ⅱ,2026-04-24
5040,002241,歌尔股份,0.14,16304933891.22,-15.5703964282,-47.9208,468853936.56,23.53,46.5946,9.647430259223,1.4,0.440144400797,12.4064856897,消费电子,2026-04-24
5041,002229,鸿博股份,0.1715,676698660.66,337.2450548664,467.594,84579913.87,437.46,136.563,2.694931419118,6.53,-0.059572626324,21.4232352549,IT服务Ⅱ,2026-04-24
5042,002213,大为股份,-0.008,337375108.13,5.1083650676,36.6306,-1889690.22,32.23,91.3822,2.384702747852,-0.33,-0.297782881635,3.1599722395,半导体,2026-04-24
5043,002211,ST宏达,-0.0076,97523088.95,111.2456815083,-22.1588,-3279351.35,-92.16,84.3741,0.048424272935,-14.52,0.031670801823,6.5276309831,化学制品,2026-04-24
5044,002186,全聚德,0.0137,331971798.59,-7.2566391249,4.4033,4214426.49,-72.47,111.6034,2.746717471565,0.5,0.057581407372,15.9726113258,酒店餐饮,2026-04-24
5045,002177,御银股份,0.0086,15337570.07,-9.7336125867,-1.6945,6571541.16,15.86,497.493,2.23936332003,0.39,0.010182272145,56.1935402457,一般零售,2026-04-24
5046,002160,常铝股份,0.0142,1828346478.17,14.7745940809,-17.8376,14656087.57,154.35,7.5738,3.580953798618,0.4,0.021077302904,10.5096064867,工业金属,2026-04-24
5047,002130,沃尔核材,0.2009,1759107046.52,26.602170696,-16.473,250388280.27,35.86,30.1021,4.575565495177,4.44,0.098561554037,32.5343629293,其他电子Ⅱ,2026-04-24
5048,002127,南极电商,-0.0057,729124682.58,2.0325672083,-23.4022,-13626536.27,-128.54,95.3144,1.718430887058,-0.32,-0.184413191375,12.9836565023,互联网电商,2026-04-24
5049,002122,ST汇洲,0.0109,258659061.03,12.8782091406,6.6193,21762120.04,670.46,104.946,1.055101997985,1.13,-0.017318956913,31.0061837311,通用设备,2026-04-24
5050,002116,中国海诚,0.1,1049346048.16,-15.3166400204,-58.5115,45547942.92,-17.57,-62.6244,5.567801833014,1.77,-0.389556019458,14.0864806943,专业工程,2026-04-24
5051,002075,沙钢股份,0.0313,3494913831.55,-7.1672077659,-3.1677,68656797.41,37.56,20.0281,2.950547466341,1.07,0.352101435746,6.5228355332,特钢Ⅱ,2026-04-24
5052,002040,南京港,0.0825,243903213.27,9.0081155584,-5.0166,40107685.62,20.63,39.3531,6.779575328434,1.22,0.094456215247,45.7006824779,航运港口,2026-04-24
5053,002033,丽江股份,0.0627,162486287.74,-9.6947436387,-5.9712,34467582.7,-38.24,85.3651,4.662665348004,1.35,0.082395946162,51.6346902972,旅游及景区,2026-04-24
5054,002032,苏泊尔,0.624,5786398440.05,7.5877001559,-2.1738,496853878.11,5.82,-38.7804,8.640388431633,7.44,0.728506290595,23.9064408943,小家电,2026-04-24
5055,002020,京新药业,0.2,956068676.24,-9.8609814866,0.6593,163292650.63,-4.62,19.2364,6.607825281256,2.77,0.189183775708,47.7145346288,化学制药,2026-04-24
5056,002019,亿帆医药,0.1259,1326616043.2,0.0487681144,1.921,153161633.89,4.83,681.9379,7.150193737135,1.78,0.149898802644,46.3853201862,化学制药,2026-04-24
5057,002014,永新股份,0.15,848181147.32,1.5812390687,-13.9779,88918733.12,2.89,-45.4185,4.37261467456,3.38,-0.0442354441,21.3047690627,包装印刷,2026-04-24
5058,001395,亚联机械,0.6603,205480930.99,126.0132634632,-16.9103,57604397.63,1088.67,99.3563,12.856213661967,5.93,-0.370287558459,38.3373356011,专用设备,2026-04-24
5059,001388,信通电子,0.07,163198174.01,11.4817328397,-55.0664,7641741.19,21.1868502315,-88.6098,7.358686542308,0.89,-0.481237856239,29.9963215501,电网设备,2026-04-24
5060,001379,腾达科技,0.0839,403697986.27,-2.023188527,-13.6984,17468525.66,-0.11,-8.3096,7.3923206322,1.16,-0.14379145605,9.7353910762,通用设备,2026-04-24
5061,001360,南矿集团,0.09,159172391.05,-19.668382096,-8.1291,18570661.41,33.6,469.138,6.900167597941,1.33,-0.111054136471,33.0947359039,专用设备,2026-04-24
5062,001339,智微智能,0.17,851899889.83,19.3535006886,-32.0049,42116974.85,226.89,-1.4152,8.572042872282,1.99,0.840381626087,20.4056284471,计算机设备,2026-04-24
5063,001319,铭科精技,0.1743,237821721.78,15.0252070855,-19.1523,24651455.24,20.78,-31.0111,9.332641319165,1.88,0.034325596605,27.0897894178,汽车零部件,2026-04-24
5064,001317,三羊马,-0.02,301978332.7,12.8256232432,-18.7898,-1657649.66,-126.25,45.084,10.069856317899,-0.19,-0.80382083051,8.0379554066,铁路公路,2026-04-24
5065,001268,联合精密,0.18,224087406.78,29.3726915424,6.5948,19196429.61,20.04,-9.6375,9.584270463562,1.87,-0.462703586364,22.5375502647,家电零部件Ⅱ,2026-04-24
5066,001260,坤泰股份,0.06,129793977.83,-5.8112867027,-11.1795,6576946.34,-21.69,-9.0445,6.972077764348,0.82,-0.02811039487,26.4367293951,汽车零部件,2026-04-24
5067,001230,劲旅环境,0.29,380317260.85,0.584306083,-2.9035,38769854.86,21.26,46.4131,14.12892007809,2.08,-0.009730072633,24.7576702224,环境治理,2026-04-24
5068,001217,华尔泰,0.05,470703009.57,19.2537009603,8.4793,17031941.87,-48.9,127.982,6.858897510772,0.75,-0.361452224727,9.1737253814,化学原料,2026-04-24
5069,001206,依依股份,0.29,485466355.52,26.5551287174,0.7256,54092206.44,27.96,-15.7271,10.213998495828,2.91,0.390620590604,18.8493135373,个护用品,2026-04-24
5070,001203,大中矿业,0.15,925339012.0,0.5195513923,6.9656,224794454.64,-6.96,160.1062,4.320613850503,3.39,0.184043047499,52.6326588995,冶钢原料,2026-04-24
5071,000966,长源电力,-0.0211,3329739104.65,-21.1719895787,-25.3391,-73566730.77,-129.4,61.8818,3.897940823236,-0.54,0.255856134695,4.155729429,电力,2026-04-24
5072,000963,华东医药,0.5224,10735787899.82,3.1215515248,2.951,914708484.7,6.06,-3.6924,13.716436544252,3.88,-0.474738948799,32.8731323354,化学制药,2026-04-24
5073,000958,电投产融,0.0859,3300263281.34,-3.54,-16.5963,1114023118.23,-20.12,-5.9042,3.758516331686,2.36,0.18501306142,38.70477881,电力,2026-04-24
5074,000955,欣龙控股,-0.0017,99465494.21,-7.4353574983,-23.2736,-937710.62,86.83,65.8541,1.202005659711,-0.14,-0.048058410814,9.0537381748,纺织制造,2026-04-24
5075,000950,重药控股,0.07,20612096609.18,5.0336293396,-1.2304,125235079.12,21.63,1456.5345,6.621659324762,1.1,-1.252491920244,7.2001956142,医药商业,2026-04-24
5076,000930,中粮科技,0.0218,4385440510.9,-7.3144975257,-11.0353,40531495.76,63.17,161.0805,5.685722017844,0.38,-0.137852512177,8.077021351,农产品加工,2026-04-24
5077,000915,华特达因,0.78,616291375.97,7.7808604597,-18.5343,182345987.39,8.13,21.4244,13.203507109853,6.07,0.231119925263,86.3140815824,化学制药,2026-04-24
5078,000906,浙商中拓,0.26,50729073986.36,13.7276081769,-7.2434,192427080.37,-21.19,2708.8058,6.9431917863,3.81,-4.60100779204,0.9704898694,物流,2026-04-24
5079,000878,云南铜业,0.2769,35395575283.7,12.2280346636,-22.8829,625800581.29,23.97,317.2093,7.475574238917,4.07,-0.785481060856,3.8665217766,工业金属,2026-04-24
5080,000852,石化机械,0.0062,1540729225.13,-7.8693003053,-35.6147,5846095.7,-76.9,-52.7415,3.24579324567,0.19,-0.241736132332,11.5010540859,专用设备,2026-04-24
5081,000833,粤桂股份,0.1457,682486240.63,10.9447445272,-11.9983,116858505.87,87.82,117.1699,4.578740300366,3.23,-0.090844541285,34.0129435101,综合Ⅱ,2026-04-24
5082,000815,美利云,0.02,87532964.84,-62.839288868,-51.2665,10956017.69,59.94,102.0344,1.911635072761,0.83,-0.176497667117,44.3027202733,IT服务Ⅱ,2026-04-24
5083,000812,陕西金叶,0.0209,361718776.79,9.630629156,-5.1285,16079050.27,-38.54,195.1926,2.37236350624,0.89,-0.195857567249,26.1952239336,包装印刷,2026-04-24
5084,000807,云铝股份,0.281,14411128212.2,26.8859667976,-5.593,974381072.23,-16.26,64.6633,8.452797655478,3.38,0.501755263992,9.956087483,工业金属,2026-04-24
5085,000798,中水渔业,-0.0439,846269021.73,-15.2833404143,-49.7633,-16057140.09,45.5665614377,86.6407,0.935584969451,-4.56,0.027566704493,5.971587141,渔业,2026-04-24
5086,000795,英洛华,0.0627,839743237.47,-6.1691226629,-26.4277,68823080.99,4.01,67.2137,2.430063850388,2.53,0.091172047528,20.0256415838,金属新材料,2026-04-24
5087,000762,西藏矿业,-0.0258,67741157.68,-54.1591607021,93.4469,-13439922.41,-156.77,66.794,5.683893726404,-0.45,0.021463478982,26.9034098976,能源金属,2026-04-24
5088,000751,锌业股份,0.0176,4078856485.02,24.2361246296,-0.9763,28481656.61,1996.62,67.1912,2.216890593267,0.8,0.068600677304,4.3082503024,工业金属,2026-04-24
5089,000729,燕京啤酒,0.0586,3826830012.83,6.687377306,110.1641,165275724.04,61.1,171.1141,5.24537555394,1.12,0.473002349613,42.7920812354,非白酒,2026-04-24
5090,000721,西安饮食,-0.0509,162891072.27,-10.742363976,5.9259,-29230129.08,2.35,25.7631,0.475980768282,-10.16,0.025067824411,1.5416601137,酒店餐饮,2026-04-24
5091,000717,中南股份,-0.0546,5670743298.42,-29.5531935797,-30.0638,-132408383.72,57.16,62.4953,3.208467745014,-1.69,0.15040519985,0.1509433972,普钢,2026-04-24
5092,000701,厦门信达,-0.0314,7011186233.26,-45.5810328776,-26.635,8056731.79,611.78,101.2011,-0.692631920787,-5.3,-0.492578650734,3.6542064411,贸易Ⅱ,2026-04-24
5093,000610,*ST西旅,-0.1365,94893362.33,-27.4012616844,-35.4285,-32318991.34,-7.32,81.372,0.863211782055,-14.66,-0.049204327265,-2.2513338631,旅游及景区,2026-04-24
5094,000601,韶能股份,0.0171,1108318283.99,15.8860685258,2.7791,18162933.38,-24.59,115.1199,3.746965235699,0.42,-0.12033789567,11.6668250518,电力,2026-04-24
5095,000581,威孚高科,0.36,2834349666.2,-2.3786842323,-3.916,354413869.98,-35.46,-7.2541,20.292697653146,1.77,-0.198423147378,17.6717936468,汽车零部件,2026-04-24
5096,000554,泰山石油,0.1102,801816873.86,-4.7618979844,4.3397,52965668.09,185.74,15.1005,2.272001150648,4.96,0.169121983659,17.6803795133,炼化及贸易,2026-04-24
5097,000530,冰山冷热,0.03,1159081329.86,4.0309417005,29.1546,29359869.1,2.9,51.6362,3.750247973208,0.93,-0.220978307097,14.8998796556,通用设备,2026-04-24
5098,000516,国际医学,-0.0471,997091245.37,-14.9909211853,-17.5419,-106353858.88,-1.37,-153.1058,1.57874764863,-2.94,0.107859681346,5.2091598207,医疗服务,2026-04-24
5099,000513,丽珠集团,0.71,3180547599.31,-1.9201503557,16.4722,636707931.59,4.75,63.9471,15.543660772811,4.55,0.795231588324,64.9590954199,化学制药,2026-04-24
5100,000151,中成股份,-0.058,281251801.06,-40.5273112986,-20.0837,-19578971.13,26.3,82.8786,1.006947974662,-4.79,-0.115456708236,19.9059043174,贸易Ⅱ,2026-04-24
5101,000089,深圳机场,0.0794,1254836853.81,11.2018698721,-1.5043,162864110.48,72.2,40.1953,5.61449683843,1.42,0.413787559712,24.4963945406,航空机场,2026-04-24
5102,920974,凯大催化,0.04,209602506.82,-26.2767325989,-30.3606,5838680.16,-41.24,13.3705,3.833467137668,0.91,0.239995304518,4.2181840543,化学制品,2026-04-23
5103,920914,远航精密,0.17,216176983.11,25.7690925944,-11.7746,16360474.58,36.71,-35.3796,9.2936812023,1.78,-0.797258658,15.4687393491,电池,2026-04-23
5104,920873,中设咨询,-0.07,10801350.54,-20.1940126763,-59.2386,-10911443.06,18.41,74.8442,1.98263064813,-3.52,-0.033360050286,-55.5316363244,工程咨询服务Ⅱ,2026-04-23
5105,920856,浩淼科技,0.1,98397174.73,197.5146856422,-66.8424,9017826.77,241.98,-59.1816,5.438406246908,1.97,0.507213807072,20.0793888993,专用设备,2026-04-23
5106,920580,科创新材,0.03,17022544.84,-8.1581210216,-58.5697,2248217.51,-48.89,31.9197,3.864371453837,0.68,-0.091586885814,31.0075923407,装修建材,2026-04-23
5107,920363,莱赛激光,0.0036,45691127.39,24.6419305667,4.9611,289726.11,-88.42,103.1064,4.369383608971,0.08,-0.054825046601,19.7337091139,通用设备,2026-04-23
5108,920351,华光源海,0.12,480737927.55,16.4526344888,0.9604,10653640.22,199.6,-5.396,5.215258712006,2.35,-1.253303288236,8.4147030392,物流,2026-04-23
5109,920271,邦德股份,0.24,113770277.69,32.3732755377,18.663,29062236.17,25.81,29.9733,4.938605057681,5.07,0.163658191037,40.9975644492,汽车零部件,2026-04-23
5110,920107,恒兴股份,0.6,201968411.82,-5.1598415982,-17.9751,37642639.93,-15.9709016666,93.791,9.879288831823,6.29,0.882630183596,36.9635494864,化学制品,2026-04-23
5111,920086,科马材料,0.38,72442608.0,18.4295241622,21.0423,23696678.18,40.6432601204,47.1504,9.278169668101,4.15,0.060144693276,48.6294553062,汽车零部件,2026-04-23
5112,920078,族兴新材,0.11,164318261.54,4.7717088502,-11.856,10776121.59,-18.2576578637,-23.6302,7.995252253711,1.38,-0.16538950299,18.3363768565,金属新材料,2026-04-23
5113,920069,普昂医疗,0.38,76325694.96,35.610335736,-12.0205,16142116.53,170.3738785478,-6.2333,12.450055074271,3.11,0.522662848915,50.6598028492,医疗器械,2026-04-23
5114,920047,诺思兰德,-0.03,16420451.13,1.8541956952,-7.0194,-7716806.44,37.0072408528,27.1025,1.179361084921,-2.36,-0.06899499553,65.2567345146,生物制品,2026-04-23
5115,920046,亿能电力,0.06,38816972.6,-11.7308452784,-16.0135,5856864.22,5.56,547.4282,2.482255479189,2.36,-0.025427875531,28.7463102159,电网设备,2026-04-23
5116,920012,创达新材,0.42,100241866.29,21.6771934247,-18.0356,15603408.17,37.4181919131,-12.8502,15.167538977942,2.82,0.385320118249,32.7784286806,半导体,2026-04-23
5117,900940,大名城B,0.0017,673997130.05,94.9127469187,87.3363,3872067.38,109.5723886308,100.1507,4.184830655148,0.04,-0.026301187524,16.9279957426,房地产开发,2026-04-23
5118,900937,华电B股,0.06,5156522446.07,-3.696143357,5.598,477014902.55,12.94,266.0799,0.534729928154,12.01,0.04117411334,23.6797561849,电力,2026-04-23
5119,874627,恒兴股份,0.6,201968411.82,-5.1598415982,-17.9751,37642639.93,-15.9709016666,93.791,9.879288831823,6.29,0.882630183596,36.9635494864,,2026-04-23
5120,832743,福能租赁,0.002,14943165.65,-4.7121276693,-0.9774,523027.07,119.64,-96.1215,0.497514750967,0.35,-0.001901174767,10.7016609295,,2026-04-23
5121,688778,厦钨新能,0.24,3023228481.15,-8.3533190758,-12.8243,122841377.93,4.84,-7.8237,21.065893522829,1.38,0.609382607643,10.0109304764,电池,2026-04-23
5122,688702,盛科通信,-0.04,223001866.94,-12.3002337689,-18.705,-15197734.73,-150.4240893434,-291.6349,5.67905638122,-0.65,0.224645315707,44.0530413211,半导体,2026-04-23
5123,688689,银河微电,0.05,218412648.12,12.1142711969,-19.3918,6100171.29,-64.77,-77.3555,9.268180653389,0.46,0.032382715624,23.9899666118,半导体,2026-04-23
5124,688670,金迪克,-0.14,3463816.51,-30.9741862901,-91.7338,-17581346.19,18.1895860227,56.0921,10.227252042289,-1.39,-0.34139652987,95.2432552497,生物制品,2026-04-23
5125,688639,华恒生物,0.2,687062042.25,37.1980026582,7.5371,51096095.71,-40.98,160.3597,10.477874496579,1.97,0.062953838874,24.3080378263,化学制品,2026-04-23
5126,688636,智明达,0.05,80687234.34,64.6918786342,-64.8061,8317788.48,174.8113542315,-70.9288,9.889700951899,0.75,0.568463214304,51.2684753894,军工电子Ⅱ,2026-04-23
5127,688620,安凯微,-0.06,101848794.28,-8.0983331731,-35.1062,-22102390.63,-350.3210102287,35.7259,3.617922159745,-1.55,-0.156041712474,17.1617816132,半导体,2026-04-23
5128,688581,安杰思,0.69,128599967.29,15.2728435147,-38.5801,56248260.62,6.57,-41.372,30.305429323139,2.32,0.093006761993,70.6813448988,医疗器械,2026-04-23
5129,688578,艾力斯,0.91,1098374566.26,47.8623797897,7.216,410497438.67,34.13,11.883,12.527102758978,7.43,0.872904335311,96.7419054438,化学制药,2026-04-23
5130,688569,铁科轨道,0.1,204534052.83,-38.5839444362,-50.8286,21728850.74,-60.46,-72.1452,13.624365598977,0.76,-0.152323136974,44.8140562668,轨交设备Ⅱ,2026-04-23
5131,688516,奥特维,0.42,1541182628.06,-21.5418894248,-32.6057,131782775.09,-57.56,31.6736,12.929487912124,3.4,-0.156887133455,26.9302233294,光伏设备,2026-04-23
5132,688389,普门科技,0.13,214951948.16,-29.694956816,-26.1957,53684704.39,-49.93,-38.9784,4.915562081542,2.58,-0.002107352747,64.9724771538,医疗器械,2026-04-23
5133,688381,帝奥微,0.0518,152782035.42,19.0631006504,31.4619,12395342.22,-22.82,118.9532,10.859875677172,0.46,0.043715618303,47.4478943161,半导体,2026-04-23
5134,688367,工大高科,0.0258,40223491.3,30.0837057352,-52.7805,2257844.83,61.7,-70.1804,6.808335489805,0.38,-0.097708971339,30.9024989832,轨交设备Ⅱ,2026-04-23
5135,688349,三一重能,-0.158,2187174000.0,26.5790888535,-74.9283,-191256000.0,-171.96,-116.9683,11.076652243893,-1.4,0.137889284733,6.4947279,风电设备,2026-04-23
5136,688327,云从科技,-0.12,37233234.47,-31.5609895839,-78.2484,-123934878.06,22.8631006877,33.7441,1.003745286065,-11.56,-0.015179001853,55.502848931,IT服务Ⅱ,2026-04-23
5137,688285,高铁电气,0.013,185873860.21,59.4152144615,-51.9217,4890765.67,5769.6516399595,-77.3482,4.387677115597,0.3,-0.36477814772,20.8719887327,轨交设备Ⅱ,2026-04-23
5138,688255,凯尔达,0.05,163658270.73,2.7665113206,55.0344,4980506.06,-59.41,152.2685,9.625258391789,0.47,0.105868286739,17.8878438892,自动化设备,2026-04-23
5139,688169,石头科技,1.04,3427990011.0,86.2198797953,-30.5808,267487451.0,-32.92,-46.9654,71.148714691675,2.06,-0.22837816731,45.4760493758,小家电,2026-04-23
5140,688120,华海清科,0.66,912498331.19,34.1418269148,-4.4189,233417322.55,15.47,-22.8895,28.420385674776,3.54,0.054564235794,46.3652785872,半导体,2026-04-23
5141,688105,诺唯赞,0.005,284980795.58,-5.5012975473,-27.2984,1909911.67,-63.39,105.2687,9.808564909363,0.05,-0.138326582164,69.4049296716,生物制品,2026-04-23
5142,688089,ST嘉必优,0.27,155965651.51,33.2806946335,-7.4088,44995913.27,85.07,11.5901,9.486869106915,2.86,0.195410198152,48.7564864659,化学制品,2026-04-23
5143,688083,中望软件,-0.28,125516674.99,4.5558402585,-66.5958,-47969790.03,-87.3007723976,-190.1755,21.673119726695,-1.81,-0.845557987017,93.7159295842,软件开发,2026-04-23
5144,688063,派能科技,-0.16,392199503.99,1.7168488806,-33.82,-38173223.19,-1054.23,-1121.5551,37.25118062519,-0.42,0.59997344824,14.2355583528,电池,2026-04-23
5145,688055,龙腾光电,-0.017,600969190.51,-35.1579162633,-22.4537,-57227841.69,2.6402958124,-157.6726,1.269240370543,-1.34,0.054214033145,6.3005177134,光学光电子,2026-04-23
5146,688050,爱博医疗,0.49,357183134.15,15.0705340418,6.6998,92558116.8,-10.05,30.7124,12.915343263194,3.77,0.398324941673,64.6010278786,医疗器械,2026-04-23
5147,688046,药康生物,0.07,170855596.98,8.7647668956,-3.5362,29980260.4,1.7,158.3294,5.272978862537,1.4,-0.065189282268,63.0545544684,医疗服务,2026-04-23
5148,688045,必易微,-0.19,123029499.17,-9.2784816318,-41.9127,-13132453.82,-4708.31,-509.3215,19.582570671506,-0.93,0.206925869925,29.1311389559,半导体,2026-04-23
5149,688017,绿的谐波,0.1135,98026541.57,19.6509081505,-12.0493,20248432.23,0.66,859.8596,18.806470436949,0.59,0.093607180145,34.0621703217,自动化设备,2026-04-23
5150,688004,博汇科技,-0.06,21893499.39,-25.8915729425,-65.0276,-4408486.36,41.0363008191,-21.7624,7.587002257017,-0.72,-0.326180460743,65.4585281444,IT服务Ⅱ,2026-04-23
5151,605567,春雪食品,0.06,594666085.42,12.475216742,-16.2418,11167600.26,286.8975939831,93.1883,5.4451807526,1.03,-0.22690414645,9.9528371032,食品加工,2026-04-23
5152,605086,龙高股份,0.14,72654939.54,8.8216373004,-18.64,25483775.05,2.99,-19.5598,7.011280657478,2.05,0.157467199888,57.8698926545,非金属材料Ⅱ,2026-04-23
5153,603939,益丰药房,0.37,6009043521.27,0.638432443,-12.1903,449493528.8,10.51,7.5148,9.042821871288,4.02,0.919144057633,39.6377667712,医药商业,2026-04-23
5154,603938,三孚股份,0.07,494367660.58,8.20652825,16.0328,27002805.04,157.98,103.8446,6.413032819015,1.11,-0.085666572833,15.5782798676,化学原料,2026-04-23
5155,603901,永创智能,0.09,890446622.73,7.0669340254,-17.6795,40679946.53,5.75,164.5115,4.869897425708,1.63,0.157968468628,25.6709656385,专用设备,2026-04-23
5156,603883,老百姓,0.33,5435220089.0,-1.8759325693,-11.2684,250636310.0,-21.98,325.6269,8.988114368975,3.74,1.05811277061,34.222184503,医药商业,2026-04-23
5157,603878,武进不锈,0.05,482599985.9,-33.895370111,-14.0647,30322807.09,-55.43,167.5576,4.646886544015,1.16,0.092667924515,16.2816683891,普钢,2026-04-23
5158,603826,坤彩科技,0.0364,257794790.51,1.1097479298,46.2372,23851357.03,17.48,194.4774,2.902732537775,1.26,-0.128771564042,32.5243307067,非金属材料Ⅱ,2026-04-23
5159,603786,科博达,0.4871,1481342988.28,4.5263562277,-18.9331,194875116.41,-6.04,24.2198,13.524835531183,3.16,0.377577686268,26.2743832495,汽车零部件,2026-04-23
5160,603773,沃格光电,-0.1078,547623711.32,4.2302272715,-5.2689,-24096895.59,-344.57,66.9634,5.547214323244,-1.93,0.200797336061,18.7314196883,光学光电子,2026-04-23
5161,603737,三棵树,0.14,2130374014.0,3.121130359,-28.0152,105150637.41,123.33,234.126,5.270763146765,3.84,0.207967316281,31.0461620008,装修建材,2026-04-23
5162,603659,璞泰来,0.23,3215084905.6,5.9586728504,-10.9002,487675831.0,9.64,1118.2614,8.832811163001,2.62,0.247962167553,32.1559085724,电池,2026-04-23
5163,603658,安图生物,0.47,995933663.32,-8.5624310437,-8.7277,269880235.57,-16.76,13.2631,15.534742846778,3.09,0.291094239478,65.0725802369,医疗器械,2026-04-23
5164,603626,科森科技,-0.169,691048480.64,-9.5910431648,-9.1105,-93385351.77,-31.5467134706,61.5476,3.893034055563,-4.23,-0.042299229064,4.8201407692,消费电子,2026-04-23
5165,603612,索通发展,0.49,3742131640.56,20.4982656782,-2.3104,244431405.03,675.6658735787,338.0423,10.649812363153,4.62,-1.591641657398,17.0337100021,非金属材料Ⅱ,2026-04-23
5166,603601,再升科技,0.0328,324475923.43,-4.5856129397,-14.5562,33559386.73,3.69,27344.5939,2.073825021038,1.54,0.069970882373,25.1048890127,专业工程,2026-04-23
5167,603590,康辰药业,0.28,212002399.05,6.4073837918,18.3795,44497393.8,6.83,162.8859,19.793813312966,1.41,-0.197746636492,90.136929717,生物制品,2026-04-23
5168,603589,口子窖,1.02,1810301544.24,2.4214802995,9.5073,610488315.44,3.59,77.1366,18.5414304505,5.64,-0.409560426083,76.2060328341,白酒Ⅱ,2026-04-23
5169,603585,苏利股份,0.19,647216071.94,33.3159521868,-2.3199,34132822.76,1194.5656130491,275.6934,12.952101616857,1.37,-0.237490906192,19.3443166244,农化制品,2026-04-23
5170,603558,健盛集团,0.17,560146032.98,2.1164082808,-13.838,60122262.38,-26.88,-2.6085,7.111504047578,2.4,0.556626055594,26.8385585738,纺织制造,2026-04-23
5171,603529,爱玛科技,0.72,6232389566.35,25.8167661348,50.4626,604708925.32,25.12,39.2211,10.68394151983,6.48,1.510445448,19.6251867074,摩托车及其他,2026-04-23
5172,603517,ST绝味,0.19,1500837030.62,-11.4738261756,20.8431,119981510.73,-27.29,156.7626,10.540789307049,1.89,0.567296023506,30.7965118124,休闲食品,2026-04-23
5173,603477,巨星农牧,0.25,1645357655.95,73.4451828342,-22.4946,129645889.86,193.91,-49.9565,6.21868138208,3.88,0.506490102166,17.5139104539,养殖业,2026-04-23
5174,603408,建霖家居,0.28,1191615608.65,3.3656820641,-3.136,123375661.95,0.46,44.5884,7.612673974838,3.69,0.162405594819,27.0835183928,家居用品,2026-04-23
5175,603390,通达电气,0.05,184896053.72,50.8474629931,-28.2786,18737573.6,59.21,110.4268,4.568100803134,1.17,-0.104630707318,28.0885592229,汽车零部件,2026-04-23
5176,603383,顶点软件,0.1,141966885.8,3.161933462,-41.6005,21324582.6,31.57,-77.0097,7.293811773287,1.43,-0.443187204823,69.0284753503,软件开发,2026-04-23
5177,603330,天洋新材,-0.01,218998876.1,-24.3913146529,-31.2476,-2537872.93,-146.52,98.6186,3.546694097888,-0.17,0.002761010505,24.2114518413,塑料,2026-04-23
5178,603309,维力医疗,0.2,348152134.38,12.6031361799,-22.4443,58923751.17,17.25,11.8806,6.638640787332,3.08,0.051192660682,44.7780621359,医疗器械,2026-04-23
5179,603299,苏盐井神,0.2066,1267762905.47,-8.681069002,-2.268,161516522.43,-28.8,42.2158,7.968930800098,2.63,0.064406560464,31.8461866977,化学原料,2026-04-23
5180,603293,埃泰克,0.4,745835038.16,,-32.8119,54078286.85,,-14.4059,,4.23,,18.0930513995,汽车零部件,2026-04-23
5181,603277,银都股份,0.47,613641961.46,-2.8109457216,-7.0178,199708047.97,21.36,223.4162,7.043836517808,6.91,-0.130175495492,46.1036721343,通用设备,2026-04-23
5182,603275,众辰科技,0.29,149925829.15,3.3215371848,-17.7409,43523535.87,-7.83,-19.1401,19.155288568803,1.54,0.180738697336,41.9207025676,自动化设备,2026-04-23
5183,603261,立航科技,-0.07,43772207.72,251.0122002864,-68.9739,-4929320.76,52.02,91.7811,9.181517137437,-0.68,-0.953885890908,16.9239027818,航空装备Ⅱ,2026-04-23
5184,603248,锡华科技,0.1,241168001.76,,-4.4082,34431982.45,,-9.0047,,2.88,,24.1735479892,风电设备,2026-04-23
5185,603228,景旺电子,0.39,3343333808.89,21.9036454498,-6.647,324822996.34,2.18,22.7565,12.337761881428,2.82,0.535564117376,20.7830505953,元件,2026-04-23
5186,603226,菲林格尔,-0.04,36777830.73,-28.307559317,-61.8136,-14995477.85,-25.0007493971,-13.2862,2.615468959127,-1.6,-0.122681224181,1.1648036371,家居用品,2026-04-23
5187,603216,梦天家居,0.04,218580119.46,0.5176701006,-31.73,9334138.54,41.37,-54.1153,8.034039638691,0.52,-0.377540710854,26.183761598,家居用品,2026-04-23
5188,603198,迎驾贡酒,1.04,2047364860.02,-12.3475290048,11.8586,828515590.72,-9.54,42.0906,13.340603486863,8.51,0.619745754938,76.4915084591,白酒Ⅱ,2026-04-23
5189,603193,润本股份,0.11,240031623.59,44.0046444131,-14.4766,44197373.22,24.6,12.5255,5.251325225236,2.1,-0.037073782168,57.6724434346,个护用品,2026-04-23
5190,603171,税友股份,0.06,448744016.74,23.7230019296,-32.1834,24745677.38,-24.5,837.4251,6.191293028242,0.99,-0.90968009492,60.9163892626,IT服务Ⅱ,2026-04-23
5191,603112,华翔股份,0.27,975491104.79,3.5476775493,-6.2222,132978099.51,25.81,2.7854,6.742929652189,4.0,-0.309700969827,23.9698209642,家电零部件Ⅱ,2026-04-23
5192,603087,甘李药业,0.53,984867402.61,75.7642823802,23.0559,311918723.02,224.9,190.4309,18.820124265702,2.78,0.264108191591,76.7572908146,生物制品,2026-04-23
5193,603060,国检集团,-0.038,493443030.95,7.5972829609,-48.866,-30562676.2,-11.81,-123.0899,2.469161994246,-1.48,-0.093560644554,25.0005644264,专业服务,2026-04-23
5194,603028,赛福天,0.004,349229456.18,24.799958611,62.1899,1070860.52,117.64,100.6633,1.783863898725,0.21,0.007501433354,4.690813292,通用设备,2026-04-23
5195,601997,贵阳银行,0.39,3028873000.0,-16.9114849382,-24.1659,1442931000.0,-6.82,20.9042,16.982484810724,2.33,8.29,,银行Ⅱ,2026-04-23
5196,601965,中国汽研,0.17,888291499.89,0.7266478376,-46.1938,172234131.9,6.29,-25.1595,7.219967073546,2.43,-0.176564079609,45.1398518752,专业服务,2026-04-23
5197,601838,成都银行,0.71,5816960000.0,3.1708813837,1.334,3011878000.0,5.64,-21.1588,19.500064306277,3.7,15.14,,银行Ⅱ,2026-04-23
5198,601825,沪农商行,0.37,6560097000.0,-7.4051234133,6.5384,3564170000.0,0.34,97.6835,12.947164734277,2.865,1.843008698051,,银行Ⅱ,2026-04-23
5199,601808,中海油服,0.1859,10797543330.0,6.4009544408,-26.2469,887188541.0,39.6,28.1601,9.369391628622,2.0,-0.479536251633,17.6357562253,油服工程,2026-04-23
5200,601665,齐鲁银行,0.26,3165053000.0,4.7240163056,5.1169,1371611000.0,16.47,-11.164,8.263627428838,3.13,1.704375238365,,银行Ⅱ,2026-04-23
5201,601636,旗滨集团,0.1752,3483985893.52,-9.6751409068,-13.9491,470087221.54,6.38,248.502,5.056128269803,3.46,0.006303614384,12.0215024047,玻璃玻纤,2026-04-23
5202,601595,上海电影,0.15,247533452.95,17.8959565564,89.5078,65271930.79,41.55,475.936,3.802265724431,3.9,-0.052330347747,32.9464796164,影视院线,2026-04-23
5203,601568,北元化工,0.02,2193222422.77,0.4970530383,-14.7593,87795031.18,442.29,1080.0688,2.953066462827,0.75,-0.10875670284,19.8651492127,化学原料,2026-04-23
5204,601208,东材科技,0.1,1134488921.38,23.2290447298,-7.37,91877310.2,81.16,266.5489,4.918798373397,2.03,-0.21190855845,16.3944672887,塑料,2026-04-23
5205,601101,昊华能源,0.19,2536386897.59,5.1264233557,10.5625,276543001.67,-38.8,434.3259,8.573630576826,2.28,0.488646512946,33.8198898325,煤炭开采,2026-04-23
5206,601009,南京银行,0.55,14190018000.0,6.5345459787,21.1266,6108485000.0,7.06,73.8284,14.592114973055,3.8,9.1,,银行Ⅱ,2026-04-23
5207,600928,西安银行,0.16,2038926000.0,8.1405358216,-23.3895,711993000.0,4.3017573261,12.7431,7.581865808187,2.12,0.676925167693,,银行Ⅱ,2026-04-23
5208,600926,杭州银行,0.94,9977642000.0,2.2227326598,0.9182,6021119000.0,17.3,93.4402,18.204884418012,5.15,7.49,,银行Ⅱ,2026-04-23
5209,600889,*ST京化,-0.06,182037607.07,71.1490521865,-64.2716,-31321712.37,3.9456337022,81.624,1.011848150414,-0.02,-0.272461593372,6.4840827233,通用设备,2026-04-23
5210,600863,华能蒙电,0.125,5448390303.47,-2.2124394112,-11.5299,921299737.91,-16.25,616.155,2.641739083532,4.59,0.215159207226,28.4510866037,电力,2026-04-23
5211,600771,广誉远,0.1299,417142535.52,21.4816944127,27.2162,63584343.46,53.94,1722.5231,3.336919791793,3.97,0.274184375361,67.2944108397,中药Ⅱ,2026-04-23
5212,600744,华银电力,0.04,2306792062.88,5.0569580747,5.5482,75674915.51,894.61,151.6474,0.562419683016,4.33,0.869537832622,11.1197161499,电力,2026-04-23
5213,600742,富维股份,0.1332,4758392413.82,5.6499230119,-13.3091,98997675.43,5.27,-8.1615,11.531627262939,1.16,0.297593527398,9.8492325095,汽车零部件,2026-04-23
5214,600726,华电能源,0.06,5156522446.07,-3.696143357,5.598,477014902.55,12.94,266.0799,0.534729928154,12.01,0.04117411334,23.6797561849,电力,2026-04-23
5215,600664,哈药股份,0.08,4174424028.39,0.7788946554,6.5063,212929359.73,20.48,76.6166,2.208735882475,3.9,-0.184463816226,26.6572624463,化学制药,2026-04-23
5216,600661,昂立教育,0.048,309117608.28,10.7819641437,16.9438,13320765.04,22.93,119.6953,0.242202818068,23.33,-0.291762218048,44.9600879042,教育,2026-04-23
5217,600640,国脉文化,0.0073,458061521.97,-10.2454484452,-37.0022,5835784.1,9.89,206.6673,4.99054468952,0.1471,-0.339211739675,15.6186852854,广告营销,2026-04-23
5218,600594,益佰制药,-0.012,501480776.32,-12.4274527979,8.9723,-9385719.46,86.2891743144,93.661,3.132070865372,-0.378,0.009503841047,60.1678772264,中药Ⅱ,2026-04-23
5219,600572,康恩贝,0.075,1684818379.1,-7.642984528,5.1594,189395824.61,-12.34,82.1824,2.715464084652,2.66,0.058299770316,54.8062226739,中药Ⅱ,2026-04-23
5220,600562,国睿科技,0.06,363312151.52,-35.3569743542,-74.3297,75310920.07,-34.81,-71.1969,4.9009000885,1.25,-0.162862166711,44.2789135422,军工电子Ⅱ,2026-04-23
5221,600559,老白干酒,0.17,1167789039.71,3.3572691711,-8.0452,152420206.84,11.91,-33.9915,5.972684226074,2.8,0.194482948432,68.579998264,白酒Ⅱ,2026-04-23
5222,600511,国药股份,0.6084,12713002292.38,4.8742186211,1.1464,459015386.52,-0.1,-11.533,23.309412682267,2.64,-2.509169246402,6.3145902138,医药商业,2026-04-23
5223,600483,福能股份,0.27,3097486250.8,0.313239556,-24.0427,751806063.16,42.83,-26.2944,9.370103871639,2.93,0.3909557808,34.0783763478,电力,2026-04-23
5224,600419,天润乳业,-0.2324,624515867.96,-2.5039815164,-3.7085,-73303603.52,-1713.36,-442.6988,7.24048513233,-3.08,0.148455580717,14.6276727729,饮料乳品,2026-04-23
5225,600415,小商品城,0.15,3161169989.24,17.9276317517,-38.3106,803324432.38,12.66,7.8569,3.886886096238,3.84,-0.050722053147,36.1795648261,一般零售,2026-04-23
5226,600366,宁波韵升,0.0339,1122096372.46,9.3573502007,-19.1474,37217563.44,8724.4699879152,43.4743,5.39848754321,0.63,-0.10729361707,12.4099763031,金属新材料,2026-04-23
5227,600338,西藏珠峰,0.1378,573157574.1,86.6746991666,24.7272,125985333.72,610.6014707562,1112.6239,4.176548810503,3.4,0.112938692189,53.7304174273,工业金属,2026-04-23
5228,600319,亚星化学,-0.12,198954956.86,5.6120666861,-21.2545,-46045120.88,-31.1192346991,-3715.8298,1.291691947699,-8.79,-0.180569849297,-1.1434406993,化学原料,2026-04-23
5229,600307,酒钢宏兴,-0.0709,6781676648.75,-17.3658303251,-25.3504,-444203857.21,14.4269015121,33.8144,1.139554854036,-6.05,-0.209623272874,8.1204392441,普钢,2026-04-23
5230,600287,苏豪时尚,0.0189,643204384.28,-19.3686782857,-31.2207,8266764.35,-28.08,199.7486,4.8639237848,0.39,0.190463564587,17.3503414836,贸易Ⅱ,2026-04-23
5231,600282,南钢股份,0.0938,14352960916.09,-14.9324778913,14.6444,578440790.24,4.42,14.0355,4.31620517104,2.2,0.122853274618,11.793518853,普钢,2026-04-23
5232,600276,恒瑞医药,0.3,7205611122.72,20.1428992029,-7.5647,1874055519.98,36.9,9.1502,7.365894770502,4.08,0.087031492491,85.169023166,化学制药,2026-04-23
5233,600236,桂冠电力,0.07,1945010441.48,-8.69641316,-13.3496,543364158.07,26.37,355.4979,2.146157101277,3.17,0.190633126976,46.7151680023,电力,2026-04-23
5234,600233,圆通速递,0.2486,17060291817.79,10.5841292936,-13.2376,856917870.2,-9.16,-20.8131,9.440439630895,2.67,0.293900903549,8.5266014353,物流,2026-04-23
5235,600201,生物股份,0.07,351572845.58,1.055311548,23.5101,76481084.9,-27.57,226.2986,4.733668779733,1.44,0.023401569216,54.5256488207,动物保健Ⅱ,2026-04-23
5236,600186,莲花控股,0.061,794029725.84,37.7727055464,11.5398,101000541.11,105.19,169.7449,0.987094064014,5.73,-0.179005141488,30.6687364598,调味发酵品Ⅱ,2026-04-23
5237,600182,S佳通,0.0696,1125696482.85,4.8032791084,-9.49,23656514.53,-48.92,31.9011,3.617407354176,1.94,0.104877210412,14.0290901292,汽车零部件,2026-04-23
5238,600136,ST明诚,0.0,135526544.4,1148.7578216993,-50.6119,5179382.23,796.2738948231,107.143,0.122231045084,2.1,-0.013236949614,18.9287142261,房地产服务,2026-04-23
5239,600116,三峡水利,-0.002,2271372253.8,-7.9218589155,2.3247,-4327463.14,-136.44,94.1126,5.770203983996,-0.04,0.064919564464,7.4326754348,电力,2026-04-23
5240,600110,诺德股份,-0.0219,1409357659.98,34.2947298976,-10.1149,-37672258.1,60.09,71.9288,3.307558741672,-0.66,0.075783494646,9.9329857108,电池,2026-04-23
5241,600106,重庆路桥,0.04,28161092.56,-0.2449788022,-0.6763,55409671.17,1318.96,76.8232,3.900106520723,0.36,0.021539845281,93.3888280576,铁路公路,2026-04-23
5242,600094,大名城,0.0017,673997130.05,94.9127469187,87.3363,3872067.38,109.5723886308,100.1507,4.184830655148,0.04,-0.026301187524,16.9279957426,房地产开发,2026-04-23
5243,600064,南京高科,0.4,1061048907.3,274.0938174008,129.3918,692136216.19,31.62,712.6168,11.146695447914,3.63,0.024981141512,20.807780341,房地产开发,2026-04-23
5244,600059,古越龙山,0.06,539408523.78,-4.9042949727,-16.429,59018665.07,-4.82,-16.7647,6.5322182017,1.0,-0.153535147464,37.1542616931,非白酒,2026-04-23
5245,600022,山东钢铁,-0.0085,18088462319.3,-20.7682686111,48.415,-90118916.92,85.8649569448,93.7557,1.747852242892,-0.46,0.166860885561,6.4973447492,普钢,2026-04-23
5246,301632,广东建科,-0.04,202302123.1,1.7009630405,-55.4275,-14070404.02,-34.32,-111.3455,6.385727196082,-0.7,-0.160849297515,38.6192854641,专业服务,2026-04-23
5247,301622,英思特,0.35,262708235.74,11.4171662182,-21.7311,40986312.52,109.05,3.1052,12.8880356248,2.75,0.80463172218,26.3822959279,金属新材料,2026-04-23
5248,301596,瑞迪智驱,0.305,138739203.58,6.1373336866,-19.8859,23536359.97,-4.68,-14.3612,15.50012507767,2.79,0.667088202033,29.7263921918,通用设备,2026-04-23
5249,301595,太力科技,0.24,268061295.01,6.9461097225,6.5015,19440080.81,-3.29,-5.7984,6.306517832902,4.78,-0.048390553257,54.4059123957,家居用品,2026-04-23
5250,301528,多浦乐,0.0971,38486755.18,125.4376899245,-43.3902,6011717.89,266.31,-74.9536,24.37009227916,0.4,0.083655796931,62.7799710238,通用设备,2026-04-23
5251,301520,万邦医药,0.18,71052156.02,-21.2040472407,-17.1756,11849289.05,-60.09,53.2263,22.464319975528,0.78,-0.253027282585,31.6229449444,医疗服务,2026-04-23
5252,301498,乖宝宠物,0.51,1479576725.69,34.8152113102,-5.9684,204162303.72,37.68,32.3146,10.855077398814,4.81,0.425412212716,41.5599231695,饲料,2026-04-23
5253,301491,汉桑科技,0.39,251359298.5,-13.3892110703,-14.8703,37631621.47,-15.18,-39.3894,11.430197551628,3.47,0.462054356899,31.4712831998,消费电子,2026-04-23
5254,301488,豪恩汽电,0.2002,386619422.95,35.4751446852,-15.6732,18418171.15,4.44,-40.3344,14.472269445109,1.38,0.5156866175,19.9163592435,汽车零部件,2026-04-23
5255,301371,敷尔佳,0.18,301066807.47,-26.3937318755,-45.3196,91384342.59,-39.77,-38.0058,14.381515053189,1.6,-0.165378806239,83.0309486192,化妆品,2026-04-23
5256,301360,荣旗科技,-0.14,32938599.01,6.909967705,-76.8269,-7394207.13,-48.96,-127.9324,21.76300073997,-0.63,-0.504678597113,40.8007080262,通用设备,2026-04-23
5257,301339,通行宝,0.0835,165316186.47,8.0580710413,-54.2995,47584665.47,5.64,11.7483,6.687795198008,1.73,-0.001542455222,54.6484755843,计算机设备,2026-04-23
5258,301315,威士顿,0.0652,43709870.95,-26.6585325778,-61.6681,5738783.32,-24.6,-73.6058,11.779873461136,0.56,-0.26215042375,31.414928371,软件开发,2026-04-23
5259,301303,真兰仪表,0.17,329309462.07,21.6226622619,-30.1304,70741965.13,10.54,-19.6916,8.142906902446,2.15,-0.240663917148,40.6992489033,通用设备,2026-04-23
5260,301302,华如科技,-0.26,37937262.82,2.1470365109,-60.4527,-39784059.82,-0.11,54.0891,10.773639404164,-2.33,-0.649861396593,29.6007392607,军工电子Ⅱ,2026-04-23
5261,301301,川宁生物,0.13,1296949550.16,-14.8546425711,-0.3911,288218532.72,-18.26,-11.1549,3.676601673629,3.58,0.052346728803,37.3332501284,化学制药,2026-04-23
5262,301292,海科新源,-0.05,1127023249.94,31.2686796752,6.0474,-11051095.06,82.01,79.3097,12.753769218778,-0.39,-1.136503746135,4.3740251989,电池,2026-04-23
5263,301279,金道科技,0.15,176457785.56,10.0527965147,18.4089,14659870.28,66.39,45.107,13.3072590584,1.11,-0.2073289539,18.6430936134,工程机械,2026-04-23
5264,301265,华新科技,0.04,141420083.9,85.5143057159,-27.9935,10923658.16,7433.39,61.5996,6.862242407184,0.51,-0.012650630708,22.5107601778,环境治理,2026-04-23
5265,301258,富士莱,0.2636,113084277.89,17.4398228697,-3.3313,23936842.19,313.65,834.3206,20.838757424348,1.26,-0.263438396858,17.9341899497,化学制药,2026-04-23
5266,301237,和顺科技,-0.1145,127332445.24,27.1438002036,-6.9448,-8918448.87,-805.43,63.8894,16.628520559875,-0.67,-0.0680456945,8.3017811447,塑料,2026-04-23
5267,301234,五洲医疗,0.0829,104080066.71,15.5928600148,-22.8085,5634479.34,-43.0,0.0,11.296042186324,0.74,0.173703244118,14.6205741897,医疗器械,2026-04-23
5268,301229,纽泰格,0.0576,239676934.17,3.1381866261,-11.9261,9109684.91,-60.03,27.5915,8.304356124911,0.93,0.076269002893,22.1517216306,汽车零部件,2026-04-23
5269,301228,实朴检测,-0.0674,94374726.28,23.7199829595,-30.1058,-8085944.74,50.23,71.1833,5.94193510175,-1.13,-0.12030664525,29.5506542899,专业服务,2026-04-23
5270,301218,华是科技,-0.02,136531113.31,241.853494039,-51.3255,-1954412.81,-65.86,-113.5522,8.225788455279,-0.21,-0.131047771221,7.6882625766,IT服务Ⅱ,2026-04-23
5271,301211,亨迪药业,0.02,114446404.92,-17.1033363655,2.3024,10326085.35,-72.38,-38.8476,8.058706341771,0.45,0.021031186667,22.1760797272,化学制药,2026-04-23
5272,301192,泰祥股份,0.08,101848410.55,2.3823226604,-7.7783,8237895.22,-13.2,527.072,6.001901013013,1.38,0.127383156356,24.0440306803,汽车零部件,2026-04-23
5273,301188,力诺药包,0.17,275983006.27,3.3777152728,10.407,40523819.58,63.36,1020.2114,6.309214160927,2.6,-0.065813013342,26.4696955502,医疗器械,2026-04-23
5274,301173,毓恬冠佳,0.3067,472461900.9,-8.8463180597,-42.8889,20205137.2,-60.43,-63.4786,15.855351120169,2.44,0.644331422412,16.5635894346,汽车零部件,2026-04-23
5275,301163,宏德股份,0.0355,194849272.45,48.845917286,11.402,2900243.28,-72.64,31.4105,13.665182628186,0.26,0.509584731373,11.5209955612,风电设备,2026-04-23
5276,301138,华研精机,0.1173,130101637.61,12.035578864,-49.6637,14081514.32,2.1,-70.2122,9.413007555583,1.25,-0.046358072917,40.1581540784,专用设备,2026-04-23
5277,301137,哈焊华通,0.03,371475921.9,17.7331556166,-22.9945,6150103.27,-2.71,-73.8621,7.500129252079,0.45,-0.128287293016,12.8326738503,通用设备,2026-04-23
5278,301129,瑞纳智能,-0.16,12069809.32,-58.3249425161,-96.3386,-21452213.93,-137.76,-118.5127,12.648493725493,-1.24,-0.191573225413,74.3037938067,通用设备,2026-04-23
5279,301113,雅艺科技,0.04,53847855.69,21.8301950047,-46.1419,2475001.98,6.3,-55.6181,10.311541321429,0.34,-0.267525306857,45.0583452007,家居用品,2026-04-23
5280,301109,军信股份,0.2255,767125792.16,54.2301475758,13.661,172854019.19,39.41,33.8089,13.790503536013,2.49,0.262769559134,49.5898102525,环境治理,2026-04-23
5281,301101,明月镜片,0.2349,197143516.3,2.6327635922,5.4159,47147755.44,11.7,18.5269,8.518961015641,2.78,0.031798485004,58.4206463046,文娱用品,2026-04-23
5282,301097,天益医疗,0.0827,98512592.7,1.648916899,-8.0853,4876118.66,-9.81,168.8081,20.257411876982,0.41,0.761725426825,33.251693801,医疗器械,2026-04-23
5283,301069,凯盛新材,0.0729,269395580.18,12.2775473183,16.1477,30670161.17,19.35,719.4627,3.585857024022,1.86,0.006794905186,29.69697254,化学原料,2026-04-23
5284,301052,果麦文化,-0.0199,123716474.09,33.1423645445,-34.6339,-1968826.01,78.52,-110.0469,7.202782274344,-33.0,-0.597153801421,44.6358109025,出版,2026-04-23
5285,301036,双乐股份,0.22,386612685.67,6.0530792191,-5.1552,21897192.99,17.6,-7.4441,16.5145879855,1.33,-0.6305994513,15.576471252,化学制品,2026-04-23
5286,301032,新柴股份,0.0633,734156086.8,2.770152634,39.6736,15264764.58,19.29,-52.8037,4.919797176957,1.3,-0.094730866068,9.6452994538,通用设备,2026-04-23
5287,301008,宏昌科技,0.1077,270430176.18,23.2197613393,-15.3901,11927018.52,-26.07,36.3986,9.80963838274,1.05,0.609398704672,14.6587533129,家电零部件Ⅱ,2026-04-23
5288,301003,江苏博云,0.33,149017752.79,5.2948635597,-10.5047,32171456.61,-2.5,-20.4762,12.478489419836,2.64,0.551306883636,32.5082857666,塑料,2026-04-23
5289,300971,博亚精工,0.02,69871763.22,-7.9114809818,-43.0644,1645509.63,-88.1,-78.4638,11.984133444524,0.16,-0.024993954524,40.2342791343,专用设备,2026-04-23
5290,300956,英力股份,0.02,446307930.18,22.9892939313,-23.7208,3148396.75,-12.96,-23.2966,7.732657447776,0.23,0.504154999706,10.2118273165,消费电子,2026-04-23
5291,300951,博硕科技,0.31,270175350.5,11.8786569779,-24.6577,52260993.8,-12.65,4.9336,13.956887764061,2.22,0.301443860458,35.6087562548,消费电子,2026-04-23
5292,300938,信测标准,0.1739,166102434.04,-8.0444484091,-4.3991,37147048.86,-9.48,12.4357,8.930266129602,2.87,0.155398016281,59.6194401078,专业服务,2026-04-23
5293,300936,中英科技,0.0019,41078674.93,-28.1939713352,-44.9787,143243.6,-98.2,-96.0554,13.492254651995,0.01,0.03849407859,17.2657796097,元件,2026-04-23
5294,300910,瑞丰新材,0.67,848971535.91,18.9119657355,-0.9167,194927905.01,27.59,-12.3518,12.173239386444,5.65,0.095105511539,35.4124693719,化学制品,2026-04-23
5295,300906,日月明,0.1698,23490362.98,-5.0338717417,-66.4008,13583662.42,-3.61,-57.0755,11.472128586,1.49,0.2472322065,64.4093145043,通用设备,2026-04-23
5296,300899,上海凯鑫,0.2913,73382892.89,134.743524886,2118.5952,18582878.68,280.2,311.9417,10.234177664789,2.89,-0.136382523019,39.2263171243,环境治理,2026-04-23
5297,300896,爱美客,1.47,663474487.0,-17.8957751884,2.0557,443739215.86,-15.87,19.2583,27.230504924681,5.53,1.100148913524,93.8513857127,医疗美容,2026-04-23
5298,300895,铜牛信息,-0.1519,50857291.25,0.3956702039,-52.9571,-21384249.91,-40.73,65.8045,5.820823734367,-2.58,-0.064205796142,-8.8336380283,IT服务Ⅱ,2026-04-23
5299,300876,蒙泰高新,-0.1154,116492386.7,17.5977339705,-22.2358,-11078243.92,-11.17,68.3762,7.579795372364,-1.36,-0.209215698748,4.9415190152,化学纤维,2026-04-23
5300,300873,海晨股份,0.2546,400825143.41,-0.3905502088,-0.832,57717463.44,0.99,-23.3366,13.368458571866,1.89,0.123155569281,24.0113386179,物流,2026-04-23
5301,300865,大宏立,0.0107,72391691.27,8.3578049168,3.6946,1023274.9,209.72,105.1218,8.993744190008,0.12,0.255567399352,27.1737280548,专用设备,2026-04-23
5302,300856,科思股份,0.1009,396565101.9,-44.2904298116,-5.2099,48012324.67,-78.15,-0.5962,8.052319805995,1.72,-0.034916668822,34.0385826169,化妆品,2026-04-23
5303,300852,四会富仕,0.2014,406243329.56,26.2285510096,8.2909,28692637.44,-38.08,63.8575,10.714078276035,1.77,0.151152405033,19.1916844627,元件,2026-04-23
5304,300847,中船汉光,0.09,293951068.0,7.7447487656,-5.3531,25995803.92,3.74,-9.8149,4.872113477247,1.82,0.044550088274,18.9556877541,计算机设备,2026-04-23
5305,300839,博汇股份,-0.2,535624949.84,-32.4164701042,-29.5092,-47623155.82,52.1,67.3599,1.371890806864,-12.59,-0.522755751142,1.7412565402,炼化及贸易,2026-04-23
5306,300824,北鼎股份,0.1029,212599444.16,33.4112789576,-14.0427,33372687.22,47.71,8.9652,2.260755141447,4.63,0.089818303658,49.870076142,小家电,2026-04-23
5307,300821,东岳硅材,0.03,1202001050.99,-15.6765986151,6.542,36819360.41,-19.72,215.6799,4.1239751343,0.75,0.052404166817,6.6480086057,化学制品,2026-04-23
5308,300811,铂科新材,0.26,383307552.69,14.39817305,-12.1094,73764112.29,3.13,-17.342,9.335081845978,3.01,0.410636111624,37.6790716923,金属新材料,2026-04-23
5309,300800,力合科技,0.05,152953387.08,-7.5097259234,-37.1498,11650691.76,-15.47,-36.315,8.589920870548,0.57,-0.611851248231,40.4369584818,环保设备Ⅱ,2026-04-23
5310,300777,中简科技,0.26,239073276.33,62.8888134724,-14.5687,113328694.38,91.29,-9.3066,10.166064828109,2.57,0.400152048838,67.230689723,航空装备Ⅱ,2026-04-23
5311,300767,震安科技,-0.0259,93037576.11,-15.2599330731,-5.635,-7148394.76,4.12,91.5097,5.905081448066,-0.44,0.260358127337,30.9533349686,橡胶,2026-04-23
5312,300752,隆利科技,0.14,340726804.3,15.1789262683,-10.0983,30609410.87,51.88,4.5173,5.280434288577,2.56,-0.038502375803,17.8032534143,光学光电子,2026-04-23
5313,300747,锐科激光,0.0302,715253855.17,-10.7222082029,-15.6821,16935137.5,-73.36,18.7171,5.795186906569,0.52,0.054714150707,18.8897554251,自动化设备,2026-04-23
5314,300733,西菱动力,0.0762,388382203.07,0.2899994123,-32.3216,21002575.35,107.58,55.9792,5.39398375291,1.54,-0.104180334666,17.2199352754,汽车零部件,2026-04-23
5315,300732,设研院,-0.03,356615417.17,10.0125686601,-33.5614,-10386292.37,69.88,85.8124,7.838360522681,-0.4,-0.107433807608,30.0358932068,工程咨询服务Ⅱ,2026-04-23
5316,300697,电工合金,0.1,713652300.26,29.6671081282,-6.0547,43057240.21,16.49,11.4365,3.572882333564,3.72,0.113849110216,10.5704575593,工业金属,2026-04-23
5317,300691,联合光电,-0.09,368810667.94,-3.535663055,-33.1241,-23986721.35,-1537.03,-956.7717,5.980752618208,-1.55,-0.013403291357,27.560792541,计算机设备,2026-04-23
5318,300673,佩蒂股份,0.09,329025683.09,-14.3967957237,-2.1267,22229211.17,-46.71,-18.9046,7.404259130356,1.12,-0.234060599798,28.6184981263,饲料,2026-04-23
5319,300631,久吾高科,0.1463,86434031.64,6.5333364376,-62.8517,17664537.67,25.94,-46.0058,10.170523140585,1.4,-0.165801039725,52.7507553042,环保设备Ⅱ,2026-04-23
5320,300620,光库科技,0.0435,265221230.78,65.5312545375,2.037,10844779.88,66.97,-2.9476,7.843372455301,0.56,-0.085462674584,26.9031398204,通信设备,2026-04-23
5321,300618,寒锐钴业,0.14,1501415027.53,14.5594311921,-15.112,42859610.49,39.77,24.3818,17.857016649585,0.78,0.593779238771,11.2004415233,能源金属,2026-04-23
5322,300607,拓斯达,0.01,362013982.44,-63.8258500925,-43.1263,3854789.64,-87.14,101.5161,5.872348969546,0.14,-0.032455083104,32.1148389536,自动化设备,2026-04-23
5323,300603,立昂技术,-0.05,177052881.17,24.7721520308,-32.3651,-22782769.8,5.95,-211.9856,3.100256265261,-1.57,-0.101655986251,8.8288856169,通信服务,2026-04-23
5324,300600,国瑞科技,-0.0155,56283548.54,5.2962912542,-41.8585,-4559899.44,-6575.57,68.2491,3.392795381731,-0.46,-0.084640714474,24.5868927226,航海装备Ⅱ,2026-04-23
5325,300595,欧普康视,0.1789,478212588.13,2.9457845802,24.983,160278200.05,-16.93,222.8023,5.416946412951,3.36,0.221027047023,75.863157789,医疗器械,2026-04-23
5326,300590,移为通信,0.02,156804967.82,-26.1228851491,-42.5903,9786310.16,-72.38,-60.325,4.070321964057,0.52,0.077424418291,43.3127963701,通信设备,2026-04-23
5327,300586,美联新材,0.0132,447664064.58,6.5413197802,-2.8637,9401423.2,-64.54,1421.0956,2.703130079865,0.49,-0.020508777856,11.9119305567,塑料,2026-04-23
5328,300580,贝斯特,0.1386,349592095.51,1.8879005833,11.0581,69398611.6,0.23,8.5495,6.32290487516,2.22,0.109262989429,34.1931441944,汽车零部件,2026-04-23
5329,300569,天能重工,0.0448,564442746.91,8.4524889945,-60.9669,45701337.64,5.51,117.0995,5.059534097553,0.86,-0.058208320645,21.9799985365,风电设备,2026-04-23
5330,300559,佳发教育,-0.0251,54868218.32,-51.8213248414,-40.2833,-10038806.38,-253.84,27.6142,3.016225084704,-0.83,-0.020891032391,44.2106915128,软件开发,2026-04-23
5331,300558,贝达药业,0.24,917554506.92,24.7057758553,67.6489,100089181.47,1.99,832.9015,13.246987145122,1.8,0.71098141819,81.2761205613,化学制药,2026-04-23
5332,300552,万集科技,-0.2404,189707844.36,19.2405139956,-37.8997,-51246759.89,35.36,65.5421,8.730880088449,-2.72,-0.208679985492,32.0451604229,计算机设备,2026-04-23
5333,300549,优德精密,0.0243,83328678.94,20.0245018299,-9.7205,3244283.38,965.61,175.4583,4.146398457327,0.59,-0.120054533748,25.9825694892,专用设备,2026-04-23
5334,300545,联得装备,0.24,366672324.58,5.0839804976,-6.4028,42798810.71,-6.42,-10.7733,10.853536081496,2.18,1.09849438917,29.6866436469,光学光电子,2026-04-23
5335,300532,今天国际,0.15,705373882.71,-8.2454449568,114.9802,69909924.4,-28.69,1248.8349,3.882323576978,4.05,-0.381071329133,21.6398467241,IT服务Ⅱ,2026-04-23
5336,300528,幸福蓝海,0.1893,332369230.1,40.398863323,196.7737,70530060.34,694.06,157.6389,1.61837368247,12.42,0.21053653537,39.4170580473,影视院线,2026-04-23
5337,300514,友讯达,0.044,134021454.86,-29.3005973775,-28.3233,8799040.67,-70.63,-77.4155,5.25156289965,0.84,-0.2742650719,38.0509200286,电网设备,2026-04-23
5338,300507,苏奥传感,0.04,563543493.82,131.8820099646,-30.0711,28299995.08,0.61,1.0874,2.625090555312,1.36,0.028642741518,15.9362562774,汽车零部件,2026-04-23
5339,300501,海顺新材,0.09,285732873.66,10.4585727031,-9.6074,17265695.26,-24.99,436.4124,8.278723969259,0.99,-0.295763260177,23.0041097575,包装印刷,2026-04-23
5340,300490,华自科技,-0.18,310363083.58,-59.8059564591,-30.6643,-71684475.33,-2217.45,71.5467,5.80598086239,-3.05,-0.087309287189,12.0007046877,电网设备,2026-04-23
5341,300487,蓝晓科技,0.38,576792352.46,-8.5788880848,-12.9101,193136181.95,14.18,1.216,7.765777688185,4.81,0.288604225855,50.7924221083,塑料,2026-04-23
5342,300482,万孚生物,0.39,800275782.51,-7.0627128091,-9.4145,189135410.14,-13.37,50.4745,11.706792495753,3.35,-0.309057317819,66.6735176999,医疗器械,2026-04-23
5343,300478,杭州高新,-0.0142,83907973.52,21.7529602946,-38.4379,-1804325.13,55.73,78.0173,0.52206149282,-2.69,0.050125637271,5.2469341653,塑料,2026-04-23
5344,300471,厚普股份,0.0157,140921487.57,183.8904143842,-53.7443,6332462.4,130.37,111.5602,2.849182635581,0.55,-0.024215472101,27.6578586148,专用设备,2026-04-23
5345,300470,中密控股,0.464,410489226.79,21.9934933034,-3.1065,94354626.21,13.84,-22.3568,13.348728971913,3.46,-0.022757699325,44.4267672616,通用设备,2026-04-23
5346,300466,赛摩智能,-0.0207,88078716.68,17.1265332755,-53.7396,-11080865.53,-29.68,83.4685,1.342816410209,-1.53,0.030379460805,41.5776050451,通用设备,2026-04-23
5347,300456,赛微电子,0.0036,264012302.74,-2.2361180704,-30.4298,2642119.76,122.66,105.0592,6.889545349619,0.05,0.128228583332,42.9425034263,半导体,2026-04-23
5348,300452,山河药辅,0.2,247871756.3,4.2842685305,4.0516,47176895.69,-5.3,1671.9775,3.912006869618,5.08,-0.027331514364,32.3607369421,化学制药,2026-04-23
5349,300416,苏试试验,0.0804,429358400.3,-2.9563108329,-30.692,40911815.04,-2.99,-50.7217,5.271029279458,1.54,-0.196546400654,40.4406947084,专业服务,2026-04-23
5350,300414,中光防雷,0.0086,85447053.03,12.718078161,-25.5698,2810525.62,-8.41,-34.487,3.018421489808,0.29,0.079145996669,24.1271695266,通信设备,2026-04-23
5351,300407,凯发电气,0.01,499511135.68,31.2677182312,-36.8275,2344607.61,-89.24,-91.4456,5.735194958387,0.13,-0.233440141339,23.0464181611,电网设备,2026-04-23
5352,300402,宝色股份,0.0774,421575377.71,-9.8046982034,6.7027,18863797.21,2.62,86.1554,6.01102868653,1.28,0.137157263961,20.2615493234,通用设备,2026-04-23
5353,300388,节能国祯,0.0996,701076749.74,-10.9975462705,-36.7132,67861665.63,-9.96,-37.3789,6.676318724573,1.5,-0.045111576451,31.8691395675,环境治理,2026-04-23
5354,300387,富邦科技,0.08,304877987.78,-3.4364664807,0.2082,23123042.02,-11.75,1313.3692,4.818520708257,1.67,-0.167289692306,25.3893134475,农化制品,2026-04-23
5355,300386,飞天诚信,0.05,182322188.05,23.5021285707,-12.6062,19224368.36,321.47,135.1504,3.55981382699,1.3,-0.056663024371,38.466251815,计算机设备,2026-04-23
5356,300364,中文在线,-0.1206,233066511.11,4.6695106852,-33.6125,-87936993.8,-28.45,-60.547,1.235780718048,-9.34,-0.086954080617,29.8094621785,数字媒体,2026-04-23
5357,300363,博腾股份,-0.01,801157840.81,18.2141181948,-9.6502,-4284210.42,95.48,94.7319,9.558017794998,-0.08,0.15699132213,26.3307017287,医疗服务,2026-04-23
5358,300358,楚天科技,-0.0145,1083171677.45,-22.1876017533,-34.69,-8556904.43,59.0,96.7759,7.084274719676,-0.21,-0.25026198892,29.7604193916,医疗器械,2026-04-23
5359,300355,蒙草生态,-0.01,209048602.81,28.1544422864,-78.3346,-16934199.15,42.22,-15.9036,2.636125432437,-0.4,-0.347905698878,31.8216567371,基础建设,2026-04-23
5360,300349,金卡智能,0.11,702006463.46,-2.3200491245,-15.8447,43705409.56,-55.83,-29.8433,10.704030081254,0.98,-0.799856595808,35.1695580982,通用设备,2026-04-23
5361,300342,天银机电,0.0206,183559237.1,-1.4318182066,-38.0539,8761181.63,131.76,-75.0579,3.717352461489,0.56,-0.170155481978,20.0186024907,家电零部件Ⅱ,2026-04-23
5362,300328,宜安科技,-0.0088,324894925.59,-14.6023480354,-30.5592,-6100968.14,-768.98,-321.5889,1.573461526561,-0.56,-0.040436252252,11.9729914585,工业金属,2026-04-23
5363,300327,中颖电子,0.0455,318978031.59,0.0485654504,-12.8069,15558590.57,-50.08,-64.769,5.15234210497,0.89,0.109959077942,32.0857255153,半导体,2026-04-23
5364,300326,ST凯利,0.0303,264814699.46,7.558604877,13.028,21756525.35,100.03,113.4606,3.832582414264,0.74,0.01187015914,50.1727449801,医疗器械,2026-04-23
5365,300324,旋极信息,-0.0342,474102368.74,1.4284160627,-64.8468,-59133665.48,-23.26,54.7272,1.662807650576,-2.04,-0.170075348593,12.9037994247,计算机设备,2026-04-23
5366,300321,同大股份,0.0326,93144786.64,9.262472639,-3.5997,2893090.09,111.12,194.4206,7.088281971059,0.46,-0.185566589865,15.5046266581,化学制品,2026-04-23
5367,300319,麦捷科技,0.0712,780702419.71,15.4370129666,2.0381,62347621.76,0.49,-32.2553,5.282383021,1.36,0.170628232487,16.4931338112,元件,2026-04-23
5368,300314,戴维医疗,0.0784,121163868.56,-21.9953156022,-2.3662,22567669.04,-40.78,473.3552,4.138471812118,1.91,-0.111943617639,57.127699365,医疗器械,2026-04-23
5369,300310,宜通世纪,-0.0122,608114432.73,-4.1469159961,-15.3165,-10771559.48,-398.84,80.2977,2.149284286946,-0.57,-0.131001416103,7.5721050154,通信服务,2026-04-23
5370,300306,远方信息,0.04,80413747.03,-6.1284753367,-41.7118,11280664.43,-14.12,-70.2954,5.748704086282,0.73,-0.065807567322,66.8100391342,通用设备,2026-04-23
5371,300305,裕兴股份,-0.1506,230816865.69,-15.4220392992,-6.8356,-56535086.84,1.54,70.7912,5.72855490845,-2.6,0.016108296607,-8.7971509878,塑料,2026-04-23
5372,300295,*ST三六五,-0.0107,22349109.67,-43.0482665351,-12.3335,-2030863.08,-131.1,97.3584,5.958724640455,-0.18,1.220525142554,75.3713524553,数字媒体,2026-04-23
5373,300292,吴通控股,0.03,1144575916.72,5.0160799704,5.4653,35095854.54,6.88,179.3586,1.054246699691,2.51,-0.07597336809,10.0498813691,通信服务,2026-04-23
5374,300286,安科瑞,0.25,243255239.93,0.5807386947,-1.7547,52176139.7,15.33,358.9903,10.32785832806,3.71,0.104637336204,47.5008152479,电网设备,2026-04-23
5375,300265,通光线缆,0.01,396250205.74,-12.984486848,-42.4683,5584851.52,-49.47,209.17,4.857143984361,0.25,-0.103651918938,19.347797182,电网设备,2026-04-23
5376,300263,隆华科技,0.05,638752377.52,-0.4640365829,-18.1585,44990130.72,-18.11,290.0678,3.465894244417,1.38,0.008514754788,21.8034511246,通用设备,2026-04-23
5377,300259,新天科技,0.0239,141321601.11,-13.1638612558,-52.3188,27207296.13,85.16,-64.2369,2.52458869572,0.98,0.007666604999,44.3257838632,通用设备,2026-04-23
5378,300253,卫宁健康,0.0024,344975742.42,-30.2363922203,-60.2986,5289433.21,-68.18,107.9257,2.679804870276,0.09,-0.011661869658,34.4607551146,软件开发,2026-04-23
5379,300240,飞力达,0.0016,1430963594.61,-7.1127853259,-11.484,599556.2,120.55,101.7632,3.883668326188,0.04,0.065243867129,7.1213530927,物流,2026-04-23
5380,300234,开尔新材,0.0259,51955541.35,-27.1351620889,-64.7178,13025173.02,17.37,182.589,2.292194676745,1.14,0.079633749705,28.8122026468,装修建材,2026-04-23
5381,300229,拓尔思,-0.0262,124967319.45,-29.8899030952,-20.8556,-22929808.7,-184.14,83.4539,4.695694439336,-0.56,0.048259260368,67.7688921333,软件开发,2026-04-23
5382,300221,银禧科技,0.0392,515415494.46,30.1828625811,-14.9422,17916229.23,687.67,45.7016,2.846633038472,1.32,-0.086090533395,18.8132835881,塑料,2026-04-23
5383,300210,森远股份,0.02,104864080.87,120.8583076278,-18.8187,8288527.21,151.71,171.2761,0.851767824363,2.03,-0.011266327557,36.6549438674,环保设备Ⅱ,2026-04-23
5384,300205,*ST天喻,-0.0935,45374318.71,-86.5037637899,-33.6802,-40189146.91,-947.89,86.3603,2.379466821995,-3.85,-0.107351645669,19.6820220642,通信设备,2026-04-23
5385,300179,四方达,0.0703,131267108.53,0.2643375526,4.1264,34161762.09,24.14,44.5338,2.597460612066,2.75,-0.107009322428,50.8769806526,通用设备,2026-04-23
5386,300175,朗源股份,-0.0083,53757200.35,-23.2763048091,-35.7127,-3878126.02,-154.92,42.5365,1.100805323237,-0.75,0.047757142247,11.913876166,农产品加工,2026-04-23
5387,300160,秀强股份,0.1088,449077836.92,13.7060386051,-1.0892,84130431.14,14.33,123.5324,3.375593315816,3.28,0.077798077632,30.7181923553,家电零部件Ⅱ,2026-04-23
5388,300148,天舟文化,0.03,74596640.29,52.4422693431,-65.9557,24256988.33,4635.85,104.8906,1.153875090485,2.55,-0.006151666317,43.1719785969,出版,2026-04-23
5389,300143,盈康生命,0.0404,409036863.19,-1.7283727541,23.3789,29992667.09,14.36,-8.7791,3.28641267494,1.23,0.09163989204,26.3096521963,医疗服务,2026-04-23
5390,300140,节能环境,0.091,1422400134.83,-0.1612791862,-11.1872,281885259.07,42.72,582.7523,4.460438806335,2.06,0.105645746962,40.8133926041,环境治理,2026-04-23
5391,300133,华策影视,0.05,585984559.73,231.9627367536,-44.0064,92113533.93,206.9,19.9049,3.801609660724,1.28,-0.036320194274,26.9930887945,影视院线,2026-04-23
5392,300129,泰胜风能,0.0482,794943478.3,21.0076220768,-57.8986,45103848.02,-17.47,37.9497,4.784660878885,1.01,-0.122629950166,13.935505232,风电设备,2026-04-23
5393,300126,锐奇股份,0.0,132576304.72,13.6578940419,13.4622,540917.29,40.56,114.9077,3.486841506184,0.05,-0.084702756733,12.0294746514,通用设备,2026-04-23
5394,300121,阳谷华泰,0.14,862305872.21,3.3958533512,-3.7341,62580970.58,-22.95,773.6287,7.808670265671,1.76,0.170981618024,18.482083767,橡胶,2026-04-23
5395,300115,长盈精密,0.13,4395138974.74,11.5538499448,-9.1303,174874009.78,-43.44,-1.3867,5.999454669429,2.17,0.108134817679,18.9565258864,消费电子,2026-04-23
5396,300112,万讯自控,-0.029,226397870.69,18.2738616744,-22.2972,-7555370.35,-45.37,90.8675,3.449449134052,-0.71,-0.083278642577,43.4308918455,通用设备,2026-04-23
5397,300106,西部牧业,-0.0464,187143844.02,-20.8672620299,-20.69,-9813367.88,-129.95,87.2916,1.952719426622,-2.35,0.025619013676,7.6775638842,饮料乳品,2026-04-23
5398,300102,乾照光电,0.03,775909988.88,39.4459932824,40.0747,27808052.83,592.52,-41.17,4.519978972783,0.67,0.13552353781,13.0698262741,光学光电子,2026-04-23
5399,300099,尤洛卡,0.018,88623984.32,1.8939516668,-54.9067,13258387.98,24.21,-65.2194,3.269485634556,0.55,0.108375599119,48.4302247742,专用设备,2026-04-23
5400,300093,金刚光伏,-0.5846,73072431.02,65.2056143262,64.4753,-126265357.49,-50.1,71.6007,-4.264414955,,-0.130998872546,-80.2685555979,光伏设备,2026-04-23
5401,300092,科新机电,0.1763,327674827.87,18.9635568867,100.051,48283708.61,1.42,84.4596,6.138327240441,2.91,-0.234807166676,29.7792204224,专用设备,2026-04-23
5402,300080,易成新能,-0.0224,1037060635.77,17.2082198456,28.4012,-41987446.77,31.26,81.709,2.711453167359,-0.82,-0.07904355696,7.5993017044,光伏设备,2026-04-23
5403,300079,数码视讯,0.0054,131296269.33,29.7080976996,-55.5494,7758628.51,12.44,272.1799,2.967719393769,0.18,-0.04607722307,58.6458306187,IT服务Ⅱ,2026-04-23
5404,300061,旗天科技,0.0043,125207052.17,-38.1009974095,11.6134,2830248.26,149.53,101.4575,0.84169368232,0.51,-0.422748003969,38.6066257549,广告营销,2026-04-23
5405,300058,蓝色光标,0.027,14257668988.64,-9.6570815761,-7.2606,95504844.03,16.01,123.0786,3.046520785219,1.25,-0.514237025843,3.3797014025,广告营销,2026-04-23
5406,300048,合康新能,0.0252,2240206481.04,220.5593944907,34.6351,28161848.15,155.29,5561.8635,1.551035969709,1.64,0.002944794836,9.0290379339,自动化设备,2026-04-23
5407,300046,台基股份,0.0722,74460221.43,-5.7964353074,-23.8231,17086682.61,188.76,153.3802,4.74669545635,1.53,-0.013015902825,28.9758754079,半导体,2026-04-23
5408,300034,钢研高纳,0.0704,937442859.56,17.3864459155,-5.3787,55054093.08,-41.9,300.0866,4.798444488721,1.46,-0.352834601736,24.2268624582,航空装备Ⅱ,2026-04-23
5409,300033,同花顺,0.16,748187189.04,20.9049902298,-59.6027,120393590.22,15.91,-89.7302,12.053409176023,1.5,0.58276007567,84.2978284979,软件开发,2026-04-23
5410,300022,吉峰科技,0.0088,704125399.75,10.5481339675,25.8955,4359256.68,66.49,164.7404,1.096372653283,0.81,0.138390218379,11.9197683537,专业连锁Ⅱ,2026-04-23
5411,300006,莱美药业,-0.013,198396229.11,9.5382660665,4.4447,-13775322.52,-201.0802436277,77.5601,1.762951159108,-0.74,-0.039783021831,56.8186299133,化学制药,2026-04-23
5412,300003,乐普医疗,0.2053,1736231253.08,-9.6667428857,31.7525,378539846.83,-21.44,168.1172,8.189402528486,2.46,0.222811746969,64.0251055174,医疗器械,2026-04-23
5413,003022,联泓新科,0.05,1538892201.49,3.4800021193,18.2677,71407226.9,38.83,27.2687,5.474808562731,0.98,0.023422287102,18.7705607573,光伏设备,2026-04-23
5414,003000,劲仔食品,0.1516,595400598.39,10.2749039956,-6.9552,67548178.2,-8.21,-11.8433,3.307147434216,4.64,-0.063668866201,29.9101272625,休闲食品,2026-04-23
5415,002979,雷赛智能,0.18,390486250.56,2.3567625094,-9.0014,55819501.95,2.25,-0.6491,5.027586654025,3.68,-0.01183578249,38.3566834313,自动化设备,2026-04-23
5416,002977,*ST天箭,0.1384,52624403.49,85.7584472822,4066.4742,16626980.77,138.4,88.5418,9.245810527806,1.51,0.035438893773,54.8174462737,军工电子Ⅱ,2026-04-23
5417,002926,华西证券,0.11,1085232701.75,67.59,-35.6985,301009773.68,138.26,-36.4767,9.084483808697,1.27,0.331113489478,,证券Ⅱ,2026-04-23
5418,002841,视源股份,0.23,5004599260.1,11.3476384099,-4.6529,161950768.05,-9.23,300.4564,18.495947006834,1.27,-0.65344636737,20.6559030353,消费电子,2026-04-23
5419,002812,恩捷股份,0.03,2728626155.64,17.2304381762,1.0984,25986601.51,-83.57,102.5991,25.352742439449,0.11,0.128211760396,17.1404782071,电池,2026-04-23
5420,002793,罗欣药业,0.0053,482726551.82,-29.9104849686,-37.0177,5651149.5,115.41,100.8072,1.282594496628,0.41,0.143965415868,46.1947587033,化学制药,2026-04-23
5421,002773,康弘药业,0.43,1198743422.58,9.6962735679,15.1127,400017678.69,7.09,83.9,9.843435927133,4.52,0.470803880288,89.5549638387,生物制品,2026-04-23
5422,002632,道明光学,0.0824,333962347.44,5.5939953631,-19.1871,51450680.97,13.28,98.2585,3.484932979521,2.39,0.105717085787,29.2681873029,塑料,2026-04-23
5423,002606,大连电瓷,0.05,223610720.63,30.5990693207,-51.0987,20225407.76,86.35,-63.6044,3.953480860573,1.17,-0.121806628835,33.8930974939,电网设备,2026-04-23
5424,002536,飞龙股份,0.2134,1109607225.31,-10.5451214382,-9.611,122639390.68,3.06,94.7266,6.01387465901,3.61,0.24042584344,25.3262974916,汽车零部件,2026-04-23
5425,002463,沪电股份,0.3969,4037627327.0,56.2527850262,-6.7658,762465400.0,48.11,3.1966,6.581725226613,6.22,0.739154960079,32.7549227527,元件,2026-04-23
5426,002383,合众思壮,0.0036,334366601.88,25.1709600368,14.111,2686723.23,108.07,101.6948,2.261413737788,0.16,0.009434202432,37.4295008821,军工电子Ⅱ,2026-04-23
5427,002331,皖通科技,-0.038,132068310.35,-10.519047512,-81.7269,-15584240.91,-82.77,-127.7138,4.154890484147,-0.91,-0.096215213962,22.6894909919,IT服务Ⅱ,2026-04-23
5428,002299,圣农发展,0.1193,4114656924.89,-2.3802109499,-14.6937,147553408.6,338.28,-56.7993,8.516505575286,1.4,0.448329668902,12.1698050166,养殖业,2026-04-23
5429,002293,罗莱生活,0.136,1093994770.04,0.570719749,-19.4438,113038129.53,26.31,-34.0139,5.159352382017,2.66,0.211554977991,45.9666540592,服装家纺,2026-04-23
5430,002281,光迅科技,0.19,2222328586.63,72.1391594293,-23.223,150186433.58,95.02,-23.8836,11.689672916578,1.63,-0.141832623924,25.6113693409,通信设备,2026-04-23
5431,002273,水晶光电,0.16,1482423331.04,10.1952662401,-5.4555,220855927.31,23.67,31.219,6.65674541576,2.42,0.152297837071,27.9485123719,光学光电子,2026-04-23
5432,002265,建设工业,0.03,694998627.35,-16.6474230532,-51.3421,34411335.34,49.39,-55.1626,3.541332812028,0.95,-0.473704055973,19.173953475,汽车零部件,2026-04-23
5433,002251,步步高,0.04,1155131570.3,24.0999280209,27.3288,119043768.94,488.44,114.7359,2.983777709705,1.5,0.048188797693,36.6447353095,一般零售,2026-04-23
5434,002233,塔牌集团,0.14,919633542.65,-7.4171316161,-31.7485,165056860.92,10.88,5.2387,10.182590881792,1.37,-0.056653850457,20.9236741415,水泥,2026-04-23
5435,002217,ST合力泰,0.0005,365598886.86,8.6310764108,18.0678,4084719.16,101.06,-99.8513,0.248682045628,0.22,-0.026065157779,15.4607739087,光学光电子,2026-04-23
5436,002165,红宝丽,0.03,653796156.72,9.4777863712,-20.8738,22000267.52,-23.68,77.3944,2.793673192363,1.08,0.041164347396,14.5142545753,化学制品,2026-04-23
5437,002056,横店东磁,0.2857,5222307561.29,23.3497271182,4.9265,458060019.95,29.65,-49.13,6.465362771046,4.45,0.162833379707,16.6049371768,光伏设备,2026-04-23
5438,001328,登康口腔,0.25,430348401.0,19.3560779123,-15.1437,43152551.59,15.64,-0.2062,8.698338110154,2.92,0.378375649141,55.5126822442,个护用品,2026-04-23
5439,001314,亿道信息,-0.01,547926842.2,14.4088625437,-38.0897,-1576319.32,80.85,-112.0529,14.569601143331,-0.08,-0.601185114422,17.0414747113,消费电子,2026-04-23
5440,001258,立新能源,-0.01,216785975.62,5.2312869236,37.9197,-9364062.16,-166.51,88.2037,3.10960798129,-0.32,0.040262364668,43.7576792035,电力,2026-04-23
5441,000989,九芝堂,0.1377,805671753.35,-25.3649805048,161.7184,116548482.4,-19.4,583.5594,4.521054986351,3.06,0.065028979089,60.0399309742,中药Ⅱ,2026-04-23
5442,000920,沃顿科技,0.094,363362796.94,8.4257435641,-38.3573,44447842.51,30.35,-4.4151,4.017323189291,2.34,-0.047434587275,37.6343352351,塑料,2026-04-23
5443,000885,城发环境,0.425,1536171952.63,13.1892467317,-18.805,272900492.2,22.42,-1.5672,13.632493065958,3.17,0.583193563205,39.5720636859,环境治理,2026-04-23
5444,000862,银星能源,0.0791,309106735.42,4.2389216502,-7.8742,72568751.3,58.54,170.0362,4.706040426379,1.69,0.131497394268,39.0101077371,电力,2026-04-23
5445,000767,晋控电力,-0.0148,4006421325.41,-13.2209866142,-16.4012,60722962.35,111.95,-82.0456,1.947957322659,-0.75,0.049004426011,11.5548648272,电力,2026-04-23
5446,000708,中信特钢,0.274,26839851272.3,-5.5891769105,4.4389,1383790825.91,1.76,7.3115,8.310104515386,3.32,-0.187495724655,13.818549419,特钢Ⅱ,2026-04-23
5447,000688,国城矿业,0.6699,1086391910.94,263.481302106,-1.6575,743090963.15,18279.65,471.5797,3.097251628155,22.1,-0.167343976255,40.1927837471,小金属,2026-04-23
5448,000558,天府文旅,0.0216,178881015.11,90.5428301414,-35.9503,27789207.83,4.98,277.1902,0.846261361369,2.58,-0.040405462155,42.1360909058,旅游及景区,2026-04-23
5449,000409,云鼎科技,0.0474,308557012.68,-20.546563387,-40.7719,31465415.62,-33.24,163.3558,2.279026011827,2.06,-0.347776972684,26.8625908483,IT服务Ⅱ,2026-04-23
5450,000088,盐田港,0.06,170955847.73,-14.0447653244,-5.2439,312837469.6,21.63,-9.3609,3.496973681998,1.74,0.006712078989,22.3699492809,航运港口,2026-04-23
5451,000049,德赛电池,0.1265,4368587670.56,6.6891593436,-25.9852,48661774.56,10.96,-74.6365,17.224801176759,0.74,1.538242374879,9.9679964112,电池,2026-04-23
5452,920950,迅安科技,0.17,54302751.07,7.3002219793,0.3946,12340660.97,6.13,-20.0456,5.163795924714,3.98,0.042252205892,40.9777197316,通用设备,2026-04-22
5453,920896,旺成科技,0.14,91913785.92,21.1655141144,-7.2894,13758285.9,81.44,0.4573,4.226935310752,3.27,0.042644907682,26.2816973735,汽车零部件,2026-04-22
5454,920261,一诺威,0.18,1750756166.43,9.0045269213,-2.1537,52379926.33,27.95,-18.5244,5.47469973426,3.35,-0.515321487365,7.1832945079,化学制品,2026-04-22
5455,920161,龙辰科技,0.25,160875429.3,46.5560614373,-14.5187,25321163.18,357.2274664955,-1.2899,6.457424164674,3.92,-0.140421460798,34.0905868775,塑料,2026-04-22
5456,920090,*ST同辉,-0.03,20138964.17,-87.1223932546,-20.1719,-5974458.18,-2776.13,86.1599,0.498065805191,-5.84,-0.04691269,9.9856609954,计算机设备,2026-04-22
5457,900932,陆家B股,0.1252,4217292183.25,40.6926128504,-45.5253,630643555.69,1.6,38.9297,5.003806411101,2.53,0.222121743969,53.3963343501,房地产开发,2026-04-22
5458,900926,宝信B,0.156,2538047248.93,-25.1562455242,-34.7192,444637060.93,-24.6,32.6509,4.173639133397,3.8,0.167785954925,34.7908519478,IT服务Ⅱ,2026-04-22
5459,900925,机电B股,0.2,4211876532.3,-2.3025362371,-15.7194,203536313.86,-4.13,-2.5855,13.611251582461,1.47,-0.126242762784,15.8372311518,专用设备,2026-04-22
5460,874586,方意股份,0.28,60167053.35,,-48.6309,10567438.57,,-51.5668,,,0.374629218085,36.9029862254,,2026-04-22
5461,688758,赛分科技,0.0593,83587089.19,8.8703348371,-13.7632,23712621.06,-1.02,-22.6899,3.069356795603,1.96,0.000950956337,74.142577437,化学制药,2026-04-22
5462,688719,爱科赛博,-0.18,127367672.97,-6.7181242296,-62.6363,-20406480.04,-481.93,-162.1599,14.624115321574,-1.17,-0.213311109555,28.1838438066,其他电源设备Ⅱ,2026-04-22
5463,688619,罗普特,-0.14,20492316.64,-13.9977852816,-33.9123,-24620869.59,-16.7301327681,74.6368,4.678942265741,-2.8,0.066427918172,16.9753537929,计算机设备,2026-04-22
5464,688552,航天南湖,0.17,358044747.16,1201.5750212886,172.0265,56599655.95,450.48,389.0158,7.749856797372,2.19,0.242690146776,27.5484489418,军工电子Ⅱ,2026-04-22
5465,688513,苑东生物,0.34,305640342.42,-2.9682669958,-1.3485,60590351.64,-19.22,185.6612,15.651312331612,2.22,0.27733061866,79.1548106982,化学制药,2026-04-22
5466,688378,奥来德,0.1223,153115871.76,-40.7065286591,121.8254,25435986.68,-73.23,335.1207,8.346895223813,1.46,0.127812589904,47.1572595774,光学光电子,2026-04-22
5467,688359,三孚新科,0.06,125285768.93,-32.6662233603,-34.5167,5406609.89,-64.54,23.6516,6.582123872265,0.99,0.310688938819,45.6554945773,电子化学品Ⅱ,2026-04-22
5468,688309,恒誉科技,0.1034,61434255.54,274.693136737,-32.1201,8270444.73,150.38,-52.7482,9.340603816241,1.11,-0.21184738865,33.5394403967,环保设备Ⅱ,2026-04-22
5469,688276,百克生物,0.0,162290516.78,-39.956545646,-20.0822,1064275.78,-98.24,108.6696,10.189998639479,0.03,-0.166334122503,85.2660104765,生物制品,2026-04-22
5470,688267,中触媒,0.23,199025698.64,0.0540009744,38.6889,40712852.31,16.1,27.7737,15.747739679852,1.48,0.139046607662,45.9153228425,化学制品,2026-04-22
5471,688230,芯导科技,0.2,74262850.66,8.1022140926,-24.8109,24071129.24,-1.62,-17.0406,19.463129401956,1.06,-0.048373658418,33.8687654412,半导体,2026-04-22
5472,688198,佰仁医疗,0.24,100139512.37,31.3043334157,-52.2133,32504318.17,290.69,-62.9102,9.368052036161,2.57,0.068252363541,85.7189533466,医疗器械,2026-04-22
5473,688186,广大特材,0.35,1121860926.41,25.7472463385,7.4773,74250156.59,1488.76,110.1887,15.174237584846,2.06,-1.160045263718,19.333874667,特钢Ⅱ,2026-04-22
5474,688097,博众精工,-0.069,737030758.91,-0.7974886988,-56.126,-30977914.78,-45.5917691871,-121.4306,9.90378626856,-0.7,0.107487451885,31.9005343885,自动化设备,2026-04-22
5475,688080,映翰通,0.3016,149543245.52,40.8568752173,-26.5084,22271875.26,36.72,-52.1237,14.439936076747,2.11,-0.279588560567,49.8236864199,通信设备,2026-04-22
5476,605368,蓝天燃气,0.18,1396134744.29,-11.734036843,18.9196,132017273.89,-34.86,154.7514,5.184332373248,3.58,0.049182607125,17.1054872165,燃气Ⅱ,2026-04-22
5477,605003,众望布艺,0.21,123343206.29,7.1236123926,-25.4241,22986428.0,-2.04,79.8092,13.241716444636,1.59,0.303989941273,30.6786035795,服装家纺,2026-04-22
5478,605001,威奥股份,0.04,401672004.28,27.1918901458,-45.3274,16510373.22,232.2972364776,-62.3997,6.916107513426,0.61,-0.354501890218,25.5912420046,轨交设备Ⅱ,2026-04-22
5479,603897,长城科技,0.27,3091172370.62,17.3434910737,-11.1256,54928925.89,-2.32,16.312,12.66089470095,2.12,1.556510937177,3.828785011,电网设备,2026-04-22
5480,603893,瑞芯微,0.5,884962635.69,62.9532060418,-9.3985,209479446.98,209.65,-13.8488,8.979785389673,5.74,0.743733255638,40.9463414743,半导体,2026-04-22
5481,603889,新澳股份,0.14,1102914826.44,0.2913937184,13.7719,101210584.21,5.37,73.8529,4.817230257172,2.92,-0.195569738638,20.7770241461,纺织制造,2026-04-22
5482,603856,东宏股份,0.16,521479604.92,-19.0805285851,62.6509,42830431.58,-17.78,5849.3036,9.340219386352,1.72,0.420877951922,20.9517318912,装修建材,2026-04-22
5483,603848,好太太,0.08,258862459.11,-11.3677823983,-46.9577,33477845.01,-39.73,-42.3314,6.128185300864,1.36,-0.192770863765,47.923728418,家居用品,2026-04-22
5484,603686,福龙马,0.15,1164229476.95,-1.7488110719,-6.7777,63490270.99,-2.37,111.2493,8.201864555826,1.88,0.076385766989,22.5151423933,环境治理,2026-04-22
5485,603638,艾迪精密,0.12,770318916.82,21.8820669933,12.1884,102057101.42,15.62,60.599,4.027623015173,2.95,0.091762028107,26.2511336545,工程机械,2026-04-22
5486,603618,杭电股份,0.03,1982073484.99,19.4262345523,-17.7027,21276190.8,-16.23,26.5761,4.435088234006,0.73,-0.286622605924,12.5526507289,电网设备,2026-04-22
5487,603606,东方电缆,0.41,2147003640.02,63.8340861515,-10.3082,280908027.01,6.66,269.4198,10.607302228776,4.01,-0.627762502917,20.3867051556,电网设备,2026-04-22
5488,603605,珀莱雅,0.99,2359334894.91,8.1311808327,-38.1138,390281697.93,28.87,-29.3974,14.50090519121,6.97,1.704717884378,72.776000476,化妆品,2026-04-22
5489,603406,天富龙,0.34,817610863.71,-1.3909155437,-22.3233,121202409.95,2.51,-5.8219,9.981913556389,3.43,0.029553790861,20.5558956564,化学纤维,2026-04-22
5490,603380,易德龙,0.26,549139988.6,21.6758672902,-9.8291,41769816.78,34.19,-7.8825,9.640642008786,2.74,-0.000688444863,23.7660420365,消费电子,2026-04-22
5491,603209,兴通股份,0.26,382339548.48,-0.8428344517,8.4358,73769295.75,-4.75,1.8126,9.383587927179,2.85,0.257090687,31.9482393871,航运港口,2026-04-22
5492,603186,华正新材,0.13,1029975937.09,20.4946821595,-1.0588,18400541.91,1953.5110519393,120.2682,10.021406642974,1.26,-1.505550685999,12.5917562857,元件,2026-04-22
5493,603181,皇马科技,0.18,603406130.58,13.4713405972,-1.2088,101769625.03,15.77,-9.2956,5.462068548667,3.22,0.069569608901,26.6838857877,化学制品,2026-04-22
5494,603086,先达股份,0.05,542770467.01,10.7774186127,3.0962,21693027.15,257.63,167.652,4.577416320072,1.1,-0.094641157823,17.7798192248,农化制品,2026-04-22
5495,601899,紫金矿业,0.383,78928282916.0,5.5520849254,7.7615,10166777095.0,62.39,32.1537,5.430353908593,7.12,0.471383834705,22.8859705135,工业金属,2026-04-22
5496,601061,中信金属,0.1165,28248544221.59,5.2807069453,-19.5962,570866311.58,268.89,9.4885,4.590050488841,2.57,-0.568309534792,2.0078929283,贸易Ⅱ,2026-04-22
5497,600925,苏能股份,0.0293,3150508859.0,-3.9893874506,-16.2081,201672209.12,-54.72,51.3645,2.34794474354,1.26,0.085292185249,25.9155689916,煤炭开采,2026-04-22
5498,600873,梅花生物,0.36,6268563075.46,-3.3607524387,-1.8774,1018706366.46,35.52,36.7197,5.416265872883,6.78,0.158885606475,24.601229904,化学制品,2026-04-22
5499,600869,远东股份,0.0207,4873834983.97,1.3015001708,-38.0859,45934490.62,84.65,120.9988,1.945052930085,1.07,0.056904578268,10.6912948615,电网设备,2026-04-22
5500,600845,宝信软件,0.156,2538047248.93,-25.1562455242,-34.7192,444637060.93,-24.6,32.6509,4.173639133397,3.8,0.167785954925,34.7908519478,IT服务Ⅱ,2026-04-22
5501,600835,上海机电,0.2,4211876532.3,-2.3025362371,-15.7194,203536313.86,-4.13,-2.5855,13.611251582461,1.47,-0.126242762784,15.8372311518,专用设备,2026-04-22
5502,600792,云煤能源,-0.08,1280558905.85,-31.3114899352,-16.4239,-91587401.69,25.4657240303,73.9258,2.642775001369,-3.07,0.104290561927,-1.7321416866,焦炭Ⅱ,2026-04-22
5503,600663,陆家嘴,0.1252,4217292183.25,40.6926128504,-45.5253,630643555.69,1.6,38.9297,5.003806411101,2.53,0.222121743969,53.3963343501,房地产开发,2026-04-22
5504,600660,福耀玻璃,0.78,9910012731.0,12.1592212373,-9.3995,2029740416.0,46.25,0.5224,14.457182073782,5.53,0.769269094217,35.4032635299,汽车零部件,2026-04-22
5505,600638,新黄浦,0.115,278260779.3,28.0702958707,-83.9863,77585732.56,2123.13,200.349,6.793133538552,1.71,0.199595723598,30.1470920847,房地产开发,2026-04-22
5506,600595,中孚实业,0.06,5021367993.85,-3.1031795252,-16.7031,230337886.13,426.79,1076.2532,3.920637388997,1.56,-0.062379627712,8.5644241053,工业金属,2026-04-22
5507,600573,惠泉啤酒,0.025,141310187.56,0.3510082438,152.3089,6316959.72,23.72,142.559,5.21564677012,0.49,0.15930010816,32.0457920706,非白酒,2026-04-22
5508,600509,天富能源,0.1314,2209985671.99,-3.1220390287,-12.5093,180556105.46,22.75,164.6281,5.53716358642,2.39,-0.044144307157,23.0906948981,电力,2026-04-22
5509,600493,凤竹纺织,0.0104,193328582.57,-7.1865958188,-4.116,2824058.08,62.18,130.0282,4.143045795515,0.2509,0.250568808566,13.2197899919,纺织制造,2026-04-22
5510,600388,龙净环保,0.15,1965872850.55,-13.6879387295,-41.5815,185120664.3,-6.95,1.1816,8.169528315886,1.8,-0.107653009503,25.4925388659,环保设备Ⅱ,2026-04-22
5511,600346,恒力石化,0.29,57045995567.29,-2.3383983524,-2.5588,2050935369.1,-4.13,5.7757,9.277516704767,3.19,1.100356348169,10.5738104908,炼化及贸易,2026-04-22
5512,600312,平高电气,0.2641,2510326371.56,22.8234671307,-44.4146,358396418.11,55.94,115.6827,7.986195453115,3.36,-0.403620814396,28.7411530124,电网设备,2026-04-22
5513,600301,华锡有色,0.243,1244632632.93,20.1565926053,2.3984,153440541.57,12.07,30.749,6.559716481078,3.76,-0.009753259952,34.9830964455,小金属,2026-04-22
5514,600118,中国卫星,-0.02,441747594.34,33.5827757578,-87.3135,-24109516.43,-12.9981212282,-156.5227,5.344177622858,-0.38,-0.191263152232,16.0211863804,航天装备Ⅱ,2026-04-22
5515,600050,中国联通,0.083,103353771882.0,3.8769589422,3.9084,2605653080.0,6.5,276.7163,5.355866644809,1.54,0.250962011326,25.1124238365,通信服务,2026-04-22
5516,301678,新恒汇,0.29,240616237.66,24.7050144644,-3.5328,51316468.14,-2.26,2.1713,7.077645603022,4.12,0.232948872801,32.5287080918,半导体,2026-04-22
5517,301629,矽电股份,0.37,92366957.65,-0.5073105446,-35.991,11504343.53,-17.86,-57.5683,28.566613873698,1.59,-0.043141468096,35.3400754128,半导体,2026-04-22
5518,301469,恒达新材,0.15,242489604.89,-4.3622772525,-6.7752,13232229.74,-20.7,-13.6239,15.335465324877,0.97,-0.450041749553,13.5793077625,造纸,2026-04-22
5519,301319,唯特偶,0.1765,309450240.06,43.1707711985,-13.2777,21762210.56,0.7,33.5949,13.718070187232,1.88,0.21150880804,16.2588095166,电子化学品Ⅱ,2026-04-22
5520,301287,康力源,0.28,138930993.19,-15.6503174409,-35.4795,18741457.25,7.96,-51.1971,17.484376506075,1.62,0.225231438578,33.9555316685,文娱用品,2026-04-22
5521,301099,雅创电子,0.07,1355126170.17,121.0475489107,0.9824,9217825.88,-49.24,-56.994,12.522366300228,0.74,-0.130574538647,13.3481414072,其他电子Ⅱ,2026-04-22
5522,300970,华绿生物,0.01,270596190.27,5.3291764111,-8.781,1544654.24,-11.2,112.3813,12.448657097113,0.1,0.324930147318,7.3959893005,种植业,2026-04-22
5523,300890,翔丰华,-0.0685,306023520.37,-8.0777037843,-10.7232,-8150934.09,-163.61,-18.9181,17.001838877669,-0.38,-0.869291982006,14.930982496,电池,2026-04-22
5524,300888,稳健医疗,0.43,2605313851.05,36.4740841733,-10.4029,248565301.08,36.26,74.5397,19.596885797146,2.13,-0.395518946078,48.4578873613,个护用品,2026-04-22
5525,300883,龙利得,0.0051,205452554.21,21.2127829711,-16.236,1752422.81,-66.12,119.5717,4.108641312832,0.12,-0.01017874474,13.5600734861,包装印刷,2026-04-22
5526,300858,科拓生物,0.08,77612862.67,31.4902055185,-7.6898,20329624.63,9.79,-12.2405,6.871629840444,1.13,-0.002010346431,50.3318455809,化学制品,2026-04-22
5527,300796,贝斯美,0.07,422528336.57,19.3510805765,18.4204,25981547.72,29.1,173.8957,4.800904474476,1.51,-0.025238302253,19.9575159845,农化制品,2026-04-22
5528,300725,药石科技,0.18,455018107.75,20.547233502,-18.8521,35790750.96,-27.67,-59.2124,14.508992330379,1.19,1.263415378943,30.3362322046,医疗服务,2026-04-22
5529,300710,万隆光电,-0.0377,57626931.3,-33.4913242517,-30.9582,-3746501.37,-159.68,98.2381,4.72884877571,-0.8,0.218760974286,29.5666200258,通信设备,2026-04-22
5530,300698,万马科技,0.0374,149600035.62,78.2362075407,-14.7085,5009861.27,237.89,-50.3139,3.635470520672,1.03,-0.00177065403,33.5992040922,通信设备,2026-04-22
5531,300694,蠡湖股份,0.03,315599789.01,-20.2480045271,-11.6684,6956950.87,-70.34,-47.3696,6.45979167639,0.5,0.290639306765,14.7631220877,汽车零部件,2026-04-22
5532,300667,必创科技,-0.07,113904072.39,-27.4932693751,-54.326,-14694388.29,-315.04,89.368,5.488519067113,-1.3,-0.269379887919,34.0454193308,通用设备,2026-04-22
5533,300628,亿联网络,0.4447,1205153306.39,3.5695947754,-20.2726,562063844.36,-1.15,-3.628,7.524621375396,6.09,0.349451641784,64.5372284867,通信设备,2026-04-22
5534,300623,捷捷微电,0.13,699917825.51,34.7176205064,-16.5451,111762739.89,21.55,-20.4036,7.116934576581,1.91,0.171983987766,39.9336373704,半导体,2026-04-22
5535,300601,康泰生物,0.02,645202778.57,42.8516096897,1.8451,22434088.56,-58.51,115.0118,8.212255414919,0.23,-0.041456049687,73.4559247529,生物制品,2026-04-22
5536,300578,会畅科技,0.033,112024963.93,12.2773304266,0.0835,6592486.48,-58.36,1.6628,5.978788965124,0.56,0.049062354447,35.6697316725,通信服务,2026-04-22
5537,300553,集智股份,0.1,78639277.64,54.886441832,-24.4808,8426341.56,196.74,53.8523,9.677189290605,1.18,0.197862713696,37.491591511,通用设备,2026-04-22
5538,300546,雄帝科技,-0.06,58222289.39,-19.6349907528,-74.9155,-10476256.22,-361.74,-156.9163,5.864368023823,-0.96,-0.213778539483,42.3596683992,计算机设备,2026-04-22
5539,300508,维宏股份,0.1194,118222815.93,8.6231527478,-1.555,13115579.33,-15.08,6.2052,7.195903455348,1.68,0.061915193472,53.7646831028,计算机设备,2026-04-22
5540,300498,温氏股份,0.3042,24455949081.37,11.9390782532,-17.5353,2013234686.34,261.92,-29.0794,6.351272157821,4.79,0.553427528087,14.4081924674,养殖业,2026-04-22
5541,300458,全志科技,0.11,619857313.18,51.3640277482,2.8634,91552036.22,86.51,481.1177,4.888352435431,3.01,0.121803543864,32.5273758142,半导体,2026-04-22
5542,300437,清水源,-0.0202,204511043.25,-28.4534010947,-20.1205,-5173961.26,-252.05,-38.2405,5.640136507577,-0.36,-0.056784163978,10.9202237029,环境治理,2026-04-22
5543,300398,飞凯材料,0.23,700630128.97,4.8101718385,-6.169,119739422.56,100.1,194.0442,7.53522236523,2.93,0.026521233717,35.1135181685,电子化学品Ⅱ,2026-04-22
5544,300270,中威电子,-0.0459,13804899.15,-51.4390138872,-81.347,-13817568.96,-379.44,-11.0221,1.95861758155,-2.3,-0.044009247002,30.2176916664,计算机设备,2026-04-22
5545,300251,光线传媒,0.69,2974532741.51,177.8710870158,1969.0396,2015782039.23,374.79,1293.7442,3.673689438052,20.63,1.66524616997,78.3190759214,影视院线,2026-04-22
5546,300232,洲明科技,0.05,1576300513.78,5.632359208,-33.0132,54576710.39,180.94,296.299,4.427399477399,1.14,-0.221996866603,29.9492688737,光学光电子,2026-04-22
5547,300224,正海磁材,0.08,1458823911.55,24.3754330296,-15.6472,69486779.5,-10.94,705.5446,4.491711797946,1.74,-0.281945544695,13.3862325784,金属新材料,2026-04-22
5548,300200,高盟新材,0.09,286166951.95,-11.8537080528,1.3314,38619778.95,-26.67,55.4527,3.777770230384,2.41,-0.1713175956,27.7254815412,化学制品,2026-04-22
5549,300125,聆达股份,-0.0406,2857204.84,-89.9392175541,-77.3077,-26921288.96,37.19,92.9131,-2.109106050731,,-0.01953715881,-173.739837288,电力,2026-04-22
5550,300065,海兰信,0.0483,346447574.15,639.0819030705,166.0581,34803851.48,1324.75,1852.1134,2.421027145172,2.02,-0.01972991762,20.7689423159,航海装备Ⅱ,2026-04-22
5551,300030,阳普医疗,0.03,115535431.63,-18.1497304978,-27.7269,7808417.76,344.71,110.3579,1.987608819786,1.28,0.043976606091,40.1893367817,医疗器械,2026-04-22
5552,200521,虹美菱B,0.1764,7360074545.63,23.7832813092,26.334,181668589.37,16.92,8.6357,6.090332866663,2.94,-1.247914832731,11.8316480623,白色家电,2026-04-22
5553,200030,富奥B,0.09,3627020292.73,-3.6448999045,-26.8569,163285259.53,0.26,-29.6968,4.656039160974,2.04,-0.192792691064,10.9834162667,汽车零部件,2026-04-22
5554,002991,甘源食品,0.58,504037728.43,-13.992480638,-22.6541,52757916.0,-42.21,-46.6859,18.962247229443,3.03,0.672617966577,34.3240705232,休闲食品,2026-04-22
5555,002983,芯瑞达,0.21,258554343.12,3.3858953844,-38.3385,46000326.48,31.59,5.8396,6.17029289678,3.52,0.181424834047,25.1531000428,光学光电子,2026-04-22
5556,002967,广电计量,0.0087,618034377.09,5.1587516345,-40.9772,4823493.09,302.86,-97.047,5.732033146894,0.14,-0.181685891921,38.6780250551,专业服务,2026-04-22
5557,002942,新农股份,0.27,303089762.28,9.4067877483,46.4394,41719407.98,40.13,350.3526,7.767524034356,3.51,-0.18719751892,33.0695670999,农化制品,2026-04-22
5558,002846,英联股份,0.0263,490910552.27,6.7439796304,-7.3146,11043554.55,723.54,126.4278,3.306591150729,0.8,0.209945676748,12.662916813,包装印刷,2026-04-22
5559,002800,天顺股份,0.0127,245824666.62,43.3221777678,-52.5898,1934610.61,-49.48,121.0772,3.42126805636,0.37,0.005905056152,5.1006450339,物流,2026-04-22
5560,002772,众兴菌业,0.1284,472639729.59,-2.8895576603,-8.8885,48200213.87,38.72,22.4015,8.513252769249,1.45,0.241960009069,23.1139076702,种植业,2026-04-22
5561,002735,王子新材,0.02,517192127.52,36.2088031454,-23.5959,8416433.12,66.29,110.3414,4.53081759566,0.49,-0.098268259157,15.1935044868,包装印刷,2026-04-22
5562,002714,牧原股份,0.83,36061237090.13,37.2608434504,-12.4127,4491095122.49,288.79,-39.3111,13.789548395304,6.06,1.374031515489,19.798678089,养殖业,2026-04-22
5563,002588,史丹利,0.25,3405434108.47,29.5567377355,42.8501,288187819.64,20.84,78.0845,6.185171968972,4.13,0.382093837931,18.0027389987,农化制品,2026-04-22
5564,002549,凯美特气,0.0457,162688860.33,13.7919758371,2.0948,31750585.49,142.0,307.7351,2.91032485491,1.58,0.05181731904,36.3785777895,化学制品,2026-04-22
5565,002490,山东墨龙,0.0068,291392171.76,50.5054480164,-17.0378,5423201.01,-97.5,104.971,0.623823097207,1.1,0.477539858687,9.3329026465,专用设备,2026-04-22
5566,002408,齐翔腾达,0.002,5618126945.15,2.5270725627,-18.1772,5400734.72,-83.18,103.2771,4.092834690085,0.05,0.085158729386,5.2476690244,炼化及贸易,2026-04-22
5567,002391,长青股份,0.0267,920048502.11,6.9966151655,7.2481,16689700.9,111.17,110.1893,6.506244931396,0.4,-0.360341558582,14.6362953172,农化制品,2026-04-22
5568,002302,西部建设,-0.201,3738200631.18,-7.5919543612,-29.8716,-253719267.28,-121.99,6.7945,6.838571737139,-2.9,-1.030965666134,0.8570388775,水泥,2026-04-22
5569,002298,中电鑫龙,0.0589,476702228.04,-3.2744509247,-21.3031,42216520.26,31.99,103.5997,2.78633476793,1.17,0.10192991877,26.3195786069,电网设备,2026-04-22
5570,002219,新里程,0.0076,796152158.94,-16.4939266028,-28.8045,25651871.15,-9.35,-58.6067,0.595055776511,1.28,-0.011216596159,27.9571972996,医疗服务,2026-04-22
5571,002204,大连重工,0.0938,3507417177.55,10.0188335172,-14.9761,179439772.65,25.85,74.5569,3.892031260849,2.42,-0.184841473874,17.9864002212,专用设备,2026-04-22
5572,002169,智光电气,-0.0481,657309116.94,24.762824032,-5.6694,-37035728.13,39.81,80.0173,3.425261560137,-1.38,-0.131209797684,16.9566652185,电网设备,2026-04-22
5573,002167,东方锆业,0.0243,284413977.46,-33.9292643188,-8.0027,18848430.71,156.11,-91.3601,2.233337197048,1.1,0.059530970953,17.9846308247,小金属,2026-04-22
5574,002162,悦心健康,-0.009,195759896.0,-11.4590971181,-37.9033,-8328206.11,36.02,92.6979,0.888881637105,-1.01,-0.029994406343,23.7982246783,家居用品,2026-04-22
5575,002108,沧州明珠,0.029,578969502.86,13.6303673666,-26.3048,48299876.53,-19.32,195.53,3.081841899807,0.94,-0.08270380753,11.2305537509,塑料,2026-04-22
5576,002069,獐子岛,-0.0022,410064335.3,11.1273446965,-1.4504,-1561337.43,77.73,-154.9866,0.069866622017,-3.07,-0.004996563904,12.6031204231,渔业,2026-04-22
5577,002066,瑞泰科技,0.0714,980483426.6,-13.7142453735,-2.352,16485356.14,-26.47,2.8492,3.163753563377,2.28,-0.243262592944,15.230185026,装修建材,2026-04-22
5578,002064,华峰化学,0.1,6313831888.08,-5.1519635843,-3.7354,504316364.85,-26.21,145.6035,5.434332513938,1.89,0.020856183892,13.46612298,化学纤维,2026-04-22
5579,001333,光华股份,0.2,393912353.38,10.5453898815,-16.4109,25539492.93,-3.62,-49.521,13.331052057891,1.51,-0.167493041875,13.0887718797,塑料,2026-04-22
5580,000975,山金国际,0.2499,4321458558.69,55.837692015,185.4048,693834528.45,37.91,55.6614,4.927393315795,5.2,0.35348551816,28.2035682226,贵金属,2026-04-22
5581,000913,钱江摩托,0.167,1334233217.16,-0.8075696208,20.5136,86698775.66,-37.96,-58.6982,9.268536189974,1.79,-0.285044862998,25.4416591368,摩托车及其他,2026-04-22
5582,000661,长春高新,1.17,2997478589.1,-5.6612057092,-2.6062,472704862.34,-44.95,329.6612,57.539690671289,2.03,1.399891343118,88.2226215232,生物制品,2026-04-22
5583,000521,长虹美菱,0.1764,7360074545.63,23.7832813092,26.334,181668589.37,16.92,8.6357,6.090332866663,2.94,-1.247914832731,11.8316480623,白色家电,2026-04-22
5584,000030,富奥股份,0.09,3627020292.73,-3.6448999045,-26.8569,163285259.53,0.26,-29.6968,4.656039160974,2.04,-0.192792691064,10.9834162667,汽车零部件,2026-04-22
5585,920855,浙江大农,0.18,68375953.29,38.8386917696,-5.5992,13586908.18,99.03,-0.8526,7.629900357983,2.41,0.053849573122,35.2696490208,专用设备,2026-04-21
5586,920541,铁大科技,0.1148,61611033.61,16.201449899,-49.6175,15695141.28,33.43,-51.8755,3.168412904755,3.69,-0.050673277469,57.1599732654,轨交设备Ⅱ,2026-04-21
5587,920509,同惠电子,0.06,39091587.32,23.8387842225,-39.0236,9924975.53,125.39,-56.35,2.165196922634,2.87,0.055260508101,56.8222996374,通用设备,2026-04-21
5588,920249,利尔达,0.01,525680898.52,19.1395939583,5.9545,2971513.27,111.68,105.0158,1.658539116524,0.43,0.060837634466,14.6752481472,通信设备,2026-04-21
5589,920245,威博液压,0.12,76876371.08,7.6705756085,-12.8034,5710609.8,-16.03,621.4275,6.928292628715,1.67,0.316683876707,19.5675535651,工程机械,2026-04-21
5590,920237,力佳科技,0.11,83214610.54,2.296319673,-14.7322,9195332.61,-33.49,-60.9559,7.697234888347,1.81,0.268580394848,29.1346580999,电池,2026-04-21
5591,920165,珈凯生物,0.35,62348273.54,22.3996778351,0.7271,14371584.93,46.7505258775,-12.7953,10.203318020853,3.5,0.337434850554,63.4773473312,化妆品,2026-04-21
5592,920003,中诚咨询,0.7,116583020.93,-10.0146711009,-1.6493,35626704.23,-6.6639989348,9.4362,7.881821565229,8.91,0.832884677505,47.6352073201,工程咨询服务Ⅱ,2026-04-21
5593,688799,华纳药厂,0.31,336233032.74,-9.8332219283,-2.1571,41213565.38,-31.37,597.5599,19.753239286567,2.26,0.442622703198,63.23934724,化学制药,2026-04-21
5594,688783,西安奕材,-0.04,654154637.46,,-4.8733,-144837695.42,,2.5221,,-1.71,,4.9808991107,半导体,2026-04-21
5595,688660,电气风电,-0.14,770108634.12,64.0442547686,-89.4551,-187338712.63,11.6087879462,39.2095,3.697955949675,-3.73,0.149323312564,15.7447354163,风电设备,2026-04-21
5596,688612,威迈斯,0.24,1353448723.7,-1.0192617432,-32.7456,100846273.12,-11.7,-3.082,7.943274713415,3.05,0.312871458682,17.8938189212,汽车零部件,2026-04-21
5597,688591,泰凌微,0.15,230046348.02,42.4658190107,-10.4042,35712341.35,910.5544435139,7.7655,9.955968213792,1.51,0.059593944125,50.046616993,半导体,2026-04-21
5598,688528,秦川物联,-0.19,56208288.4,-44.5623351836,-4.6415,-29845590.65,-386.5733662021,-28.0331,3.06914594625,-5.63,-0.149292149881,12.6068174138,通用设备,2026-04-21
5599,688469,芯联集成,-0.03,1733684310.68,28.1366941479,-11.6221,-182289864.64,24.71,34.4243,1.735655735042,-1.49,0.024297000347,3.6705791065,半导体,2026-04-21
5600,688448,磁谷科技,-0.06,37943571.5,-13.1032072972,-82.9402,-4371351.98,-708.0,-114.0442,14.255950033565,-0.43,-0.602092051476,27.4081731605,通用设备,2026-04-21
5601,688369,致远互联,-0.58,105180361.51,-42.3952784049,-54.1998,-66981432.02,-116.2034523616,46.9172,8.534616164942,-6.6,-0.904331149408,61.4403287574,软件开发,2026-04-21
5602,688362,甬矽电子,0.06,945483996.77,30.1229787952,-10.5982,24602322.92,169.3993435277,2.8255,6.18804097072,0.98,0.922620642272,14.1868062535,半导体,2026-04-21
5603,688337,普源精电,0.02,167802804.01,11.1389540587,-30.3531,3782684.24,-40.03,-88.241,16.35008565479,0.12,0.017996316666,56.1474652023,通用设备,2026-04-21
5604,688329,艾隆科技,-0.18,56067979.4,0.4431251057,-44.7581,-14166228.78,-1.4188870232,-328.7665,9.568655698705,-1.9,-0.247622113083,42.7549246406,自动化设备,2026-04-21
5605,688168,安博通,-0.63,308116657.13,444.9103647582,-29.8683,-48682545.64,-38.8090066833,-31.0998,14.059686555056,-4.38,-2.945003583496,92.0639048899,软件开发,2026-04-21
5606,688158,优刻得,-0.1,375740150.44,7.9708220982,-8.1121,-44732521.25,27.7043217025,40.9545,5.208472668698,-1.88,-0.033328827907,24.343552376,IT服务Ⅱ,2026-04-21
5607,688146,中船特气,0.16,515738388.32,17.0777749925,-5.6055,86673496.22,-5.52,24.1041,10.58197375438,1.55,0.232481727526,28.8017528352,半导体,2026-04-21
5608,688088,虹软科技,0.12,209259242.35,13.7717141339,-13.3473,49663953.38,45.36,-43.8159,6.896293067609,1.81,0.085448821698,89.8427214343,IT服务Ⅱ,2026-04-21
5609,688027,国盾量子,-0.2,19523878.96,106.0285000894,-87.2936,-20306069.85,51.0385808148,-187.24,31.298882157388,-0.63,-0.807574301654,38.8175996969,通信设备,2026-04-21
5610,688018,乐鑫科技,0.6088,557849869.21,44.0759925522,2.0013,93704354.5,73.8,6.2298,20.035042563339,4.26,0.668200529283,43.3714392553,半导体,2026-04-21
5611,605338,巴比食品,0.16,369571674.39,4.4505846781,-19.8241,37195358.8,-6.13,-54.754,9.247097431008,1.63,-0.00790181629,25.4733922737,食品加工,2026-04-21
5612,605188,国光连锁,0.0439,796385865.41,5.234458119,24.362,21749017.71,-18.07,494.5361,2.30629372507,1.92,0.280551263388,22.2874343241,一般零售,2026-04-21
5613,605179,一鸣食品,0.0332,654136578.47,1.7531207683,-5.6419,13306745.84,28.38,267.1179,2.766464986658,1.21,0.132608936409,28.9459022293,饮料乳品,2026-04-21
5614,605020,永和股份,0.25,1137603660.68,12.3583534827,-7.2793,97390001.72,161.66,-7.1367,9.560246026869,3.37,0.053261044648,23.4440807162,化学制品,2026-04-21
5615,603466,风语筑,0.07,382304168.93,29.805879201,-8.5546,40274427.84,368.25,319.8127,3.72081320894,1.8,0.039408521912,31.4856062535,数字媒体,2026-04-21
5616,603319,美湖股份,0.17,523741296.15,12.609015476,5.2722,54393637.03,21.43,149.2932,10.015589274273,2.58,0.354816092082,25.7036226453,汽车零部件,2026-04-21
5617,603281,江瀚新材,0.26,491623134.65,-16.2021713812,-3.9919,96598207.31,-37.39,-33.3329,13.515881072141,1.93,0.190360799553,25.5765099866,化学制品,2026-04-21
5618,603151,邦基科技,0.1667,1075859521.79,160.8427075112,17.2869,28000283.68,37.71,276.6841,7.587199979345,2.22,-1.615542595595,9.1652818777,饲料,2026-04-21
5619,603123,翠微股份,-0.109,565756256.8,-9.8333225935,6.0417,-81928980.56,25.49,73.3512,2.575181402609,-3.905,-0.031516218991,22.2037573461,多元金融,2026-04-21
5620,603093,南华期货,0.14,269602813.94,-72.8245856676,-57.3178,85738272.2,0.13,-13.9533,6.800450396544,2.07,-19.273616116055,,多元金融,2026-04-21
5621,603081,大丰实业,0.08,290241740.92,0.2304057288,-57.0635,32744031.38,-3.37,172.9652,7.30746182122,1.13,0.103307382423,23.9174335332,专用设备,2026-04-21
5622,603077,和邦生物,0.0016,1725715319.77,-13.6823481155,-0.4654,12517312.95,-57.99,106.5931,2.050079727491,0.0674,-0.006181617245,10.7030853388,农化制品,2026-04-21
5623,603071,物产环能,0.28,9948618685.5,-4.9107886817,-27.6752,154578930.56,-35.44,-24.8288,10.164513924651,2.76,0.327539302591,7.2342032632,贸易Ⅱ,2026-04-21
5624,603049,中策橡胶,1.46,10640817411.37,17.0615108622,6.8194,1151554533.38,-19.1373331767,100.9982,23.699087374945,6.37,0.018882168211,21.4366753937,汽车零部件,2026-04-21
5625,601677,明泰铝业,0.35,8124306005.83,13.0670278181,-6.2453,439650693.12,21.46,30.3779,14.23207182621,2.51,1.136498964508,6.6369406355,工业金属,2026-04-21
5626,600941,中国移动,1.42,263760000000.0,0.0200980634,5.7998,30631000000.0,3.5,11.4179,64.413370998081,2.2,1.450917301928,26.9252350622,通信服务,2026-04-21
5627,600930,华电新能,0.08,9628119935.0,16.1935140406,6.6298,2921573855.0,5.8932925779,156.4124,2.434238803222,3.24,0.156790923611,48.2164682653,电力,2026-04-21
5628,600929,雪天盐业,0.0201,1328767929.48,-14.581152295,-8.2548,33385243.82,-85.64,176.7229,4.66788975412,0.41,-0.013286212608,19.7217137324,化学原料,2026-04-21
5629,600888,新疆众和,0.1609,1879083714.73,15.3829128452,3.4501,221430077.95,-34.36,-32.9989,8.095733105778,1.98,0.015047465698,9.6162164769,工业金属,2026-04-21
5630,600782,新钢股份,0.004,8748725206.72,-22.5372070394,-17.6506,12469099.02,107.9869117098,-97.9612,8.309444790941,0.087,0.002575787756,3.0634047193,普钢,2026-04-21
5631,600740,山西焦化,-0.0274,1681714797.73,-7.6608641342,-18.15,-70259130.76,-206.74,-774.0497,5.960559069538,-0.46,-0.101785737502,-11.4340236573,焦炭Ⅱ,2026-04-21
5632,600711,盛屯矿业,0.094,5666696078.55,-4.9385778118,-29.8033,291173771.27,0.91,-4.459,5.133999653918,1.858,0.153993859877,18.5714849223,工业金属,2026-04-21
5633,600510,黑牡丹,0.04,615036667.15,33.5448012397,-79.5012,38324730.95,-33.55,-7.2883,10.05609799228,0.37,-0.916311792355,23.7634064319,房地产开发,2026-04-21
5634,600389,江山股份,0.36,1745960034.77,10.1527963778,53.3351,155506106.27,89.1,194.0586,8.990070870196,4.1,-0.335417111576,18.0236492115,农化制品,2026-04-21
5635,600365,ST通葡,-0.002,196054493.59,-19.864848451,-30.7422,-1061532.14,-143.08,94.1902,0.674273555405,-0.37,-0.19785735007,22.3645548271,非白酒,2026-04-21
5636,600360,华微电子,0.06,642936039.79,29.5614007277,34.4646,54914984.0,253.08,111.1094,3.54522061345,1.63,0.039159258994,27.9532521351,半导体,2026-04-21
5637,600309,万华化学,0.98,43067850762.48,-6.7007942126,24.9612,3082066208.03,-25.87,58.8905,31.311417864449,3.19,0.185097263826,15.7049205741,化学制品,2026-04-21
5638,600226,亨通股份,0.02,382338896.6,86.3624633376,-10.336,70098005.99,10.96,3283.5444,1.140175015476,2.04,-0.021806271042,6.9252372661,电力,2026-04-21
5639,600203,福日电子,-0.07,2005055461.85,-14.2129647467,-28.3585,-40285454.71,56.879285184,83.8978,2.725874626347,-2.46,-0.7247032167,7.113758554,消费电子,2026-04-21
5640,600169,ST太重,0.006,2818789806.35,63.1108142389,-3.1439,20077162.0,7.62,-82.442,1.490764706853,0.39,0.054791889774,14.1489612018,专用设备,2026-04-21
5641,600143,金发科技,0.0935,15665999806.4,49.0576867748,-21.864,246635742.3,138.2,74.1874,6.935731552764,1.36,0.091318422908,12.0857659289,塑料,2026-04-21
5642,600114,东睦股份,0.18,1459313194.63,32.4081773871,-4.7663,111698354.75,37.61,-7.1838,4.731989192566,3.9,0.170494001788,21.9494635318,通用设备,2026-04-21
5643,600105,永鼎股份,0.1982,877747508.9,7.5357572367,-22.9077,289774767.85,960.55,6949.0164,2.307334885607,8.96,0.215598237927,14.6464954849,通信设备,2026-04-21
5644,301608,博实结,0.4529,347516437.32,40.2823843625,-2.4358,40302710.36,14.42,-1.4363,23.033525302843,1.99,0.249504956062,21.7719765469,计算机设备,2026-04-21
5645,301598,博科测试,0.2393,88264344.72,29.2742126675,-54.3361,14093711.74,64.68,-61.6651,16.968899529779,1.42,0.325955290286,46.0492704828,专用设备,2026-04-21
5646,301584,建发致新,0.14,4515794917.72,13.2345937093,1.8087,49214680.18,54.8746744668,-29.5044,,3.27,,8.0318462233,医药商业,2026-04-21
5647,301581,黄山谷捷,0.28,190846185.6,36.1800623954,-21.3381,22288408.01,-14.69,3.2513,12.908946138375,2.18,-0.58878344775,17.2616277535,汽车零部件,2026-04-21
5648,301421,波长光电,0.06,99233623.96,20.8733190593,-28.5473,6511990.73,-39.55,6.0043,10.269753799409,0.55,-0.25239118374,30.4073400788,光学光电子,2026-04-21
5649,301399,英特科技,0.06,89799430.14,3.4091034676,-47.3018,7268792.54,-31.33,-57.9666,10.460168734875,0.55,-0.334540068966,21.7437784177,通用设备,2026-04-21
5650,301363,美好医疗,0.09,295757022.22,5.0456304532,-32.4195,51874993.62,-10.62,-51.0277,8.660501511803,1.48,0.003712928909,39.2818036468,医疗器械,2026-04-21
5651,301290,东星医疗,0.12,78186465.07,-14.8431827991,-34.5416,12063975.22,-39.35,-62.1181,22.547530384284,0.54,-0.086293283999,44.4025886308,医疗器械,2026-04-21
5652,301219,腾远钴业,0.42,1460996097.87,-3.587888363,-11.6334,123464114.7,-14.27,82.1599,30.297767500301,1.39,-0.064882639011,20.748817576,能源金属,2026-04-21
5653,301200,大族数控,0.28,959848668.68,27.8910827682,-3.9678,116773485.23,83.6,18.9735,12.541708898786,2.25,-0.798564036452,29.623564896,专用设备,2026-04-21
5654,301165,锐捷网络,0.1349,2535978262.49,18.1387526148,-23.6586,107275852.32,4543.67,-33.9198,8.263140387625,2.31,-1.553917755672,37.4892835515,通信设备,2026-04-21
5655,301082,久盛电气,-0.0292,470766893.16,24.0093077882,-11.5503,-6619327.34,-203.51,88.1356,4.498939769848,-0.65,-0.199051190961,10.009967709,电网设备,2026-04-21
5656,301080,百普赛斯,0.2282,186490379.94,27.7342419951,2.7288,40578533.64,32.3,0.5852,21.842773414167,1.54,0.278708107417,90.3527461814,生物制品,2026-04-21
5657,301049,超越科技,-0.3074,48864346.16,-11.8587704165,-23.6759,-28977351.11,-145.12,14.9687,6.954178633511,-4.33,-0.132977607667,-17.9066790157,环境治理,2026-04-21
5658,301020,密封科技,0.18,151923828.77,23.8822062374,13.7463,26808222.42,20.48,70.9277,6.574775726571,2.83,-0.263860173839,29.6509142869,汽车零部件,2026-04-21
5659,300927,江天化学,0.0057,350419768.39,104.5661360646,110.4144,818770.12,-93.42,-99.6896,6.680974013439,0.08,0.154996527709,5.4085919145,化学原料,2026-04-21
5660,300908,仲景食品,0.3316,276908324.96,1.0615831116,6.9036,48418473.75,-4.81,84.1534,12.134772666712,2.77,0.451434924521,45.9106730751,调味发酵品Ⅱ,2026-04-21
5661,300880,迦南智能,0.0881,152608167.18,-28.150648684,-33.9959,17198658.1,-45.03,-17.1008,5.558724437842,1.6,-0.262474110688,22.0010195132,电网设备,2026-04-21
5662,300841,康华生物,0.1594,137942758.51,-55.6977009346,-62.8685,20708594.7,-86.15,385.6238,26.087237213258,0.6,-0.125512020931,94.4280429991,生物制品,2026-04-21
5663,300801,泰和科技,0.1302,653815277.56,25.5270481475,-6.5732,28446936.24,-32.07,-22.7615,11.245011190679,1.17,-0.091235082223,11.8965485206,化学制品,2026-04-21
5664,300743,天地数码,0.21,199632001.56,19.6848267165,-4.1031,32035895.39,40.49,75.2896,4.324291857907,4.95,0.201034153987,34.2369290925,计算机设备,2026-04-21
5665,300690,双一科技,0.18,193068821.55,47.8223548944,-37.9415,30275039.31,902.12,38.9748,9.084270250838,2.04,-0.094880075146,26.9769132177,风电设备,2026-04-21
5666,300668,杰恩股份,-0.0135,88791347.67,-10.1344808287,-48.1914,-1619788.89,81.84,92.7908,6.112090357609,-0.22,0.295169679091,9.749207673,工程咨询服务Ⅱ,2026-04-21
5667,300593,新雷能,-0.08,233229451.63,16.7514732138,-2.7027,-43740573.11,-13.42,87.9556,4.456654916919,-1.79,-0.103012523967,43.6605599286,其他电源设备Ⅱ,2026-04-21
5668,300523,辰安科技,-0.15,200492755.86,55.7600981227,-55.4487,-33897131.44,41.32,80.3541,4.999174042723,-2.88,0.253889893002,41.0556014191,IT服务Ⅱ,2026-04-21
5669,300519,新光药业,0.15,93250095.71,-7.2556017467,81.2495,24541781.11,7.5,94.6581,5.34379274225,2.91,0.261407907688,36.7924425158,中药Ⅱ,2026-04-21
5670,300515,三德科技,0.1364,108095641.69,18.3458833652,-54.5671,28070817.89,45.38,-56.9349,4.059818093359,3.42,-0.075007275467,59.3648347581,通用设备,2026-04-21
5671,300503,昊志机电,0.05,286852896.77,10.9971485867,-15.3097,15583191.8,6.93,654.1795,3.97054234398,1.3,0.101282673187,34.659208392,通用设备,2026-04-21
5672,300435,中泰股份,0.26,718143876.96,-12.0070294842,1.9063,100226980.9,42.83,137.4759,7.984937912671,3.31,0.338886933212,25.5963919233,专用设备,2026-04-21
5673,300394,天孚通信,0.4343,944631274.77,29.106096866,10.2253,337626696.86,21.07,-8.0227,7.828082844528,8.13,0.530007385245,53.0450541469,通信设备,2026-04-21
5674,300377,赢时胜,-0.0928,262553220.86,8.4980235306,-25.8424,-69722881.71,22.23,83.7727,3.234755785822,-2.71,-0.291433515879,31.9418679479,软件开发,2026-04-21
5675,300354,东华测试,0.2088,108764193.36,4.2542030341,-26.5294,28878605.41,5.64,26.4444,5.655505606227,3.72,-0.267731454135,68.6550598255,通用设备,2026-04-21
5676,300258,精锻科技,0.0783,512467669.63,1.7410992532,-8.1574,40185404.18,-14.38,-7.8525,7.829350976526,1.05,0.228397314773,24.2774942368,汽车零部件,2026-04-21
5677,300249,依米康,0.016,318312509.25,26.4379123935,-28.8691,7039262.72,34.77,107.4462,0.732523443329,2.17,-0.101267851468,17.1559517591,计算机设备,2026-04-21
5678,300201,海伦哲,0.0304,345593109.95,54.7950371362,-41.3743,28638468.16,26.71,-68.3777,1.55182429203,1.85,0.062808532902,29.6275969115,工程机械,2026-04-21
5679,300180,华峰超纤,0.0352,1054009958.67,-11.6102132436,-4.363,62009945.24,169.03,217.4743,2.664216397208,1.33,-0.044794696022,20.1450184719,塑料,2026-04-21
5680,300172,中电环保,0.0433,174261526.67,-14.462544235,-26.2076,29283981.14,-7.56,382.472,2.826122229507,1.54,0.124371082812,30.048500068,环境治理,2026-04-21
5681,300158,振东制药,0.0012,754532591.77,-3.5285269439,7.5288,1157176.86,-94.99,100.0845,3.641870457015,0.03,-0.328263654624,49.0898764374,中药Ⅱ,2026-04-21
5682,300019,硅宝科技,0.1804,778419589.51,64.0445066018,-24.1591,70906006.55,76.72,-10.4281,6.694554065955,2.73,-0.281777993787,21.4248319746,化学制品,2026-04-21
5683,300018,中元股份,0.05,99488069.81,22.0779078569,-51.1421,26228580.89,192.35,150.4169,2.735191664592,2.02,0.001320766074,53.3326403471,电网设备,2026-04-21
5684,200020,深华发B,0.0209,212250766.67,-3.2200762511,0.8726,5923650.56,10.0,-73.6671,1.446464485372,1.46,-0.163107807271,9.373870541,光学光电子,2026-04-21
5685,003023,彩虹集团,0.2958,262135230.43,-16.8772029884,-48.4035,31156428.24,-16.58,-18.3602,14.967494013666,2.0,1.067999769132,44.7851233111,小家电,2026-04-21
5686,003008,开普检测,0.16,48199791.31,7.884172485,-18.0443,16240464.46,23.86,-45.0924,10.517840211442,1.5,0.183689917692,65.7032992453,专业服务,2026-04-21
5687,003004,声迅股份,-0.172,19333214.23,-1.3454303257,-90.1437,-14081720.11,-32.85,38.4676,7.720283795844,-2.01,-0.257037781672,55.7185434447,计算机设备,2026-04-21
5688,002993,奥海科技,0.45,1441986460.71,5.7908082298,-23.1944,124743404.33,1.7,-24.0908,18.195113363679,2.51,0.887206189031,20.1039686945,消费电子,2026-04-21
5689,002848,高斯贝尔,-0.0885,46434228.02,11.3774637523,1710.6151,-14800594.54,7.08,75.9986,0.805959156745,-10.41,-0.113171383308,5.8533537347,黑色家电,2026-04-21
5690,002837,英维克,0.05,932585781.26,25.0710648384,-45.6876,48010475.41,-22.53,-51.9455,3.992146121941,1.63,-0.229388043399,26.4533338345,专用设备,2026-04-21
5691,002825,纳尔股份,0.2,502761863.73,24.3330447448,5.1119,68783253.02,201.41,266.0493,4.624915361044,4.43,0.071398366054,18.8349178869,塑料,2026-04-21
5692,002788,鹭燕医药,0.18,5173756306.59,0.7413877292,2.3041,71323645.12,-14.86,-19.2239,8.322886361142,2.23,-0.209332192732,6.9975401199,医药商业,2026-04-21
5693,002787,华源控股,0.06,561552942.57,-3.3269846712,-1.5077,22125441.77,14.91,83.346,5.45082710079,1.2,0.33704186045,14.9806928203,包装印刷,2026-04-21
5694,002752,昇兴股份,0.1,1622335145.85,-3.2251161494,-24.0356,92908526.14,-23.64,16.6873,3.591100152413,2.68,0.356346533783,11.6508342591,包装印刷,2026-04-21
5695,002722,物产金轮,0.15,525319574.14,-15.9521037651,5.2692,31916597.21,-7.43,-27.8356,12.659454769524,1.21,-0.387799113744,18.8691609716,专用设备,2026-04-21
5696,002668,TCL智家,0.28,4599798233.74,9.5797233998,4.1759,301899387.5,33.98,55.5455,2.512062303442,11.75,0.533282956215,22.5673932969,白色家电,2026-04-21
5697,002633,申科股份,0.0057,70903009.63,2.1418873262,-20.5583,860278.3,15.41,659.817,2.802504890733,0.2,-0.218036369933,24.3631038092,通用设备,2026-04-21
5698,002557,洽洽食品,0.1524,1570972741.36,-13.7567833878,-33.8185,77247792.43,-67.88,-65.4011,10.971549699395,1.36,0.350912623056,19.4681499626,休闲食品,2026-04-21
5699,002540,亚太科技,0.0759,1784724452.19,5.0760159379,-8.1551,93802858.27,-23.25,-16.6293,4.451841805561,2.14,-0.096296244749,11.6772926041,工业金属,2026-04-21
5700,002414,高德红外,0.0196,680759855.77,45.4697792227,-21.3152,83545903.88,896.56,116.7966,1.502286964372,1.31,0.009667681083,52.1631260216,军工电子Ⅱ,2026-04-21
5701,002396,星网锐捷,0.0726,3485073054.21,11.0244562022,-28.4619,42121433.26,264.63,-70.3033,11.429735066658,0.63,-1.785798256459,33.4922094614,通信设备,2026-04-21
5702,002294,信立泰,0.18,1062205739.51,-2.6364979358,5.0473,200329400.57,0.03,118.0931,7.99984391046,2.27,0.151948414158,75.3218710679,化学制药,2026-04-21
5703,002256,兆新股份,0.0,69795057.66,3.3519145341,-34.5799,2372696.08,53.34,104.3796,0.569954646705,0.21,-0.018338581626,28.7051250213,电力,2026-04-21
5704,002137,实益达,0.023,140625490.94,-10.5142518844,-1.4238,13266578.2,19.21,126.3331,2.588372680778,0.89,-0.070879906093,23.097553127,光学光电子,2026-04-21
5705,002136,安纳达,-0.0477,473484339.96,1.4367020873,-3.8674,-10259306.45,-155.4,65.306,5.411958050181,-0.88,-0.321581434192,0.7247763696,化学原料,2026-04-21
5706,002045,国光电器,0.06,1735230460.34,36.7783161843,-21.2255,32442631.97,11.22,266.6888,7.957209707704,0.75,0.597865224659,13.3868322992,消费电子,2026-04-21
5707,002026,山东威达,0.13,440216467.76,-9.9591670446,-27.3681,59246836.87,1.03,-41.1017,8.306227904521,1.61,0.115576919562,24.4844654559,通用设备,2026-04-21
5708,002008,大族激光,0.16,2943580546.79,10.8427836122,-36.5917,163470377.43,-83.47,-38.9603,15.407453198044,0.97,-0.624396271948,31.9563007439,自动化设备,2026-04-21
5709,001382,新亚电缆,0.07,605219105.99,5.528002637,-22.6614,30270389.38,3.4,-32.0379,3.997388178568,2.11,-0.495434538204,11.2562708952,电网设备,2026-04-21
5710,001286,陕西能源,0.19,5201699192.7,-7.776679891,-17.7082,703039778.47,-28.78,37.4909,6.816753684029,2.8,0.440059555283,34.3391164656,电力,2026-04-21
5711,001207,联科科技,0.42,605932829.37,16.5016711249,-2.3213,83080731.18,50.66,14.7616,9.404182163022,4.32,0.380866045984,20.7326202197,橡胶,2026-04-21
5712,000875,电投绿能,0.17,3760461102.61,-1.4193712951,5.2292,623168862.52,0.74,298.3031,4.800999450582,3.65,0.260432925682,33.1699701285,电力,2026-04-21
5713,000810,创维数字,0.0047,1798594630.06,-21.2415173815,-13.3164,5327426.85,-94.98,-62.8,5.529065297968,0.08,0.095129401496,12.3480251991,黑色家电,2026-04-21
5714,000739,普洛药业,0.2126,2730189121.97,-14.6294770997,-0.0532,248547145.11,1.98,53.9284,5.978331256985,3.62,-0.012822344018,24.0152943407,化学制药,2026-04-21
5715,000728,国元证券,0.15,1518640087.62,38.37,-45.6216,640518209.79,38.4,-5.0312,8.509226543554,1.73,-0.092374573182,,证券Ⅱ,2026-04-21
5716,000683,博源化工,0.09,2868503260.16,-7.3252398105,-0.7998,339193857.01,-40.4,5027.5135,3.982477441084,2.31,0.213770457165,28.8856043773,化学原料,2026-04-21
5717,000670,盈方微,-0.016,750944541.83,-22.6004651049,-34.9427,-13043887.84,-298.13,48.7467,0.052136813825,-28.64,0.111814352596,4.1850705384,其他电子Ⅱ,2026-04-21
5718,000635,英力特,-0.27,400117542.06,-2.3217035547,-14.8915,-82235010.25,-17.75,66.3859,3.366285308903,-7.77,-0.869844426776,-9.030103775,化学原料,2026-04-21
5719,000633,合金投资,0.0044,86831276.82,93.7719545175,-32.451,1700973.56,27.82,-79.8706,0.49527821839,0.9,0.002955330345,12.6837673052,金属新材料,2026-04-21
5720,000020,深华发A,0.0209,212250766.67,-3.2200762511,0.8726,5923650.56,10.0,-73.6671,1.446464485372,1.46,-0.163107807271,9.373870541,光学光电子,2026-04-21
5721,920454,同心传动,0.06,37132425.81,39.328152539,-14.3954,6471892.62,105.0,-19.0958,3.085820745671,2.01,0.191824999524,29.2839546375,汽车零部件,2026-04-20
5722,920304,迪尔化工,0.09,175304188.52,-8.1796263499,-5.4102,14219629.68,-37.37,16.255,3.189908798556,2.78,-0.166072854247,13.5267976825,化学原料,2026-04-20
5723,920262,太湖雪,0.1202,116121330.02,6.9165305763,-35.0112,8083785.13,9.41,-39.222,6.148724566752,2.44,0.235976450791,43.7359199996,服装家纺,2026-04-20
5724,920111,聚星科技,0.15,243417951.59,38.2405149577,-18.3903,23496404.46,44.97,-8.4159,5.598794051864,2.74,0.175022573886,17.8022809439,电网设备,2026-04-20
5725,874530,豪德数控,0.3,114621547.38,,,15104448.6,,,,4.54,-0.344128874706,26.5417314592,,2026-04-20
5726,873255,奔月生物,0.01,16537449.18,,-2.089,189873.21,,105.6175,,0.45,-0.155172165591,27.4700209237,,2026-04-20
5727,833748,奥图股份,0.19,74146684.17,9.2690854286,-27.497,14469795.92,7.48,-14.5718,3.18656999287,6.17,0.115769048697,37.1780835361,,2026-04-20
5728,833233,鸿丰小贷,0.03,14009631.55,-16.0456091125,-37.683,8787186.24,-21.21,-16.4239,1.603701269323,1.7,0.038004273385,,,2026-04-20
5729,688606,奥泰生物,0.77,208475751.58,4.2791201216,-16.1257,61216292.5,36.68,-41.6685,49.796977790792,1.59,0.135533227663,55.6299707957,医疗器械,2026-04-20
5730,688352,颀中科技,0.02,474310296.66,6.9699318634,-9.4946,29448437.25,-61.6,-65.3041,5.086628039835,0.49,0.062432756835,23.6729135654,半导体,2026-04-20
5731,688290,景业智能,-0.11,21535809.46,-7.4115018883,-82.9926,-10872971.76,11.37,-132.4287,12.47431998381,-0.79,-0.408360426178,32.1884614687,自动化设备,2026-04-20
5732,603400,华之杰,0.59,336520353.89,30.0458765017,-13.4896,44311054.45,17.63,-14.2278,10.3884157176,5.85,0.895739074533,25.8452016541,通用设备,2026-04-20
5733,603136,天目湖,0.05,104922974.23,-1.6019293951,-20.2445,13842231.52,26.45,-28.0456,5.00933254442,1.03,0.057141936427,41.4437048312,旅游及景区,2026-04-20
5734,603025,大豪科技,0.15,725152599.37,12.8363630373,17.8192,168343071.68,13.46,82.7715,2.304079360025,6.81,0.006128988673,40.444034317,自动化设备,2026-04-20
5735,301479,弘景光电,0.4832,278639871.86,41.1352763122,-7.7727,34627873.84,11.79,-11.3026,19.176835418135,4.68,-0.894266105097,27.1338643803,光学光电子,2026-04-20
5736,301223,中荣股份,0.2,698563067.72,27.5010245048,-18.4094,39357585.15,-4.67,18.7422,15.34387158767,1.34,0.5174556533,19.559260975,包装印刷,2026-04-20
5737,300184,力源信息,0.0349,1865246281.51,21.3890360152,-15.7637,40319898.01,14.4,2290.6539,3.265021375074,1.08,0.150793589262,9.3281883199,其他电子Ⅱ,2026-04-20
5738,300012,华测检测,0.0814,1286784490.74,7.9596206064,-23.7695,136192319.03,2.75,-21.8962,4.188305207747,1.95,-0.053442970579,46.2652660639,专业服务,2026-04-20
5739,002458,益生股份,-0.01,622899262.79,-9.3853362267,-36.576,-13168062.05,-112.04,-106.4777,4.004246382654,-0.3,0.029970972121,10.6521811252,养殖业,2026-04-20
5740,688646,逸飞激光,0.1,236035977.1,97.6058772954,50.0189,9077334.42,-42.69,130.1101,16.18489968623,0.58,-0.583968922542,22.00300205,自动化设备,2026-04-18
5741,688596,正帆科技,0.12,676712726.17,14.943581849,-65.6128,34423046.89,38.23,-82.4458,12.327138100703,0.98,-0.338064252286,26.4048098225,专用设备,2026-04-18
5742,688522,纳睿雷达,0.07,58190391.01,84.8031066292,-72.1672,21665586.48,412.07,-57.1862,10.423054098691,0.96,-0.135991128025,75.5668369412,军工电子Ⅱ,2026-04-18
5743,688508,芯朋微,0.32,301412185.19,48.2274024434,17.1143,41072939.04,72.54,20.4801,19.302217660214,1.63,0.141807199868,36.6906765034,半导体,2026-04-18
5744,688368,晶丰明源,-0.08,326574039.81,2.4797062112,-21.4206,-6678964.11,77.2825638171,-131.4308,14.135188807543,-0.53,-0.044353539201,40.1038792539,半导体,2026-04-18
5745,688313,仕佳光子,0.2062,436207259.56,120.5722707856,26.356,93194396.64,1003.78,224.4443,2.816610609068,7.48,-0.122842959921,39.108247573,通信设备,2026-04-18
5746,688297,中无人机,0.0249,235753964.01,284.640545894,-25.3668,16845138.59,162.4,-41.5773,8.454050561126,0.3,-0.829641577526,27.5063098143,航空装备Ⅱ,2026-04-18
5747,688197,首药控股,-0.34,2000000.0,,1308.1974,-50751013.4,4.7959092422,2.3285,5.098611143945,-6.48,-0.422597345525,,化学制药,2026-04-18
5748,688181,八亿时空,0.18,214214805.36,19.2120076497,13.3869,24043213.11,25.25,60.5936,15.329733462315,1.16,-0.23812508372,42.6256663897,光学光电子,2026-04-18
5749,688093,世华科技,0.33,255663067.51,92.0423444659,11.9828,87163538.55,111.23,3.631,7.788913066466,4.35,0.278573055904,52.6050164304,其他电子Ⅱ,2026-04-18
5750,688048,长光华芯,-0.0425,94281135.17,79.6267440296,34.8444,-7499282.76,61.4434544909,79.3689,16.883810036063,-0.25,-0.157460313338,28.7185696069,半导体,2026-04-18
5751,605066,天正电气,0.07,674850942.47,1.0440101229,-5.9638,34165097.3,18.06,95.0402,3.634846135838,1.87,0.056357759722,24.9639544598,电网设备,2026-04-18
5752,605007,五洲特纸,0.14,1988768063.79,15.2121286293,-9.1848,64675904.51,-51.56,85.5333,7.214310102946,1.81,-0.120188843765,8.7611117054,造纸,2026-04-18
5753,603758,秦安股份,0.08,297367393.83,-28.5890737673,-26.9304,32794692.78,-32.73,-27.0619,5.531996958621,1.36,0.082574466653,22.4431250886,汽车零部件,2026-04-18
5754,603727,博迈科,0.04,542970153.87,9.2984894095,-38.427,11591306.48,-65.7,92.3197,11.481419044569,0.36,-0.735572340653,17.923498083,油服工程,2026-04-18
5755,603708,家家悦,0.22,4941488226.11,-4.7694615968,19.6893,141889668.4,-3.59,353.3669,3.791342256037,5.77,1.210198824879,24.2869133841,一般零售,2026-04-18
5756,603650,彤程新材,0.27,856045616.23,9.4090296596,1.2685,160148946.8,10.92,104.8047,5.636901009999,4.66,0.030062802844,25.2108249687,橡胶,2026-04-18
5757,603595,ST东尼,0.05,428359691.91,4.639560289,-21.3896,10886655.57,-15.4,-79.8859,6.775164092017,0.69,0.150147847213,21.8759249457,消费电子,2026-04-18
5758,603223,恒通股份,0.06,313454360.49,-52.696844342,14.9892,42549915.43,51.62,-24.5751,5.371274143721,1.12,-0.132377555179,24.3859035524,炼化及贸易,2026-04-18
5759,603183,建研院,-0.02,150776212.84,-14.5541835961,-54.517,-8437405.5,-347.97,-123.6883,3.209631612386,-0.53,-0.039592892715,42.1139676703,专业服务,2026-04-18
5760,603115,海星股份,0.09,506311710.59,25.5279232021,-2.5041,22693674.11,48.52,-60.0894,8.612384884156,1.11,-0.041089530936,17.0059209888,元件,2026-04-18
5761,600976,健民集团,0.73,892084313.18,-8.0440286701,43.0381,110177463.41,10.7,171.6205,16.593913179716,4.42,-0.162479099548,57.6110698694,中药Ⅱ,2026-04-18
5762,600936,北投科技,-0.09,926178906.04,232.7428425893,-38.5293,-150294131.12,13.9560632087,27.6281,0.27148136228,-7.87,0.002949124331,17.5888211195,IT服务Ⅱ,2026-04-18
5763,600872,中炬高新,0.2324,1101529739.31,-25.8051812476,-29.9588,181073505.84,-24.24,-42.8536,7.409608769947,3.17,0.150447233765,38.7262558619,调味发酵品Ⅱ,2026-04-18
5764,600763,通策医疗,0.41,744611704.47,5.1054738045,16.2275,183827424.31,6.22,5727.8839,9.411423423164,4.46,0.329941567458,44.2060968091,医疗服务,2026-04-18
5765,600746,江苏索普,0.0496,1614863563.09,7.4450164802,10.7603,57084273.16,121.16,782.8284,4.661140176781,1.05,-0.023028445999,9.059359117,化学原料,2026-04-18
5766,600674,川投能源,0.3033,363978685.86,41.1665026261,-30.3296,1478691128.48,16.16,1623.4075,8.940945300471,3.45,0.036486487589,56.0579914502,电力,2026-04-18
5767,600250,南京商旅,0.01,190607382.51,-7.9778663873,8.9745,3513794.5,-80.03,-46.3174,1.955153705041,0.58,0.028541411114,22.2969603907,旅游及景区,2026-04-18
5768,300855,图南股份,0.11,285752677.96,-18.3249894708,60.4956,41688686.92,-54.09,368.4949,5.025165742147,2.12,0.135746284253,27.6544102418,金属新材料,2026-04-18
5769,300653,正海生物,0.15,97415845.21,8.6813225052,35.5311,26626723.19,-34.06,177.8418,5.085615860722,2.95,0.2163767285,80.959362422,医疗器械,2026-04-18
5770,300401,花园生物,0.18,326391133.03,-1.1754413591,6.7723,96511379.04,5.5,42.4671,5.675137761871,2.95,0.265068897795,56.8033346185,化学制药,2026-04-18
5771,300373,扬杰科技,0.5,1579096176.82,18.9039193719,-1.9049,272961734.65,51.22,-18.1136,16.632573217732,3.07,0.478000631113,34.603007485,半导体,2026-04-18
5772,300303,聚飞光电,0.05,779355779.13,21.081415413,-7.7778,70660975.78,-3.2,-36.4262,2.690771711505,1.89,0.110409636117,22.7258480007,光学光电子,2026-04-18
5773,300222,科大智能,0.03,648246694.64,28.1874329302,-21.3779,21034531.23,97.55,-47.1225,2.142918788968,1.27,-0.131449695317,22.0082854505,电网设备,2026-04-18
5774,300188,国投智能,-0.15,215288988.21,10.857732566,-75.3036,-126395521.3,-270.49,27.017,3.935664525245,-3.67,-0.299424150255,35.1995620074,软件开发,2026-04-18
5775,300136,信维通信,0.0814,1742892253.47,-6.194878085,-25.8164,77492172.45,-48.9,-39.6324,7.632276526392,1.05,0.650725966719,19.4666798567,消费电子,2026-04-18
5776,003006,百亚股份,0.3,995436662.0,30.0963652745,7.1224,130605011.0,27.27,165.7232,3.680792979856,8.62,0.016096760999,53.3222988727,个护用品,2026-04-18
5777,002968,新大正,0.15,742474875.95,-14.3425250465,-8.3672,33824413.81,-14.16,401.4827,5.482389384953,2.76,-0.814784063224,14.1205766695,房地产服务,2026-04-18
5778,002917,金奥博,0.1044,362137101.37,13.9376212422,-20.1383,35722019.67,147.0,117.7662,4.655126818396,2.25,0.119584900815,35.8002733052,化学制品,2026-04-18
5779,002817,黄山胶囊,0.06,119039034.77,0.530446641,-6.2681,18837042.65,22.9,116.3804,3.126964010479,2.05,0.025076321798,29.2635794194,化学制药,2026-04-18
5780,002749,国光股份,0.17,385217533.29,5.2293060042,-30.038,78598884.26,16.0,-18.9857,4.360709947089,3.83,-0.139504487007,46.2494566663,农化制品,2026-04-18
5781,002664,信质集团,0.014,1256311576.03,-2.9299555655,-12.9073,5707832.18,-87.86,108.6443,8.353583288511,0.17,0.212202038143,9.6344580214,汽车零部件,2026-04-18
5782,002415,海康威视,0.221,18531863690.67,4.0090430459,-32.6213,2038683389.01,6.41,-47.3151,8.865467308882,2.51,-0.188165892723,44.9234984641,计算机设备,2026-04-18
5783,002413,雷科防务,-0.03,213777781.97,-10.312297018,-60.8352,-36816724.8,-17.55,85.9252,2.583236633683,-1.08,-0.102026577828,32.8102781606,军工电子Ⅱ,2026-04-18
5784,002268,电科网安,-0.1593,148463072.45,15.6821069834,-89.9323,-134684765.54,30.4,-136.2668,6.516919538014,-2.41,-0.219667870406,51.7248996419,计算机设备,2026-04-18
5785,002262,恩华药业,0.3,1510888789.07,11.2939759358,-2.6596,300705740.93,13.35,143.5706,7.498320174596,4.03,0.314189717757,74.6907744762,化学制药,2026-04-18
5786,002248,华东数控,0.03,80133668.78,-0.4760719465,3.83,7963229.96,47.45,1271.513,0.258073425831,10.62,0.022300858744,25.3470781249,通用设备,2026-04-18
5787,002236,大华股份,0.2,6256129778.73,1.2168593346,-35.7083,653304288.99,16.45,81.112,11.137832576562,1.8,-0.203600974024,40.1261302615,计算机设备,2026-04-18
5788,002200,交投生态,-0.006,76230567.3,-28.1465990757,-74.18,-1101976.55,-131.26,98.1029,-0.236891046244,,-0.655596688077,14.4828030028,基础建设,2026-04-18
5789,002119,康强电子,0.07,439421785.63,2.0923810717,-7.9824,25918989.61,37.87,587.4581,3.712219493797,1.88,0.151298937445,14.0737578205,半导体,2026-04-18
5790,002016,世荣兆业,0.0075,189990940.3,-25.2851215595,-26.9337,6085959.32,-48.79,-54.8735,5.920121907283,0.13,0.01294273209,27.0906586644,房地产开发,2026-04-18
5791,000959,首钢股份,0.0425,26580334050.88,-10.0177752603,0.7283,329460473.0,1449.36,22.6081,6.425877290796,0.66,-0.158947730426,5.1399063757,普钢,2026-04-18
5792,000408,藏格矿业,0.48,552148606.89,-10.122919427,-40.4473,747246899.71,41.18,4.9442,9.213323975834,5.27,0.06625950526,52.367728706,农化制品,2026-04-18
5793,000404,长虹华意,0.1442,3485873518.14,4.3510535797,52.9196,100364727.33,25.58,35.1282,6.058173330711,2.41,-0.271879534048,9.8622459645,家电零部件Ⅱ,2026-04-18
5794,920726,朱老六,0.08,60279339.72,-20.1906408455,-9.7664,8046575.36,-32.28,1681.3711,4.383116812948,1.82,0.282324541212,26.0056800934,调味发酵品Ⅱ,2026-04-17
5795,920339,恒太照明,0.08,151090016.62,27.81926571,-16.704,16690894.85,34.02,-18.5485,2.754863948624,2.79,0.543220056284,21.727718743,照明设备Ⅱ,2026-04-17
5796,920299,灿能电力,0.05,22519321.32,11.6437380692,-48.7577,4497030.86,27.51,-58.9332,3.096197350981,1.62,-0.029669361787,59.1434041939,电网设备,2026-04-17
5797,920208,青矩技术,0.1,137508600.6,-3.3583669238,-67.8015,14584863.87,-20.95,-82.6707,10.385305720982,1.47,-0.830247120802,36.5103295146,工程咨询服务Ⅱ,2026-04-17
5798,920061,西磁科技,0.02,25047239.94,-10.7438389991,-15.0657,1068024.18,-87.9,-55.0095,4.030085183077,0.38,0.057174270377,24.9133449232,专用设备,2026-04-17
5799,920016,中草香料,0.05,47253258.03,10.3564967792,-28.2671,3823967.56,-71.6,1.8718,4.823507950288,1.04,-0.050813626403,32.8229645883,化学制品,2026-04-17
5800,832944,银信农贷,0.0131,7240620.02,-7.7099752477,-36.6894,2062608.17,-60.67,-75.4226,1.285115446149,1.03,0.026517809039,,,2026-04-17
5801,688510,航亚科技,0.12,174012430.01,8.3731662542,-4.9984,30673232.44,-3.07,-9.1858,4.565118729392,2.63,0.235040466075,41.233581886,航空装备Ⅱ,2026-04-17
5802,688148,芳源股份,-0.1,407367142.83,-3.125125109,-45.3987,-49654344.84,-805.8,83.8832,0.68390736439,-9.25,0.061296482019,-4.0619788565,电池,2026-04-17
5803,603919,金徽酒,0.47,1108302532.78,3.0449111813,59.9129,233794429.79,5.77,324.2906,7.01391100645,6.79,0.530535736746,66.8084693132,白酒Ⅱ,2026-04-17
5804,603877,太平鸟,0.26,1667974604.93,-7.6258867177,-26.2219,123881397.2,-21.97,-17.764,9.623612954692,2.71,-0.630137032606,60.0376388675,服装家纺,2026-04-17
5805,603799,华友钴业,0.74,17841985369.46,19.2434913272,15.427,1252109041.28,139.68,10.371,21.732910233055,3.32,0.59773729426,14.8813330782,能源金属,2026-04-17
5806,603725,天安新材,0.05,580174178.48,10.3117575785,-35.7589,15172431.55,23.7,-26.7296,2.542596863822,1.98,-0.117489704147,21.9797767446,家居用品,2026-04-17
5807,603256,宏和科技,0.04,245995124.27,29.5243294741,13.9728,30873170.08,482.5912604072,104.8094,1.683666912538,2.11,0.044271607651,28.0624976998,玻璃玻纤,2026-04-17
5808,603227,雪峰科技,0.06,1131702004.64,-4.0911367855,-27.066,63793809.83,-47.98,-2.1228,4.642628231646,1.29,0.216952861829,16.1195784846,化学制品,2026-04-17
5809,603162,海通发展,0.07,805896181.83,1.033911,-24.8102,67638243.75,-24.79,-51.1747,4.563429051643,1.63,0.20616637455,13.2638331239,航运港口,2026-04-17
5810,603138,海量数据,-0.06,81332128.02,25.1959573061,-22.981,-17687581.12,-170.8729868063,10.3847,2.745920520047,-2.19,-0.050734706245,49.2760945344,IT服务Ⅱ,2026-04-17
5811,601933,永辉超市,0.02,17479050531.6,-19.3206456163,34.1972,147563275.19,-79.96,110.6345,0.50246838795,3.27,0.063078592733,21.499744061,一般零售,2026-04-17
5812,600961,株冶集团,0.24,4802877712.35,8.503415994,-10.5769,276920217.46,74.07,35.2073,2.899337312015,8.7,0.559464911449,12.0386281989,工业金属,2026-04-17
5813,600829,人民同泰,0.0791,2666810119.69,2.6471848623,12.5144,45840864.76,-41.48,530.7217,5.047568455549,1.58,-0.522035316138,7.82453346,医药商业,2026-04-17
5814,600655,豫园股份,0.013,8782158024.13,-49.0035190121,-18.8614,51827369.52,-71.24,105.0117,9.111157867906,0.146,0.081600406984,16.1003560223,一般零售,2026-04-17
5815,301551,无线传媒,0.1916,150468400.35,-0.8489411161,-3.0857,76644519.23,37.81,5.7541,6.344128553086,3.07,0.425313276818,56.2425024279,电视广播Ⅱ,2026-04-17
5816,301256,华融化学,0.03,385550493.62,57.4161272774,0.6105,15702915.91,-26.66,-56.988,3.638922526625,0.9,-0.005507255917,9.1650539047,化学原料,2026-04-17
5817,301158,德石股份,0.1216,116331268.33,37.026713201,-57.0468,18291964.72,39.12,-48.3856,8.913605369297,1.38,-0.072389507624,39.9980833425,专用设备,2026-04-17
5818,300773,拉卡拉,0.13,1300013732.73,-13.0190303841,-5.0829,100642762.4,-51.71,162.2619,4.429592342071,2.93,0.021225277277,23.3228602263,多元金融,2026-04-17
5819,300703,创源股份,0.1137,454501448.68,39.9969586234,-18.0071,20504243.21,218.33,-57.4958,5.031257231924,2.28,-0.079800796865,35.438444977,文娱用品,2026-04-17
5820,300557,理工光科,0.09,108368875.45,4.389732601,-53.7024,8066694.88,22.41,7.6507,10.69107080156,0.81,-0.534580638976,30.0808388337,通用设备,2026-04-17
5821,300505,川金诺,0.262,720860144.39,23.9953745394,-28.4415,72021782.19,253.41,9.7829,9.515817207404,2.79,0.429421699958,16.5042895,农化制品,2026-04-17
5822,300415,伊之密,0.28,1186923190.99,24.3183281105,-14.5814,132479233.25,14.29,3.9256,6.620170032452,4.37,-0.143636203074,30.6406222139,专用设备,2026-04-17
5823,300337,银邦股份,0.0178,1371564285.37,21.865758128,-11.0278,14610355.48,-49.51,128.2074,2.051802966359,0.86,-0.081704076394,8.6041504827,工业金属,2026-04-17
5824,300308,中际旭创,1.44,6674176487.23,37.8236822825,1.9027,1582876128.67,56.83,11.5623,18.751343935834,7.94,1.959317953723,36.7009988471,通信设备,2026-04-17
5825,002655,共达电声,0.0575,290802779.0,12.336495979,-14.8107,20688742.76,27.24,6.6729,1.94299272125,3.02,0.045728443306,32.4973068947,消费电子,2026-04-17
5826,002353,杰瑞股份,0.46,2686602488.71,26.0660540319,-49.3873,465678469.29,24.04,-54.7269,21.209844267293,2.18,1.041824417364,31.430914571,专用设备,2026-04-17
5827,002334,英威腾,0.0432,840245579.29,-11.4697664926,-28.7005,34737469.37,-26.44,-74.0431,3.630115410489,1.19,0.034975719814,32.6629848766,自动化设备,2026-04-17
5828,002271,东方雨虹,0.08,5954973095.5,-16.7054286551,-6.3225,192365878.4,-44.68,116.4543,9.382622285486,0.81,-0.340262153282,23.7316473537,装修建材,2026-04-17
5829,001205,盛航股份,0.2017,372433355.34,-1.4431998058,0.9744,37924706.99,-19.83,1471.4552,11.008689940098,1.82,0.400630898199,26.3510366144,航运港口,2026-04-17
5830,920992,中科美菱,0.0523,75506685.42,8.6620007305,-7.43,5061062.76,10.43,-19.623,6.382125717198,0.82,-0.050363587412,36.4196523355,医疗器械,2026-04-16
5831,920656,海昇药业,0.13,41982766.72,0.1722943689,-15.8968,13260903.85,-20.91,-23.8792,8.327929338875,2.01,-0.013137704,42.4212339048,化学制药,2026-04-16
5832,920138,杰理科技,0.34,586486754.04,-10.0849663366,-28.098,136174104.51,-16.1360827513,-26.3308,9.53034062462,3.65,-0.029044413221,32.2325428849,半导体,2026-04-16
5833,688668,鼎通科技,0.38,378692097.94,95.2540214169,15.2434,52896288.61,190.12,65.3245,13.417598979385,2.84,0.062000958829,29.2043569199,通信设备,2026-04-16
5834,688525,佰维存储,-0.46,1543333997.02,-10.6164603827,-7.5844,-197497483.3,-217.87,-195.2877,5.316634035899,-8.39,-0.332582072087,1.9864816494,半导体,2026-04-16
5835,688273,麦澜德,0.4073,118279190.58,13.3628688124,25.8673,39859710.56,9.85,623.329,13.5075923809,2.99,-0.0066260327,70.851485717,医疗器械,2026-04-16
5836,605507,国邦医药,0.38,1440055937.13,7.5709764779,-2.2161,214977071.32,8.17,6.0513,14.772600974046,2.64,-0.62930740121,26.4382849488,化学制药,2026-04-16
5837,603129,春风动力,2.73,4250489155.76,38.858569793,18.4632,415181220.69,49.6,6.3346,44.172922798601,6.44,5.191866897057,29.7318919369,摩托车及其他,2026-04-16
5838,603102,百合股份,0.55,207021839.55,9.7450948888,6.1255,35205793.15,1.02,55.481,25.592476873906,2.17,0.812869975625,36.2046036027,食品加工,2026-04-16
5839,603061,金海通,0.45,128605637.35,45.2128389558,-14.4542,25658510.03,72.29,-23.5285,22.460984135833,1.93,0.099720790167,48.2610912001,半导体,2026-04-16
5840,601877,正泰电器,0.55,14558847305.84,-8.5305213932,-19.6086,1163293918.27,7.65,208.811,20.086706589249,2.73,1.124967886675,25.5081312926,电网设备,2026-04-16
5841,600702,舍得酒业,1.0582,1576125553.23,-25.1400367715,75.6779,346120296.79,-37.1,207.1149,21.316006924133,4.8,0.672905965828,69.3644104779,白酒Ⅱ,2026-04-16
5842,600318,新力金融,0.034,89875686.96,7.1277153756,34.6572,17428378.02,29.83,822.6367,2.107183801555,1.63,-0.477382281515,81.5501973772,多元金融,2026-04-16
5843,301377,鼎泰高科,0.18,423285501.23,27.2061580959,-6.157,72584358.6,78.51,32.7855,6.225655099561,2.89,-0.021172093683,38.0467084301,通用设备,2026-04-16
5844,300996,普联软件,-0.0497,58763700.08,-24.1980713715,-89.1645,-13950341.31,-526.51,-113.1209,6.261383388539,-1.1,-0.534356485308,36.9220312888,软件开发,2026-04-16
5845,300967,晓鸣股份,0.528,393902355.76,125.087555434,20.6504,99025063.01,1102.08,85.6073,4.118839995897,11.91,0.612382345493,35.0384257016,养殖业,2026-04-16
5846,300750,宁德时代,3.18,84704589000.0,6.184984103,-17.7368,13962558000.0,32.85,-5.2976,59.399087976436,5.49,7.464299023821,24.4077425368,电池,2026-04-16
5847,300433,蓝思科技,0.0866,17063199840.42,10.0974145892,-27.9091,428884756.44,38.71,-65.7702,9.852969653017,0.88,0.527896237021,12.7977438507,消费电子,2026-04-16
5848,002546,新联电子,0.13,177285324.07,11.5661007069,-17.2566,107294081.28,742.35,-34.6101,4.102882361388,3.19,-0.042120198234,36.8933713905,电网设备,2026-04-16
5849,000506,招金黄金,0.0,97861723.21,95.7880214994,-45.1235,-3104696.05,89.61,91.6861,0.569234882561,-0.59,0.026273596786,22.287775991,贵金属,2026-04-16
5850,920357,雅葆轩,0.15,97027787.27,13.2426541932,-10.2706,12068392.62,114.99,-4.2024,4.864769527722,3.19,-0.300757638861,19.5060377058,消费电子,2026-04-15
5851,688682,霍莱沃,0.04,73098096.04,23.2605853337,-9.7284,4141776.44,140.99,1.4349,9.012025073992,0.63,-0.689584099534,29.4435001539,军工电子Ⅱ,2026-04-15
5852,688315,诺禾致源,0.08,502005677.53,7.1573357392,-15.2216,33875583.34,24.02,-45.6534,6.084250198703,1.35,-0.353863682244,39.4749057112,医疗服务,2026-04-15
5853,301563,云汉芯城,0.42,640154631.25,13.1443638908,-12.3356,20486240.93,77.9756307609,-37.465,,2.7,,16.232295142,其他电子Ⅱ,2026-04-15
5854,300977,深圳瑞捷,0.03,75851865.92,-1.5723696665,-42.8566,4264812.07,35.02,110.125,8.948283436522,0.31,-0.353544692714,28.1444705164,工程咨询服务Ⅱ,2026-04-15
5855,300681,英搏尔,0.0418,545820377.67,15.1895290265,-33.6444,10690247.34,26.29,-46.1875,8.030249279941,0.52,1.576732406877,14.9981166056,汽车零部件,2026-04-15
5856,300550,和仁科技,-0.0146,78396137.81,-13.9906875359,-44.6721,-3844103.0,-645.0,-110.0191,4.215592368264,-0.35,-0.127156075758,32.7610612429,软件开发,2026-04-15
5857,300522,世名科技,0.0169,158896631.34,-6.893053396,-7.3389,5443704.61,-67.82,140.7972,2.491185817531,0.68,-0.116571656742,22.886309611,化学制品,2026-04-15
5858,300409,道氏技术,0.0644,1758117781.59,-12.1688319188,7.0988,43733567.84,206.86,347.7117,10.016231047795,0.64,0.582298738908,15.9500209819,电池,2026-04-15
5859,300243,瑞丰高材,0.02,473848397.23,-2.914534678,-10.7264,5283469.98,-45.96,136.4544,4.263847390524,0.47,-0.043968640712,13.4866342829,塑料,2026-04-15
5860,002868,绿康生化,-0.19,141922869.97,-11.5171157448,-19.9847,-29408859.45,6.17,89.7844,-0.356716430514,,0.211753227182,9.2897360818,动物保健Ⅱ,2026-04-15
5861,002741,光华科技,0.0542,588046436.78,14.8519664277,-22.1691,25213223.3,563.86,111.9085,3.994631167567,1.35,-0.005871199513,11.5339209827,电子化学品Ⅱ,2026-04-15
5862,002615,哈尔斯,0.0912,704082052.24,22.496026609,-26.9725,41439375.09,31.64,-32.7419,3.686107431685,2.38,-0.103665687335,28.6560988053,家居用品,2026-04-15
5863,002479,富春环保,0.11,1123101015.46,12.8232710719,-34.6226,95738393.37,403.14,634.6503,4.852484128509,2.0,0.257842730162,15.2944356577,电力,2026-04-15
5864,002380,科远智慧,0.2538,420657630.08,14.6011515764,-19.105,60904301.95,42.3,-34.6717,9.537177859426,2.76,-0.029857345911,39.1824139761,IT服务Ⅱ,2026-04-15
5865,002272,川润股份,-0.0577,312026614.82,9.439993373,-21.2107,-27985095.42,-56.25,66.9564,3.06467061075,-1.87,-0.033185064325,13.5169628669,通用设备,2026-04-15
5866,002196,方正电机,-0.0303,530869797.53,9.2222378322,-18.5252,-15036770.75,-80.33,46.9682,2.795125324355,-1.08,0.0317002377,11.3534472144,电机Ⅱ,2026-04-15
5867,002128,电投能源,0.7,7537446747.69,2.6255722869,-6.3618,1559048223.47,-19.82,65.5112,16.201445698185,4.39,0.787963446581,35.5302448968,煤炭开采,2026-04-15
5868,002083,孚日股份,0.13,1363635533.89,3.5539176654,2.7985,127469433.58,40.94,1024.4744,4.795355560954,2.83,0.127598556344,21.2066746402,纺织制造,2026-04-15
5869,000990,诚志股份,0.0691,2997830063.7,10.1654496881,5.9836,83936930.36,-45.51,591.5401,14.741015138394,0.47,0.371498429795,13.70304508,化学原料,2026-04-15
5870,000703,恒逸石化,0.02,27167817451.97,-14.1766447276,-11.3562,51494837.15,-87.55,1600.0779,6.404905268421,0.21,-1.047252805955,4.5560186814,炼化及贸易,2026-04-15
5871,000655,金岭矿业,0.0825,356360722.37,26.9835590874,-19.2734,49099068.74,122.53,-9.2089,5.724993300083,1.45,0.006700758808,24.0919093634,冶钢原料,2026-04-15
5872,688486,龙迅股份,0.22,109010800.1,4.5153371099,-17.673,28509151.76,-8.06,-43.4619,13.616855971695,2.0,0.176119956875,54.4347216932,半导体,2026-04-14
5873,605228,神通科技,0.02,341896289.96,13.8169548661,-18.9341,8926522.98,-22.49,118.391,3.467458917985,0.49,-0.081427417228,22.0431589997,汽车零部件,2026-04-14
5874,603132,金徽股份,0.1,343000371.93,14.7343703619,-21.462,93826642.49,18.45,-26.1048,3.387311024867,2.65,0.105496628609,61.8561932007,工业金属,2026-04-14
5875,600063,皖维高新,0.057,2001615344.71,11.4098233498,-3.8994,117680611.94,149.55,-30.5714,4.014064175451,1.39,0.024690716375,15.3354359678,化学纤维,2026-04-14
5876,300768,迪普科技,0.05,279032589.26,9.5737700897,-16.8267,30596616.96,-16.6,-55.5125,5.198239676341,0.92,-0.06609718191,62.0460158074,软件开发,2026-04-14
5877,002648,卫星化学,0.47,12328965786.39,40.0268544456,-7.8074,1568469323.36,53.38,-34.0728,9.445782668269,5.05,0.474523486666,21.6806355789,化学原料,2026-04-14
5878,002150,正泰电源,0.05,807600898.9,18.0144229625,-13.1666,18314579.59,19.7,-83.3095,5.291571198597,0.96,-0.193541921107,26.9962344516,光伏设备,2026-04-14
5879,002134,天津普林,0.0,297634723.49,20.6928431948,-0.3846,506766.02,-94.92,-82.6816,1.964216894604,0.11,0.135070146985,10.9728980399,元件,2026-04-14
5880,000933,神火股份,0.321,9631944767.84,17.1288387437,-4.2419,708261558.54,-35.05,-7.8258,9.98588497843,3.21,0.750330713522,14.9254764302,工业金属,2026-04-14
5881,000430,张家界,-0.04,58989315.41,0.6390612414,-51.4094,-31247497.56,32.77,93.9603,0.638779285449,-11.4,-0.075184219076,-5.4147816563,旅游及景区,2026-04-14
5882,920394,民士达,0.21,115085499.96,27.4250047094,-8.6394,30550526.07,49.92,2.5753,5.10718079788,4.18,0.193432025573,39.7088974075,造纸,2026-04-13
5883,002998,优彩资源,0.05,604693337.23,15.0507966627,-18.4396,15503052.54,-56.32,217.1843,5.060244641812,0.89,-0.290587787761,6.2839010686,化学纤维,2026-04-13
5884,688475,萤石网络,0.18,1380258421.19,11.5899486034,-6.6948,138056259.1,10.42,6.895,7.152437047073,2.48,-0.082824527581,42.5472619318,计算机设备,2026-04-11
5885,603063,禾望电气,0.24,773511138.4,41.0225721807,-45.5942,105360974.25,90.35,-43.736,10.225212546676,2.37,-0.15049290617,38.4063218307,风电设备,2026-04-11
5886,600550,保变电气,0.015,1478942440.95,120.3838135068,-5.6392,28310686.27,1250.51,137.4153,0.34229449222,4.6,-0.327971339341,9.2962116634,电网设备,2026-04-11
5887,600379,宝光股份,0.0568,318834978.46,-20.5407453747,5.2662,18746381.49,16.12,-12.043,2.3328519182,2.4611,-0.196382242242,19.2704275851,电网设备,2026-04-11
5888,000400,许继电气,0.2054,2348151832.86,-16.4218859659,-68.7042,207580192.56,-12.47,-6.593,11.304879978331,1.82,0.159846503245,23.4692891877,电网设备,2026-04-11
5889,603588,高能环境,0.147,3308169094.62,5.8588996604,8.5118,224563024.62,15.75,383.7328,6.086501205848,2.452,0.172310064596,18.8576841212,环境治理,2026-04-10
5890,300610,晨化股份,0.13,216209646.25,-4.3232719773,-4.2454,27020921.05,23.05,56.9958,5.502872968203,2.31,0.098335322531,20.6115491205,化学制品,2026-04-10
5891,300442,润泽科技,0.25,1198007005.48,21.4004795293,31.9644,430171336.88,-9.29,55.5252,6.028278760217,4.23,0.504689255436,49.7250221664,通信服务,2026-04-10
5892,002865,钧达股份,-0.46,1874923564.6,-49.5199516544,7.1362,-105889418.57,-636.04,39.2348,16.512179940959,-36.54,-1.346023836641,5.8765537727,光伏设备,2026-04-10
5893,688252,天德钰,0.17,554270119.55,60.5237295537,-10.3302,70568105.32,116.96,-14.8644,5.513901762329,3.18,-0.057391762915,24.4633747531,半导体,2026-04-09
5894,002072,凯瑞德,-0.0069,133336225.63,-5.9893012256,6.3923,-2553392.67,-284.92,-441.3974,0.132934151898,-5.09,-0.003838634927,0.5340430079,贸易Ⅱ,2026-04-09
5895,688041,海光信息,0.22,2400148814.98,50.7555521886,-20.6722,505894195.29,75.33,24.8283,8.941502970245,2.47,1.085098676804,61.1949319314,半导体,2026-04-08
5896,002306,ST云网,-0.0078,27569016.52,-8.6776255316,-85.0198,-6427322.61,54.89,-222.275,-0.028049266346,,-0.013341232497,22.4954102933,酒店餐饮,2026-04-08
5897,002107,沃华医药,0.04,217836836.34,1.1702766632,16.4189,22859812.88,136.47,69.4104,1.24777570969,3.23,0.083447441293,73.0081848837,中药Ⅱ,2026-04-08
5898,874916,科迈捷,0.17,12063376.9,,,1323484.9,,,7.19516299125,2.33,-0.05297681125,63.8826986331,,2026-01-15
5899,875029,百图股份,0.7,111122667.48,,,24401104.28,,,23.480393339863,2.9,0.545606402452,40.3853125089,,2026-01-12
5900,874042,华脉泰科,0.02,47343678.06,34.6585931685,-34.7093,1720815.87,219.17,115.4686,5.828261492759,0.46,-0.181949112242,68.7393424498,,2026-01-06
5901,875067,海思特,0.33,15383679.85,,,5276092.82,,,5.99476521,5.5,0.39262984375,59.5937136588,,2025-12-31
5902,875066,数字冰雹,0.28,30086466.01,,,2842141.46,,,4.971886208,5.96,-0.138002772,45.509299914,,2025-12-31
5903,874935,先普科技,0.05,29603698.15,,,4327225.65,,,3.621550321,1.5,0.139667577875,50.4147466454,,2025-12-31
5904,874917,卡松科技,0.03,71772267.27,,,2511221.82,,,2.646010403951,1.25,-0.228173800929,15.6758930405,,2025-12-31
5905,874936,海瑞斯,0.1175,85326168.8,,,8274510.31,,,1.241237506775,9.94,0.500646076782,33.8057441412,,2025-12-30
5906,874892,迅扬科技,0.32,126904736.39,,,17671595.35,,,9.267300575912,3.52,0.530571810401,26.7685932743,,2025-12-29
5907,875069,琦星智能,0.19,184670036.26,,,17187604.77,,,4.356471663333,4.48,-0.840488129222,23.5243181459,,2025-12-26
5908,875020,亨龙智能,0.03,53716158.07,,,1595093.34,,,4.46526189145,0.74,0.533217422416,27.8193736986,,2025-12-24
5909,874906,美兰生物,0.03,99770383.25,,,6756479.12,,,1.29267018759,2.17,0.093508579841,35.1132630033,,2025-12-24
5910,875061,智微电子,-0.14,15143313.01,,,-8983615.08,,,4.497391611058,-3.16,-0.295812364583,47.383198216,,2025-12-23
5911,874830,兵设集团,0.12,372834121.98,,,20155685.55,,,9.215465339846,1.29,-0.725092240157,25.7814137181,,2025-12-22
5912,874959,英谷激光,0.23,38144903.21,,,6827385.88,,,8.238687856333,2.8,0.043831036667,49.8477527006,,2025-12-19
5913,875038,明信测试,0.15,75327416.92,,,8595684.9,,,3.226351288954,4.79,1.228576084959,31.3613381501,,2025-12-17
5914,875026,华农恒青,0.01,339411596.02,,,1153662.41,,,2.329469678889,0.39,-0.432758814921,8.1443594928,,2025-12-17
5915,874890,法拉迪,0.02,44053556.57,,,1140798.1,,,1.7389319506,1.35,-0.4771800002,19.3042254068,,2025-12-17
5916,874707,嘉乐智能,0.04,340148084.13,,,5074000.45,,,9.454111978096,0.44,-0.263451622373,14.158658948,,2025-12-17
5917,874850,伏达半导,-0.06,133532662.27,,,-22114489.42,,,1.128027149528,-5.46,-0.03025243075,37.364711803,,2025-12-16
5918,874991,领图电测,0.08,18459475.36,,,2650817.82,,,2.476245172664,3.44,-0.205433693182,49.9565157197,,2025-12-11
5919,874926,青蛙泵业,0.18,99394090.98,,,13666872.44,,,7.2776324652,2.54,-0.355572244,33.6736930234,,2025-12-08
5920,874897,天大股份,0.2,151909189.33,,27.731,16428151.12,,147.5592,7.224384984584,2.8,-0.201171908962,24.6453616698,,2025-12-08
5921,875018,风华股份,-0.0034,260222496.43,,,-480884.0,,,2.582336216912,-0.13,0.052670520443,7.9361635113,,2025-12-03
5922,874813,擎科生物,0.09,126965351.62,,,6704939.3,,,11.932949640536,0.77,-0.172336837855,44.9880921536,,2025-12-02
5923,874833,辽拓大益,-0.21,29606014.31,,,-6657203.27,,,3.809114895345,-5.47,0.260736483037,8.7392747396,,2025-11-25
5924,875001,宝龙电机,0.33,15904113.32,,-32.5703,1662799.17,,-65.1049,11.813741442,2.86,-0.450237772,30.850341929,,2025-10-10
5925,832010,亘古电缆,0.11,398599336.73,30.3303254397,,18150950.76,-31.76,,6.134310702509,1.74,-0.157304782442,11.5419687417,,2025-09-19
5926,874718,百诺医药,0.46,131675890.03,27.494796836,-29.5477,36310066.19,157.1312738943,-37.1214,6.696143919153,7.06,-0.513307154498,74.0516852689,,2025-09-18
5927,874161,申兰华,0.1781,200087489.42,28.2520390166,,13359219.13,42.3244977666,,10.186502303733,1.77,-0.858919825867,21.648286095,,2025-09-18
5928,874588,固力发,,183081206.28,7.6993467189,-36.3496,16541641.51,10.6394877116,-52.821,5.774648012857,2.18,0.043010131203,31.9260676438,,2025-09-15
5929,874505,樱桃谷,0.09,81348717.91,,,34659150.38,,,2.276028537025,3.89,0.0461555283,51.6505351277,,2025-09-05
5930,400290,R长药1,-0.1736,45795675.76,-22.5007446558,331.1861,-60812317.13,-28.01,86.3952,-1.409083903803,,-0.205048175251,-3.7237409465,,2025-08-26
5931,874022,海图科技,0.14,32216497.19,15.1006424364,,6763195.34,2.8156268538,,3.155897280082,4.39,-0.166903961662,54.165982593,,2025-07-24
5932,874311,东盛金材,0.22,173097967.56,-1.9682125782,-5.2828,11462359.61,-16.8320374261,17.7272,10.816861838627,2.1,0.262925222549,13.0867064064,,2025-07-17
5933,874461,紫江新材,0.18,155350468.32,,,10122576.41,,,9.009377961033,,-0.107462445481,21.4021804952,,2025-07-16
5934,874058,九州风神,0.1691,247290104.78,-31.397146676,,13118508.91,-77.1738106863,,10.836581730564,1.57,-0.452220321547,28.035414592,,2025-06-27
5935,874031,翰林航宇,-0.02,79188620.09,29.0622769263,-48.6356,-983981.89,44.2518683715,-108.2579,6.054578576114,-0.31,-0.206171807962,33.1469743887,,2025-06-27
5936,872709,巍特环境,0.19,70879798.93,26.344147645,-38.5108,10721880.3,44.5531449402,-34.4337,6.590178681449,2.86,-0.396861691998,34.2408540182,,2025-06-27
5937,833070,三耐环保,0.42,58871006.22,-55.119177759,3442.108,15181100.66,-48.3251616171,391.8626,7.584720442975,5.69,0.14402999146,40.1255186836,,2025-06-27
5938,870355,建院股份,0.12,266456290.39,-2.1701518949,-36.7366,12808600.93,-60.9960620179,-63.2211,4.790653043929,2.46,-1.143353034652,7.1655380483,,2025-06-26
5939,873864,旭辉电气,0.05,33966693.29,21.354410459,-65.919,6988913.34,115.5631444621,-70.849,2.53338067051,2.19,0.165619143843,38.5076059313,,2025-06-24
5940,874118,华来科技,0.14,143678796.05,-27.9593250117,-31.4989,8338755.95,-34.0294156769,-81.8692,7.984479050167,1.76,0.734191755,25.6955021861,,2025-06-23
5941,874508,天健新材,0.33,241612827.25,21.0387166675,-31.1439,14103568.89,6.6654972784,-22.754,10.228936352344,3.28,0.184744485542,16.5903603075,,2025-06-20
5942,874343,新纳科技,0.06,256809923.05,-6.3984928186,,23315200.75,103.7655855756,,2.608965593132,2.38,0.020889466079,27.6156194931,,2025-06-20
5943,874242,美亚科技,0.25,89301179.06,3.000692568,-19.3243,17173549.59,3.8737451616,-1.0674,8.932221154132,2.85,-0.517738974563,53.5934129916,,2025-06-19
5944,874670,高腾机电,0.37,127124142.75,-11.0501476903,-7.4736,21100429.01,-28.3459641164,-14.4527,12.604649358915,2.96,-0.511035146729,35.100396915,,2025-06-17
5945,873808,永超新材,0.3,57416043.64,0.3541256802,-9.1272,11591806.44,32.1560673065,21.0188,6.232735914541,4.86,0.299604084184,35.5500710359,,2025-06-17
5946,873994,立洲精密,0.08,51702910.82,4.862117322,,12196647.38,7.7222918129,,2.053524858347,3.87,0.091342357389,42.1939456097,,2025-06-16
5947,871757,太重向明,-0.01,53142807.16,,,-815444.46,,,2.963732372501,,-0.204568470755,14.462459495,,2025-06-14
5948,920093,信胜科技,0.31,275538759.1,34.6660209865,-10.4275,32808342.71,118.4734690863,-29.3384,4.369359651333,7.42,0.06490121381,25.6024184584,,2025-06-13
5949,874649,弥富科技,0.33,66460590.93,38.9044365123,-29.5124,19214723.27,70.3214751525,-31.8627,7.517610918025,4.46,0.038422657115,45.8423935654,,2025-06-13
5950,874573,信胜科技,0.31,275538759.1,34.6660209865,-10.4275,32808342.71,118.4734690863,-29.3384,4.369359651333,7.42,0.06490121381,25.6024184584,,2025-06-13
5951,874568,志达精密,0.17,235554442.5,11.0509342375,,19691330.4,6.8211096822,,4.792904361467,,0.352100121442,15.2527934429,,2025-06-12
5952,874839,广州医药,,14312691282.38,0.5520856272,8.0769,137072281.51,-23.9025644883,-23.1743,3.017272518961,,-0.930088179608,5.9599223358,,2025-06-11
5953,874380,卓海科技,-0.06,49732371.13,181.7777066584,-71.1668,-4398239.93,49.4302242345,-111.9437,10.503081448343,-0.58,-0.610952934452,34.6090444492,,2025-06-11
5954,874175,中环洁,0.05,543894317.5,2.9473388706,-9.1076,43867769.5,-7.3335404865,-25.5086,1.789199236072,2.59,0.004231783582,28.4963378129,,2025-06-11
5955,920178,锐翔智能,0.75,166420876.96,152.3318029842,-32.724,38935360.54,232.8751822019,-34.9265,9.186673842238,8.47,-0.19856290248,47.247572544,自动化设备,2025-06-10
5956,873902,晶阳机电,0.1221,42838221.79,-55.6732075551,-56.4687,6246580.09,-67.2813861998,-48.8765,5.264735943109,2.35,-0.098078864125,30.9662645313,,2025-06-09
5957,873855,新富科技,1.12,431889472.51,60.1022670333,10.8117,38835678.51,344.3810709993,48.5706,12.860277770193,8.93,-1.91345790982,24.2171669321,,2025-06-09
5958,920200,振宏股份,0.34,280943033.52,53.7755042741,-9.3039,26778375.45,205.0600252436,-14.2307,7.604069945836,4.58,-0.464460230388,19.9617055662,风电设备,2025-06-03
5959,874250,新吴光电,0.22,85639779.57,16.5823595638,-3.0523,12975773.4,9.0292620862,5.1221,7.325136284736,3.12,0.263713633218,31.0735247494,,2025-06-03
5960,873827,岷山环能,0.07,812935182.31,26.7709516714,-10.3075,14612660.62,32.0263210635,-31.7699,3.798867995447,1.96,-0.308272146483,4.3860968963,,2025-06-03
5961,874677,唐兴科技,0.18,90234737.9,49.9813928041,-32.057,15425383.79,35.3235448124,-53.0236,6.44646911223,2.88,-0.130185414605,45.2436093794,,2025-05-30
5962,874548,艾克姆,0.53,112979801.91,3.4668728396,-26.7813,20583282.67,-0.8936409331,-21.0058,10.576749791026,5.12,0.422387982821,24.9897946648,,2025-05-30
5963,873384,瑞克科技,0.7376,124095817.92,14.9013484001,,23186690.04,-8.9471911043,,14.460406035208,5.24,-0.134200156846,34.5313837712,,2025-05-30
5964,874662,建工资源,0.04,96580485.31,33.1680104821,-55.8045,4189229.66,167.7902369568,-86.7158,3.979759109064,0.93,-0.403511386477,17.809961945,,2025-05-29
5965,874549,莱恩精工,0.37,265953476.69,25.8552427845,-9.7943,18958811.19,34.2785227687,-37.5807,13.940190350346,2.69,1.857777225241,19.3679363064,,2025-05-29
5966,874688,华达通,0.33,82392700.96,9.6014764419,-10.9371,16801683.08,7.4433226806,44.6703,7.473421991423,16.85,0.367953948733,37.2417790441,,2025-05-28
5967,874127,顶立科技,0.27,75312556.01,-16.165830475,-62.7422,10777566.34,-42.3865813131,-69.5829,26.602786036922,1.02,-0.763042605333,45.7064877806,,2025-05-27
5968,920096,嘉晨智能,0.29,92600380.52,3.7887151492,-20.1223,15005510.25,21.4049588428,-4.4365,7.499447938039,4.0,-0.428342155882,34.4750069716,自动化设备,2025-05-26
5969,874652,睿健医疗,0.12,145036095.85,43.8913522825,2.5809,36171069.91,15.68,2.4661,2.952851935962,4.11,0.134044991898,48.2886848198,,2025-05-23
5970,874431,英氏控股,0.54,540071564.97,12.2904498807,2.9823,81169313.27,5.3576794953,256.766,6.868190384915,8.17,0.454197847279,59.2123432286,,2025-05-23
5971,874603,艾科维,0.49,153891912.95,-28.4476206884,-0.552,39116931.95,-44.6340944637,158.8291,9.137252332375,5.51,0.23431137875,34.5059711015,,2025-05-20
5972,874570,斯瑞达,0.29,78450133.89,16.8861504618,-11.3129,16470444.41,-15.6773490088,-10.2201,5.171647168181,5.8,0.359193589567,38.839724471,,2025-05-16
5973,874553,沛城科技,0.75,246843785.21,94.3990876249,6.7894,37252772.99,186.5652043453,11.321,8.9763742812,8.66,0.4118034886,29.3574810111,,2025-05-15
5974,872924,雅图高新,0.47,175529539.53,11.3487910369,-21.0958,39261905.15,17.5850816831,-13.7819,8.605043904369,5.59,0.031031891904,43.6363468651,,2025-05-14
5975,874087,东实环境,0.0262,267814288.65,-8.7562359703,-23.0362,13111505.99,-29.0699199738,-48.3253,1.70983160244,1.55,-0.02939949162,35.1849468283,,2025-05-12
5976,874475,拓普泰克,0.58,259912059.36,7.3882790519,-9.7073,26737934.31,7.8321705218,28.7086,11.162162951803,5.32,0.089748873386,22.1940369762,,2025-05-09
5977,873788,锐思环保,,100384297.84,301.4522883761,,22485971.01,1546.3213522092,,8.797084645411,5.06,-0.71734201314,35.0122388623,,2025-05-09
5978,874150,佛光发电,0.06,181158981.62,4.0075563285,,6157478.75,12.57,,2.796046670391,2.07,-0.379086134544,16.6657373319,,2025-04-30
5979,874090,普瑞金,-0.3276,848348.09,385.4129406626,-90.3788,-26206914.77,-6.04,-7.5835,1.026633236,-29.7,-0.128132949,82.855714333,,2025-04-30
5980,874044,兰州助剂,0.1528,96799218.89,7.7645926307,-33.56,17489846.18,40.46,6.1085,4.51566877042,3.44,-0.077281979471,27.6046898171,,2025-04-30
5981,873750,斯贝科技,0.05,303001712.45,85.9867006094,-1.4803,17495886.5,285.9,116.0554,1.572228495557,3.1,-0.182174338717,12.5494238308,,2025-04-30
5982,839205,盛昌电气,0.01,15776649.83,-47.8238177712,-35.6525,441218.37,-55.5,-22.9591,2.327542576331,0.38,0.16592551258,19.4217230719,,2025-04-30
5983,838192,铂联科技,0.08,83893381.9,24.5471320035,-8.6405,12177773.53,75.61,-4.4007,1.705140146268,4.56,0.086509967327,27.25976057,,2025-04-30
5984,420280,锦州港B3,0.01,461552026.14,-4.764453093,-2.3665,23525866.12,255.11,100.5334,-0.069478036829,,-0.352636732159,33.3396644354,,2025-04-30
5985,400292,精伦5,-0.02,18961828.13,-35.9106267042,-50.7434,-9783550.69,-6.1183148402,23.0668,0.249376576361,-7.74,0.002256234378,29.3816867857,,2025-04-30
5986,400287,R东方通1,-0.0547,134294019.34,77.4076718696,-72.6964,-30543067.59,58.12,79.893,5.567169839034,-0.98,-0.040036355673,69.3003363868,,2025-04-30
5987,400286,苏药发3,-0.099,317201141.57,-25.4412386245,750.0014,-70317871.21,-1489.93,-376.8113,2.461369280673,-3.93,-1.297405954591,63.6652142235,,2025-04-30
5988,400284,R元成1,-0.08,36011457.28,25.3373048701,-17.1282,-25322612.11,-12.76,89.5402,2.522780194146,-3.03,0.016461548397,-1.4503586621,,2025-04-30
5989,400280,锦州港A3,0.01,461552026.14,-4.764453093,-2.3665,23525866.12,255.11,100.5334,-0.069478036829,,-0.352636732159,33.3396644354,,2025-04-30
5990,400279,中程3,-0.06,45030248.37,97.173679766,-3.0033,-47154077.82,-10.48,73.5534,0.115421986324,-25.0,-0.066334249641,58.8554061089,,2025-04-30
5991,400278,R九有1,-0.0092,109936942.8,-16.308893267,-21.7665,-5667165.46,-2.4368316649,-109.7085,0.06024542774,-14.16,-0.019788029008,60.1125015821,,2025-04-30
5992,400276,海越3,-0.03,523887262.41,12.748781818,98.8581,-14083867.9,-243.19,95.3364,5.469151446657,-0.51,-0.137028753479,7.164440887,,2025-04-30
5993,400274,人人乐3,-0.1809,129445999.36,-77.8088943769,-36.489,-79616688.11,39.57,-117.0128,-1.09961731025,,-0.1729369595,33.0853390308,,2025-04-30
5994,400272,鹏博士3,-0.07,389310959.4,-16.033625002,-24.2359,-112633452.25,11.680953133,76.8381,-0.057403426787,,0.01069913686,6.6250027895,,2025-04-30
5995,400271,龙宇5,0.029,121432290.02,-77.3397645309,-51.7939,10921174.8,-39.29,104.135,8.866702166906,0.33,-0.163073178145,25.3441422087,,2025-04-30
5996,400265,富润3,-0.02,30661042.51,29.3333176839,-3.7738,-10087679.3,79.870028009,95.0737,0.58331813423,-4.21,-0.0138779692,21.5653527366,,2025-04-30
5997,002731,*ST萃华,0.34,1231027153.15,4.1158547777,10.5702,85954879.71,42.78,-14.0344,7.020631798201,4.9,-0.051904806875,14.6009319494,饰品,2025-04-30
5998,833786,超纯科技,0.05,115683984.49,11.1943189178,,2933822.09,17.33,,4.165780666774,1.14,0.007992123226,13.9322154584,,2025-04-29
5999,832567,伟志股份,0.1,41173310.82,70.87454839,,5934475.03,110.7,,3.086374161358,3.26,-0.190886029734,27.3587044754,,2025-04-29
6000,400288,奥维3,-0.0183,22497720.21,-77.9200625835,-24.0645,-6339407.68,-57.48,78.0405,0.758777465766,-2.38,-0.120156621414,-1.5337569619,,2025-04-29
6001,400285,R广道1,-0.09,5597913.0,59.7574879032,108.8824,-6091309.86,14.63,16.7241,0.976537522444,-8.89,-0.176276683547,53.3652797033,,2025-04-29
6002,400283,高鸿3,-0.04,181919203.79,-50.0075507835,-57.9367,-42690040.18,-140.08,98.0365,0.512333428008,-7.0,0.043631042239,16.529742525,,2025-04-29
6003,400270,龙津5,-0.0102,5901760.59,-77.6350381468,-70.3046,-4079872.65,9.17,87.2955,1.159349500699,-0.87,-0.032082751286,64.504153497,,2025-04-29
6004,400269,R吉药1,-0.0678,63743551.35,-15.5276524717,-18.7955,-45174602.67,-10.58,78.302,-1.233747672698,,-0.015913420295,40.5738794156,,2025-04-29
6005,400080,R华业1,-0.13,215816.75,-92.5014685193,-93.2202,-180512693.26,41.5331582132,73.4769,-10.060335488146,,0.000193510762,-67.2155428158,,2025-04-29
6006,400057,海国油3,-0.8,1343208.31,-70.7368607853,-77.1,-520063881.37,3.95,29.6235,-15.902458250617,,-0.129385024628,-72.3161294319,,2025-04-29
6007,874682,津移通信,0.16,113557569.65,2.21695782,,24712235.7,-4.29,,2.344195445921,7.19,0.428069011447,38.1616653153,,2025-04-28
6008,874189,博威能源,0.01,87708969.89,23.3204066041,-58.9454,786407.87,130.41,101.8857,3.843922290884,0.35,0.45434847593,18.7329336448,,2025-04-28
6009,873815,旭域股份,0.07,49320420.57,-14.3453185465,40.0272,6712386.08,-8.19,169.9577,2.118465167099,3.21,0.026466794915,38.961743955,,2025-04-28
6010,873809,温多利,0.19,42946517.98,-21.8606955578,9.0609,9598929.7,-26.023457775,39.0355,5.99397798,3.25,-0.0001966284,42.0657967391,,2025-04-28
6011,873476,网智股份,-0.04,28226245.31,85.8557687619,,-1453607.9,81.47,,2.501146863461,-1.76,0.07512711547,32.2332896213,,2025-04-28
6012,872663,丰源轮胎,0.03,431484365.39,-4.2945891159,,35310937.88,-43.49,,0.840580635984,3.72,0.005430763063,13.9277727979,,2025-04-28
6013,833063,高华股份,0.004,62810823.68,13.2508422324,,394612.23,108.1836307604,,1.871592268426,0.19,0.118265515456,6.8810026151,,2025-04-28
6014,400275,R工智1,-0.037,106134976.1,-75.2129350361,-80.9855,-28495287.98,-2171.64,87.8186,0.393529246986,-8.97,0.015526941259,16.4877326147,,2025-04-28
6015,400262,嘉寓3,-0.0077,47226957.65,-58.1519557325,-47.7789,-5484756.13,64.49,96.334,-2.744996176503,,0.000696305709,9.3823955437,,2025-04-26
6016,874622,万润光电,0.24,95796836.57,10.2821776337,,13388605.58,11.91,,8.575203088182,2.89,0.210071422727,23.1084865562,,2025-04-25
6017,832127,谊熙加,0.1335,35557520.74,-58.8285833124,,4272641.65,309.46,,1.32706169625,10.59,-0.420400719688,20.6540553367,,2025-04-25
6018,831510,特思达,0.39,64560348.87,148.3587534363,,16499432.89,3205.46,,1.357787003802,33.75,0.166515012833,38.3874889987,,2025-04-25
6019,420273,凌云B5,0.013,23521567.1,30.063544543,12.5432,4548438.16,4132.0,126.0624,1.724832478825,0.7585,-0.024451218023,44.5246975487,,2025-04-25
6020,400289,德邦5,-0.07,10406533961.62,11.9568235691,-13.7571,-68376050.61,-173.69,-119.9039,8.218590761625,-0.81,0.988266574921,3.9929189647,,2025-04-25
6021,400069,吉恩5,0.0,649005845.64,-14.8154139664,23.4897,2533464.87,108.6,-75.8207,3.877610281462,0.08,-0.293405642496,6.2436611353,,2025-04-24
6022,873886,瑞红苏州,0.04,72392168.1,9.7594572482,-4.3851,14102039.96,377.64,-22.5747,4.363616777055,0.9,0.000357962022,30.3905391252,,2025-04-23
