持股日期,当日收盘价,当日涨跌幅,持股数量,持股市值,持股数量占A股百分比,今日增持股数,今日增持资金,今日持股市值变化
2017-03-16,16.13,1.001878522229,2371345,38249794.85,0.64,,,
2017-03-17,16.01,-0.743955362678,2374745,38019667.45,0.64,3400.0,54741.02,-230127.4
2017-03-20,15.99,-0.124921923798,2375645,37986563.55,0.64,900.0,14373.54,-33103.9
2017-03-21,15.94,-0.312695434647,2361545,37643027.3,0.63,-14100.0,-225051.51,-343536.25
2017-03-22,15.58,-2.258469259724,2334245,36367537.1,0.63,-27300.0,-429218.79,-1275490.2
2017-03-23,15.59,0.064184852375,2235845,34856823.55,0.6,-98400.0,-1529933.04,-1510713.55
2017-03-24,15.59,0.0,2241945,34951922.55,0.6,6100.0,94982.49,95099.0
2017-03-27,16.06,3.014753046825,2273145,36506708.7,0.61,31200.0,496145.52,1554786.15
2017-03-28,16.66,3.73599003736,2237045,37269169.7,0.6,-36100.0,-595426.18,762461.0
2017-03-29,16.52,-0.840336134454,2241845,37035279.4,0.6,4800.0,79337.76,-233890.3
2017-03-30,16.07,-2.72397094431,2238645,35975025.15,0.6,-3200.0,-52280.0,-1060254.25
2017-03-31,16.42,2.177971375233,2217145,36405520.9,0.59,-21500.0,-354857.5,430495.75
2017-04-05,16.73,1.887941534714,2140145,35804625.85,0.57,-77000.0,-1277360.7,-600895.05
2017-04-06,16.53,-1.195457262403,2138345,35346842.85,0.57,-1800.0,-29855.16,-457783.0
2017-04-07,16.42,-0.665456745312,1901145,31216800.9,0.51,-237200.0,-3923667.52,-4130041.95
2017-04-10,16.12,-1.827040194884,1842145,29695377.4,0.49,-59000.0,-955204.1,-1521423.5
2017-04-11,16.0,-0.744416873449,1800045,28800720.0,0.48,-42100.0,-666392.48,-894657.4
2017-04-12,15.68,-2.0,1793445,28121217.6,0.48,-6600.0,-104037.78,-679502.4
2017-04-18,14.88,-1.063829787234,1805740,26869411.2,0.48,12295.0,184931.554,-1251806.4
2017-04-19,14.63,-1.680107526882,1888040,27622025.2,0.5,82300.0,1200814.61,752614.0
2017-04-20,14.5,-0.888585099111,1985848,28794796.0,0.53,97808.0,1421531.6912,1172770.8
2017-04-21,14.65,1.034482758621,1996102,29242894.3,0.53,10254.0,150013.9692,448098.3
2017-04-24,14.06,-4.027303754266,1970702,27708070.12,0.53,-25400.0,-361058.46,-1534824.18
2017-04-25,14.06,0.0,1961002,27571688.12,0.52,-9700.0,-136935.87,-136382.0
2017-04-26,14.36,2.133712660028,1997002,28676948.72,0.53,36000.0,513712.8,1105260.6
2017-04-27,14.66,2.089136490251,2019402,29604433.32,0.54,22400.0,322732.48,927484.6
2017-04-28,14.82,1.091405184175,1977202,29302133.64,0.53,-42200.0,-616297.24,-302299.68
2017-05-04,14.42,-1.029512697323,1982802,28592004.84,0.53,5600.0,80654.56,-710128.8
2017-05-05,14.4,-0.138696255201,1953302,28127548.8,0.52,-29500.0,-422510.8,-464456.04
2017-05-08,14.14,-1.805555555556,1957502,27679078.28,0.52,4200.0,59613.96,-448470.52
2017-05-09,14.06,-0.565770862801,1946602,27369224.12,0.52,-10900.0,-151611.37,-309854.16
2017-05-10,13.66,-2.844950213371,1961147,26789268.02,0.52,14545.0,202777.663,-579956.1
2017-05-11,13.29,-2.708638360176,1980247,26317482.63,0.53,19100.0,254232.46,-471785.39
2017-05-12,13.31,0.150489089541,1995247,26556737.57,0.53,15000.0,199353.0,239254.94
2017-05-15,13.36,0.375657400451,1978747,26436059.92,0.53,-16500.0,-220834.35,-120677.65
2017-05-16,14.7,10.02994011976,1953628,28718331.6,0.52,-25119.0,-356554.1574,2282271.68
2017-05-17,15.03,2.244897959184,2088428,31389072.84,0.56,134800.0,2084897.68,2670741.24
2017-05-18,15.21,1.197604790419,2062737,31374229.77,0.55,-25691.0,-387165.9391,-14843.07
2017-05-19,14.58,-4.14201183432,2057237,29994515.46,0.55,-5500.0,-81121.7,-1379714.31
2017-05-22,13.8,-5.349794238683,2204715,30425067.0,0.59,147478.0,2090397.4154,430551.54
2017-05-23,13.27,-3.840579710145,2191515,29081404.05,0.59,-13200.0,-178632.96,-1343662.95
2017-05-24,14.6,10.022607385079,2156015,31477819.0,0.58,-35500.0,-502474.1,2396414.95
2017-05-25,14.88,1.917808219178,2189115,32574031.2,0.59,33100.0,489734.36,1096212.2
2017-05-26,15.11,1.545698924731,2045715,30910753.65,0.55,-143400.0,-2148547.86,-1663277.55
2017-05-31,14.82,-1.919258769027,1985315,29422368.3,0.53,-60400.0,-906289.92,-1488385.35
2017-06-01,14.6,-1.484480431849,1929015,28163619.0,0.52,-56300.0,-836488.51,-1258749.3
2017-06-02,15.57,6.643835616438,2031415,31629131.55,0.54,102400.0,1551534.08,3465512.55
2017-06-05,15.57,0.0,2026015,31545053.55,0.54,-5400.0,-83460.78,-84078.0
2017-06-06,15.52,-0.321130378934,1885515,29263192.8,0.5,-140500.0,-2168434.85,-2281860.75
2017-06-07,15.98,2.963917525773,1881815,30071403.7,0.5,-3700.0,-58797.81,808210.9
2017-06-08,15.92,-0.375469336671,1886815,30038094.8,0.5,5000.0,79722.0,-33308.9
2017-06-09,15.83,-0.565326633166,1886915,29869864.45,0.5,100.0,1572.65,-168230.35
2017-06-12,15.7,-0.821225521162,1886915,29624565.5,0.5,0.0,0.0,-245298.95
2017-06-13,16.15,2.866242038217,1856915,29989177.25,0.5,-30000.0,-481455.0,364611.75
2017-06-14,15.82,-2.043343653251,1856915,29376395.3,0.5,0.0,0.0,-612781.95
2017-06-15,15.99,1.074589127686,1856915,29692070.85,0.5,0.0,0.0,315675.55
2017-06-16,7.9,-0.62893081761,3712830,29331357.0,1.0,-1000.0,-7928.2,-360713.85
2017-06-19,7.8,-1.26582278481,3712430,28956954.0,1.0,-400.0,-3102.56,-374403.0
2017-06-20,7.75,-0.641025641026,3695530,28640357.5,0.49,-16900.0,-131902.81,-316596.5
2017-06-21,7.76,0.129032258065,3694530,28669552.8,0.49,-1000.0,-7685.5,29195.3
2017-06-22,7.53,-2.963917525773,3694430,27819057.9,0.49,-100.0,-767.62,-850494.9
2017-06-23,7.44,-1.195219123506,3694430,27486559.2,0.49,0.0,0.0,-332498.7
2017-06-26,7.81,4.97311827957,3692730,28840221.3,0.49,-1700.0,-13061.44,1353662.1
2017-06-27,7.76,-0.640204865557,3692730,28655584.8,0.49,0.0,0.0,-184636.5
2017-06-28,7.82,0.773195876289,3692730,28877148.6,0.49,0.0,0.0,221563.8
2017-06-29,7.71,-1.406649616368,3692730,28470948.3,0.49,0.0,0.0,-406200.3
2017-06-30,7.72,0.129701686122,3692730,28507875.6,0.49,0.0,0.0,36927.3
2017-07-03,7.66,-0.777202072539,3692730,28286311.8,0.49,0.0,0.0,-221563.8
2017-07-04,7.53,-1.697127937337,3692730,27806256.9,0.49,0.0,0.0,-480054.9
2017-07-05,7.79,3.452855245684,3692730,28766366.7,0.49,0.0,0.0,960109.8
2017-07-06,7.86,0.898587933248,3575330,28102093.8,0.48,-117400.0,-920040.32,-664272.9
2017-07-07,8.0,1.781170483461,3341630,26733040.0,0.45,-233700.0,-1867893.99,-1369053.8
2017-07-10,7.99,-0.125,3220630,25732833.7,0.43,-121000.0,-965713.1,-1000206.3
2017-07-11,7.89,-1.251564455569,3195030,25208786.7,0.43,-25600.0,-204357.12,-524047.0
2017-07-12,7.9,0.126742712294,3195030,25240737.0,0.43,0.0,0.0,31950.3
2017-07-13,8.05,1.898734177215,3195030,25719991.5,0.43,0.0,0.0,479254.5
2017-07-14,7.98,-0.869565217391,3195030,25496339.4,0.43,0.0,0.0,-223652.1
2017-07-17,7.47,-6.390977443609,3195030,23866874.1,0.43,0.0,0.0,-1629465.3
2017-07-18,7.55,1.070950468541,3195030,24122476.5,0.43,0.0,0.0,255602.4
2017-07-19,7.75,2.649006622517,3195030,24761482.5,0.43,0.0,0.0,639006.0
2017-07-20,7.65,-1.290322580645,3195030,24441979.5,0.43,0.0,0.0,-319503.0
2017-07-21,7.62,-0.392156862745,3195030,24346128.6,0.43,0.0,0.0,-95850.9
2017-07-24,7.84,2.887139107612,3194830,25047467.2,0.43,-200.0,-1552.56,701338.6
2017-07-25,7.66,-2.295918367347,3194830,24472397.8,0.43,0.0,0.0,-575069.4
2017-07-26,7.62,-0.522193211488,3194830,24344604.6,0.43,0.0,0.0,-127793.2
2017-07-27,7.71,1.181102362205,3194830,24632139.3,0.43,0.0,0.0,287534.7
2017-07-28,7.71,0.0,3194830,24632139.3,0.43,0.0,0.0,0.0
2017-07-31,7.84,1.686121919585,3193630,25038059.2,0.43,-1200.0,-9279.72,405919.9
2017-08-01,7.81,-0.382653061224,3193630,24942250.3,0.43,0.0,0.0,-95808.9
2017-08-02,8.04,2.944942381562,3193586,25676431.44,0.43,-44.0,-350.1168,734181.14
2017-08-03,8.54,6.218905472637,3193586,27273224.44,0.43,0.0,0.0,1596793.0
2017-08-04,8.41,-1.52224824356,3193586,26858058.26,0.43,0.0,0.0,-415166.18
2017-08-07,8.4,-0.118906064209,3191986,26812682.4,0.43,-1600.0,-13362.08,-45375.86
2017-08-08,8.41,0.119047619048,3131786,26338320.26,0.42,-60200.0,-510977.6,-474362.14
2017-08-09,8.34,-0.832342449465,3131786,26119095.24,0.42,0.0,0.0,-219225.02
2017-08-10,8.3,-0.479616306954,3130386,25982203.8,0.42,-1400.0,-11609.64,-136891.44
2017-08-11,7.98,-3.855421686747,3080386,24581480.28,0.41,-50000.0,-403845.0,-1400723.52
2017-08-14,8.11,1.629072681704,3080386,24981930.46,0.41,0.0,0.0,400450.18
2017-08-15,8.4,3.575832305795,3080386,25875242.4,0.41,0.0,0.0,893311.94
2017-08-16,8.29,-1.309523809524,3080386,25536399.94,0.41,0.0,0.0,-338842.46
2017-08-17,8.32,0.361881785283,3080386,25628811.52,0.41,0.0,0.0,92411.58
2017-08-18,8.59,3.245192307692,3080386,26460515.74,0.41,0.0,0.0,831704.22
2017-08-21,8.77,2.09545983702,3075386,26971135.22,0.41,-5000.0,-43859.0,510619.48
2017-08-22,8.49,-3.192702394527,3025386,25685527.14,0.4,-50000.0,-428315.0,-1285608.08
2017-08-24,8.41,-0.118764845606,3025386,25443496.26,0.4,0.0,0.0,-242030.88
2017-08-25,8.48,0.832342449465,3025386,25655273.28,0.4,0.0,0.0,211777.02
2017-08-28,8.44,-0.471698113208,3025386,25534257.84,0.4,0.0,0.0,-121015.44
2017-08-29,8.37,-0.829383886256,3025386,25322480.82,0.4,0.0,0.0,-211777.02
2017-08-30,8.33,-0.477897252091,3025386,25201465.38,0.4,0.0,0.0,-121015.44
2017-08-31,8.31,-0.240096038415,3025386,25140957.66,0.4,0.0,0.0,-60507.72
2017-09-01,8.34,0.361010830325,2999330,25014412.2,0.4,-26056.0,-216723.3856,-126545.46
2017-09-04,8.28,-0.719424460432,2998530,24827828.4,0.4,-800.0,-6644.64,-186583.8
2017-09-05,8.47,2.294685990338,2992930,25350117.1,0.4,-5600.0,-46940.32,522288.7
2017-09-06,8.52,0.590318772137,2992930,25499763.6,0.4,0.0,0.0,149646.5
2017-09-07,8.36,-1.8779342723,2992930,25020894.8,0.4,0.0,0.0,-478868.8
2017-09-08,8.34,-0.239234449761,2992930,24961036.2,0.4,0.0,0.0,-59858.6
2017-09-11,8.24,-1.199040767386,2992930,24661743.2,0.4,0.0,0.0,-299293.0
2017-09-12,8.22,-0.242718446602,2992930,24601884.6,0.4,0.0,0.0,-59858.6
2017-09-13,8.34,1.459854014599,2992930,24961036.2,0.4,0.0,0.0,359151.6
2017-09-14,8.23,-1.318944844125,2992930,24631813.9,0.4,0.0,0.0,-329222.3
2017-09-15,8.19,-0.48602673147,2992930,24512096.7,0.4,0.0,0.0,-119717.2
2017-09-18,8.34,1.831501831502,2992930,24961036.2,0.4,0.0,0.0,448939.5
2017-09-19,8.61,3.237410071942,2980930,25665807.3,0.4,-12000.0,-102206.4,704771.1
2017-09-20,8.84,2.67131242741,2980930,26351421.2,0.4,0.0,0.0,685613.9
2017-09-21,8.94,1.131221719457,2980930,26649514.2,0.4,0.0,0.0,298093.0
2017-09-22,8.82,-1.342281879195,2980930,26291802.6,0.4,0.0,0.0,-357711.6
2017-09-25,8.84,0.226757369615,2980930,26351421.2,0.4,0.0,0.0,59618.6
2017-09-26,9.0,1.809954751131,2980930,26828370.0,0.4,0.0,0.0,476948.8
2017-09-27,9.3,3.333333333333,2980930,27722649.0,0.4,0.0,0.0,894279.0
2017-09-28,9.3,0.0,2980930,27722649.0,0.4,0.0,0.0,0.0
2017-09-29,9.38,0.860215053763,2980930,27961123.4,0.4,0.0,0.0,238474.4
2017-10-09,9.78,4.264392324094,2980930,29153495.4,0.4,0.0,0.0,1192372.0
2017-10-10,9.91,1.329243353783,2980930,29541016.3,0.4,0.0,0.0,387520.9
2017-10-11,9.6,-3.128153380424,2980930,28616928.0,0.4,0.0,0.0,-924088.3
2017-10-12,9.74,1.458333333333,2980930,29034258.2,0.4,0.0,0.0,417330.2
2017-10-13,9.58,-1.642710472279,2980890,28556926.2,0.4,-40.0,-383.716,-477332.0
2017-10-16,9.61,0.313152400835,2980890,28646352.9,0.4,0.0,0.0,89426.7
2017-10-17,9.53,-0.832466181061,2980890,28407881.7,0.4,0.0,0.0,-238471.2
2017-10-18,9.58,0.524658971668,2980890,28556926.2,0.4,0.0,0.0,149044.5
2017-10-19,8.83,-7.828810020877,2980890,26321258.7,0.4,0.0,0.0,-2235667.5
2017-10-20,9.09,2.944507361268,2980890,27096290.1,0.4,0.0,0.0,775031.4
2017-10-23,9.1,0.1100110011,2980890,27126099.0,0.4,0.0,0.0,29808.9
2017-10-24,9.02,-0.879120879121,2980890,26887627.8,0.4,0.0,0.0,-238471.2
2017-10-25,9.11,0.9977827051,2980890,27155907.9,0.4,0.0,0.0,268280.1
2017-10-26,9.11,0.0,2980890,27155907.9,0.4,0.0,0.0,0.0
2017-10-27,8.97,-1.536772777168,2980890,26738583.3,0.4,0.0,0.0,-417324.6
2017-10-30,8.75,-2.452619843924,2980890,26082787.5,0.4,0.0,0.0,-655795.8
2017-10-31,8.75,0.0,2980890,26082787.5,0.4,0.0,0.0,0.0
2017-11-01,8.96,2.4,2980890,26708774.4,0.4,0.0,0.0,625986.9
2017-11-02,8.78,-2.008928571429,2980890,26172214.2,0.4,0.0,0.0,-536560.2
2017-11-03,8.57,-2.391799544419,2980890,25546227.3,0.4,0.0,0.0,-625986.9
2017-11-06,8.64,0.816802800467,2980890,25754889.6,0.4,0.0,0.0,208662.3
2017-11-07,8.83,2.199074074074,2972890,26250618.7,0.4,-8000.0,-69296.0,495729.1
2017-11-08,9.09,2.944507361268,2972890,27023570.1,0.4,0.0,0.0,772951.4
2017-11-09,9.11,0.2200220022,2972890,27083027.9,0.4,0.0,0.0,59457.8
2017-11-10,8.98,-1.427003293085,2972690,26694756.2,0.4,-200.0,-1802.24,-388271.7
2017-11-13,9.02,0.445434298441,2972690,26813663.8,0.4,0.0,0.0,118907.6
2017-11-14,8.6,-4.656319290466,2972690,25565134.0,0.4,0.0,0.0,-1248529.8
2017-11-15,8.55,-0.581395348837,2972690,25416499.5,0.4,0.0,0.0,-148634.5
2017-11-16,8.45,-1.169590643275,2972690,25119230.5,0.4,0.0,0.0,-297269.0
2017-11-17,8.12,-3.905325443787,2972290,24134994.8,0.4,-400.0,-3360.4,-984235.7
2017-11-20,8.02,-1.231527093596,2972290,23837765.8,0.4,0.0,0.0,-297229.0
2017-11-21,7.82,-2.493765586035,2972290,23243307.8,0.4,0.0,0.0,-594458.0
2017-11-22,7.62,-2.557544757033,2972290,22648849.8,0.4,0.0,0.0,-594458.0
2017-11-23,7.61,-0.131233595801,2972290,22619126.9,0.4,0.0,0.0,-29722.9
2017-11-24,7.64,0.394218134034,2969490,22686903.6,0.4,-2800.0,-21266.28,67776.7
2017-11-27,7.52,-1.570680628272,2969490,22330564.8,0.4,0.0,0.0,-356338.8
2017-11-28,7.7,2.393617021277,2969490,22865073.0,0.4,0.0,0.0,534508.2
2017-11-29,7.75,0.649350649351,2969490,23013547.5,0.4,0.0,0.0,148474.5
2017-11-30,7.69,-0.774193548387,2969490,22835378.1,0.4,0.0,0.0,-178169.4
2017-12-01,8.08,5.071521456437,2969490,23993479.2,0.4,0.0,0.0,1158101.1
2017-12-04,7.95,-1.608910891089,2969490,23607445.5,0.4,0.0,0.0,-386033.7
2017-12-05,7.81,-1.761006289308,2969490,23191716.9,0.4,0.0,0.0,-415728.6
2017-12-06,7.92,1.408450704225,2969490,23518360.8,0.4,0.0,0.0,326643.9
2017-12-07,7.78,-1.767676767677,2969490,23102632.2,0.4,0.0,0.0,-415728.6
2017-12-08,7.83,0.642673521851,2969490,23251106.7,0.4,0.0,0.0,148474.5
2017-12-11,7.77,-0.766283524904,2969490,23072937.3,0.4,0.0,0.0,-178169.4
2017-12-12,7.55,-2.831402831403,2969490,22419649.5,0.4,0.0,0.0,-653287.8
2017-12-13,7.4,-1.986754966887,2969490,21974226.0,0.4,0.0,0.0,-445423.5
2017-12-14,7.75,4.72972972973,2969490,23013547.5,0.4,0.0,0.0,1039321.5
2017-12-15,7.98,2.967741935484,2969490,23696530.2,0.4,0.0,0.0,682982.7
2017-12-18,7.84,-1.754385964912,2969490,23280801.6,0.4,0.0,0.0,-415728.6
2017-12-19,7.89,0.637755102041,2969490,23429276.1,0.4,0.0,0.0,148474.5
2017-12-20,7.83,-0.760456273764,2969490,23251106.7,0.4,0.0,0.0,-178169.4
2017-12-21,7.89,0.766283524904,2969490,23429276.1,0.4,0.0,0.0,178169.4
2017-12-27,7.44,1.362397820163,2969490,22093005.6,0.4,0.0,0.0,-1336270.5
2017-12-28,7.44,0.0,2969490,22093005.6,0.4,0.0,0.0,0.0
2017-12-29,7.37,-0.940860215054,2969490,21885141.3,0.4,0.0,0.0,-207864.3
2018-01-02,7.39,0.271370420624,2969490,21944531.1,0.4,0.0,0.0,59389.8
2018-01-03,7.44,0.676589986468,2969490,22093005.6,0.4,0.0,0.0,148474.5
2018-01-04,7.53,1.209677419355,2969490,22360259.7,0.4,0.0,0.0,267254.1
2018-01-05,7.44,-1.195219123506,2969490,22093005.6,0.4,0.0,0.0,-267254.1
2018-01-08,7.47,0.403225806452,2969490,22182090.3,0.4,0.0,0.0,89084.7
2018-01-09,7.49,0.267737617135,2969490,22241480.1,0.4,0.0,0.0,59389.8
2018-01-10,7.47,-0.267022696929,2969490,22182090.3,0.4,0.0,0.0,-59389.8
2018-01-11,7.41,-0.803212851406,2969490,22003920.9,0.4,0.0,0.0,-178169.4
2018-01-12,7.37,-0.539811066127,2969490,21885141.3,0.4,0.0,0.0,-118779.6
2018-01-15,7.3,-0.949796472185,2969490,21677277.0,0.4,0.0,0.0,-207864.3
2018-01-16,7.13,-2.328767123288,2969490,21172463.7,0.4,0.0,0.0,-504813.3
2018-01-17,6.99,-1.963534361851,2969490,20756735.1,0.4,0.0,0.0,-415728.6
2018-01-18,6.93,-0.858369098712,2969490,20578565.7,0.4,0.0,0.0,-178169.4
2018-01-19,7.62,9.95670995671,2969290,22625989.8,0.4,-200.0,-1524.0,2047424.1
2018-01-22,8.26,8.398950131234,2969290,24526335.4,0.4,0.0,0.0,1900345.6
2018-01-23,7.79,-5.690072639225,2969290,23130769.1,0.4,0.0,0.0,-1395566.3
2018-01-24,7.61,-2.310654685494,2969290,22596296.9,0.4,0.0,0.0,-534472.2
2018-01-25,7.62,0.131406044678,2969290,22625989.8,0.4,0.0,0.0,29692.9
2018-01-26,7.56,-0.787401574803,2969290,22447832.4,0.4,0.0,0.0,-178157.4
2018-01-29,7.31,-3.306878306878,2969290,21705509.9,0.4,0.0,0.0,-742322.5
2018-01-30,7.31,0.0,2969290,21705509.9,0.4,0.0,0.0,0.0
2018-01-31,7.09,-3.009575923393,2969290,21052266.1,0.4,0.0,0.0,-653243.8
2018-02-01,6.77,-4.513399153738,2969290,20102093.3,0.4,0.0,0.0,-950172.8
2018-02-02,6.77,0.0,2969290,20102093.3,0.4,0.0,0.0,0.0
2018-02-05,6.85,1.181683899557,2969290,20339636.5,0.4,0.0,0.0,237543.2
2018-02-06,6.48,-5.401459854015,2969290,19240999.2,0.4,0.0,0.0,-1098637.3
2018-02-07,6.52,0.617283950617,2969290,19359770.8,0.4,0.0,0.0,118771.6
2018-02-08,6.63,1.687116564417,2969290,19686392.7,0.4,0.0,0.0,326621.9
2018-02-09,6.32,-4.675716440422,2969290,18765912.8,0.4,0.0,0.0,-920479.9
2018-02-12,6.48,2.53164556962,2969290,19240999.2,0.4,0.0,0.0,475086.4
2018-02-13,6.74,4.012345679012,2969290,20013014.6,0.4,0.0,0.0,772015.4
2018-02-14,6.69,-0.741839762611,2969290,19864550.1,0.4,0.0,0.0,-148464.5
2018-02-22,6.73,0.597907324365,2969290,19983321.7,0.4,0.0,0.0,118771.6
2018-02-23,6.78,0.74294205052,2969290,20131786.2,0.4,0.0,0.0,148464.5
2018-02-26,6.87,1.327433628319,2969290,20399022.3,0.4,0.0,0.0,267236.1
2018-02-27,6.84,-0.436681222707,2969290,20309943.6,0.4,0.0,0.0,-89078.7
2018-02-28,6.85,0.146198830409,2969290,20339636.5,0.4,0.0,0.0,29692.9
2018-03-01,6.98,1.897810218978,2969290,20725644.2,0.4,0.0,0.0,386007.7
2018-03-02,6.9,-1.146131805158,2969290,20488101.0,0.4,0.0,0.0,-237543.2
2018-03-05,6.88,-0.289855072464,2969290,20428715.2,0.4,0.0,0.0,-59385.8
2018-03-06,7.09,3.052325581395,2969290,21052266.1,0.4,0.0,0.0,623550.9
2018-03-07,7.14,0.705218617772,2969284,21200687.76,0.4,-6.0,-43.7454,148421.66
2018-03-08,7.15,0.140056022409,2969284,21230380.6,0.4,0.0,0.0,29692.84
2018-03-09,7.3,2.097902097902,2969284,21675773.2,0.4,0.0,0.0,445392.6
2018-03-12,7.35,0.684931506849,2969284,21824237.4,0.4,0.0,0.0,148464.2
2018-03-13,7.22,-1.768707482993,2969284,21438230.48,0.4,0.0,0.0,-386006.92
2018-03-14,7.13,-1.246537396122,2969284,21170994.92,0.4,0.0,0.0,-267235.56
2018-03-15,7.44,4.347826086957,2969284,22091472.96,0.4,0.0,0.0,920478.04
2018-03-16,7.19,-3.360215053763,2969284,21349151.96,0.4,0.0,0.0,-742321.0
2018-03-19,7.18,-0.139082058414,2969284,21319459.12,0.4,0.0,0.0,-29692.84
2018-03-20,7.19,0.139275766017,2969284,21349151.96,0.4,0.0,0.0,29692.84
2018-03-21,7.15,-0.556328233658,2969284,21230380.6,0.4,0.0,0.0,-118771.36
2018-03-22,7.18,0.41958041958,2969284,21319459.12,0.4,0.0,0.0,89078.52
2018-03-23,6.58,-8.356545961003,2969284,19537888.72,0.4,0.0,0.0,-1781570.4
2018-03-26,6.65,1.063829787234,2969284,19745738.6,0.4,0.0,0.0,207849.88
2018-03-27,6.77,1.804511278195,2969284,20102052.68,0.4,0.0,0.0,356314.08
2018-03-28,6.75,-0.295420974889,2969284,20042667.0,0.4,0.0,0.0,-59385.68
2018-04-03,6.7,-2.474526928675,2969284,19894202.8,0.4,0.0,0.0,-148464.2
2018-04-04,6.67,-0.44776119403,2969284,19805124.28,0.4,0.0,0.0,-89078.52
2018-04-09,6.69,0.299850074963,2969284,19864509.96,0.4,0.0,0.0,59385.68
2018-04-10,6.69,0.0,2969284,19864509.96,0.4,0.0,0.0,0.0
2018-04-11,6.89,2.989536621824,2969284,20458366.76,0.4,0.0,0.0,593856.8
2018-04-12,6.83,-0.870827285922,2969284,20280209.72,0.4,0.0,0.0,-178157.04
2018-04-13,6.88,0.732064421669,2969284,20428673.92,0.4,0.0,0.0,148464.2
2018-04-16,6.79,-1.308139534884,2969284,20161438.36,0.4,0.0,0.0,-267235.56
2018-04-17,6.56,-3.387334315169,2969284,19478503.04,0.4,0.0,0.0,-682935.32
2018-04-18,7.04,7.317073170732,2969284,20903759.36,0.4,0.0,0.0,1425256.32
2018-04-19,7.27,3.267045454545,2969284,21586694.68,0.4,0.0,0.0,682935.32
2018-04-20,6.85,-5.777166437414,2969284,20339595.4,0.4,0.0,0.0,-1247099.28
2018-04-23,6.81,-0.583941605839,2969284,20220824.04,0.4,0.0,0.0,-118771.36
2018-04-24,6.97,2.349486049927,2969284,20695909.48,0.4,0.0,0.0,475085.44
2018-04-25,6.9,-1.004304160689,2969284,20488059.6,0.4,0.0,0.0,-207849.88
2018-04-26,6.68,-3.188405797101,2969284,19834817.12,0.4,0.0,0.0,-653242.48
2018-04-27,6.67,-0.149700598802,2969284,19805124.28,0.4,0.0,0.0,-29692.84
2018-05-02,6.56,-1.649175412294,2969284,19478503.04,0.4,0.0,0.0,-326621.24
2018-05-03,7.22,10.060975609756,2969284,21438230.48,0.4,0.0,0.0,1959727.44
2018-05-04,7.02,-2.770083102493,2969284,20844373.68,0.4,0.0,0.0,-593856.8
2018-05-07,7.05,0.42735042735,2969284,20933452.2,0.4,0.0,0.0,89078.52
2018-05-08,7.08,0.425531914894,2969284,21022530.72,0.4,0.0,0.0,89078.52
2018-05-09,7.01,-0.988700564972,2969284,20814680.84,0.4,0.0,0.0,-207849.88
2018-05-10,7.16,2.139800285307,2969284,21260073.44,0.4,0.0,0.0,445392.6
2018-05-11,6.98,-2.513966480447,2969284,20725602.32,0.4,0.0,0.0,-534471.12
2018-05-14,6.79,-2.722063037249,2969284,20161438.36,0.4,0.0,0.0,-564163.96
2018-05-15,6.9,1.620029455081,2969284,20488059.6,0.4,0.0,0.0,326621.24
2018-05-16,6.83,-1.014492753623,2969284,20280209.72,0.4,0.0,0.0,-207849.88
2018-05-17,6.73,-1.464128843338,2969284,19983281.32,0.4,0.0,0.0,-296928.4
2018-05-18,6.79,0.891530460624,2969284,20161438.36,0.4,0.0,0.0,178157.04
2018-05-23,6.77,-1.167883211679,2969284,20102052.68,0.4,0.0,0.0,-59385.68
2018-05-24,6.75,-0.295420974889,2969284,20042667.0,0.4,0.0,0.0,-59385.68
2018-05-25,6.73,-0.296296296296,2969284,19983281.32,0.4,0.0,0.0,-59385.68
2018-05-28,6.63,-1.48588410104,2969284,19686352.92,0.4,0.0,0.0,-296928.4
2018-05-29,6.56,-1.05580693816,2969284,19478503.04,0.4,0.0,0.0,-207849.88
2018-05-30,6.18,-5.792682926829,2969284,18350175.12,0.4,0.0,0.0,-1128327.92
2018-05-31,6.18,0.0,2969284,18350175.12,0.4,0.0,0.0,0.0
2018-06-01,6.0,-2.912621359223,2969284,17815704.0,0.4,0.0,0.0,-534471.12
2018-06-04,5.89,-1.833333333333,2969284,17489082.76,0.4,0.0,0.0,-326621.24
2018-06-05,5.97,1.358234295416,2969284,17726625.48,0.4,0.0,0.0,237542.72
2018-06-06,5.93,-0.670016750419,2969284,17607854.12,0.4,0.0,0.0,-118771.36
2018-06-07,5.85,-1.349072512648,2969284,17370311.4,0.4,0.0,0.0,-237542.72
2018-06-08,5.7,-2.564102564103,2969284,16924918.8,0.4,0.0,0.0,-445392.6
2018-06-11,5.86,2.80701754386,2969284,17400004.24,0.4,0.0,0.0,475085.44
2018-06-12,5.76,-1.706484641638,2517284,14499555.84,0.33,-452000.0,-2590773.6,-2900448.4
2018-06-13,5.63,-2.256944444444,2240884,12616176.92,0.3,-276400.0,-1566773.4,-1883378.92
2018-06-14,5.62,-0.177619893428,2240884,12593768.08,0.3,0.0,0.0,-22408.84
2018-06-15,5.12,-8.896797153025,2217284,11352494.08,0.29,-23600.0,-123354.84,-1241274.0
2018-06-19,4.72,-7.8125,2217284,10465580.48,0.29,0.0,0.0,-886913.6
2018-06-20,4.73,0.21186440678,2217284,10487753.32,0.29,0.0,0.0,22172.84
2018-06-21,4.62,-2.325581395349,2217284,10243852.08,0.29,0.0,0.0,-243901.24
2018-06-22,4.57,-1.082251082251,2217284,10132987.88,0.29,0.0,0.0,-110864.2
2018-06-25,4.54,-0.656455142232,2217284,10066469.36,0.29,0.0,0.0,-66518.52
2018-06-26,4.46,-1.762114537445,2217284,9889086.64,0.29,0.0,0.0,-177382.72
2018-06-27,4.38,-1.793721973094,2217284,9711703.92,0.29,0.0,0.0,-177382.72
2018-06-28,4.32,-1.369863013699,2217284,9578666.88,0.29,0.0,0.0,-133037.04
2018-07-03,4.49,3.456221198157,2217284,9955605.16,0.29,0.0,0.0,376938.28
2018-07-04,4.49,0.0,2217284,9955605.16,0.29,0.0,0.0,0.0
2018-07-05,4.35,-3.118040089087,2217284,9645185.4,0.29,0.0,0.0,-310419.76
2018-07-06,4.32,-0.689655172414,2217284,9578666.88,0.29,0.0,0.0,-66518.52
2018-07-09,4.42,2.314814814815,2217284,9800395.28,0.29,0.0,0.0,221728.4
2018-07-10,4.43,0.226244343891,2217284,9822568.12,0.29,0.0,0.0,22172.84
2018-07-11,4.33,-2.257336343115,2217284,9600839.72,0.29,0.0,0.0,-221728.4
2018-07-12,4.43,2.309468822171,2217284,9822568.12,0.29,0.0,0.0,221728.4
2018-07-13,4.57,3.160270880361,2217284,10132987.88,0.29,0.0,0.0,310419.76
2018-07-16,5.03,10.065645514223,2217284,11152938.52,0.29,0.0,0.0,1019950.64
2018-07-17,5.19,3.180914512922,2217284,11507703.96,0.29,0.0,0.0,354765.44
2018-07-18,4.93,-5.009633911368,2217284,10931210.12,0.29,0.0,0.0,-576493.84
2018-07-19,4.79,-2.839756592292,2217284,10620790.36,0.29,0.0,0.0,-310419.76
2018-07-20,4.89,2.087682672234,2217284,10842518.76,0.29,0.0,0.0,221728.4
2018-07-23,4.88,-0.204498977505,2217284,10820345.92,0.29,0.0,0.0,-22172.84
2018-07-24,4.98,2.049180327869,2217284,11042074.32,0.29,0.0,0.0,221728.4
2018-07-25,5.05,1.40562248996,2217284,11197284.2,0.29,0.0,0.0,155209.88
2018-07-26,4.96,-1.782178217822,2217284,10997728.64,0.29,0.0,0.0,-199555.56
2018-07-27,4.99,0.604838709677,2217284,11064247.16,0.29,0.0,0.0,66518.52
2018-07-30,4.85,-2.805611222445,2217284,10753827.4,0.29,0.0,0.0,-310419.76
2018-07-31,4.9,1.030927835052,2217284,10864691.6,0.29,0.0,0.0,110864.2
2018-08-01,4.81,-1.836734693878,2217284,10665136.04,0.29,0.0,0.0,-199555.56
2018-08-02,4.54,-5.613305613306,2217284,10066469.36,0.29,0.0,0.0,-598666.68
2018-08-03,4.47,-1.541850220264,2217284,9911259.48,0.29,0.0,0.0,-155209.88
2018-08-06,4.35,-2.684563758389,2217284,9645185.4,0.29,0.0,0.0,-266074.08
2018-08-07,4.5,3.448275862069,2217284,9977778.0,0.29,0.0,0.0,332592.6
2018-08-08,4.4,-2.222222222222,2217284,9756049.6,0.29,0.0,0.0,-221728.4
2018-08-09,4.5,2.272727272727,2217284,9977778.0,0.29,0.0,0.0,221728.4
2018-08-10,4.58,1.777777777778,2217284,10155160.72,0.29,0.0,0.0,177382.72
2018-08-13,4.52,-1.310043668122,2217284,10022123.68,0.29,0.0,0.0,-133037.04
2018-08-14,4.59,1.548672566372,2217284,10177333.56,0.29,0.0,0.0,155209.88
2018-08-15,4.45,-3.050108932462,2217284,9866913.8,0.29,0.0,0.0,-310419.76
2018-08-16,4.46,0.224719101124,2217284,9889086.64,0.29,0.0,0.0,22172.84
2018-08-17,4.36,-2.242152466368,2217284,9667358.24,0.29,0.0,0.0,-221728.4
2018-08-20,4.34,-0.45871559633,2217284,9623012.56,0.29,0.0,0.0,-44345.68
2018-08-21,4.36,0.460829493088,2217284,9667358.24,0.29,0.0,0.0,44345.68
2018-08-22,4.31,-1.146788990826,2217284,9556494.04,0.29,0.0,0.0,-110864.2
2018-08-23,4.31,0.0,2217284,9556494.04,0.29,0.0,0.0,0.0
2018-08-24,4.3,-0.232018561485,2217284,9534321.2,0.29,0.0,0.0,-22172.84
2018-08-27,4.37,1.627906976744,2217284,9689531.08,0.29,0.0,0.0,155209.88
2018-08-28,4.34,-0.686498855835,2217284,9623012.56,0.29,0.0,0.0,-66518.52
2018-08-29,4.37,0.691244239631,2217284,9689531.08,0.29,0.0,0.0,66518.52
2018-08-30,4.25,-2.745995423341,2217284,9423457.0,0.29,0.0,0.0,-266074.08
2018-08-31,4.18,-1.647058823529,2217284,9268247.12,0.29,0.0,0.0,-155209.88
2018-09-03,4.09,-2.153110047847,2217284,9068691.56,0.29,0.0,0.0,-199555.56
2018-09-04,4.12,0.733496332518,2217284,9135210.08,0.29,0.0,0.0,66518.52
2018-09-05,4.15,0.728155339806,2217284,9201728.6,0.29,0.0,0.0,66518.52
2018-09-06,4.08,-1.686746987952,2217284,9046518.72,0.29,0.0,0.0,-155209.88
2018-09-07,4.09,0.245098039216,2217284,9068691.56,0.29,0.0,0.0,22172.84
2018-09-10,4.07,-0.488997555012,2217284,9024345.88,0.29,0.0,0.0,-44345.68
2018-09-11,4.05,-0.4914004914,2217284,8980000.2,0.29,0.0,0.0,-44345.68
2018-09-12,4.04,-0.246913580247,2217284,8957827.36,0.29,0.0,0.0,-22172.84
2018-09-13,4.1,1.485148514851,2217284,9090864.4,0.29,0.0,0.0,133037.04
2018-09-14,4.1,0.0,2217284,9090864.4,0.29,0.0,0.0,0.0
2018-09-17,4.15,1.219512195122,2217284,9201728.6,0.29,0.0,0.0,110864.2
2018-09-18,4.2,1.204819277108,2217284,9312592.8,0.29,0.0,0.0,110864.2
2018-09-19,4.2,0.0,2217284,9312592.8,0.29,0.0,0.0,0.0
2018-09-20,4.22,0.47619047619,2217284,9356938.48,0.29,0.0,0.0,44345.68
2018-09-26,4.23,0.236966824645,2217284,9379111.32,0.29,0.0,0.0,22172.84
2018-09-27,4.15,-1.891252955083,2217284,9201728.6,0.29,0.0,0.0,-177382.72
2018-09-28,4.15,0.0,2217284,9201728.6,0.29,0.0,0.0,0.0
2018-10-08,4.03,-2.89156626506,2217284,8935654.52,0.29,0.0,0.0,-266074.08
2018-10-09,4.03,0.0,2217284,8935654.52,0.29,0.0,0.0,0.0
2018-10-10,3.94,-2.233250620347,2217284,8736098.96,0.29,0.0,0.0,-199555.56
2018-10-11,3.57,-9.390862944162,2217284,7915703.88,0.29,0.0,0.0,-820395.08
2018-10-12,3.5,-1.960784313725,2217284,7760494.0,0.29,0.0,0.0,-155209.88
2018-10-15,3.37,-3.714285714286,2217284,7472247.08,0.29,0.0,0.0,-288246.92
2018-10-18,3.22,-3.592814371257,2217284,7139654.48,0.29,0.0,0.0,-332592.6
2018-10-19,3.28,1.863354037267,2217284,7272691.52,0.29,0.0,0.0,133037.04
2018-10-22,3.44,4.878048780488,2217284,7627456.96,0.29,0.0,0.0,354765.44
2018-10-23,3.37,-2.03488372093,2217284,7472247.08,0.29,0.0,0.0,-155209.88
2018-10-24,3.43,1.780415430267,2217284,7605284.12,0.29,0.0,0.0,133037.04
2018-10-25,3.35,-2.332361516035,2217284,7427901.4,0.29,0.0,0.0,-177382.72
2018-10-26,3.39,1.194029850746,2217284,7516592.76,0.29,0.0,0.0,88691.36
2018-10-29,3.4,0.294985250737,2217284,7538765.6,0.29,0.0,0.0,22172.84
2018-10-30,3.41,0.294117647059,2217284,7560938.44,0.29,0.0,0.0,22172.84
2018-10-31,3.47,1.759530791789,2217284,7693975.48,0.29,0.0,0.0,133037.04
2018-11-01,3.48,0.28818443804,2217284,7716148.32,0.29,0.0,0.0,22172.84
2018-11-02,3.61,3.735632183908,2217284,8004395.24,0.29,0.0,0.0,288246.92
2018-11-05,3.61,0.0,2217284,8004395.24,0.29,0.0,0.0,0.0
2018-11-06,3.79,4.986149584488,2217284,8403506.36,0.29,0.0,0.0,399111.12
2018-11-07,3.69,-2.638522427441,2217284,8181777.96,0.29,0.0,0.0,-221728.4
2018-11-08,3.63,-1.626016260163,2217284,8048740.92,0.29,0.0,0.0,-133037.04
2018-11-09,3.62,-0.275482093664,2217284,8026568.08,0.29,0.0,0.0,-22172.84
2018-11-12,3.76,3.867403314917,2217284,8336987.84,0.29,0.0,0.0,310419.76
2018-11-13,3.87,2.925531914894,2217284,8580889.08,0.29,0.0,0.0,243901.24
2018-11-14,3.85,-0.516795865633,2217284,8536543.4,0.29,0.0,0.0,-44345.68
2018-11-15,3.89,1.038961038961,2217284,8625234.76,0.29,0.0,0.0,88691.36
2018-11-16,3.91,0.514138817481,2217284,8669580.44,0.29,0.0,0.0,44345.68
2018-11-19,4.0,2.30179028133,2217284,8869136.0,0.29,0.0,0.0,199555.56
2018-11-20,3.83,-4.25,2217284,8492197.72,0.29,0.0,0.0,-376938.28
2018-11-21,3.82,-0.261096605744,2217284,8470024.88,0.29,0.0,0.0,-22172.84
2018-11-22,3.83,0.261780104712,2216884,8490665.72,0.29,-400.0,-1536.6,20640.84
2018-11-23,3.64,-4.960835509138,2216684,8068729.76,0.29,-200.0,-740.54,-421935.96
2018-11-26,3.62,-0.549450549451,2216684,8024396.08,0.29,0.0,0.0,-44333.68
2018-11-27,3.69,1.933701657459,2216684,8179563.96,0.29,0.0,0.0,155167.88
2018-11-28,3.77,2.168021680217,2216684,8356898.68,0.29,0.0,0.0,177334.72
2018-11-29,3.65,-3.183023872679,2216684,8090896.6,0.29,0.0,0.0,-266002.08
2018-11-30,3.64,-0.27397260274,2216684,8068729.76,0.29,0.0,0.0,-22166.84
2018-12-03,4.0,9.89010989011,2216684,8866736.0,0.29,0.0,0.0,798006.24
2018-12-04,4.05,1.25,2216684,8977570.2,0.29,0.0,0.0,110834.2
2018-12-05,4.04,-0.246913580247,2216684,8955403.36,0.29,0.0,0.0,-22166.84
2018-12-06,3.87,-4.207920792079,2216684,8578567.08,0.29,0.0,0.0,-376836.28
2018-12-07,3.86,-0.258397932817,2216684,8556400.24,0.29,0.0,0.0,-22166.84
2018-12-10,3.83,-0.777202072539,2216684,8489899.72,0.29,0.0,0.0,-66500.52
2018-12-11,3.88,1.305483028721,2216684,8600733.92,0.29,0.0,0.0,110834.2
2018-12-12,3.9,0.515463917526,2216684,8645067.6,0.29,0.0,0.0,44333.68
2018-12-13,3.9,0.0,2216684,8645067.6,0.29,0.0,0.0,0.0
2018-12-14,3.8,-2.564102564103,2216684,8423399.2,0.29,0.0,0.0,-221668.4
2018-12-17,3.8,0.0,2216684,8423399.2,0.29,0.0,0.0,0.0
2018-12-18,3.73,-1.842105263158,2216684,8268231.32,0.29,0.0,0.0,-155167.88
2018-12-19,3.68,-1.340482573727,2216684,8157397.12,0.29,0.0,0.0,-110834.2
2018-12-20,3.76,2.173913043478,2216684,8334731.84,0.29,0.0,0.0,177334.72
2018-12-21,3.73,-0.797872340426,2216684,8268231.32,0.29,0.0,0.0,-66500.52
2018-12-27,3.68,0.0,2216684,8157397.12,0.29,0.0,0.0,-110834.2
2018-12-28,3.67,-0.271739130435,2216684,8135230.28,0.29,0.0,0.0,-22166.84
2019-01-02,3.62,-1.362397820163,2216684,8024396.08,0.29,0.0,0.0,-110834.2
2019-01-03,3.6,-0.552486187845,2216684,7980062.4,0.29,0.0,0.0,-44333.68
2019-01-04,3.7,2.777777777778,2216684,8201730.8,0.29,0.0,0.0,221668.4
2019-01-07,3.79,2.432432432432,2216684,8401232.36,0.29,0.0,0.0,199501.56
2019-01-08,3.77,-0.527704485488,2216684,8356898.68,0.29,0.0,0.0,-44333.68
2019-01-09,3.77,0.0,2216684,8356898.68,0.29,0.0,0.0,0.0
2019-01-10,3.77,0.0,2216684,8356898.68,0.29,0.0,0.0,0.0
2019-01-11,3.87,2.652519893899,2216684,8578567.08,0.29,0.0,0.0,221668.4
2019-01-14,3.91,1.033591731266,2216684,8667234.44,0.29,0.0,0.0,88667.36
2019-01-15,3.89,-0.511508951407,2216684,8622900.76,0.29,0.0,0.0,-44333.68
2019-01-16,3.97,2.056555269923,2216684,8800235.48,0.29,0.0,0.0,177334.72
2019-01-17,4.37,10.07556675063,2216684,9686909.08,0.29,0.0,0.0,886673.6
2019-01-18,4.19,-4.118993135011,2216684,9287905.96,0.29,0.0,0.0,-399003.12
2019-01-21,4.06,-3.102625298329,2216684,8999737.04,0.29,0.0,0.0,-288168.92
2019-01-22,4.0,-1.477832512315,2216684,8866736.0,0.29,0.0,0.0,-133001.04
2019-01-23,3.96,-1.0,2216684,8778068.64,0.29,0.0,0.0,-88667.36
2019-01-24,3.96,0.0,2216684,8778068.64,0.29,0.0,0.0,0.0
2019-01-25,3.95,-0.252525252525,2216684,8755901.8,0.29,0.0,0.0,-22166.84
2019-01-28,3.93,-0.506329113924,2216684,8711568.12,0.29,0.0,0.0,-44333.68
2019-01-29,3.77,-4.071246819338,2216684,8356898.68,0.29,0.0,0.0,-354669.44
2019-01-30,3.7,-1.856763925729,2216684,8201730.8,0.29,0.0,0.0,-155167.88
2019-01-31,3.6,-2.702702702703,2216684,7980062.4,0.29,0.0,0.0,-221668.4
2019-02-01,3.67,1.944444444444,2216684,8135230.28,0.29,0.0,0.0,155167.88
2019-02-11,3.8,3.542234332425,2216684,8423399.2,0.29,0.0,0.0,288168.92
2019-02-12,4.18,10.0,2216684,9265739.12,0.29,0.0,0.0,842339.92
2019-02-13,4.6,10.047846889952,2216684,10196746.4,0.29,0.0,0.0,931007.28
2019-02-14,5.06,10.0,2216684,11216421.04,0.29,0.0,0.0,1019674.64
2019-02-15,5.57,10.079051383399,2216684,12346929.88,0.29,0.0,0.0,1130508.84
2019-02-18,6.13,10.053859964093,2216684,13588272.92,0.29,0.0,0.0,1241343.04
2019-02-19,6.74,9.951060358891,2216684,14940450.16,0.29,0.0,0.0,1352177.24
2019-02-20,6.55,-2.818991097923,1896784,12423935.2,0.24,-319900.0,-2169145.93,-2516514.96
2019-02-21,6.22,-5.038167938931,1896784,11797996.48,0.24,0.0,0.0,-625938.72
2019-02-22,6.03,-3.054662379421,1896784,11437607.52,0.24,0.0,0.0,-360388.96
2019-02-25,6.3,4.477611940299,1896784,11949739.2,0.24,0.0,0.0,512131.68
2019-02-26,5.9,-6.349206349206,1896784,11191025.6,0.24,0.0,0.0,-758713.6
2019-02-27,5.66,-4.067796610169,1896784,10735797.44,0.24,0.0,0.0,-455228.16
2019-02-28,5.82,2.826855123675,1896784,11039282.88,0.24,0.0,0.0,303485.44
2019-03-01,6.13,5.3264604811,1896784,11627285.92,0.24,0.0,0.0,588003.04
2019-03-04,6.26,2.120717781403,1896784,11873867.84,0.24,0.0,0.0,246581.92
2019-03-05,6.52,4.153354632588,1896784,12367031.68,0.24,0.0,0.0,493163.84
2019-03-06,6.55,0.460122699387,1896784,12423935.2,0.24,0.0,0.0,56903.52
2019-03-07,7.21,10.076335877863,1896784,13675812.64,0.24,0.0,0.0,1251877.44
2019-03-08,6.49,-9.98613037448,1896784,12310128.16,0.24,0.0,0.0,-1365684.48
2019-03-11,6.25,-3.697996918336,1896784,11854900.0,0.24,0.0,0.0,-455228.16
2019-03-12,6.24,-0.16,1896784,11835932.16,0.24,0.0,0.0,-18967.84
2019-03-13,5.83,-6.570512820513,1896784,11058250.72,0.24,0.0,0.0,-777681.44
2019-03-14,5.99,2.744425385935,1896700,11361233.0,0.24,-84.0,-496.4736,302982.28
2019-03-15,5.89,-1.669449081803,1896700,11171563.0,0.24,0.0,0.0,-189670.0
2019-03-18,5.96,1.188455008489,1896700,11304332.0,0.24,0.0,0.0,132769.0
2019-03-19,5.92,-0.671140939597,1896700,11228464.0,0.24,0.0,0.0,-75868.0
2019-03-20,5.97,0.844594594595,1896700,11323299.0,0.24,0.0,0.0,94835.0
2019-03-21,5.97,0.0,1896700,11323299.0,0.24,0.0,0.0,0.0
2019-03-22,5.81,-2.680067001675,1896700,11019827.0,0.24,0.0,0.0,-303472.0
2019-03-25,5.66,-2.581755593804,1896700,10735322.0,0.24,0.0,0.0,-284505.0
2019-03-26,5.69,0.530035335689,1896700,10792223.0,0.24,0.0,0.0,56901.0
2019-03-27,5.47,-3.866432337434,1896700,10374949.0,0.24,0.0,0.0,-417274.0
2019-03-28,5.4,-1.27970749543,1896700,10242180.0,0.24,0.0,0.0,-132769.0
2019-03-29,5.57,3.148148148148,1896700,10564619.0,0.24,0.0,0.0,322439.0
2019-04-01,5.74,3.052064631957,1896700,10887058.0,0.24,0.0,0.0,322439.0
2019-04-02,5.67,-1.219512195122,1896700,10754289.0,0.24,0.0,0.0,-132769.0
2019-04-03,5.79,2.116402116402,1896700,10981893.0,0.24,0.0,0.0,227604.0
2019-04-04,5.67,-2.072538860104,1896700,10754289.0,0.24,0.0,0.0,-227604.0
2019-04-08,5.74,1.234567901235,1896700,10887058.0,0.24,0.0,0.0,132769.0
2019-04-09,5.79,0.871080139373,1896700,10981893.0,0.24,0.0,0.0,94835.0
2019-04-10,5.66,-2.245250431779,1896700,10735322.0,0.24,0.0,0.0,-246571.0
2019-04-11,5.82,2.826855123675,1896700,11038794.0,0.24,0.0,0.0,303472.0
2019-04-12,6.06,4.123711340206,1896700,11494002.0,0.24,0.0,0.0,455208.0
2019-04-15,5.81,-4.125412541254,1896700,11019827.0,0.24,0.0,0.0,-474175.0
2019-04-16,5.7,-1.893287435456,1896700,10811190.0,0.24,0.0,0.0,-208637.0
2019-04-17,5.81,1.929824561404,1896700,11019827.0,0.24,0.0,0.0,208637.0
2019-04-23,5.58,-3.125,1896700,10583586.0,0.24,0.0,0.0,-436241.0
2019-04-24,5.9,5.73476702509,1896700,11190530.0,0.24,0.0,0.0,606944.0
2019-04-25,5.46,-7.457627118644,1896700,10355982.0,0.24,0.0,0.0,-834548.0
2019-04-26,5.24,-4.029304029304,1896700,9938708.0,0.24,0.0,0.0,-417274.0
2019-04-29,4.84,-7.63358778626,1896700,9180028.0,0.24,0.0,0.0,-758680.0
2019-04-30,4.98,2.892561983471,1896700,9445566.0,0.24,0.0,0.0,265538.0
2019-05-06,4.49,-9.839357429719,1896700,8516183.0,0.24,0.0,0.0,-929383.0
2019-05-07,4.65,3.563474387528,1896700,8819655.0,0.24,0.0,0.0,303472.0
2019-05-08,4.77,2.58064516129,1896700,9047259.0,0.24,0.0,0.0,227604.0
2019-05-09,4.73,-0.83857442348,1896700,8971391.0,0.24,0.0,0.0,-75868.0
2019-05-14,4.88,-1.612903225806,1896700,9255896.0,0.24,0.0,0.0,284505.0
2019-05-15,4.96,1.639344262295,1896700,9407632.0,0.24,0.0,0.0,151736.0
2019-05-16,5.02,1.209677419355,1896700,9521434.0,0.24,0.0,0.0,113802.0
2019-05-17,4.79,-4.581673306773,1896700,9085193.0,0.24,0.0,0.0,-436241.0
2019-05-20,5.08,6.054279749478,1896700,9635236.0,0.24,0.0,0.0,550043.0
2019-05-21,5.11,0.590551181102,1896700,9692137.0,0.24,0.0,0.0,56901.0
2019-05-22,4.96,-2.93542074364,1896700,9407632.0,0.24,0.0,0.0,-284505.0
2019-05-23,4.77,-3.83064516129,1896700,9047259.0,0.24,0.0,0.0,-360373.0
2019-05-24,4.79,0.41928721174,1896700,9085193.0,0.24,0.0,0.0,37934.0
2019-05-27,4.92,2.713987473904,1896700,9331764.0,0.24,0.0,0.0,246571.0
2019-05-28,4.95,0.609756097561,1896700,9388665.0,0.24,0.0,0.0,56901.0
2019-05-29,4.94,-0.20202020202,1896700,9369698.0,0.24,0.0,0.0,-18967.0
2019-05-30,5.08,2.834008097166,1896700,9635236.0,0.24,0.0,0.0,265538.0
2019-05-31,4.93,-2.952755905512,1896700,9350731.0,0.24,0.0,0.0,-284505.0
2019-06-03,4.79,-2.839756592292,1896700,9085193.0,0.24,0.0,0.0,-265538.0
2019-06-04,4.65,-2.922755741127,1896700,8819655.0,0.24,0.0,0.0,-265538.0
2019-06-05,4.62,-0.645161290323,1896700,8762754.0,0.24,0.0,0.0,-56901.0
2019-06-06,4.52,-2.164502164502,1896700,8573084.0,0.24,0.0,0.0,-189670.0
2019-06-10,4.58,1.327433628319,1896700,8686886.0,0.24,0.0,0.0,113802.0
2019-06-11,4.79,4.585152838428,1896700,9085193.0,0.24,0.0,0.0,398307.0
2019-06-12,4.85,1.25260960334,1896700,9198995.0,0.24,0.0,0.0,113802.0
2019-06-13,5.34,10.103092783505,1896700,10128378.0,0.24,0.0,0.0,929383.0
2019-06-14,5.05,-5.430711610487,1896700,9578335.0,0.24,0.0,0.0,-550043.0
2019-06-17,4.94,-2.178217821782,1896700,9369698.0,0.24,0.0,0.0,-208637.0
2019-06-18,4.96,0.404858299595,1896700,9407632.0,0.24,0.0,0.0,37934.0
2019-06-19,5.03,1.411290322581,1896700,9540401.0,0.24,0.0,0.0,132769.0
2019-06-20,5.05,0.397614314115,1896700,9578335.0,0.24,0.0,0.0,37934.0
2019-06-21,5.11,1.188118811881,1896700,9692137.0,0.24,0.0,0.0,113802.0
2019-06-24,5.08,-0.587084148728,1896700,9635236.0,0.24,0.0,0.0,-56901.0
2019-06-25,5.02,-1.181102362205,1896700,9521434.0,0.24,0.0,0.0,-113802.0
2019-06-26,4.99,-0.597609561753,1896700,9464533.0,0.24,0.0,0.0,-56901.0
2019-06-27,4.98,-0.200400801603,1896700,9445566.0,0.24,0.0,0.0,-18967.0
2019-07-02,5.28,-1.675977653631,1896700,10014576.0,0.24,0.0,0.0,569010.0
2019-07-03,5.36,1.515151515152,1896700,10166312.0,0.24,0.0,0.0,151736.0
2019-07-04,5.17,-3.544776119403,1896700,9805939.0,0.24,0.0,0.0,-360373.0
2019-07-05,5.2,0.580270793037,1896700,9862840.0,0.24,0.0,0.0,56901.0
2019-07-08,5.01,-3.653846153846,1896700,9502467.0,0.24,0.0,0.0,-360373.0
2019-07-09,5.11,1.996007984032,1896700,9692137.0,0.24,0.0,0.0,189670.0
2019-07-10,5.24,2.544031311155,1896654,9938466.96,0.24,-46.0,-236.5642,246329.96
2019-07-11,5.13,-2.099236641221,1896654,9729835.02,0.24,0.0,0.0,-208631.94
2019-07-12,5.29,3.118908382066,1896654,10033299.66,0.24,0.0,0.0,303464.64
2019-07-15,5.35,1.134215500945,1896654,10147098.9,0.24,0.0,0.0,113799.24
2019-07-16,5.42,1.308411214953,1896654,10279864.68,0.24,0.0,0.0,132765.78
2019-07-17,5.49,1.291512915129,1896654,10412630.46,0.24,0.0,0.0,132765.78
2019-07-18,5.31,-3.27868852459,1896654,10071232.74,0.24,0.0,0.0,-341397.72
2019-07-19,5.23,-1.5065913371,1896654,9919500.42,0.24,0.0,0.0,-151732.32
2019-07-22,5.02,-4.015296367113,1896654,9521203.08,0.24,0.0,0.0,-398297.34
2019-07-23,5.1,1.593625498008,1896654,9672935.4,0.24,0.0,0.0,151732.32
2019-07-24,5.2,1.960784313725,1896654,9862600.8,0.24,0.0,0.0,189665.4
2019-07-25,5.3,1.923076923077,1896654,10052266.2,0.24,0.0,0.0,189665.4
2019-07-26,5.19,-2.075471698113,1896654,9843634.26,0.24,0.0,0.0,-208631.94
2019-07-29,5.14,-0.963391136802,1896654,9748801.56,0.24,0.0,0.0,-94832.7
2019-07-30,5.1,-0.778210116732,1896654,9672935.4,0.24,0.0,0.0,-75866.16
2019-07-31,5.08,-0.392156862745,1896654,9635002.32,0.24,0.0,0.0,-37933.08
2019-08-01,5.11,0.590551181102,1896654,9691901.94,0.24,0.0,0.0,56899.62
2019-08-02,4.95,-3.131115459883,1896654,9388437.3,0.24,0.0,0.0,-303464.64
2019-08-05,4.93,-0.40404040404,1896654,9350504.22,0.24,0.0,0.0,-37933.08
2019-08-06,4.72,-4.259634888438,1896654,8952206.88,0.24,0.0,0.0,-398297.34
2019-08-07,4.62,-2.118644067797,1896654,8762541.48,0.24,0.0,0.0,-189665.4
2019-08-08,4.71,1.948051948052,1896654,8933240.34,0.24,0.0,0.0,170698.86
2019-08-09,4.61,-2.123142250531,1896654,8743574.94,0.24,0.0,0.0,-189665.4
2019-08-12,4.75,3.036876355748,1896654,9009106.5,0.24,0.0,0.0,265531.56
2019-08-13,4.76,0.210526315789,1896654,9028073.04,0.24,0.0,0.0,18966.54
2019-08-14,4.79,0.63025210084,1896654,9084972.66,0.24,0.0,0.0,56899.62
2019-08-15,4.85,1.25260960334,1896654,9198771.9,0.24,0.0,0.0,113799.24
2019-08-16,4.84,-0.20618556701,1896654,9179805.36,0.24,0.0,0.0,-18966.54
2019-08-19,4.96,2.479338842975,1896654,9407403.84,0.24,0.0,0.0,227598.48
2019-08-20,4.97,0.201612903226,1896654,9426370.38,0.24,0.0,0.0,18966.54
2019-08-21,4.99,0.402414486922,1896654,9464303.46,0.24,0.0,0.0,37933.08
2019-08-22,5.03,0.801603206413,1896654,9540169.62,0.24,0.0,0.0,75866.16
2019-08-23,4.98,-0.994035785288,1896654,9445336.92,0.24,0.0,0.0,-94832.7
2019-08-26,4.84,-2.81124497992,1896654,9179805.36,0.24,0.0,0.0,-265531.56
2019-08-27,5.08,4.95867768595,1896654,9635002.32,0.24,0.0,0.0,455196.96
2019-08-28,5.02,-1.181102362205,1896654,9521203.08,0.24,0.0,0.0,-113799.24
2019-08-29,5.08,1.195219123506,1896654,9635002.32,0.24,0.0,0.0,113799.24
2019-08-30,5.09,0.196850393701,1896654,9653968.86,0.24,0.0,0.0,18966.54
2019-09-02,5.13,0.785854616896,1896654,9729835.02,0.24,0.0,0.0,75866.16
2019-09-03,5.16,0.584795321637,1896654,9786734.64,0.24,0.0,0.0,56899.62
2019-09-04,5.14,-0.387596899225,1896554,9748287.56,0.24,-100.0,-514.11,-38447.08
2019-09-05,5.21,1.36186770428,1896554,9881046.34,0.24,0.0,0.0,132758.78
2019-09-06,5.34,2.495201535509,1896554,10127598.36,0.24,0.0,0.0,246552.02
2019-09-09,5.59,4.681647940075,1896554,10601736.86,0.24,0.0,0.0,474138.5
2019-09-10,5.42,-3.04114490161,1896554,10279322.68,0.24,0.0,0.0,-322414.18
2019-09-11,5.47,0.922509225092,1896554,10374150.38,0.24,0.0,0.0,94827.7
2019-09-12,5.48,0.18281535649,1896554,10393115.92,0.24,0.0,0.0,18965.54
2019-09-16,5.6,2.189781021898,1896554,10620702.4,0.24,0.0,0.0,227586.48
2019-09-17,5.53,-1.25,1896554,10487943.62,0.24,0.0,0.0,-132758.78
2019-09-18,5.52,-0.180831826401,1896554,10468978.08,0.24,0.0,0.0,-18965.54
2019-09-19,5.61,1.630434782609,1896554,10639667.94,0.24,0.0,0.0,170689.86
2019-09-20,5.44,-3.030303030303,1896554,10317253.76,0.24,0.0,0.0,-322414.18
2019-09-23,5.58,2.573529411765,1896554,10582771.32,0.24,0.0,0.0,265517.56
2019-09-24,5.55,-0.537634408602,1896554,10525874.7,0.24,0.0,0.0,-56896.62
2019-09-25,5.42,-2.342342342342,1896554,10279322.68,0.24,0.0,0.0,-246552.02
2019-09-26,5.13,-5.350553505535,1896554,9729322.02,0.24,0.0,0.0,-550000.66
2019-09-27,5.64,9.941520467836,1896554,10696564.56,0.24,0.0,0.0,967242.54
2019-09-30,5.53,-1.950354609929,1896554,10487943.62,0.24,0.0,0.0,-208620.94
2019-10-08,5.56,0.542495479204,1896554,10544840.24,0.24,0.0,0.0,56896.62
2019-10-09,5.43,-2.338129496403,1896554,10298288.22,0.24,0.0,0.0,-246552.02
2019-10-10,5.44,0.184162062615,1896554,10317253.76,0.24,0.0,0.0,18965.54
2019-10-11,5.77,6.066176470588,1896554,10943116.58,0.24,0.0,0.0,625862.82
2019-10-14,5.9,2.253032928943,1896554,11189668.6,0.24,0.0,0.0,246552.02
2019-10-15,5.88,-0.338983050847,1896554,11151737.52,0.24,0.0,0.0,-37931.08
2019-10-16,5.94,1.020408163265,1896554,11265530.76,0.24,0.0,0.0,113793.24
2019-10-17,5.73,-3.535353535354,1896554,10867254.42,0.24,0.0,0.0,-398276.34
2019-10-18,5.52,-3.664921465969,1896554,10468978.08,0.24,0.0,0.0,-398276.34
2019-10-21,5.43,-1.630434782609,1896554,10298288.22,0.24,0.0,0.0,-170689.86
2019-10-22,5.55,2.209944751381,1896554,10525874.7,0.24,0.0,0.0,227586.48
2019-10-23,5.55,0.0,1896554,10525874.7,0.24,0.0,0.0,0.0
2019-10-24,5.46,-1.621621621622,1896554,10355184.84,0.24,0.0,0.0,-170689.86
2019-10-25,5.48,0.3663003663,1896554,10393115.92,0.24,0.0,0.0,37931.08
2019-10-28,5.51,0.547445255474,1896554,10450012.54,0.24,0.0,0.0,56896.62
2019-10-29,5.31,-3.629764065336,1896554,10070701.74,0.24,0.0,0.0,-379310.8
2019-10-30,5.4,1.694915254237,1896554,10241391.6,0.24,0.0,0.0,170689.86
2019-10-31,5.23,-3.148148148148,1896554,9918977.42,0.24,0.0,0.0,-322414.18
2019-11-01,5.33,1.912045889101,1896554,10108632.82,0.24,0.0,0.0,189655.4
2019-11-04,5.32,-0.187617260788,1896554,10089667.28,0.24,0.0,0.0,-18965.54
2019-11-05,5.3,-0.375939849624,1896554,10051736.2,0.24,0.0,0.0,-37931.08
2019-11-06,5.23,-1.320754716981,1896554,9918977.42,0.24,0.0,0.0,-132758.78
2019-11-07,5.35,2.294455066922,1896554,10146563.9,0.24,0.0,0.0,227586.48
2019-11-08,5.32,-0.560747663551,1896554,10089667.28,0.24,0.0,0.0,-56896.62
2019-11-11,5.19,-2.443609022556,1896554,9843115.26,0.24,0.0,0.0,-246552.02
2019-11-12,5.19,0.0,1896554,9843115.26,0.24,0.0,0.0,0.0
2019-11-13,5.18,-0.19267822736,1896554,9824149.72,0.24,0.0,0.0,-18965.54
2019-11-14,5.3,2.316602316602,1896554,10051736.2,0.24,0.0,0.0,227586.48
2019-11-15,5.17,-2.452830188679,1896554,9805184.18,0.24,0.0,0.0,-246552.02
2019-11-18,5.38,4.061895551257,1896554,10203460.52,0.24,0.0,0.0,398276.34
2019-11-19,5.42,0.743494423792,1896554,10279322.68,0.24,0.0,0.0,75862.16
2019-11-20,5.44,0.369003690037,1896554,10317253.76,0.24,0.0,0.0,37931.08
2019-11-21,5.39,-0.919117647059,1896554,10222426.06,0.24,0.0,0.0,-94827.7
2019-11-22,5.29,-1.855287569573,1896554,10032770.66,0.24,0.0,0.0,-189655.4
2019-11-25,5.23,-1.134215500945,1896554,9918977.42,0.24,0.0,0.0,-113793.24
2019-11-26,5.35,2.294455066922,1896554,10146563.9,0.24,0.0,0.0,227586.48
2019-11-27,5.29,-1.121495327103,1896554,10032770.66,0.24,0.0,0.0,-113793.24
2019-11-28,5.24,-0.945179584121,1896554,9937942.96,0.24,0.0,0.0,-94827.7
2019-11-29,5.39,2.862595419847,1896554,10222426.06,0.24,0.0,0.0,284483.1
2019-12-02,5.45,1.113172541744,1896554,10336219.3,0.24,0.0,0.0,113793.24
2019-12-03,5.49,0.733944954128,1896554,10412081.46,0.24,0.0,0.0,75862.16
2019-12-04,5.52,0.546448087432,1896554,10468978.08,0.24,0.0,0.0,56896.62
2019-12-05,5.56,0.724637681159,1896554,10544840.24,0.24,0.0,0.0,75862.16
2019-12-06,5.54,-0.359712230216,1896554,10506909.16,0.24,0.0,0.0,-37931.08
2019-12-09,5.51,-0.541516245487,1896554,10450012.54,0.24,0.0,0.0,-56896.62
2019-12-10,5.62,1.996370235935,1896554,10658633.48,0.24,0.0,0.0,208620.94
2019-12-11,5.5,-2.135231316726,1896554,10431047.0,0.24,0.0,0.0,-227586.48
2019-12-12,5.66,2.909090909091,1896554,10734495.64,0.24,0.0,0.0,303448.64
2019-12-13,5.64,-0.353356890459,1896554,10696564.56,0.24,0.0,0.0,-37931.08
2019-12-16,5.92,4.964539007092,1896554,11227599.68,0.24,0.0,0.0,531035.12
2019-12-17,5.98,1.013513513514,1896554,11341392.92,0.24,0.0,0.0,113793.24
2019-12-18,5.96,-0.334448160535,1896554,11303461.84,0.24,0.0,0.0,-37931.08
2019-12-19,5.98,0.335570469799,1896554,11341392.92,0.24,0.0,0.0,37931.08
2019-12-20,5.96,-0.334448160535,1896554,11303461.84,0.24,0.0,0.0,-37931.08
2019-12-23,5.81,-2.51677852349,1896554,11018978.74,0.24,0.0,0.0,-284483.1
2019-12-27,5.86,-2.819237147595,1896554,11113806.44,0.24,0.0,0.0,94827.7
2019-12-30,5.89,0.511945392491,1896554,11170703.06,0.24,0.0,0.0,56896.62
2019-12-31,5.88,-0.169779286927,1896554,11151737.52,0.24,0.0,0.0,-18965.54
2020-01-02,6.04,2.721088435374,1896554,11455186.16,0.24,0.0,0.0,303448.64
2020-01-03,6.17,2.152317880795,1896554,11701738.18,0.24,0.0,0.0,246552.02
2020-01-06,6.26,1.458670988655,1896554,11872428.04,0.24,0.0,0.0,170689.86
2020-01-07,6.25,-0.159744408946,1896554,11853462.5,0.24,0.0,0.0,-18965.54
2020-01-08,6.14,-1.76,1896554,11644841.56,0.24,0.0,0.0,-208620.94
2020-01-09,6.23,1.465798045603,1896554,11815531.42,0.24,0.0,0.0,170689.86
2020-01-10,6.29,0.963081861958,1896554,11929324.66,0.24,0.0,0.0,113793.24
2020-01-13,6.26,-0.476947535771,1896554,11872428.04,0.24,0.0,0.0,-56896.62
2020-01-14,6.2,-0.958466453674,1896554,11758634.8,0.24,0.0,0.0,-113793.24
2020-01-15,6.17,-0.483870967742,1896554,11701738.18,0.24,0.0,0.0,-56896.62
2020-01-16,6.09,-1.29659643436,1896554,11550013.86,0.24,0.0,0.0,-151724.32
2020-01-17,5.98,-1.806239737274,1896554,11341392.92,0.24,0.0,0.0,-208620.94
2020-01-20,6.12,2.341137123746,1896554,11606910.48,0.24,0.0,0.0,265517.56
2020-01-21,6.18,0.980392156863,1896554,11720703.72,0.24,0.0,0.0,113793.24
2020-01-22,6.28,1.618122977346,1896554,11910359.12,0.24,0.0,0.0,189655.4
2020-01-23,5.86,-6.687898089172,1896554,11113806.44,0.24,0.0,0.0,-796552.68
2020-02-03,5.27,-10.068259385666,1896554,9994839.58,0.24,0.0,0.0,-1118966.86
2020-02-04,4.99,-5.313092979127,1896154,9461808.46,0.24,-400.0,-1999.92,-533031.12
2020-02-05,5.1,2.204408817635,1896154,9670385.4,0.24,0.0,0.0,208576.94
2020-02-06,5.17,1.372549019608,1896154,9803116.18,0.24,0.0,0.0,132730.78
2020-02-07,5.29,2.321083172147,1896154,10030654.66,0.24,0.0,0.0,227538.48
2020-02-10,5.61,6.049149338374,1896154,10637423.94,0.24,0.0,0.0,606769.28
2020-02-11,5.55,-1.069518716578,1896154,10523654.7,0.24,0.0,0.0,-113769.24
2020-02-12,5.59,0.720720720721,1896154,10599500.86,0.24,0.0,0.0,75846.16
2020-02-13,5.56,-0.536672629696,1896154,10542616.24,0.24,0.0,0.0,-56884.62
2020-02-14,5.69,2.338129496403,1896154,10789116.26,0.24,0.0,0.0,246500.02
2020-02-17,5.92,4.042179261863,1896154,11225231.68,0.24,0.0,0.0,436115.42
2020-02-18,6.09,2.871621621622,1896154,11547577.86,0.24,0.0,0.0,322346.18
2020-02-19,6.25,2.627257799672,1896154,11850962.5,0.24,0.0,0.0,303384.64
2020-02-20,6.36,1.76,1896154,12059539.44,0.24,0.0,0.0,208576.94
2020-02-21,6.66,4.716981132075,1896154,12628385.64,0.24,0.0,0.0,568846.2
2020-02-24,7.0,5.105105105105,1896154,13273078.0,0.24,0.0,0.0,644692.36
2020-02-25,6.99,-0.142857142857,1896054,13253417.46,0.24,-100.0,-687.76,-19660.54
2020-02-26,6.66,-4.721030042918,1896054,12627719.64,0.24,0.0,0.0,-625697.82
2020-02-27,6.63,-0.45045045045,1896054,12570838.02,0.24,0.0,0.0,-56881.62
2020-02-28,6.08,-8.295625942685,1896054,11528008.32,0.24,0.0,0.0,-1042829.7
2020-03-02,6.51,7.072368421053,1896054,12343311.54,0.24,0.0,0.0,815303.22
2020-03-03,6.65,2.150537634409,1896054,12608759.1,0.24,0.0,0.0,265447.56
2020-03-04,6.65,0.0,1896054,12608759.1,0.24,0.0,0.0,0.0
2020-03-05,6.61,-0.601503759398,1896054,12532916.94,0.24,0.0,0.0,-75842.16
2020-03-06,6.6,-0.151285930408,1896054,12513956.4,0.24,0.0,0.0,-18960.54
2020-03-09,6.22,-5.757575757576,1896054,11793455.88,0.24,0.0,0.0,-720500.52
2020-03-10,6.4,2.893890675241,1896054,12134745.6,0.24,0.0,0.0,341289.72
2020-03-11,6.33,-1.09375,1896054,12002021.82,0.24,0.0,0.0,-132723.78
2020-03-12,6.25,-1.263823064771,1896054,11850337.5,0.24,0.0,0.0,-151684.32
2020-03-13,6.19,-0.96,1896054,11736574.26,0.24,0.0,0.0,-113763.24
2020-03-16,5.87,-5.169628432956,1896054,11129836.98,0.24,0.0,0.0,-606737.28
2020-03-17,5.8,-1.192504258944,1896054,10997113.2,0.24,0.0,0.0,-132723.78
2020-03-18,5.54,-4.48275862069,1896054,10504139.16,0.24,0.0,0.0,-492974.04
2020-03-19,5.61,1.263537906137,1896054,10636862.94,0.24,0.0,0.0,132723.78
2020-03-20,5.63,0.356506238859,1896054,10674784.02,0.24,0.0,0.0,37921.08
2020-03-23,5.31,-5.683836589698,1896054,10068046.74,0.24,0.0,0.0,-606737.28
2020-03-24,5.59,5.273069679849,1896054,10598941.86,0.24,0.0,0.0,530895.12
2020-03-25,5.65,1.073345259392,1896054,10712705.1,0.24,0.0,0.0,113763.24
2020-03-26,5.51,-2.477876106195,1896054,10447257.54,0.24,0.0,0.0,-265447.56
2020-03-27,5.46,-0.907441016334,1896054,10352454.84,0.24,0.0,0.0,-94802.7
2020-03-30,5.19,-4.945054945055,1896054,9840520.26,0.24,0.0,0.0,-511934.58
2020-03-31,5.12,-1.348747591522,1896054,9707796.48,0.24,0.0,0.0,-132723.78
2020-04-01,5.13,0.1953125,1896054,9726757.02,0.24,0.0,0.0,18960.54
2020-04-02,5.31,3.508771929825,1896054,10068046.74,0.24,0.0,0.0,341289.72
2020-04-03,5.19,-2.25988700565,1896054,9840520.26,0.24,0.0,0.0,-227526.48
2020-04-07,5.42,4.431599229287,1896054,10276612.68,0.24,0.0,0.0,436092.42
2020-04-08,5.48,1.107011070111,1896054,10390375.92,0.24,0.0,0.0,113763.24
2020-04-14,5.5,3.189493433396,1896054,10428297.0,0.24,0.0,0.0,37921.08
2020-04-15,5.43,-1.272727272727,1896054,10295573.22,0.24,0.0,0.0,-132723.78
2020-04-16,5.48,0.920810313076,1896054,10390375.92,0.24,0.0,0.0,94802.7
2020-04-17,5.48,0.0,1896054,10390375.92,0.24,0.0,0.0,0.0
2020-04-20,5.5,0.36496350365,1896054,10428297.0,0.24,0.0,0.0,37921.08
2020-04-21,5.42,-1.454545454545,1896054,10276612.68,0.24,0.0,0.0,-151684.32
2020-04-22,5.65,4.243542435424,1896054,10712705.1,0.24,0.0,0.0,436092.42
2020-04-23,5.49,-2.83185840708,1896054,10409336.46,0.24,0.0,0.0,-303368.64
2020-04-24,5.39,-1.821493624772,1896054,10219731.06,0.24,0.0,0.0,-189605.4
2020-04-27,5.36,-0.556586270872,1896054,10162849.44,0.24,0.0,0.0,-56881.62
2020-04-28,5.21,-2.798507462687,1896054,9878441.34,0.24,0.0,0.0,-284408.1
2020-05-06,5.5,1.476014760148,1896054,10428297.0,0.24,0.0,0.0,549855.66
2020-05-07,5.48,-0.363636363636,1896054,10390375.92,0.24,0.0,0.0,-37921.08
2020-05-08,5.52,0.729927007299,1896054,10466218.08,0.24,0.0,0.0,75842.16
2020-05-11,5.63,1.992753623188,1896054,10674784.02,0.24,0.0,0.0,208565.94
2020-05-12,5.52,-1.953818827709,1896054,10466218.08,0.24,0.0,0.0,-208565.94
2020-05-13,5.6,1.449275362319,1896054,10617902.4,0.24,0.0,0.0,151684.32
2020-05-14,5.46,-2.5,1896054,10352454.84,0.24,0.0,0.0,-265447.56
2020-05-15,5.47,0.18315018315,1896054,10371415.38,0.24,0.0,0.0,18960.54
2020-05-18,5.35,-2.193784277879,1896054,10143888.9,0.24,0.0,0.0,-227526.48
2020-05-19,5.37,0.373831775701,1896054,10181809.98,0.24,0.0,0.0,37921.08
2020-05-20,5.34,-0.558659217877,1896054,10124928.36,0.24,0.0,0.0,-56881.62
2020-05-21,5.26,-1.498127340824,1896054,9973244.04,0.24,0.0,0.0,-151684.32
2020-05-22,5.14,-2.281368821293,1896054,9745717.56,0.24,0.0,0.0,-227526.48
2020-05-25,5.16,0.389105058366,1896054,9783638.64,0.24,0.0,0.0,37921.08
2020-05-26,5.21,0.968992248062,1896054,9878441.34,0.24,0.0,0.0,94802.7
2020-05-27,5.14,-1.343570057582,1896054,9745717.56,0.24,0.0,0.0,-132723.78
2020-05-28,5.17,0.583657587549,1896054,9802599.18,0.24,0.0,0.0,56881.62
2020-05-29,5.33,3.094777562863,1896054,10105967.82,0.24,0.0,0.0,303368.64
2020-06-01,5.41,1.500938086304,1896054,10257652.14,0.24,0.0,0.0,151684.32
2020-06-02,5.52,2.033271719039,1896054,10466218.08,0.24,0.0,0.0,208565.94
2020-06-03,5.47,-0.905797101449,1896054,10371415.38,0.24,0.0,0.0,-94802.7
2020-06-04,5.47,0.0,1896054,10371415.38,0.24,0.0,0.0,0.0
2020-06-05,5.4,-1.27970749543,1896054,10238691.6,0.24,0.0,0.0,-132723.78
2020-06-08,5.44,0.740740740741,1896054,10314533.76,0.24,0.0,0.0,75842.16
2020-06-09,5.43,-0.183823529412,1896054,10295573.22,0.24,0.0,0.0,-18960.54
2020-06-10,5.37,-1.104972375691,1896054,10181809.98,0.24,0.0,0.0,-113763.24
2020-06-11,5.34,-0.558659217877,1896054,10124928.36,0.24,0.0,0.0,-56881.62
2020-06-12,5.29,-0.936329588015,1896054,10030125.66,0.24,0.0,0.0,-94802.7
2020-06-15,5.23,-1.134215500945,1896054,9916362.42,0.24,0.0,0.0,-113763.24
2020-06-16,5.29,1.147227533461,1896054,10030125.66,0.24,0.0,0.0,113763.24
2020-06-17,5.27,-0.378071833648,1896054,9992204.58,0.24,0.0,0.0,-37921.08
2020-06-18,5.46,3.605313092979,1896054,10352454.84,0.24,0.0,0.0,360250.26
2020-06-19,5.42,-0.732600732601,1896054,10276612.68,0.24,0.0,0.0,-75842.16
2020-06-22,5.44,0.369003690037,1896054,10314533.76,0.24,0.0,0.0,37921.08
2020-06-23,5.36,-1.470588235294,1896054,10162849.44,0.24,0.0,0.0,-151684.32
2020-06-24,5.37,0.186567164179,1896054,10181809.98,0.24,0.0,0.0,18960.54
2020-06-29,5.91,10.055865921788,1896054,11205679.14,0.24,0.0,0.0,1023869.16
2020-07-02,6.23,-2.351097178683,1896054,11812416.42,0.24,0.0,0.0,606737.28
2020-07-03,6.58,5.61797752809,1896054,12476035.32,0.24,0.0,0.0,663618.9
2020-07-06,6.8,3.343465045593,1896054,12893167.2,0.24,0.0,0.0,417131.88
2020-07-07,6.64,-2.352941176471,1896054,12589798.56,0.24,0.0,0.0,-303368.64
2020-07-08,6.72,1.204819277108,1896054,12741482.88,0.24,0.0,0.0,151684.32
2020-07-09,6.84,1.785714285714,1896054,12969009.36,0.24,0.0,0.0,227526.48
2020-07-10,7.1,3.801169590643,1896054,13461983.4,0.24,0.0,0.0,492974.04
2020-07-13,7.81,10.0,1896054,14808181.74,0.24,0.0,0.0,1346198.34
2020-07-14,7.42,-4.993597951344,1896054,14068720.68,0.24,0.0,0.0,-739461.06
2020-07-15,7.07,-4.716981132075,1896054,13405101.78,0.24,0.0,0.0,-663618.9
2020-07-16,6.43,-7.747489239598,1896054,12191627.22,0.24,0.0,0.0,-1213474.56
2020-07-17,6.5,1.088646967341,1896054,12324351.0,0.24,0.0,0.0,132723.78
2020-07-20,6.79,4.461538461538,1896054,12874206.66,0.24,0.0,0.0,549855.66
2020-07-21,6.73,-0.883652430044,1896054,12760443.42,0.24,0.0,0.0,-113763.24
2020-07-22,6.68,-0.74294205052,1896054,12665640.72,0.24,0.0,0.0,-94802.7
2020-07-23,6.6,-1.197604790419,1896054,12513956.4,0.24,0.0,0.0,-151684.32
2020-07-24,6.2,-6.060606060606,1896054,11755534.8,0.24,0.0,0.0,-758421.6
2020-07-27,6.26,0.967741935484,1896054,11869298.04,0.24,0.0,0.0,113763.24
2020-07-28,6.32,0.958466453674,1896054,11983061.28,0.24,0.0,0.0,113763.24
2020-07-29,6.46,2.215189873418,1896054,12248508.84,0.24,0.0,0.0,265447.56
2020-07-30,6.49,0.46439628483,1896054,12305390.46,0.24,0.0,0.0,56881.62
2020-07-31,6.7,3.235747303544,1896054,12703561.8,0.24,0.0,0.0,398171.34
2020-08-03,6.9,2.985074626866,1896054,13082772.6,0.24,0.0,0.0,379210.8
2020-08-04,6.78,-1.739130434783,1896054,12855246.12,0.24,0.0,0.0,-227526.48
2020-08-05,6.82,0.589970501475,1896054,12931088.28,0.24,0.0,0.0,75842.16
2020-08-06,6.78,-0.58651026393,1705654,11564334.12,0.22,-190400.0,-1280668.48,-1366754.16
2020-08-07,6.58,-2.949852507375,1705654,11223203.32,0.22,0.0,0.0,-341130.8
2020-08-10,6.59,0.151975683891,1705654,11240259.86,0.22,0.0,0.0,17056.54
2020-08-11,6.4,-2.88315629742,1705654,10916185.6,0.22,0.0,0.0,-324074.26
2020-08-12,6.39,-0.15625,1705654,10899129.06,0.22,0.0,0.0,-17056.54
2020-08-13,6.4,0.156494522692,1705654,10916185.6,0.22,0.0,0.0,17056.54
2020-08-14,6.42,0.3125,1705654,10950298.68,0.22,0.0,0.0,34113.08
2020-08-17,6.73,4.828660436137,1705654,11479051.42,0.22,0.0,0.0,528752.74
2020-08-18,6.77,0.594353640416,1705654,11547277.58,0.22,0.0,0.0,68226.16
2020-08-19,6.6,-2.511078286558,1705654,11257316.4,0.22,0.0,0.0,-289961.18
2020-08-20,6.39,-3.181818181818,1705654,10899129.06,0.22,0.0,0.0,-358187.34
2020-08-21,6.58,2.973395931142,1705654,11223203.32,0.22,0.0,0.0,324074.26
2020-08-24,6.64,0.911854103343,1705654,11325542.56,0.22,0.0,0.0,102339.24
2020-08-25,6.59,-0.753012048193,1705654,11240259.86,0.22,0.0,0.0,-85282.7
2020-08-26,6.84,3.793626707132,1705654,11666673.36,0.22,0.0,0.0,426413.5
2020-08-27,6.92,1.169590643275,1705654,11803125.68,0.22,0.0,0.0,136452.32
2020-08-28,7.01,1.300578034682,1705654,11956634.54,0.22,0.0,0.0,153508.86
2020-08-31,7.18,2.425106990014,1705654,12246595.72,0.22,0.0,0.0,289961.18
2020-09-01,7.21,0.41782729805,1705654,12297765.34,0.22,0.0,0.0,51169.62
2020-09-02,7.0,-2.912621359223,1705654,11939578.0,0.22,0.0,0.0,-358187.34
2020-09-03,6.96,-0.571428571429,1705654,11871351.84,0.22,0.0,0.0,-68226.16
2020-09-04,7.13,2.442528735632,1705654,12161313.02,0.22,0.0,0.0,289961.18
2020-09-07,6.99,-1.963534361851,1705654,11922521.46,0.22,0.0,0.0,-238791.56
2020-09-08,7.06,1.001430615165,1705654,12041917.24,0.22,0.0,0.0,119395.78
2020-09-09,6.68,-5.382436260623,1705654,11393768.72,0.22,0.0,0.0,-648148.52
2020-09-10,6.51,-2.544910179641,1705654,11103807.54,0.22,0.0,0.0,-289961.18
2020-09-11,6.5,-0.153609831029,1705654,11086751.0,0.22,0.0,0.0,-17056.54
2020-09-14,6.61,1.692307692308,1705654,11274372.94,0.22,0.0,0.0,187621.94
2020-09-15,6.6,-0.151285930408,1705654,11257316.4,0.22,0.0,0.0,-17056.54
2020-09-16,6.6,0.0,1705654,11257316.4,0.22,0.0,0.0,0.0
2020-09-17,6.84,3.636363636364,1705654,11666673.36,0.22,0.0,0.0,409356.96
2020-09-18,6.86,0.292397660819,1705654,11700786.44,0.22,0.0,0.0,34113.08
2020-09-21,6.8,-0.874635568513,1705654,11598447.2,0.22,0.0,0.0,-102339.24
2020-09-22,6.56,-3.529411764706,1705654,11189090.24,0.22,0.0,0.0,-409356.96
2020-09-23,6.53,-0.457317073171,1705654,11137920.62,0.22,0.0,0.0,-51169.62
2020-09-24,6.32,-3.215926493109,1705654,10779733.28,0.22,0.0,0.0,-358187.34
2020-09-25,6.24,-1.26582278481,1705654,10643280.96,0.22,0.0,0.0,-136452.32
2020-09-28,6.19,-0.801282051282,1705654,10557998.26,0.22,0.0,0.0,-85282.7
2020-09-29,6.26,1.130856219709,1705654,10677394.04,0.22,0.0,0.0,119395.78
2020-09-30,6.23,-0.479233226837,1705654,10626224.42,0.22,0.0,0.0,-51169.62
2020-10-09,6.42,3.049759229535,1705654,10950298.68,0.22,0.0,0.0,324074.26
2020-10-12,6.55,2.02492211838,1705654,11172033.7,0.22,0.0,0.0,221735.02
2020-10-14,6.4,-2.140672782875,1705654,10916185.6,0.22,0.0,0.0,-255848.1
2020-10-15,6.33,-1.09375,1705654,10796789.82,0.22,0.0,0.0,-119395.78
2020-10-16,6.32,-0.157977883096,1705654,10779733.28,0.22,0.0,0.0,-17056.54
2020-10-19,6.31,-0.158227848101,1705654,10762676.74,0.22,0.0,0.0,-17056.54
2020-10-20,6.39,1.267828843106,1705654,10899129.06,0.22,0.0,0.0,136452.32
2020-10-21,6.4,0.156494522692,1705654,10916185.6,0.22,0.0,0.0,17056.54
2020-10-22,6.34,-0.9375,1705654,10813846.36,0.22,0.0,0.0,-102339.24
2020-10-27,6.14,-0.486223662885,1705654,10472715.56,0.22,0.0,0.0,-341130.8
2020-10-28,6.18,0.651465798046,1705654,10540941.72,0.22,0.0,0.0,68226.16
2020-10-29,6.27,1.456310679612,1705654,10694450.58,0.22,0.0,0.0,153508.86
2020-10-30,6.0,-4.306220095694,1705654,10233924.0,0.22,0.0,0.0,-460526.58
2020-11-02,5.95,-0.833333333333,1705654,10148641.3,0.22,0.0,0.0,-85282.7
2020-11-03,6.11,2.689075630252,1705654,10421545.94,0.22,0.0,0.0,272904.64
2020-11-04,6.21,1.636661211129,1705654,10592111.34,0.22,0.0,0.0,170565.4
2020-11-05,6.25,0.644122383253,1705654,10660337.5,0.22,0.0,0.0,68226.16
2020-11-06,6.18,-1.12,1705654,10540941.72,0.22,0.0,0.0,-119395.78
2020-11-09,6.39,3.398058252427,1705654,10899129.06,0.22,0.0,0.0,358187.34
2020-11-10,6.36,-0.469483568075,1705654,10847959.44,0.22,0.0,0.0,-51169.62
2020-11-11,6.37,0.157232704403,1705654,10865015.98,0.22,0.0,0.0,17056.54
2020-11-12,6.3,-1.098901098901,1705654,10745620.2,0.22,0.0,0.0,-119395.78
2020-11-13,6.46,2.539682539683,1705654,11018524.84,0.22,0.0,0.0,272904.64
2020-11-16,6.62,2.476780185759,1705654,11291429.48,0.22,0.0,0.0,272904.64
2020-11-17,6.55,-1.057401812689,1705654,11172033.7,0.22,0.0,0.0,-119395.78
2020-11-18,6.59,0.610687022901,1705654,11240259.86,0.22,0.0,0.0,68226.16
2020-11-19,6.5,-1.365705614568,1705654,11086751.0,0.22,0.0,0.0,-153508.86
2020-11-20,6.48,-0.307692307692,1705654,11052637.92,0.22,0.0,0.0,-34113.08
2020-11-23,6.41,-1.08024691358,1705654,10933242.14,0.22,0.0,0.0,-119395.78
2020-11-24,6.41,0.0,1705654,10933242.14,0.22,0.0,0.0,0.0
2020-11-25,6.28,-2.028081123245,1705654,10711507.12,0.22,0.0,0.0,-221735.02
2020-11-26,6.27,-0.15923566879,1705654,10694450.58,0.22,0.0,0.0,-17056.54
2020-11-27,6.3,0.478468899522,1705654,10745620.2,0.22,0.0,0.0,51169.62
2020-11-30,6.4,1.587301587302,1705654,10916185.6,0.22,0.0,0.0,170565.4
2020-12-01,7.04,10.0,1705654,12007804.16,0.22,0.0,0.0,1091618.56
2020-12-02,7.74,9.943181818182,1705654,13201761.96,0.22,0.0,0.0,1193957.8
2020-12-03,7.08,-8.527131782946,1705654,12076030.32,0.22,0.0,0.0,-1125731.64
2020-12-04,6.8,-3.954802259887,1705654,11598447.2,0.22,0.0,0.0,-477583.12
2020-12-07,6.68,-1.764705882353,1705654,11393768.72,0.22,0.0,0.0,-204678.48
2020-12-08,6.85,2.544910179641,1705654,11683729.9,0.22,0.0,0.0,289961.18
2020-12-09,6.54,-4.525547445255,1705654,11154977.16,0.22,0.0,0.0,-528752.74
2020-12-10,6.49,-0.764525993884,1705654,11069694.46,0.22,0.0,0.0,-85282.7
2020-12-11,6.29,-3.081664098613,1705654,10728563.66,0.22,0.0,0.0,-341130.8
2020-12-14,6.41,1.907790143084,1705654,10933242.14,0.22,0.0,0.0,204678.48
2020-12-15,6.36,-0.780031201248,1705654,10847959.44,0.22,0.0,0.0,-85282.7
2020-12-16,6.28,-1.25786163522,1705654,10711507.12,0.22,0.0,0.0,-136452.32
2020-12-17,6.41,2.070063694268,1705654,10933242.14,0.22,0.0,0.0,221735.02
2020-12-18,6.32,-1.404056162246,1705654,10779733.28,0.22,0.0,0.0,-153508.86
2020-12-21,6.43,1.740506329114,1705654,10967355.22,0.22,0.0,0.0,187621.94
2020-12-22,6.77,5.287713841369,1705654,11547277.58,0.22,0.0,0.0,579922.36
2020-12-23,6.8,0.443131462334,1705654,11598447.2,0.22,0.0,0.0,51169.62
2020-12-28,6.76,-1.88679245283,1705654,11530221.04,0.22,0.0,0.0,-68226.16
2020-12-29,6.63,-1.923076923077,1705654,11308486.02,0.22,0.0,0.0,-221735.02
2020-12-30,6.92,4.374057315234,1705654,11803125.68,0.22,0.0,0.0,494639.66
2020-12-31,6.88,-0.578034682081,1705654,11734899.52,0.22,0.0,0.0,-68226.16
2021-01-04,7.13,3.633720930233,1705654,12161313.02,0.22,0.0,0.0,426413.5
2021-01-05,7.15,0.280504908836,1705654,12195426.1,0.22,0.0,0.0,34113.08
2021-01-06,6.84,-4.335664335664,1705654,11666673.36,0.22,0.0,0.0,-528752.74
2021-01-07,6.61,-3.362573099415,1705654,11274372.94,0.22,0.0,0.0,-392300.42
2021-01-08,6.78,2.571860816944,1705654,11564334.12,0.22,0.0,0.0,289961.18
2021-01-11,6.74,-0.589970501475,1705654,11496107.96,0.22,0.0,0.0,-68226.16
2021-01-12,7.15,6.083086053412,1705654,12195426.1,0.22,0.0,0.0,699318.14
2021-01-13,7.11,-0.559440559441,1705654,12127199.94,0.22,0.0,0.0,-68226.16
2021-01-14,7.17,0.84388185654,1705654,12229539.18,0.22,0.0,0.0,102339.24
2021-01-15,7.0,-2.370990237099,1705654,11939578.0,0.22,0.0,0.0,-289961.18
2021-01-18,7.35,5.0,1705654,12536556.9,0.22,0.0,0.0,596978.9
2021-01-19,7.31,-0.544217687075,1705654,12468330.74,0.22,0.0,0.0,-68226.16
2021-01-20,7.47,2.18878248974,1705654,12741235.38,0.22,0.0,0.0,272904.64
2021-01-21,7.33,-1.874163319946,1705654,12502443.82,0.22,0.0,0.0,-238791.56
2021-01-22,7.32,-0.136425648022,1705654,12485387.28,0.22,0.0,0.0,-17056.54
2021-01-25,7.12,-2.732240437158,1705654,12144256.48,0.22,0.0,0.0,-341130.8
2021-01-26,6.88,-3.370786516854,1705654,11734899.52,0.22,0.0,0.0,-409356.96
2021-01-27,6.85,-0.436046511628,1705654,11683729.9,0.22,0.0,0.0,-51169.62
2021-01-28,6.81,-0.583941605839,1705654,11615503.74,0.22,0.0,0.0,-68226.16
2021-01-29,7.06,3.67107195301,1705654,12041917.24,0.22,0.0,0.0,426413.5
2021-02-01,7.37,4.390934844193,1705654,12570669.98,0.22,0.0,0.0,528752.74
2021-02-02,7.36,-0.135685210312,1705654,12553613.44,0.22,0.0,0.0,-17056.54
2021-02-03,7.33,-0.407608695652,1705654,12502443.82,0.22,0.0,0.0,-51169.62
2021-02-04,7.55,3.00136425648,1705654,12877687.7,0.22,0.0,0.0,375243.88
2021-02-05,6.8,-9.933774834437,1705654,11598447.2,0.22,0.0,0.0,-1279240.5
2021-02-08,6.41,-5.735294117647,1705654,10933242.14,0.22,0.0,0.0,-665205.06
2021-02-09,7.05,9.984399375975,1705654,12024860.7,0.22,0.0,0.0,1091618.56
2021-02-10,7.02,-0.425531914894,1705654,11973691.08,0.22,0.0,0.0,-51169.62
2021-02-18,7.28,3.703703703704,1705654,12417161.12,0.22,0.0,0.0,443470.04
2021-02-19,7.37,1.236263736264,1705654,12570669.98,0.22,0.0,0.0,153508.86
2021-02-22,7.4,0.407055630936,1703654,12607039.6,0.22,-2000.0,-15055.0,36369.62
2021-02-23,7.45,0.675675675676,1703654,12692222.3,0.22,0.0,0.0,85182.7
2021-02-24,7.8,4.697986577181,1643654,12820501.2,0.21,-60000.0,-465504.0,128278.9
2021-02-25,7.62,-2.307692307692,1643654,12524643.48,0.21,0.0,0.0,-295857.72
2021-02-26,7.37,-3.280839895013,1643654,12113729.98,0.21,0.0,0.0,-410913.5
2021-03-01,7.92,7.462686567164,1643654,13017739.68,0.21,0.0,0.0,904009.7
2021-03-02,7.78,-1.767676767677,1643654,12787628.12,0.21,0.0,0.0,-230111.56
2021-03-03,8.1,4.113110539846,1643654,13313597.4,0.21,0.0,0.0,525969.28
2021-03-04,7.83,-3.333333333333,1643654,12869810.82,0.21,0.0,0.0,-443786.58
2021-03-05,7.68,-1.915708812261,1643654,12623262.72,0.21,0.0,0.0,-246548.1
2021-03-08,7.88,2.604166666667,1643654,12951993.52,0.21,0.0,0.0,328730.8
2021-03-09,7.39,-6.218274111675,1643654,12146603.06,0.21,0.0,0.0,-805390.46
2021-03-10,7.47,1.082543978349,1643654,12278095.38,0.21,0.0,0.0,131492.32
2021-03-11,7.53,0.803212851406,1643654,12376714.62,0.21,0.0,0.0,98619.24
2021-03-12,7.4,-1.726427622842,1643654,12163039.6,0.21,0.0,0.0,-213675.02
2021-03-15,7.53,1.756756756757,1643654,12376714.62,0.21,0.0,0.0,213675.02
2021-03-16,7.83,3.98406374502,1643654,12869810.82,0.21,0.0,0.0,493096.2
2021-03-17,7.86,0.383141762452,1643654,12919120.44,0.21,0.0,0.0,49309.62
2021-03-18,7.97,1.399491094148,1643654,13099922.38,0.21,0.0,0.0,180801.94
2021-03-19,7.74,-2.88582183187,1643654,12721881.96,0.21,0.0,0.0,-378040.42
2021-03-22,8.51,9.948320413437,1643654,13987495.54,0.21,0.0,0.0,1265613.58
2021-03-23,8.21,-3.52526439483,1643654,13494399.34,0.21,0.0,0.0,-493096.2
2021-03-24,8.1,-1.339829476248,1643654,13313597.4,0.21,0.0,0.0,-180801.94
2021-03-25,7.69,-5.061728395062,1643654,12639699.26,0.21,0.0,0.0,-673898.14
2021-03-26,8.46,10.01300390117,1643654,13905312.84,0.21,0.0,0.0,1265613.58
2021-03-29,8.53,0.827423167849,1643654,14020368.62,0.21,0.0,0.0,115055.78
2021-03-30,8.49,-0.468933177022,1643654,13954622.46,0.21,0.0,0.0,-65746.16
2021-03-31,8.29,-2.355712603062,1643654,13625891.66,0.21,0.0,0.0,-328730.8
2021-04-07,8.65,0.581395348837,1643636,14217451.4,0.21,-18.0,-155.1564,591559.74
2021-04-08,8.49,-1.849710982659,1643636,13954469.64,0.21,0.0,0.0,-262981.76
2021-04-09,8.44,-0.588928150766,1643636,13872287.84,0.21,0.0,0.0,-82181.8
2021-04-12,8.08,-4.265402843602,1643636,13280578.88,0.21,0.0,0.0,-591708.96
2021-04-13,7.98,-1.237623762376,1643636,13116215.28,0.21,0.0,0.0,-164363.6
2021-04-14,8.13,1.87969924812,1643636,13362760.68,0.21,0.0,0.0,246545.4
2021-04-15,8.03,-1.230012300123,1643636,13198397.08,0.21,0.0,0.0,-164363.6
2021-04-16,7.97,-0.747198007472,1643636,13099778.92,0.21,0.0,0.0,-98618.16
2021-04-19,8.05,1.003764115433,1643636,13231269.8,0.21,0.0,0.0,131490.88
2021-04-20,7.82,-2.857142857143,1643636,12853233.52,0.21,0.0,0.0,-378036.28
2021-04-21,7.88,0.76726342711,1643636,12951851.68,0.21,0.0,0.0,98618.16
2021-04-22,7.7,-2.284263959391,1643636,12655997.2,0.21,0.0,0.0,-295854.48
2021-04-23,7.62,-1.038961038961,1643636,12524506.32,0.21,0.0,0.0,-131490.88
2021-04-26,7.67,0.656167979003,1643636,12606688.12,0.21,0.0,0.0,82181.8
2021-04-27,7.37,-3.911342894394,1643636,12113597.32,0.21,0.0,0.0,-493090.8
2021-04-28,7.44,0.949796472185,1643636,12228651.84,0.21,0.0,0.0,115054.52
2021-04-29,7.3,-1.881720430108,1643636,11998542.8,0.21,0.0,0.0,-230109.04
2021-04-30,7.24,-0.821917808219,1643636,11899924.64,0.21,0.0,0.0,-98618.16
2021-05-06,7.27,0.414364640884,1643623,11949139.21,0.21,-13.0,-94.4359,49214.57
2021-05-07,7.33,0.825309491059,1643623,12047756.59,0.21,0.0,0.0,98617.38
2021-05-10,7.39,0.818553888131,1643623,12146373.97,0.21,0.0,0.0,98617.38
2021-05-11,7.49,1.353179972936,1643623,12310736.27,0.21,0.0,0.0,164362.3
2021-05-12,7.5,0.133511348465,1643623,12327172.5,0.21,0.0,0.0,16436.23
2021-05-13,7.25,-3.333333333333,1643623,11916266.75,0.21,0.0,0.0,-410905.75
2021-05-14,7.39,1.931034482759,1643623,12146373.97,0.21,0.0,0.0,230107.22
2021-05-17,6.84,-7.44248985115,1643623,11242381.32,0.21,0.0,0.0,-903992.65
2021-05-20,6.58,-0.604229607251,1643623,10815039.34,0.21,0.0,0.0,-427341.98
2021-05-21,6.51,-1.063829787234,1643623,10699985.73,0.21,0.0,0.0,-115053.61
2021-05-24,6.52,0.153609831029,1643623,10716421.96,0.21,0.0,0.0,16436.23
2021-05-25,6.59,1.073619631902,1643623,10831475.57,0.21,0.0,0.0,115053.61
2021-05-26,6.64,0.758725341426,1643623,10913656.72,0.21,0.0,0.0,82181.15
2021-05-27,6.8,2.409638554217,1643623,11176636.4,0.21,0.0,0.0,262979.68
2021-05-28,6.73,-1.029411764706,1643623,11061582.79,0.21,0.0,0.0,-115053.61
2021-05-31,6.78,0.74294205052,1643623,11143763.94,0.21,0.0,0.0,82181.15
2021-06-01,6.83,0.737463126844,1643623,11225945.09,0.21,0.0,0.0,82181.15
2021-06-02,6.68,-2.196193265007,1643623,10979401.64,0.21,0.0,0.0,-246543.45
2021-06-03,6.61,-1.047904191617,1643623,10864348.03,0.21,0.0,0.0,-115053.61
2021-06-04,6.65,0.605143721634,1643623,10930092.95,0.21,0.0,0.0,65744.92
2021-06-07,6.77,1.804511278195,1643623,11127327.71,0.21,0.0,0.0,197234.76
2021-06-08,6.68,-1.329394387001,1643623,10979401.64,0.21,0.0,0.0,-147926.07
2021-06-09,6.8,1.796407185629,1643623,11176636.4,0.21,0.0,0.0,197234.76
2021-06-10,6.86,0.882352941176,1643623,11275253.78,0.21,0.0,0.0,98617.38
2021-06-11,6.79,-1.020408163265,1643623,11160200.17,0.21,0.0,0.0,-115053.61
2021-06-15,6.75,-0.589101620029,1643623,11094455.25,0.21,0.0,0.0,-65744.92
2021-06-16,6.63,-1.777777777778,1643623,10897220.49,0.21,0.0,0.0,-197234.76
2021-06-17,6.71,1.975683890578,1643623,11028710.33,0.21,0.0,0.0,131489.84
2021-06-18,6.81,1.490312965723,1643623,11193072.63,0.21,0.0,0.0,164362.3
2021-06-21,6.91,1.468428781204,1643623,11357434.93,0.21,0.0,0.0,164362.3
2021-06-22,7.04,1.881331403763,1643623,11571105.92,0.21,0.0,0.0,213670.99
2021-06-23,6.99,-0.710227272727,1643623,11488924.77,0.21,0.0,0.0,-82181.15
2021-06-24,7.1,1.573676680973,1643623,11669723.3,0.21,0.0,0.0,180798.53
2021-06-25,7.11,0.140845070423,1643623,11686159.53,0.21,0.0,0.0,16436.23
2021-06-28,7.0,-1.54711673699,1643623,11505361.0,0.21,0.0,0.0,-180798.53
2021-06-29,6.89,-1.571428571429,1643623,11324562.47,0.21,0.0,0.0,-180798.53
2021-07-02,6.71,-0.739644970414,1643623,11028710.33,0.21,0.0,0.0,-295852.14
2021-07-05,6.72,0.149031296572,1643623,11045146.56,0.21,0.0,0.0,16436.23
2021-07-06,6.82,1.488095238095,1643623,11209508.86,0.21,0.0,0.0,164362.3
2021-07-07,6.88,0.879765395894,1643623,11308126.24,0.21,0.0,0.0,98617.38
2021-07-08,6.85,-0.436046511628,1643623,11258817.55,0.21,0.0,0.0,-49308.69
2021-07-09,6.93,1.167883211679,1643623,11390307.39,0.21,0.0,0.0,131489.84
2021-07-12,7.18,3.607503607504,1643623,11801213.14,0.21,0.0,0.0,410905.75
2021-07-13,7.18,0.0,1643623,11801213.14,0.21,0.0,0.0,0.0
2021-07-14,7.17,-0.139275766017,1643623,11784776.91,0.21,0.0,0.0,-16436.23
2021-07-15,7.09,-1.115760111576,1643623,11653287.07,0.21,0.0,0.0,-131489.84
2021-07-16,7.28,2.679830747532,1643623,11965575.44,0.21,0.0,0.0,312288.37
2021-07-19,7.24,-0.549450549451,1643623,11899830.52,0.21,0.0,0.0,-65744.92
2021-07-20,7.41,2.348066298343,1643623,12179246.43,0.21,0.0,0.0,279415.91
2021-07-21,7.48,0.944669365722,1643623,12294300.04,0.21,0.0,0.0,115053.61
2021-07-22,8.18,9.358288770053,1643623,13444836.14,0.21,0.0,0.0,1150536.1
2021-07-23,8.8,7.579462102689,1643623,14463882.4,0.21,0.0,0.0,1019046.26
2021-07-26,9.49,7.840909090909,1643623,15597982.27,0.21,0.0,0.0,1134099.87
2021-07-27,8.97,-5.479452054795,1643623,14743298.31,0.21,0.0,0.0,-854683.96
2021-07-28,8.5,-5.239687848384,1643623,13970795.5,0.21,0.0,0.0,-772502.81
2021-07-29,8.93,5.058823529412,1643623,14677553.39,0.21,0.0,0.0,706757.89
2021-07-30,9.47,6.047032474804,1643623,15565109.81,0.21,0.0,0.0,887556.42
2021-08-02,9.29,-1.900739176346,1643623,15269257.67,0.21,0.0,0.0,-295852.14
2021-08-03,9.31,0.21528525296,1643623,15302130.13,0.21,0.0,0.0,32872.46
2021-08-04,9.57,2.792696025779,1643623,15729472.11,0.21,0.0,0.0,427341.98
2021-08-05,9.26,-3.239289446186,1643623,15219948.98,0.21,0.0,0.0,-509523.13
2021-08-06,9.4,1.511879049676,1643623,15450056.2,0.21,0.0,0.0,230107.22
2021-08-09,9.25,-1.595744680851,1643623,15203512.75,0.21,0.0,0.0,-246543.45
2021-08-10,10.18,10.054054054054,1643623,16732082.14,0.21,0.0,0.0,1528569.39
2021-08-11,9.24,-9.233791748527,1643623,15187076.52,0.21,0.0,0.0,-1545005.62
2021-08-12,9.48,2.597402597403,1643623,15581546.04,0.21,0.0,0.0,394469.52
2021-08-13,9.2,-2.95358649789,1643623,15121331.6,0.21,0.0,0.0,-460214.44
2021-08-16,8.85,-3.804347826087,1643623,14546063.55,0.21,0.0,0.0,-575268.05
2021-08-17,8.53,-3.61581920904,1643623,14020104.19,0.21,0.0,0.0,-525959.36
2021-08-18,8.53,0.0,1643623,14020104.19,0.21,0.0,0.0,0.0
2021-08-19,8.67,1.641266119578,1643623,14250211.41,0.21,0.0,0.0,230107.22
2021-08-20,8.7,0.346020761246,1643623,14299520.1,0.21,0.0,0.0,49308.69
2021-08-23,9.42,8.275862068966,1643623,15482928.66,0.21,0.0,0.0,1183408.56
2021-08-24,10.32,9.554140127389,1643623,16962189.36,0.21,0.0,0.0,1479260.7
2021-08-25,11.35,9.980620155039,1643623,18655121.05,0.21,0.0,0.0,1692931.69
2021-08-26,11.38,0.264317180617,1643623,18704429.74,0.21,0.0,0.0,49308.69
2021-08-27,11.7,2.811950790861,1643623,19230389.1,0.21,0.0,0.0,525959.36
2021-08-30,11.22,-4.102564102564,1643623,18441450.06,0.21,0.0,0.0,-788939.04
2021-08-31,11.25,0.267379679144,1643623,18490758.75,0.21,0.0,0.0,49308.69
2021-09-01,10.62,-5.6,1643623,17455276.26,0.21,0.0,0.0,-1035482.49
2021-09-02,10.74,1.129943502825,1643623,17652511.02,0.21,0.0,0.0,197234.76
2021-09-03,10.66,-0.744878957169,1643623,17521021.18,0.21,0.0,0.0,-131489.84
2021-09-06,10.72,0.562851782364,1643623,17619638.56,0.21,0.0,0.0,98617.38
2021-09-07,10.83,1.026119402985,1643623,17800437.09,0.21,0.0,0.0,180798.53
2021-09-08,10.92,0.831024930748,1643623,17948363.16,0.21,0.0,0.0,147926.07
2021-09-09,10.71,-1.923076923077,1643623,17603202.33,0.21,0.0,0.0,-345160.83
2021-09-10,10.72,0.093370681606,1643623,17619638.56,0.21,0.0,0.0,16436.23
2021-09-13,10.54,-1.679104477612,1643623,17323786.42,0.21,0.0,0.0,-295852.14
2021-09-14,10.49,-0.474383301708,1643623,17241605.27,0.21,0.0,0.0,-82181.15
2021-09-15,10.68,1.811248808389,1643623,17553893.64,0.21,0.0,0.0,312288.37
2021-09-16,10.04,-5.992509363296,1643623,16501974.92,0.21,0.0,0.0,-1051918.72
2021-09-23,10.39,-0.574162679426,1643623,17077242.97,0.21,0.0,0.0,575268.05
2021-09-24,10.07,-3.079884504331,1643623,16551283.61,0.21,0.0,0.0,-525959.36
2021-09-27,9.67,-3.972194637537,1643623,15893834.41,0.21,0.0,0.0,-657449.2
2021-09-28,9.48,-1.964839710445,1643623,15581546.04,0.21,0.0,0.0,-312288.37
2021-09-29,8.96,-5.485232067511,1643623,14726862.08,0.21,0.0,0.0,-854683.96
2021-09-30,9.08,1.339285714286,1643623,14924096.84,0.21,0.0,0.0,197234.76
2021-10-08,9.05,-0.330396475771,1643623,14874788.15,0.21,0.0,0.0,-49308.69
2021-10-11,9.0,-0.552486187845,1643623,14792607.0,0.21,0.0,0.0,-82181.15
2021-10-12,8.67,-3.666666666667,1643623,14250211.41,0.21,0.0,0.0,-542395.59
2021-10-15,8.65,-0.802752293578,1643623,14217338.95,0.21,0.0,0.0,-32872.46
2021-10-18,8.65,0.0,1643623,14217338.95,0.21,0.0,0.0,0.0
2021-10-19,8.69,0.462427745665,1643623,14283083.87,0.21,0.0,0.0,65744.92
2021-10-20,8.49,-2.301495972382,1643623,13954359.27,0.21,0.0,0.0,-328724.6
2021-10-21,8.37,-1.413427561837,1643623,13757124.51,0.21,0.0,0.0,-197234.76
2021-10-22,8.26,-1.31421744325,1643623,13576325.98,0.21,0.0,0.0,-180798.53
2021-10-25,8.63,4.479418886199,1643623,14184466.49,0.21,0.0,0.0,608140.51
2021-10-26,8.81,2.085747392816,1643623,14480318.63,0.21,0.0,0.0,295852.14
2021-10-27,8.48,-3.745743473326,1643623,13937923.04,0.21,0.0,0.0,-542395.59
2021-10-28,8.16,-3.77358490566,1643623,13411963.68,0.21,0.0,0.0,-525959.36
2021-10-29,8.36,2.450980392157,1643623,13740688.28,0.21,0.0,0.0,328724.6
2021-11-01,8.59,2.751196172249,1643623,14118721.57,0.21,0.0,0.0,378033.29
2021-11-02,8.36,-2.67753201397,1643623,13740688.28,0.21,0.0,0.0,-378033.29
2021-11-03,8.39,0.358851674641,1643623,13789996.97,0.21,0.0,0.0,49308.69
2021-11-04,8.57,2.145411203814,1643623,14085849.11,0.21,0.0,0.0,295852.14
2021-11-05,8.76,2.217036172695,1643623,14398137.48,0.21,0.0,0.0,312288.37
2021-11-08,8.52,-2.739726027397,1643623,14003667.96,0.21,0.0,0.0,-394469.52
2021-11-09,8.85,3.87323943662,1643623,14546063.55,0.21,0.0,0.0,542395.59
2021-11-10,9.29,4.971751412429,1643623,15269257.67,0.21,0.0,0.0,723194.12
2021-11-11,9.08,-2.260495156082,1643623,14924096.84,0.21,0.0,0.0,-345160.83
2021-11-12,9.13,0.550660792952,1643623,15006277.99,0.21,0.0,0.0,82181.15
2021-11-15,9.9,8.433734939759,1643623,16271867.7,0.21,0.0,0.0,1265589.71
2021-11-16,9.32,-5.858585858586,1643623,15318566.36,0.21,0.0,0.0,-953301.34
2021-11-17,9.62,3.218884120172,1643623,15811653.26,0.21,0.0,0.0,493086.9
2021-11-18,10.58,9.97920997921,1643623,17389531.34,0.21,0.0,0.0,1577878.08
2021-11-19,10.52,-0.567107750473,1643623,17290913.96,0.21,0.0,0.0,-98617.38
2021-11-22,10.65,1.235741444867,1643623,17504584.95,0.21,0.0,0.0,213670.99
2021-11-23,10.84,1.784037558685,1643623,17816873.32,0.21,0.0,0.0,312288.37
2021-11-24,10.79,-0.461254612546,1643623,17734692.17,0.21,0.0,0.0,-82181.15
2021-11-25,11.01,2.038924930491,1643623,18096289.23,0.21,0.0,0.0,361597.06
2021-11-26,10.85,-1.453224341508,1643623,17833309.55,0.21,0.0,0.0,-262979.68
2021-11-29,11.03,1.658986175115,1643623,18129161.69,0.21,0.0,0.0,295852.14
2021-11-30,11.18,1.359927470535,1643623,18375705.14,0.21,0.0,0.0,246543.45
2021-12-01,11.09,-0.805008944544,1643623,18227779.07,0.21,0.0,0.0,-147926.07
2021-12-02,10.78,-2.795311091073,1643623,17718255.94,0.21,0.0,0.0,-509523.13
2021-12-03,11.86,10.018552875696,1614023,19142312.78,0.21,-29600.0,-343730.0,1424056.84
2021-12-06,11.93,0.590219224283,1614023,19255294.39,0.21,0.0,0.0,112981.61
2021-12-07,11.33,-5.029337803856,1614023,18286880.59,0.21,0.0,0.0,-968413.8
2021-12-08,11.26,-0.617828773169,1614023,18173898.98,0.21,0.0,0.0,-112981.61
2021-12-09,11.01,-2.220248667851,1614023,17770393.23,0.21,0.0,0.0,-403505.75
2021-12-10,11.01,0.0,1614023,17770393.23,0.21,0.0,0.0,0.0
2021-12-13,11.06,0.454132606721,1614023,17851094.38,0.21,0.0,0.0,80701.15
2021-12-14,12.17,10.03616636528,1614023,19642659.91,0.21,0.0,0.0,1791565.53
2021-12-15,13.18,8.299096138044,1614023,21272823.14,0.21,0.0,0.0,1630163.23
2021-12-16,13.25,0.531107738998,1614023,21385804.75,0.21,0.0,0.0,112981.61
2021-12-17,13.51,1.962264150943,1614023,21805450.73,0.21,0.0,0.0,419645.98
2021-12-20,12.79,-5.329385640266,1614023,20643354.17,0.21,0.0,0.0,-1162096.56
2021-12-21,12.47,-2.501954652072,1614023,20126866.81,0.21,0.0,0.0,-516487.36
2021-12-22,13.05,4.651162790698,1614023,21063000.15,0.21,0.0,0.0,936133.34
2021-12-23,12.91,-1.072796934866,1614023,20837036.93,0.21,0.0,0.0,-225963.22
2021-12-28,12.07,6.063268892794,1614023,19481257.61,0.21,0.0,0.0,-1355779.32
2021-12-29,12.25,1.49130074565,1614023,19771781.75,0.21,0.0,0.0,290524.14
2021-12-30,12.04,-1.714285714286,1614023,19432836.92,0.21,0.0,0.0,-338944.83
2021-12-31,11.72,-2.65780730897,1614023,18916349.56,0.21,0.0,0.0,-516487.36
2022-01-04,12.7,8.361774744027,1614023,20498092.1,0.21,0.0,0.0,1581742.54
2022-01-05,12.03,-5.275590551181,1614023,19416696.69,0.21,0.0,0.0,-1081395.41
2022-01-06,12.03,0.0,1614023,19416696.69,0.21,0.0,0.0,0.0
2022-01-07,11.4,-5.236907730673,1614023,18399862.2,0.21,0.0,0.0,-1016834.49
2022-01-10,11.0,-3.508771929825,1614023,17754253.0,0.21,0.0,0.0,-645609.2
2022-01-11,10.5,-4.545454545455,1614023,16947241.5,0.21,0.0,0.0,-807011.5
2022-01-12,10.76,2.47619047619,1614023,17366887.48,0.21,0.0,0.0,419645.98
2022-01-13,10.47,-2.695167286245,1614023,16898820.81,0.21,0.0,0.0,-468066.67
2022-01-14,10.87,3.820439350525,1614023,17544430.01,0.21,0.0,0.0,645609.2
2022-01-17,11.01,1.287948482061,1614023,17770393.23,0.21,0.0,0.0,225963.22
2022-01-18,10.89,-1.089918256131,1614023,17576710.47,0.21,0.0,0.0,-193682.76
2022-01-19,10.77,-1.101928374656,1614023,17383027.71,0.21,0.0,0.0,-193682.76
2022-01-20,10.25,-4.828226555246,1614023,16543735.75,0.21,0.0,0.0,-839291.96
2022-01-21,10.12,-1.268292682927,1614023,16333912.76,0.21,0.0,0.0,-209822.99
2022-01-24,10.11,-0.098814229249,1614023,16317772.53,0.21,0.0,0.0,-16140.23
2022-01-25,9.93,-1.780415430267,1614023,16027248.39,0.21,0.0,0.0,-290524.14
2022-01-26,10.13,2.014098690836,1614023,16350052.99,0.21,0.0,0.0,322804.6
2022-01-27,9.84,-2.862783810464,1614023,15881986.32,0.21,0.0,0.0,-468066.67
2022-01-28,9.68,-1.626016260163,1614023,15623742.64,0.21,0.0,0.0,-258243.68
2022-02-07,9.98,3.099173553719,1614023,16107949.54,0.21,0.0,0.0,484206.9
2022-02-08,10.01,0.300601202405,1614023,16156370.23,0.21,0.0,0.0,48420.69
2022-02-09,10.36,3.496503496503,1614023,16721278.28,0.21,0.0,0.0,564908.05
2022-02-10,10.31,-0.482625482625,1614023,16640577.13,0.21,0.0,0.0,-80701.15
2022-02-11,9.83,-4.655674102813,1614023,15865846.09,0.21,0.0,0.0,-774731.04
2022-02-14,9.65,-1.831129196338,1614023,15575321.95,0.21,0.0,0.0,-290524.14
2022-02-15,10.07,4.352331606218,1614023,16253211.61,0.21,0.0,0.0,677889.66
2022-02-16,10.78,7.050645481629,1614023,17399167.94,0.21,0.0,0.0,1145956.33
2022-02-17,10.75,-0.278293135436,1614023,17350747.25,0.21,0.0,0.0,-48420.69
2022-02-18,10.69,-0.558139534884,1614023,17253905.87,0.21,0.0,0.0,-96841.38
2022-02-21,10.7,0.093545369504,1614023,17270046.1,0.21,0.0,0.0,16140.23
2022-02-22,10.93,2.14953271028,1614023,17641271.39,0.21,0.0,0.0,371225.29
2022-02-23,11.17,2.195791399817,1614023,18028636.91,0.21,0.0,0.0,387365.52
2022-02-24,10.92,-2.238137869293,1614023,17625131.16,0.21,0.0,0.0,-403505.75
2022-02-25,10.88,-0.3663003663,1614023,17560570.24,0.21,0.0,0.0,-64560.92
2022-02-28,11.01,1.194852941176,1614023,17770393.23,0.21,0.0,0.0,209822.99
2022-03-01,11.34,2.99727520436,1614023,18303020.82,0.21,0.0,0.0,532627.59
2022-03-02,11.22,-1.058201058201,1614023,18109338.06,0.21,0.0,0.0,-193682.76
2022-03-03,10.98,-2.139037433155,1614023,17721972.54,0.21,0.0,0.0,-387365.52
2022-03-04,11.52,4.918032786885,1614023,18593544.96,0.21,0.0,0.0,871572.42
2022-03-07,11.51,-0.086805555556,1614023,18577404.73,0.21,0.0,0.0,-16140.23
2022-03-08,11.35,-1.39009556907,1614023,18319161.05,0.21,0.0,0.0,-258243.68
2022-03-09,10.43,-8.105726872247,1614023,16834259.89,0.21,0.0,0.0,-1484901.16
2022-03-10,10.82,3.739213806328,1614023,17463728.86,0.21,0.0,0.0,629468.97
2022-03-11,10.54,-2.587800369686,1614023,17011802.42,0.21,0.0,0.0,-451926.44
2022-03-14,10.19,-3.320683111954,1614023,16446894.37,0.21,0.0,0.0,-564908.05
2022-03-15,9.45,-7.262021589794,1614023,15252517.35,0.21,0.0,0.0,-1194377.02
2022-03-16,10.4,10.05291005291,1614023,16785839.2,0.21,0.0,0.0,1533321.85
2022-03-17,10.77,3.557692307692,1614023,17383027.71,0.21,0.0,0.0,597188.51
2022-03-18,10.8,0.278551532033,1614023,17431448.4,0.21,0.0,0.0,48420.69
2022-03-21,10.81,0.092592592593,1614023,17447588.63,0.21,0.0,0.0,16140.23
2022-03-22,11.0,1.757631822387,1614023,17754253.0,0.21,0.0,0.0,306664.37
2022-03-23,11.36,3.272727272727,1614023,18335301.28,0.21,0.0,0.0,581048.28
2022-03-24,11.0,-3.169014084507,1614023,17754253.0,0.21,0.0,0.0,-581048.28
2022-03-25,10.78,-2.0,1614023,17399167.94,0.21,0.0,0.0,-355085.06
2022-03-28,10.32,-4.267161410019,1614023,16656717.36,0.21,0.0,0.0,-742450.58
2022-03-29,10.42,0.968992248062,1614023,16818119.66,0.21,0.0,0.0,161402.3
2022-03-30,10.58,1.535508637236,1614023,17076363.34,0.21,0.0,0.0,258243.68
2022-03-31,10.27,-2.930056710775,1614023,16576016.21,0.21,0.0,0.0,-500347.13
2022-04-01,10.15,-1.168451801363,1614023,16382333.45,0.21,0.0,0.0,-193682.76
2022-04-06,10.15,0.0,1614023,16382333.45,0.21,0.0,0.0,0.0
2022-04-07,9.91,-2.364532019704,1614023,15994967.93,0.21,0.0,0.0,-387365.52
2022-04-08,10.13,2.219979818365,1614023,16350052.99,0.21,0.0,0.0,355085.06
2022-04-11,9.55,-5.725567620928,1614023,15413919.65,0.21,0.0,0.0,-936133.34
2022-04-12,9.88,3.455497382199,1614023,15946547.24,0.21,0.0,0.0,532627.59
2022-04-13,9.63,-2.53036437247,1614023,15543041.49,0.21,0.0,0.0,-403505.75
2022-04-19,9.22,-2.123142250531,1614023,14881292.06,0.21,0.0,0.0,-661749.43
2022-04-20,8.95,-2.9284164859,1614023,14445505.85,0.21,0.0,0.0,-435786.21
2022-04-21,8.4,-6.145251396648,1614023,13557793.2,0.21,0.0,0.0,-887712.65
2022-04-22,8.33,-0.833333333333,1614023,13444811.59,0.21,0.0,0.0,-112981.61
2022-04-25,7.5,-9.963985594238,1614023,12105172.5,0.21,0.0,0.0,-1339639.09
2022-04-26,6.9,-8.0,1614023,11136758.7,0.21,0.0,0.0,-968413.8
2022-04-27,7.59,10.0,1614023,12250434.57,0.21,0.0,0.0,1113675.87
2022-04-28,7.57,-0.263504611331,1614023,12218154.11,0.21,0.0,0.0,-32280.46
2022-04-29,7.95,5.019815059445,1614023,12831482.85,0.21,0.0,0.0,613328.74
2022-05-05,7.88,-0.880503144654,1614023,12718501.24,0.21,0.0,0.0,-112981.61
2022-05-10,8.01,1.908396946565,1614023,12928324.23,0.21,0.0,0.0,209822.99
2022-05-11,8.01,0.0,1614023,12928324.23,0.21,0.0,0.0,0.0
2022-05-12,7.99,1.011378002528,1614023,12896043.77,0.21,0.0,0.0,-32280.46
2022-05-13,7.96,-0.375469336671,1614023,12847623.08,0.21,0.0,0.0,-48420.69
2022-05-16,8.03,0.879396984925,1614023,12960604.69,0.21,0.0,0.0,112981.61
2022-05-17,8.16,1.618929016189,1614023,13170427.68,0.21,0.0,0.0,209822.99
2022-05-18,8.25,1.102941176471,1614023,13315689.75,0.21,0.0,0.0,145262.07
2022-05-19,8.19,-0.727272727273,1614023,13218848.37,0.21,0.0,0.0,-96841.38
2022-05-20,8.35,1.953601953602,1614023,13477092.05,0.21,0.0,0.0,258243.68
2022-05-23,8.5,1.796407185629,1614023,13719195.5,0.21,0.0,0.0,242103.45
2022-05-24,8.69,2.235294117647,1614023,14025859.87,0.21,0.0,0.0,306664.37
2022-05-25,9.23,6.214039125432,1614023,14897432.29,0.21,0.0,0.0,871572.42
2022-05-26,9.9,7.258938244854,1614023,15978827.7,0.21,0.0,0.0,1081395.41
2022-05-27,10.1,2.020202020202,1614023,16301632.3,0.21,0.0,0.0,322804.6
2022-05-30,11.11,10.0,1614023,17931795.53,0.21,0.0,0.0,1630163.23
2022-05-31,10.63,-4.320432043204,1614023,17157064.49,0.21,0.0,0.0,-774731.04
2022-06-01,10.68,0.470366886171,1614023,17237765.64,0.21,0.0,0.0,80701.15
2022-06-02,10.39,-2.715355805243,1614023,16769698.97,0.21,0.0,0.0,-468066.67
2022-06-06,10.85,4.427333974976,1614023,17512149.55,0.21,0.0,0.0,742450.58
2022-06-07,10.49,-3.31797235023,1614023,16931101.27,0.21,0.0,0.0,-581048.28
2022-06-08,10.87,3.622497616778,1614023,17544430.01,0.21,0.0,0.0,613328.74
2022-06-09,10.48,-3.587856485741,1614023,16914961.04,0.21,0.0,0.0,-629468.97
2022-06-10,10.7,2.099236641221,1614023,17270046.1,0.21,0.0,0.0,355085.06
2022-06-13,11.37,6.261682242991,1614023,18351441.51,0.21,0.0,0.0,1081395.41
2022-06-14,11.82,3.957783641161,1614023,19077751.86,0.21,0.0,0.0,726310.35
2022-06-15,10.67,-9.729272419628,1614023,17221625.41,0.21,0.0,0.0,-1856126.45
2022-06-16,10.78,1.030927835052,1614023,17399167.94,0.21,0.0,0.0,177542.53
2022-06-17,10.74,-0.371057513915,1614023,17334607.02,0.21,0.0,0.0,-64560.92
2022-06-20,10.5,-2.234636871508,1614023,16947241.5,0.21,0.0,0.0,-387365.52
2022-06-21,10.02,-4.571428571429,1614023,16172510.46,0.21,0.0,0.0,-774731.04
2022-06-22,9.96,-0.59880239521,1614023,16075669.08,0.21,0.0,0.0,-96841.38
2022-06-23,10.41,4.518072289157,1614023,16801979.43,0.21,0.0,0.0,726310.35
2022-06-24,11.25,8.06916426513,1614023,18157758.75,0.21,0.0,0.0,1355779.32
2022-06-27,11.08,-1.511111111111,1614023,17883374.84,0.21,0.0,0.0,-274383.91
2022-06-28,11.41,2.978339350181,1614023,18416002.43,0.21,0.0,0.0,532627.59
2022-06-29,11.29,-1.051709027169,1614023,18222319.67,0.21,0.0,0.0,-193682.76
2022-07-04,11.0,-1.697944593387,1614023,17754253.0,0.21,0.0,0.0,-468066.67
2022-07-05,11.07,0.636363636364,1614023,17867234.61,0.21,0.0,0.0,112981.61
2022-07-06,10.77,-2.710027100271,1614023,17383027.71,0.21,0.0,0.0,-484206.9
2022-07-07,10.79,0.185701021356,1614023,17415308.17,0.21,0.0,0.0,32280.46
2022-07-08,10.52,-2.502316960148,1614023,16979521.96,0.21,0.0,0.0,-435786.21
2022-07-11,10.32,-1.901140684411,1614023,16656717.36,0.21,0.0,0.0,-322804.6
2022-07-12,10.24,-0.77519379845,1614023,16527595.52,0.21,0.0,0.0,-129121.84
2022-07-13,10.25,0.09765625,1614023,16543735.75,0.21,0.0,0.0,16140.23
2022-07-14,10.06,-1.853658536585,1614023,16237071.38,0.21,0.0,0.0,-306664.37
2022-07-15,9.94,-1.192842942346,1614023,16043388.62,0.21,0.0,0.0,-193682.76
2022-07-18,10.1,1.609657947686,1614023,16301632.3,0.21,0.0,0.0,258243.68
2022-07-19,10.35,2.475247524752,1614023,16705138.05,0.21,0.0,0.0,403505.75
2022-07-20,10.57,2.125603864734,1614023,17060223.11,0.21,0.0,0.0,355085.06
2022-07-21,10.17,-3.784295175024,1614023,16414613.91,0.21,0.0,0.0,-645609.2
2022-07-22,10.14,-0.294985250737,1614023,16366193.22,0.21,0.0,0.0,-48420.69
2022-07-25,9.91,-2.268244575937,1614023,15994967.93,0.21,0.0,0.0,-371225.29
2022-07-26,10.11,2.018163471241,1614023,16317772.53,0.21,0.0,0.0,322804.6
2022-07-27,10.31,1.978239366963,1614023,16640577.13,0.21,0.0,0.0,322804.6
2022-07-28,10.89,5.625606207565,1614023,17576710.47,0.21,0.0,0.0,936133.34
2022-07-29,10.6,-2.662993572084,1614023,17108643.8,0.21,0.0,0.0,-468066.67
2022-08-01,10.75,1.415094339623,1614023,17350747.25,0.21,0.0,0.0,242103.45
2022-08-02,10.05,-6.511627906977,1614023,16220931.15,0.21,0.0,0.0,-1129816.1
2022-08-03,10.08,0.298507462687,1614023,16269351.84,0.21,0.0,0.0,48420.69
2022-08-04,10.28,1.984126984127,1614023,16592156.44,0.21,0.0,0.0,322804.6
2022-08-05,10.87,5.739299610895,1614023,17544430.01,0.21,0.0,0.0,952273.57
2022-08-08,10.77,-0.919963201472,1614023,17383027.71,0.21,0.0,0.0,-161402.3
2022-08-09,11.1,3.064066852368,1614023,17915655.3,0.21,0.0,0.0,532627.59
2022-08-10,11.02,-0.720720720721,1614023,17786533.46,0.21,0.0,0.0,-129121.84
2022-08-11,11.5,4.355716878403,1614023,18561264.5,0.21,0.0,0.0,774731.04
2022-08-12,11.39,-0.95652173913,1614023,18383721.97,0.21,0.0,0.0,-177542.53
2022-08-15,11.36,-0.263388937665,1614023,18335301.28,0.21,0.0,0.0,-48420.69
2022-08-16,11.73,3.257042253521,1614023,18932489.79,0.21,0.0,0.0,597188.51
2022-08-17,11.72,-0.085251491901,1614023,18916349.56,0.21,0.0,0.0,-16140.23
2022-08-18,12.01,2.474402730375,1614023,19384416.23,0.21,0.0,0.0,468066.67
2022-08-19,11.81,-1.665278934221,1614023,19061611.63,0.21,0.0,0.0,-322804.6
2022-08-22,12.03,1.86282811177,1614023,19416696.69,0.21,0.0,0.0,355085.06
2022-08-23,12.02,-0.083125519534,1614023,19400556.46,0.21,0.0,0.0,-16140.23
2022-08-24,11.18,-6.988352745424,1614023,18044777.14,0.21,0.0,0.0,-1355779.32
2022-08-25,11.1,-0.715563506261,1614023,17915655.3,0.21,0.0,0.0,-129121.84
2022-08-26,10.84,-2.342342342342,1614023,17496009.32,0.21,0.0,0.0,-419645.98
2022-08-29,10.6,-2.214022140221,1614023,17108643.8,0.21,0.0,0.0,-387365.52
2022-08-30,10.55,-0.471698113208,1614023,17027942.65,0.21,0.0,0.0,-80701.15
2022-08-31,10.15,-3.791469194313,1614023,16382333.45,0.21,0.0,0.0,-645609.2
2022-09-01,10.05,-0.985221674877,1614023,16220931.15,0.21,0.0,0.0,-161402.3
2022-09-02,10.21,1.592039800995,1614023,16479174.83,0.21,0.0,0.0,258243.68
2022-09-05,10.23,0.195886385896,1614023,16511455.29,0.21,0.0,0.0,32280.46
2022-09-06,10.41,1.759530791789,1614023,16801979.43,0.21,0.0,0.0,290524.14
2022-09-07,10.7,2.785782901057,1614023,17270046.1,0.21,0.0,0.0,468066.67
2022-09-08,10.76,0.560747663551,1614023,17366887.48,0.21,0.0,0.0,96841.38
2022-09-09,10.62,-1.301115241636,1614023,17140924.26,0.21,0.0,0.0,-225963.22
2022-09-13,10.51,-1.035781544256,1614023,16963381.73,0.21,0.0,0.0,-177542.53
2022-09-14,10.3,-1.998097050428,1614023,16624436.9,0.21,0.0,0.0,-338944.83
2022-09-15,9.85,-4.368932038835,1614023,15898126.55,0.21,0.0,0.0,-726310.35
2022-09-16,9.47,-3.857868020305,1614023,15284797.81,0.21,0.0,0.0,-613328.74
2022-09-19,9.28,-2.006335797254,1614023,14978133.44,0.21,0.0,0.0,-306664.37
2022-09-20,9.51,2.478448275862,1614023,15349358.73,0.21,0.0,0.0,371225.29
2022-09-21,9.41,-1.051524710831,1614023,15187956.43,0.21,0.0,0.0,-161402.3
2022-09-22,9.39,-0.212539851222,1614023,15155675.97,0.21,0.0,0.0,-32280.46
2022-09-23,9.04,-3.727369542066,1614023,14590767.92,0.21,0.0,0.0,-564908.05
2022-09-26,8.87,-1.880530973451,1614023,14316384.01,0.21,0.0,0.0,-274383.91
2022-09-27,9.26,4.396843291995,1614023,14945852.98,0.21,0.0,0.0,629468.97
2022-09-28,8.91,-3.77969762419,1614023,14380944.93,0.21,0.0,0.0,-564908.05
2022-09-29,8.82,-1.010101010101,1614023,14235682.86,0.21,0.0,0.0,-145262.07
2022-09-30,8.55,-3.061224489796,1614023,13799896.65,0.21,0.0,0.0,-435786.21
2022-10-10,8.37,-2.105263157895,1614023,13509372.51,0.21,0.0,0.0,-290524.14
2022-10-11,8.3,-0.836320191159,1614023,13396390.9,0.21,0.0,0.0,-112981.61
2022-10-12,8.73,5.180722891566,1614023,14090420.79,0.21,0.0,0.0,694029.89
2022-10-13,8.57,-1.832760595647,1614023,13832177.11,0.21,0.0,0.0,-258243.68
2022-10-14,8.95,4.434072345391,1614023,14445505.85,0.21,0.0,0.0,613328.74
2022-10-17,9.31,4.022346368715,1614023,15026554.13,0.21,0.0,0.0,581048.28
2022-10-18,9.65,3.651987110634,1614023,15575321.95,0.21,0.0,0.0,548767.82
2022-10-19,9.42,-2.383419689119,1614023,15204096.66,0.21,0.0,0.0,-371225.29
2022-10-20,9.48,0.636942675159,1614023,15300938.04,0.21,0.0,0.0,96841.38
2022-10-21,9.5,0.210970464135,1614023,15333218.5,0.21,0.0,0.0,32280.46
2022-10-24,9.3,-2.105263157895,1614023,15010413.9,0.21,0.0,0.0,-322804.6
2022-10-25,9.31,0.10752688172,1614023,15026554.13,0.21,0.0,0.0,16140.23
2022-10-26,9.77,4.940923737916,1614023,15769004.71,0.21,0.0,0.0,742450.58
2022-10-27,9.6,-1.740020470829,1614023,15494620.8,0.21,0.0,0.0,-274383.91
2022-10-28,9.32,-2.916666666667,1614023,15042694.36,0.21,0.0,0.0,-451926.44
2022-10-31,9.67,3.755364806867,1614023,15607602.41,0.21,0.0,0.0,564908.05
2022-11-01,10.16,5.06721820062,1614023,16398473.68,0.21,0.0,0.0,790871.27
2022-11-02,10.28,1.181102362205,1614023,16592156.44,0.21,0.0,0.0,193682.76
2022-11-03,10.5,2.140077821012,1614023,16947241.5,0.21,0.0,0.0,355085.06
2022-11-04,10.43,-0.666666666667,1614023,16834259.89,0.21,0.0,0.0,-112981.61
2022-11-07,10.93,4.793863854267,1614023,17641271.39,0.21,0.0,0.0,807011.5
2022-11-08,10.99,0.548947849954,1614023,17738112.77,0.21,0.0,0.0,96841.38
2022-11-09,10.99,0.0,1614023,17738112.77,0.21,0.0,0.0,0.0
2022-11-10,10.6,-3.548680618744,1614023,17108643.8,0.21,0.0,0.0,-629468.97
2022-11-11,10.4,-1.88679245283,1614023,16785839.2,0.21,0.0,0.0,-322804.6
2022-11-14,10.37,-0.288461538462,1614023,16737418.51,0.21,0.0,0.0,-48420.69
2022-11-15,10.62,2.410800385728,1614023,17140924.26,0.21,0.0,0.0,403505.75
2022-11-16,10.52,-0.941619585687,1614023,16979521.96,0.21,0.0,0.0,-161402.3
2022-11-17,10.47,-0.475285171103,1614023,16898820.81,0.21,0.0,0.0,-80701.15
2022-11-18,10.48,0.095510983763,1614023,16914961.04,0.21,0.0,0.0,16140.23
2022-11-21,11.03,5.248091603053,1614023,17802673.69,0.21,0.0,0.0,887712.65
2022-11-22,10.74,-2.629193109701,1614023,17334607.02,0.21,0.0,0.0,-468066.67
2022-11-23,10.83,0.837988826816,1614023,17479869.09,0.21,0.0,0.0,145262.07
2022-11-24,10.58,-2.308402585411,1614023,17076363.34,0.21,0.0,0.0,-403505.75
2022-11-25,10.44,-1.323251417769,1614023,16850400.12,0.21,0.0,0.0,-225963.22
2022-11-28,10.13,-2.969348659004,1614023,16350052.99,0.21,0.0,0.0,-500347.13
2022-11-29,10.4,2.665350444225,1614023,16785839.2,0.21,0.0,0.0,435786.21
2022-11-30,10.16,-2.307692307692,1614023,16398473.68,0.21,0.0,0.0,-387365.52
2022-12-01,10.27,1.082677165354,1614023,16576016.21,0.21,0.0,0.0,177542.53
2022-12-02,10.91,6.231742940604,1614023,17608990.93,0.21,0.0,0.0,1032974.72
2022-12-05,10.66,-2.291475710357,1614023,17205485.18,0.21,0.0,0.0,-403505.75
2022-12-06,10.61,-0.46904315197,1614023,17124784.03,0.21,0.0,0.0,-80701.15
2022-12-07,10.5,-1.036757775683,1614023,16947241.5,0.21,0.0,0.0,-177542.53
2022-12-08,10.41,-0.857142857143,1614023,16801979.43,0.21,0.0,0.0,-145262.07
2022-12-09,10.4,-0.096061479347,1614023,16785839.2,0.21,0.0,0.0,-16140.23
2022-12-12,10.4,0.0,1614023,16785839.2,0.21,0.0,0.0,0.0
2022-12-13,10.36,-0.384615384615,1614023,16721278.28,0.21,0.0,0.0,-64560.92
2022-12-14,10.17,-1.833976833977,1614023,16414613.91,0.21,0.0,0.0,-306664.37
2022-12-15,10.21,0.39331366765,1614023,16479174.83,0.21,0.0,0.0,64560.92
2022-12-16,9.97,-2.350636630754,1614023,16091809.31,0.21,0.0,0.0,-387365.52
2022-12-19,9.62,-3.510531594784,1614023,15526901.26,0.21,0.0,0.0,-564908.05
2022-12-20,9.61,-0.10395010395,1614023,15510761.03,0.21,0.0,0.0,-16140.23
2022-12-21,9.39,-2.289281997919,1614023,15155675.97,0.21,0.0,0.0,-355085.06
2022-12-22,9.16,-2.449414270501,1614023,14784450.68,0.21,0.0,0.0,-371225.29
2022-12-28,9.25,-1.908801696713,1614023,14929712.75,0.21,0.0,0.0,145262.07
2022-12-29,9.25,0.0,1614023,14929712.75,0.21,0.0,0.0,0.0
2022-12-30,9.24,-0.108108108108,1614023,14913572.52,0.21,0.0,0.0,-16140.23
2023-01-03,9.44,2.164502164502,1614023,15236377.12,0.21,0.0,0.0,322804.6
2023-01-04,9.36,-0.847457627119,1614023,15107255.28,0.21,0.0,0.0,-129121.84
2023-01-05,9.76,4.273504273504,1614023,15752864.48,0.21,0.0,0.0,645609.2
2023-01-06,9.7,-0.614754098361,1614023,15656023.1,0.21,0.0,0.0,-96841.38
2023-01-09,9.6,-1.030927835052,1614023,15494620.8,0.21,0.0,0.0,-161402.3
2023-01-10,9.49,-1.145833333333,1614023,15317078.27,0.21,0.0,0.0,-177542.53
2023-01-11,9.42,-0.737618545838,1614023,15204096.66,0.21,0.0,0.0,-112981.61
2023-01-12,9.43,0.106157112527,1614023,15220236.89,0.21,0.0,0.0,16140.23
2023-01-13,9.36,-0.742311770944,1614023,15107255.28,0.21,0.0,0.0,-112981.61
2023-01-16,9.51,1.602564102564,1614023,15349358.73,0.21,0.0,0.0,242103.45
2023-01-17,9.55,0.420609884332,1614023,15413919.65,0.21,0.0,0.0,64560.92
2023-01-18,9.93,3.979057591623,1614023,16027248.39,0.21,0.0,0.0,613328.74
2023-01-19,10.16,2.316213494461,1614023,16398473.68,0.21,0.0,0.0,371225.29
2023-01-20,10.16,0.0,1614023,16398473.68,0.21,0.0,0.0,0.0
2023-01-30,10.22,0.590551181102,1614023,16495315.06,0.21,0.0,0.0,96841.38
2023-01-31,10.31,0.880626223092,1614023,16640577.13,0.21,0.0,0.0,145262.07
2023-02-01,10.8,4.752667313288,1614023,17431448.4,0.21,0.0,0.0,790871.27
2023-02-02,10.84,0.37037037037,1614023,17496009.32,0.21,0.0,0.0,64560.92
2023-02-03,10.97,1.19926199262,1614023,17705832.31,0.21,0.0,0.0,209822.99
2023-02-06,10.72,-2.278942570647,1614023,17302326.56,0.21,0.0,0.0,-403505.75
2023-02-07,10.83,1.026119402985,1614023,17479869.09,0.21,0.0,0.0,177542.53
2023-02-08,10.74,-0.831024930748,1614023,17334607.02,0.21,0.0,0.0,-145262.07
2023-02-09,10.85,1.024208566108,1614023,17512149.55,0.21,0.0,0.0,177542.53
2023-02-10,10.74,-1.013824884793,1614023,17334607.02,0.21,0.0,0.0,-177542.53
2023-02-13,11.1,3.351955307263,1614023,17915655.3,0.21,0.0,0.0,581048.28
2023-02-14,10.97,-1.171171171171,1614023,17705832.31,0.21,0.0,0.0,-209822.99
2023-02-15,11.4,3.919781221513,1614023,18399862.2,0.21,0.0,0.0,694029.89
2023-02-16,10.89,-4.473684210526,1614023,17576710.47,0.21,0.0,0.0,-823151.73
2023-02-17,10.78,-1.010101010101,1614023,17399167.94,0.21,0.0,0.0,-177542.53
2023-02-20,11.06,2.597402597403,1614023,17851094.38,0.21,0.0,0.0,451926.44
2023-02-21,11.19,1.175406871609,1614023,18060917.37,0.21,0.0,0.0,209822.99
2023-02-22,11.15,-0.35746201966,1614023,17996356.45,0.21,0.0,0.0,-64560.92
2023-02-23,11.08,-0.627802690583,1614023,17883374.84,0.21,0.0,0.0,-112981.61
2023-02-24,11.29,1.895306859206,1614023,18222319.67,0.21,0.0,0.0,338944.83
2023-02-27,12.22,8.237378210806,1614023,19723361.06,0.21,0.0,0.0,1501041.39
2023-02-28,12.17,-0.409165302782,1614023,19642659.91,0.21,0.0,0.0,-80701.15
2023-03-01,11.91,-2.136400986031,1614023,19223013.93,0.21,0.0,0.0,-419645.98
2023-03-02,11.93,0.16792611251,1614023,19255294.39,0.21,0.0,0.0,32280.46
2023-03-03,11.79,-1.173512154233,1614023,19029331.17,0.21,0.0,0.0,-225963.22
2023-03-06,12.2,3.477523324852,1614023,19691080.6,0.21,0.0,0.0,661749.43
2023-03-07,12.35,1.229508196721,1614023,19933184.05,0.21,0.0,0.0,242103.45
2023-03-08,13.47,9.068825910931,1614023,21740889.81,0.21,0.0,0.0,1807705.76
2023-03-09,13.64,1.262063845583,1614023,22015273.72,0.21,0.0,0.0,274383.91
2023-03-10,12.86,-5.718475073314,1614023,20756335.78,0.21,0.0,0.0,-1258937.94
2023-03-13,13.03,1.321928460342,1821623,23735747.69,0.23,207600.0,2681257.8,2979411.91
2023-03-14,13.33,2.302379125096,1716423,22879918.59,0.22,-105200.0,-1395330.72,-855829.1
2023-03-15,13.0,-2.475618904726,2293723,29818399.0,0.3,577300.0,7440242.4,6938480.41
2023-03-16,11.81,-9.153846153846,3469523,40975066.63,0.45,1175800.0,14235293.02,11156667.63
2023-03-17,12.04,1.94750211685,3735531,44975793.24,0.48,266008.0,3198613.196,4000726.61
2023-03-20,11.99,-0.415282392027,4098031,49135391.69,0.53,362500.0,4383531.25,4159598.45
2023-03-21,11.89,-0.834028356964,3959631,47080012.59,0.51,-138400.0,-1642489.68,-2055379.1
2023-03-22,11.6,-2.439024390244,4515631,52381319.6,0.59,556000.0,6477622.4,5301307.01
2023-03-23,11.83,1.98275862069,4047292,47879464.36,0.52,-468339.0,-5533706.2884,-4501855.24
2023-03-24,11.6,-1.944209636517,4595591,53308855.6,0.6,548299.0,6298529.9326,5429391.24
2023-03-27,11.6,0.0,4734700,54922520.0,0.61,139109.0,1604956.1766,1613664.4
2023-03-28,11.46,-1.206896551724,3826000,43845960.0,0.5,-908700.0,-10366540.47,-11076560.0
2023-03-29,11.4,-0.523560209424,4189400,47759160.0,0.54,363400.0,4100532.92,3913200.0
2023-03-30,11.47,0.614035087719,3231216,37062047.52,0.42,-958184.0,-11029272.7504,-10697112.48
2023-03-31,11.7,2.005231037489,3713716,43450477.2,0.48,482500.0,5615769.25,6388429.68
2023-04-03,12.4,5.982905982906,4568216,56645878.4,0.59,854500.0,10421994.7,13195401.2
2023-04-04,12.6,1.612903225806,3710216,46748721.6,0.48,-858000.0,-10700976.0,-9897156.8
2023-04-11,12.87,-2.203647416413,3851816,49572871.92,0.5,141600.0,1837514.88,2824150.32
2023-04-12,13.52,5.050505050505,5810116,78552768.32,0.76,1958300.0,26418837.81,28979896.4
2023-04-13,13.57,0.369822485207,5377316,72970178.12,0.7,-432800.0,-5907243.92,-5582590.2
2023-04-14,13.65,0.589535740604,4925222,67229280.3,0.64,-452094.0,-6106252.8204,-5740897.82
2023-04-17,14.03,2.783882783883,4469660,62709329.8,0.58,-455562.0,-6444106.7148,-4519950.5
2023-04-18,13.7,-2.352102637206,3786860,51879982.0,0.49,-682800.0,-9389387.64,-10829347.8
2023-04-19,13.41,-2.116788321168,5389060,72267294.6,0.7,1602200.0,21686257.66,20387312.6
2023-04-20,13.15,-1.938851603281,6601736,86812828.4,0.86,1212676.0,16043218.4096,14545533.8
2023-04-21,12.84,-2.357414448669,6627504,85097151.36,0.86,25768.0,332631.3816,-1715677.04
2023-04-24,12.37,-3.660436137072,6047901,74812535.37,0.79,-579603.0,-7195017.7611,-10284615.99
2023-04-25,12.33,-0.323362974939,5972588,73642010.04,0.78,-75313.0,-922365.8423,-1170525.33
2023-04-26,12.64,2.514193025142,3585661,45322755.04,0.46,-2386927.0,-30087214.835,-28319255.0
2023-04-27,12.19,-3.560126582278,3196407,38964201.33,0.41,-389254.0,-4817368.5786,-6358553.71
2023-04-28,12.52,2.707136997539,3131907,39211475.64,0.4,-64500.0,-804740.7,247274.31
2023-05-04,12.41,-0.878594249201,2722061,33780777.01,0.35,-409846.0,-5048524.0126,-5430698.63
2023-05-05,11.95,-3.706688154714,2669579,31901469.05,0.34,-52482.0,-631647.111,-1879307.96
2023-05-08,11.93,-0.167364016736,3002979,35825539.47,0.39,333400.0,3975261.56,3924070.42
2023-05-09,11.63,-2.514668901928,3992263,46430018.69,0.52,989284.0,11587879.2056,10604479.22
2023-05-10,11.49,-1.203783319003,5002893,57483240.57,0.65,1010630.0,11572218.815,11053221.88
2023-05-11,11.78,2.523933855527,3763929,44339083.62,0.49,-1238964.0,-14518304.0484,-13144156.95
2023-05-12,11.37,-3.480475382003,2951725,33561113.25,0.38,-812204.0,-9417180.4984,-10777970.37
2023-05-15,11.12,-2.198768689534,5764025,64095958.0,0.75,2812300.0,30889178.28,30534844.75
2023-05-16,11.19,0.629496402878,10063325,112608606.75,1.12,4299300.0,48190853.7,48512648.75
2023-05-17,11.48,2.591599642538,15177316,174235587.68,1.69,5113991.0,58114370.9258,61626980.93
2023-05-18,11.52,0.348432055749,15709757,180976400.64,1.75,532441.0,6143251.0139,6740812.96
2023-05-19,11.49,-0.260416666667,15933173,183072157.77,1.77,223416.0,2542094.2728,2095757.13
2023-05-22,11.39,-0.870322019147,16236517,184933928.63,1.81,303344.0,3438495.2432,1861770.86
2023-05-23,11.08,-2.721685689201,15251633,168988093.64,1.7,-984884.0,-11078369.1856,-15945834.99
2023-05-24,11.15,0.631768953069,16050078,178958369.7,1.79,798445.0,8918870.1835,9970276.06
2023-05-25,11.31,1.434977578475,15365451,173783250.81,1.71,-684627.0,-7713692.409,-5175118.89
2023-05-29,11.06,-1.513802315227,14523251,160627156.06,1.62,-842200.0,-9378486.54,-13156094.75
2023-05-30,11.0,-0.542495479204,15258051,167838561.0,1.7,734800.0,8054363.24,7211404.94
2023-05-31,11.1,0.909090909091,15281338,169622851.8,1.7,23287.0,258068.8627,1784290.8
2023-06-01,11.85,6.756756756757,13792374,163439631.9,1.54,-1488964.0,-17284638.594,-6183219.9
2023-06-02,11.66,-1.603375527426,14542278,169562961.48,1.62,749904.0,8822470.5792,6123329.58
2023-06-05,12.04,3.259005145798,13681533,164725657.32,1.52,-860745.0,-10331264.0115,-4837304.16
2023-06-06,11.45,-4.900332225914,12353850,141451582.5,1.37,-1327683.0,-15546371.3202,-23274074.82
2023-06-07,11.53,0.698689956332,11989794,138242324.82,1.33,-364056.0,-4210453.2624,-3209257.68
2023-06-08,11.34,-1.647875108413,11057613,125393331.42,1.23,-932181.0,-10523298.0909,-12848993.4
2023-06-09,11.38,0.352733686067,10723710,122035819.8,1.19,-333903.0,-3781685.2071,-3357511.62
2023-06-12,11.62,2.108963093146,9690912,112608397.44,1.08,-1032798.0,-11897523.1206,-9427422.36
2023-06-13,11.72,0.860585197935,9453921,110799954.12,1.05,-236991.0,-2766490.7394,-1808443.32
2023-06-14,11.45,-2.303754266212,8780112,100532282.4,0.98,-673809.0,-7740717.792,-10267671.72
2023-06-15,11.39,-0.524017467249,8360512,95226231.68,0.93,-419600.0,-4770893.96,-5306050.72
2023-06-16,11.74,3.072870939421,9521759,111785450.66,1.06,1161247.0,13539094.8977,16559218.98
2023-06-19,11.88,1.192504258944,9739022,115699581.36,1.08,217263.0,2597705.0595,3914130.7
2023-06-20,11.84,-0.3367003367,10253974,121407052.16,1.14,514952.0,6083642.928,5707470.8
2023-06-21,11.49,-2.956081081081,9613174,110455369.26,1.07,-640800.0,-7431678.0,-10951682.9
2023-06-26,11.27,-1.914708442124,8113674,91441105.98,0.9,-1499500.0,-17035669.55,-19014263.28
2023-06-27,11.6,2.928127772848,9656680,112017488.0,1.07,1543006.0,17689946.5876,20576382.02
2023-06-28,11.25,-2.597402597403,8921974,100372207.5,0.99,-734706.0,-8240168.6136,-11645280.5
2023-06-29,11.57,2.844444444444,10093374,116780337.18,1.12,1171400.0,13439706.48,16408129.68
2023-06-30,11.84,2.333621434745,11650051,137936603.84,1.3,1556677.0,18248301.8002,21156266.66
2023-07-03,11.93,0.760135135135,9793351,116834677.43,1.09,-1856700.0,-22335172.65,-21101926.41
2023-07-04,11.87,-0.502933780386,10040701,119183120.87,1.12,247350.0,2935574.535,2348443.44
2023-07-05,11.74,-1.095197978096,10132501,118955561.74,1.13,91800.0,1080853.2,-227559.13
2023-07-06,11.92,1.533219761499,10031214,119572070.88,1.12,-101287.0,-1216001.0785,616509.14
2023-07-07,11.7,-1.845637583893,8053053,94220720.1,0.89,-1978161.0,-23271679.4523,-25351350.78
2023-07-12,12.31,4.410517387617,8787924,108179344.44,0.98,1846855.0,23082178.4755,26344140.93
2023-07-13,12.08,-1.868399675061,6332388,76495247.04,0.7,-2455536.0,-29553357.9744,-31684097.4
2023-07-19,11.74,-0.844594594595,4189830,49188604.2,0.46,-1054912.0,-12432032.4288,-12909141.08
2023-07-20,11.54,-1.703577512777,3991462,46061471.48,0.44,-198368.0,-2312772.512,-3127132.72
2023-07-26,11.93,-0.417362270451,3370065,40204875.45,0.37,-968600.0,-11580291.02,-11772331.25
2023-07-27,11.83,-0.838222967309,3097359,36641756.97,0.34,-272706.0,-3243974.223,-3563118.48
2023-08-02,11.54,-1.029159519726,3196284,36885117.36,0.35,26353.0,304949.0101,-76278.1
2023-08-03,11.3,-2.07972270364,2945331,33282240.3,0.32,-250953.0,-2838780.336,-3602877.06
2023-08-09,11.04,-0.808625336927,3467657,38282933.28,0.38,-59269.0,-655349.1868,-971753.1
2023-08-10,11.07,0.271739130435,3622957,40106133.99,0.4,155300.0,1726998.12,1823200.71
2023-08-16,9.9,-2.750491159136,5633869,55775303.1,0.62,913700.0,9156918.66,7723982.68
2023-08-17,10.12,2.222222222222,6221169,62958230.28,0.69,587300.0,5872941.27,7182927.18
2023-08-23,9.6,-3.323262839879,6611011,63465705.6,0.73,331848.0,3222642.2976,1113617.01
2023-08-24,9.54,-0.625,6971511,66508214.94,0.77,360500.0,3471146.35,3042509.34
2023-08-30,10.31,2.689243027888,8359691,86188414.21,0.93,1256600.0,13035465.76,14873380.57
2023-08-31,10.33,0.193986420951,8427628,87057397.24,0.94,67937.0,702257.9753,868983.03
2023-09-06,10.93,1.674418604651,8859250,96831602.5,0.98,735000.0,7971369.0,9495915.0
2023-09-07,10.73,-1.829826166514,9070450,97325928.5,1.01,211200.0,2280263.04,494326.0
2023-09-13,11.04,-2.473498233216,10024597,110671550.88,1.11,1020198.0,11357558.2746,8741754.2
2023-09-14,10.98,-0.54347826087,10231996,112347316.08,1.14,207399.0,2277303.2397,1675765.2
2023-09-15,10.99,0.091074681239,10213903,112250793.97,1.14,-18093.0,-198941.5815,-96522.11
2023-09-20,10.76,-0.185528756957,8706507,93682015.32,0.97,-719707.0,-7811411.8952,-7932571.6
2023-09-21,10.76,0.0,9164407,98609019.32,1.02,457900.0,4940603.63,4927004.0
2023-09-27,10.78,-0.645161290323,6141944,66210156.32,0.68,-58800.0,-634516.68,-1067916.08
2023-09-28,11.03,2.319109461967,7520374,82949725.22,0.83,1378430.0,15176514.3,16739568.9
2023-10-11,11.21,1.816530426885,8434836,94554511.56,0.94,181192.0,2020761.8992,3681891.12
2023-10-12,11.22,0.089206066012,8322936,93383341.92,0.92,-111900.0,-1252798.83,-1171169.64
2023-10-13,11.79,5.080213903743,8538913,100673784.27,0.95,215977.0,2523842.4289,7290442.35
2023-10-16,11.59,-1.696352841391,8244591,95554809.69,0.92,-294322.0,-3399625.1254,-5118974.58
2023-10-17,11.46,-1.121656600518,8055891,92320510.86,0.89,-188700.0,-2156520.21,-3234298.83
2023-10-18,11.2,-2.268760907504,8248605,92384376.0,0.92,192714.0,2172715.4502,63865.14
2023-10-19,11.16,-0.357142857143,7399005,82572895.8,0.82,-849600.0,-9561993.12,-9811480.2
2023-10-20,10.78,-3.405017921147,7746505,83507323.9,0.86,347500.0,3792510.75,934428.1
2023-10-24,10.55,0.860420650096,8347505,88066177.75,0.93,601000.0,6309838.9,4558853.85
2023-10-25,10.75,1.895734597156,8815849,94770376.75,0.98,468344.0,5041629.4912,6704199.0
2023-10-26,11.45,6.511627906977,9149631,104763274.95,1.02,333782.0,3721635.9218,9992898.2
2023-10-27,11.48,0.262008733624,9722868,111618524.64,1.08,573237.0,6533526.0312,6855249.69
2023-10-30,11.71,2.003484320557,11007468,128897450.28,1.22,1284600.0,14940411.84,17278925.64
2023-10-31,11.51,-1.707941929974,11114568,127928677.68,1.24,107100.0,1241374.68,-968772.6
2023-11-01,11.64,1.12945264987,10820516,125950806.24,1.2,-294052.0,-3425646.9896,-1977871.44
2023-11-02,11.48,-1.374570446735,10404494,119443591.12,1.16,-416022.0,-4821819.7866,-6507215.12
2023-11-03,11.85,3.222996515679,10043066,119010332.1,1.12,-361428.0,-4277102.8092,-433259.02
2023-11-06,12.53,5.738396624473,9684159,121342512.27,1.08,-358907.0,-4459670.7099,2332180.17
2023-11-07,13.22,5.506783719074,9520899,125866284.78,1.06,-163260.0,-2139734.538,4523772.51
2023-11-08,13.26,0.302571860817,10676599,141571702.74,1.19,1155700.0,15096100.11,15705417.96
2023-11-09,13.0,-1.960784313725,10705845,139175985.0,1.19,29246.0,379472.6992,-2395717.74
2023-11-10,13.05,0.384615384615,10946145,142847192.25,1.22,240300.0,3117435.93,3671207.25
2023-11-13,13.17,0.919540229885,11262323,148324793.91,1.25,316178.0,4141552.3864,5477601.66
2023-11-14,13.21,0.303720577069,12557439,165883769.19,1.4,1295116.0,17116771.1024,17558975.28
2023-11-15,13.4,1.438304314913,10868923,145643568.2,1.21,-1688516.0,-22765248.1184,-20240200.99
2023-11-16,13.02,-2.835820895522,13028525,169631395.5,1.45,2159602.0,28329227.1156,23987827.3
2023-11-17,12.91,-0.844854070661,14992542,193553717.22,1.67,1964017.0,25255687.4064,23922321.72
2023-11-20,13.09,1.394268009295,15070842,197277321.78,1.68,78300.0,1016091.27,3723604.56
2023-11-21,13.1,0.076394194041,13001753,170322964.3,1.45,-2069089.0,-27370943.8365,-26954357.48
2023-11-22,13.04,-0.458015267176,12359967,161173969.68,1.38,-641786.0,-8456557.4076,-9148994.62
2023-11-23,13.4,2.760736196319,13296904,178178513.6,1.48,936937.0,12405608.0422,17004543.92
2023-11-24,13.37,-0.223880597015,11637408,155592144.96,1.29,-1659496.0,-22289022.6752,-22586368.64
2023-11-27,13.2,-1.271503365744,13486876,178026763.2,1.5,1849468.0,24516732.7548,22434618.24
2023-11-28,13.1,-0.757575757576,15162478,198628461.8,1.69,1675602.0,21973509.5076,20601698.6
2023-11-29,13.05,-0.381679389313,16458578,214784442.9,1.83,1296100.0,17005868.88,16155981.1
2023-11-30,12.94,-0.842911877395,18337578,237288259.32,2.04,1879000.0,24209599.7,22503816.42
2023-12-01,12.97,0.231839258114,18858316,244592358.52,2.1,520738.0,6716582.8716,7304099.2
2023-12-04,12.94,-0.231303006939,18588868,240539951.92,2.07,-269448.0,-3490213.8336,-4052406.6
2023-12-05,12.52,-3.245749613601,19387116,242726692.32,2.16,798248.0,10124099.5592,2186740.4
2023-12-06,12.39,-1.038338658147,22720666,281509051.74,2.53,3333550.0,41454694.38,38782359.42
2023-12-07,12.42,0.242130750605,23324774,289693693.08,2.6,604108.0,7449074.5156,8184641.34
2023-12-08,12.27,-1.207729468599,23643074,290100517.98,2.64,318300.0,3961084.35,406824.9
2023-12-11,13.17,7.334963325183,21838082,287607539.94,2.43,-1804992.0,-23232413.0304,-2492978.04
2023-12-12,13.35,1.366742596811,22057572,294468586.2,2.46,219490.0,2911249.513,6861046.26
2023-12-13,13.17,-1.348314606742,22058307,290507903.19,2.46,735.0,9766.68,-3960683.01
2023-12-14,12.53,-4.859529233106,22375142,280360529.26,2.49,316835.0,4047377.024,-10147373.93
2023-12-15,12.46,-0.558659217877,22424440,279408522.4,2.5,49298.0,616086.9656,-952006.86
2023-12-18,12.28,-1.444622792937,21877540,268656191.2,2.44,-546900.0,-6745245.84,-10752331.2
2023-12-19,12.58,2.442996742671,21082940,265223385.2,2.35,-794600.0,-9906119.28,-3432806.0
2023-12-20,12.59,0.079491255962,20685740,260433466.6,2.31,-397200.0,-5039594.16,-4789918.6
2023-12-21,12.56,-0.238284352661,19820740,248948494.4,2.21,-865000.0,-10796757.0,-11484972.2
2023-12-22,12.54,-0.15923566879,18131040,227363241.6,2.02,-1689700.0,-21255581.15,-21585252.8
2023-12-27,13.15,4.282315622522,17625240,231771906.0,1.96,-505800.0,-6564677.04,4408664.4
2023-12-28,12.95,-1.520912547529,17771860,230145587.0,1.98,146620.0,1918302.77,-1626319.0
2023-12-29,13.33,2.934362934363,17172483,228909198.39,1.91,-599377.0,-7965720.33,-1236388.61
2024-01-02,13.22,-0.825206301575,16917918,223654875.96,1.88,-254565.0,-3372935.337,-5254322.43
2024-01-03,12.52,-5.295007564297,16838230,210814639.6,1.88,-79688.0,-1016563.8784,-12840236.36
2024-01-04,12.41,-0.878594249201,17115378,212401840.98,1.91,277148.0,3454594.3904,1587201.38
2024-01-05,12.19,-1.772763900081,16657252,203051901.88,1.86,-458126.0,-5684656.471,-9349939.1
2024-01-08,11.78,-3.363412633306,18157062,213890190.36,2.02,1499810.0,17818192.743,10838288.48
2024-01-09,11.9,1.018675721562,18685662,222359377.8,2.08,528600.0,6298797.6,8469187.44
2024-01-10,11.63,-2.268907563025,19548162,227345124.06,2.18,862500.0,10093578.75,4985746.26
2024-01-11,11.79,1.375752364574,20693720,243978958.8,2.31,1145558.0,13430178.3246,16633834.74
2024-01-12,11.79,0.0,20929620,246760219.8,2.33,235900.0,2788243.64,2781261.0
2024-01-15,11.81,0.169635284139,21508920,254020345.2,2.4,579300.0,6874668.96,7260125.4
2024-01-16,11.49,-2.709568162574,24192766,277974881.34,2.7,2683846.0,30955479.764,23954536.14
2024-01-17,11.25,-2.088772845953,24259066,272914492.5,2.7,66300.0,757205.67,-5060388.84
2024-01-18,11.27,0.177777777778,24103817,271650017.59,2.69,-155249.0,-1710486.9073,-1264474.91
2024-01-19,11.14,-1.153504880213,23897411,266217158.54,2.66,-206406.0,-2311148.6226,-5432859.05
2024-01-22,10.33,-7.271095152603,24499411,253078915.63,2.73,602000.0,6370364.0,-13138242.91
2024-01-23,10.39,0.580832526621,23590011,245100214.29,2.63,-909400.0,-9467035.88,-7978701.34
2024-01-24,10.59,1.924927815207,23023810,243822147.9,2.57,-566201.0,-5864370.2374,-1278066.39
2024-01-25,11.27,6.421152030217,22242482,250672772.14,2.48,-781328.0,-8632502.408,6850624.24
2024-01-26,10.98,-2.573203194321,22666386,248876918.28,2.53,423904.0,4709149.536,-1795853.86
2024-01-29,10.59,-3.551912568306,23297955,246725343.45,2.6,631569.0,6772819.6422,-2151574.83
2024-01-30,10.28,-2.927289896128,22645937,232800232.36,2.52,-652018.0,-6793962.3582,-13925111.09
2024-01-31,9.74,-5.252918287938,23642555,230278485.7,2.64,996618.0,9868013.127,-2521746.66
2024-02-01,9.62,-1.232032854209,22891555,220216759.1,2.55,-751000.0,-7276889.6,-10061726.6
2024-02-02,9.32,-3.118503118503,21001707,195735909.24,2.34,-1889848.0,-17719970.7872,-24480849.86
2024-02-05,8.58,-7.93991416309,20261123,173840435.34,2.26,-740584.0,-6384352.4888,-21895473.9
2024-02-06,9.39,9.440559440559,18676553,175372832.67,2.08,-1584570.0,-14157182.208,1532397.33
2024-02-07,9.99,6.389776357827,17912627,178947143.73,2.0,-763926.0,-7593730.0104,3574311.06
2024-02-08,10.51,5.205205205205,17964126,188802964.26,2.0,51499.0,544514.3767,9855820.53
2024-02-19,10.48,-0.285442435775,16682898,174836771.04,1.86,-1281228.0,-13428550.668,-13966193.22
2024-02-20,10.71,2.19465648855,15262028,163456319.88,1.7,-1420870.0,-14962187.361,-11380451.16
2024-02-21,10.67,-0.373482726424,15022746,160292699.82,1.67,-239282.0,-2611045.184,-3163620.06
2024-02-22,10.69,0.187441424555,15038946,160766332.74,1.67,16200.0,172601.28,473632.92
2024-02-23,10.67,-0.187090739008,16110846,171902726.82,1.79,1071900.0,11354636.7,11136394.08
2024-02-26,10.77,0.937207122774,16309046,175648425.42,1.82,198200.0,2137943.76,3745698.6
2024-02-27,11.02,2.321262766945,16287146,179484348.92,1.81,-21900.0,-238028.91,3835923.5
2024-02-28,10.26,-6.896551724138,15377276,157770851.76,1.71,-909870.0,-9727329.183,-21713497.16
2024-02-29,10.74,4.678362573099,15881646,170568878.04,1.77,504370.0,5339260.82,12798026.28
2024-03-01,10.73,-0.093109869646,17063426,183090560.98,1.9,1181780.0,12674590.5,12521682.94
2024-03-04,10.74,0.093196644921,16803313,180467581.62,1.87,-260113.0,-2791012.49,-2622979.36
2024-03-05,10.72,-0.186219739292,16433513,176167259.36,1.83,-369800.0,-3987294.54,-4300322.26
2024-03-06,10.76,0.373134328358,16210910,174429391.6,1.81,-222603.0,-2372079.8283,-1737867.76
2024-03-07,10.53,-2.137546468401,15570210,163954311.3,1.73,-640700.0,-6841843.09,-10475080.3
2024-03-08,10.65,1.139601139601,17385610,185156746.5,1.94,1815400.0,19233255.3,21202435.2
2024-03-11,11.0,3.286384976526,15567675,171244425.0,1.73,-1817935.0,-19836943.133,-13912321.5
2024-03-12,11.15,1.363636363636,14325675,159731276.25,1.59,-1242000.0,-13859974.8,-11513148.75
2024-03-13,11.32,1.52466367713,13899758,157345260.56,1.55,-425917.0,-4836202.3516,-2386015.69
2024-03-14,11.28,-0.353356890459,13057866,147292728.48,1.45,-841892.0,-9487365.1372,-10052532.08
2024-03-15,11.53,2.216312056738,13840359,159579339.27,1.54,782493.0,8923628.4213,12286610.79
2024-03-18,11.76,1.994796183868,13200059,155232693.84,1.47,-640300.0,-7474221.9,-4346645.43
2024-03-19,11.95,1.615646258503,12642549,151078460.55,1.41,-557510.0,-6678858.298,-4154233.29
2024-03-20,12.27,2.677824267782,11320632,138904154.64,1.26,-1321917.0,-16168631.2104,-12174305.91
2024-03-21,12.8,4.319478402608,11246584,143956275.2,1.25,-74048.0,-946259.392,5052120.56
2024-03-22,12.41,-3.046875,13026584,161659907.44,1.45,1780000.0,22172570.0,17703632.24
2024-03-25,11.85,-4.512489927478,15324184,181591580.4,1.71,2297600.0,27837951.36,19931672.96
2024-03-26,12.3,3.79746835443,13360237,164330915.1,1.49,-1963947.0,-23629031.9358,-17260665.3
2024-03-27,11.82,-3.90243902439,12793473,151218850.86,1.42,-566764.0,-6840048.0104,-13112064.24
2024-03-28,12.5,5.75296108291,11983832,149797900.0,1.33,-809641.0,-10013316.0316,-1420950.86
2024-04-02,12.9,-1.149425287356,9987848,128843239.2,1.11,-1995984.0,-25981723.728,-20954660.8
2024-04-03,12.49,-3.178294573643,12824351,160176143.99,1.43,2836503.0,36090813.2211,31332904.79
2024-04-08,12.27,-1.761409127302,15230854,186882578.58,1.7,2406503.0,29957593.2458,26706434.59
2024-04-09,12.88,4.971475142624,15246172,196370695.36,1.7,15318.0,195149.7882,9488116.78
2024-04-10,12.29,-4.580745341615,16615035,204198780.15,1.85,1368863.0,17030161.4693,7828084.79
2024-04-11,11.88,-3.3360455655,19888061,236270164.68,2.22,3273026.0,39397086.6594,32071384.53
2024-04-12,11.76,-1.010101010101,21232701,249696563.76,2.37,1344640.0,15927126.336,13426399.08
2024-04-15,11.55,-1.785714285714,22037266,254530422.3,2.46,804565.0,9321529.177,4833858.54
2024-04-16,10.93,-5.367965367965,21113044,230765570.92,2.35,-924222.0,-10214224.2774,-23764851.38
2024-04-17,11.4,4.300091491308,21414244,244122381.6,2.39,301200.0,3425939.16,13356810.68
2024-04-18,11.79,3.421052631579,20861344,245955245.76,2.32,-552900.0,-6511669.17,1832864.16
2024-04-19,10.85,-7.972858354538,15143044,164302027.4,1.69,-5718300.0,-62412385.35,-81653218.36
2024-04-22,10.67,-1.658986175115,15604697,166502116.99,1.74,461653.0,4900631.2562,2200089.59
2024-04-23,10.51,-1.499531396439,14394838,151289747.38,1.6,-1209859.0,-12753244.7049,-15212369.61
2024-04-24,10.7,1.807802093245,14579538,156001056.6,1.62,184700.0,1961421.65,4711309.22
2024-04-25,10.62,-0.747663551402,13713984,145642510.08,1.53,-865554.0,-9203522.2374,-10358546.52
2024-04-26,11.01,3.672316384181,15084238,166077460.38,1.68,1370254.0,14967284.442,20434950.3
2024-04-29,11.35,3.088101725704,14845417,168495482.95,1.65,-238821.0,-2688384.1149,2418022.57
2024-04-30,10.95,-3.52422907489,13361817,146311896.15,1.49,-1483600.0,-16459355.12,-22183586.8
2024-05-06,11.28,3.013698630137,13879617,156562079.76,1.55,517800.0,5848654.56,10250183.61
2024-05-07,11.23,-0.443262411348,13271917,149043627.91,1.48,-607700.0,-6822100.97,-7518451.85
2024-05-08,10.75,-4.274265360641,13708366,147364934.5,1.53,436449.0,4720152.2901,-1678693.41
2024-05-09,10.92,1.581395348837,14949366,163247076.72,1.66,1241000.0,13538565.4,15882142.22
2024-05-10,10.66,-2.380952380952,14845066,158248403.56,1.65,-104300.0,-1113777.98,-4998673.16
2024-05-13,10.35,-2.908067542214,14764066,152808083.1,1.64,-81000.0,-838317.6,-5440320.46
2024-05-14,10.31,-0.386473429952,15400666,158780866.46,1.71,636600.0,6598295.34,5972783.36
2024-05-16,10.27,0.983284169125,15976403,164077658.81,1.78,575737.0,5966707.9732,5296792.35
2024-05-17,10.94,6.523855890944,17477496,191203806.24,1.95,1501093.0,16098321.7692,27126147.43
2024-05-20,10.82,-1.09689213894,18192700,196845014.0,2.03,715204.0,7758819.0736,5641207.76
2024-05-21,10.56,-2.402957486137,17874568,188755438.08,1.89,-318132.0,-3366886.3956,-8089575.92
2024-05-22,10.82,2.462121212121,16955255,183455859.1,1.79,-919313.0,-9842992.3597,-5299578.98
2024-05-23,10.33,-4.52865064695,15262458,157661191.14,1.61,-1692797.0,-17660951.101,-25794667.96
2024-05-24,9.98,-3.388189738625,13426314,133994613.72,1.42,-1836144.0,-18509065.9776,-23666577.42
2024-05-27,10.12,1.402805611222,13343714,135038385.68,1.41,-82600.0,-822167.36,1043771.96
2024-05-28,9.9,-2.173913043478,13173039,130413086.1,1.39,-170675.0,-1708832.235,-4625299.58
2024-05-29,9.95,0.505050505051,13145039,130793138.05,1.39,-28000.0,-279322.4,380051.95
2024-05-30,9.97,0.201005025126,14175753,141332257.41,1.5,1030714.0,10302707.9298,10539119.36
2024-05-31,10.05,0.802407221665,14843553,149177707.65,1.57,667800.0,6739103.7,7845450.24
2024-06-03,9.82,-2.28855721393,14290082,140328605.24,1.51,-553471.0,-5491096.4852,-8849102.41
2024-06-04,9.66,-1.62932790224,15115382,146014590.12,1.6,825300.0,7907529.42,5685984.88
2024-06-05,9.56,-1.035196687371,14882682,142278439.92,1.57,-232700.0,-2248719.72,-3736150.2
2024-06-06,9.31,-2.615062761506,14814782,137925620.42,1.56,-67900.0,-635489.68,-4352819.5
2024-06-07,9.43,1.288936627282,14407682,135864441.26,1.52,-407100.0,-3828856.92,-2061179.16
2024-06-11,9.62,2.014846235419,14091282,135558132.84,1.49,-316400.0,-3000705.96,-306308.42
2024-06-12,9.61,-0.10395010395,14356282,137963870.02,1.51,265000.0,2567293.5,2405737.18
2024-06-13,9.66,0.520291363163,14380282,138913524.12,1.52,24000.0,231355.2,949654.1
2024-06-14,9.68,0.207039337474,14438627,139765909.36,1.52,58345.0,561051.3545,852385.24
2024-06-17,9.85,1.756198347107,14410777,141946153.45,1.52,-27850.0,-273453.58,2180244.09
2024-06-18,9.96,1.116751269036,14421194,143635092.24,1.52,10417.0,103793.9463,1688938.79
2024-06-19,9.8,-1.606425702811,14137471,138547215.8,1.49,-283723.0,-2793962.2425,-5087876.44
2024-06-20,9.59,-2.142857142857,12968971,124372431.89,1.37,-1168500.0,-11318792.1,-14174783.91
2024-06-21,9.62,0.312825860271,12694653,122122561.86,1.34,-274318.0,-2631889.1874,-2249870.03
2024-06-24,9.05,-5.925155925156,13405583,121320526.15,1.41,710930.0,6539631.791,-802035.71
2024-06-25,8.91,-1.546961325967,12157250,108321097.5,1.28,-1248333.0,-11203539.0084,-12999428.65
2024-06-26,9.44,5.948372615039,12857850,121378104.0,1.36,700600.0,6430737.34,13057006.5
2024-06-27,9.24,-2.118644067797,13022750,120330210.0,1.37,164900.0,1547042.33,-1047894.0
2024-06-28,9.43,2.056277056277,13333150,125731604.5,1.41,310400.0,2939425.92,5401394.5
2024-07-02,9.17,-1.078748651564,13109369,120212913.73,1.38,-223781.0,-2064782.5308,-5518690.77
2024-07-03,9.14,-0.327153762268,13389850,122383229.0,1.41,280481.0,2569654.7296,2170315.27
2024-07-04,8.92,-2.407002188184,13126350,117087042.0,1.38,-263500.0,-2375373.45,-5296187.0
2024-07-05,8.99,0.784753363229,13344389,119966057.11,1.41,218039.0,1935510.3991,2879015.11
2024-07-08,8.7,-2.684563758389,12607389,109684284.3,1.33,-737000.0,-6450076.6,-10281772.81
2024-07-09,9.08,4.367816091954,13983978,126974520.24,1.48,1376589.0,12270914.346,17290235.94
2024-07-10,9.11,0.330396475771,14299578,130269155.58,1.51,315600.0,2884584.0,3294635.34
2024-07-11,9.46,3.84193194292,14846478,140447681.88,1.57,546900.0,5137305.15,10178526.3
2024-07-12,9.32,-1.479915433404,14792878,137869622.96,1.56,-53600.0,-500613.28,-2578058.92
2024-07-15,9.22,-1.072961373391,14456304,133287122.88,1.53,-336574.0,-3119906.3504,-4582500.08
2024-07-16,9.47,2.711496746204,14639704,138637996.88,1.54,183400.0,1725097.08,5350874.0
2024-07-17,9.28,-2.006335797254,13739404,127501669.12,1.45,-900300.0,-8518998.72,-11136327.76
2024-07-18,9.12,-1.724137931034,13433304,122511732.48,1.42,-306100.0,-2774061.86,-4989936.64
2024-07-19,9.12,0.0,13455240,122711788.8,1.42,21936.0,200611.3008,200056.32
2024-07-22,9.32,2.19298245614,12667362,118059813.84,1.34,-787878.0,-7295750.28,-4651974.96
2024-07-23,8.97,-3.755364806867,10742862,96363472.14,1.13,-1924500.0,-17520648.0,-21696341.7
2024-07-24,8.82,-1.672240802676,10400462,91732074.84,1.1,-342400.0,-3064753.92,-4631397.3
2024-07-25,8.82,0.0,10125962,89310984.84,1.07,-274500.0,-2401408.35,-2421090.0
2024-07-26,9.07,2.834467120181,10768162,97667229.34,1.13,642200.0,5784873.38,8356244.5
2024-07-29,9.37,3.307607497244,11185143,104804789.91,1.18,416981.0,3885887.6371,7137560.57
2024-07-30,9.12,-2.668089647812,11421043,104159912.16,1.2,235900.0,2180588.83,-644877.75
2024-07-31,9.66,5.921052631579,13166643,127189771.38,1.39,1745600.0,16586865.76,23029859.22
2024-08-01,9.54,-1.242236024845,13468943,128493716.22,1.42,302300.0,2905435.53,1303944.84
2024-08-02,9.51,-0.314465408805,13000143,123631359.93,1.37,-468800.0,-4520263.36,-4862356.29
2024-08-05,9.0,-5.362776025237,12370643,111335787.0,1.3,-629500.0,-5809718.45,-12295572.93
2024-08-06,9.12,1.333333333333,12430443,113365640.16,1.31,59800.0,542906.26,2029853.16
2024-08-07,9.05,-0.767543859649,11924943,107920734.15,1.26,-505500.0,-4591456.5,-5444906.01
2024-08-08,9.2,1.657458563536,12302643,113184315.6,1.3,377700.0,3447721.14,5263581.45
2024-08-09,10.12,10.0,11124044,112575325.28,1.17,-1178599.0,-11641965.2022,-608990.32
2024-08-12,9.96,-1.581027667984,8736114,87011695.44,0.92,-2387930.0,-24595917.793,-25563629.84
2024-08-13,9.84,-1.204819277108,10533917,103653743.28,1.11,1797803.0,17643458.8617,16642047.84
2024-08-14,10.05,2.134146341463,7632507,76706695.35,0.8,-2901410.0,-29053849.317,-26947047.93
2024-08-15,10.18,1.293532338308,8516107,86693969.26,0.9,883600.0,8924006.56,9987273.91
2024-08-16,9.99,-1.866404715128,8097107,80890098.93,0.85,-419000.0,-4250922.6,-5803870.33
