label,entry_pct,stop_pct,prev_entry_mode,win_rate,closed_trades,symbol,code,name,cohort,windows,is,oos,oos_win_rate,composite_score,oos_sharpe,oos_excess_pct,oos_ret_pct,oos_rank
买2/止3,0.02,0.03,yin_or_small_yang,58.620689655172406,29,sh588710,588710,科创半导体设备ETF华泰柏瑞,B,"{'is_start': '2025-06-04', 'is_end': '2025-12-31', 'oos_start': '2026-01-02', 'oos_end': '2026-09-01'}","{'ret_pct': 64.60833111847045, 'excess_pct': 8.708331118470454, 'sharpe': 4.601459992766949, 'mdd_pct': 9.092170108573717, 'n_days': 145}","{'ret_pct': 93.77327046907611, 'excess_pct': 130.18133399992524, 'sharpe': 3.366690748794647, 'mdd_pct': 29.050635949369287, 'n_days': 160}",58.620689655172406,0.962646828504307,3.366690748794647,130.18133399992524,93.77327046907611,1
买3/止4,0.03,0.04,yin_or_small_yang,63.63636363636363,22,sz159321,159321,黄金股ETF华安,B,"{'is_start': '2025-01-02', 'is_end': '2025-12-31', 'oos_start': '2026-01-02', 'oos_end': '2026-09-01'}","{'ret_pct': 89.49192768194834, 'excess_pct': 6.761472606102387, 'sharpe': 2.7578241904259606, 'mdd_pct': 12.82173895831875, 'n_days': 237}","{'ret_pct': 67.29206710374258, 'excess_pct': 61.8194302878222, 'sharpe': 2.761464837854448, 'mdd_pct': 17.046206449206082, 'n_days': 160}",63.63636363636363,0.9607674236491777,2.761464837854448,61.8194302878222,67.29206710374258,2
sym±3%,0.03,0.03,yin_or_small_yang,75.0,4,sh513300,513300,纳斯达克ETF华夏,A,"{'is_start': '2023-01-02', 'is_end': '2025-12-31', 'oos_start': '2025-01-02', 'oos_end': '2026-09-01'}","{'ret_pct': 88.62078889980158, 'excess_pct': -40.773451417974016, 'sharpe': 1.3897300059338882, 'mdd_pct': 19.15702978130822, 'n_days': 727}","{'ret_pct': 71.54235632344539, 'excess_pct': 43.56135869874227, 'sharpe': 2.1496702064887225, 'mdd_pct': 15.795704681781741, 'n_days': 403}",75.0,0.9549725920125294,2.1496702064887225,43.56135869874227,71.54235632344539,3
sym±2.5%仅阴,0.025,0.025,yin_only,58.536585365853654,41,sh588180,588180,科创50ETF国联安,A,"{'is_start': '2023-01-02', 'is_end': '2025-12-31', 'oos_start': '2025-01-02', 'oos_end': '2026-09-01'}","{'ret_pct': 206.7560658928428, 'excess_pct': 168.781382348539, 'sharpe': 1.9700958413512704, 'mdd_pct': 12.738206992449497, 'n_days': 727}","{'ret_pct': 119.61475589860773, 'excess_pct': 41.62122839051709, 'sharpe': 2.517764419103569, 'mdd_pct': 12.966711610970872, 'n_days': 403}",58.536585365853654,0.9483163664839467,2.517764419103569,41.62122839051709,119.61475589860773,4
买2.5/止3.5,0.025,0.035,yin_or_small_yang,52.5,40,sh561330,561330,矿业ETF国泰,A,"{'is_start': '2023-01-02', 'is_end': '2025-12-31', 'oos_start': '2025-01-02', 'oos_end': '2026-09-01'}","{'ret_pct': 91.59211503095108, 'excess_pct': 3.7991462809511063, 'sharpe': 1.0363813236996335, 'mdd_pct': 31.362403430086218, 'n_days': 727}","{'ret_pct': 151.80193959848287, 'excess_pct': 144.2179742680387, 'sharpe': 2.308002604141031, 'mdd_pct': 26.09188661904549, 'n_days': 403}",52.5,0.9391542678151918,2.308002604141031,144.2179742680387,151.80193959848287,5
买2/止2.5,0.02,0.025,yin_or_small_yang,50.57471264367817,87,sh562950,562950,消费电子ETF易方达,A,"{'is_start': '2023-01-02', 'is_end': '2025-12-31', 'oos_start': '2025-01-02', 'oos_end': '2026-09-01'}","{'ret_pct': 154.49108625723932, 'excess_pct': 66.17545651520592, 'sharpe': 1.6252129982281074, 'mdd_pct': 18.44797163041082, 'n_days': 727}","{'ret_pct': 171.27058840726232, 'excess_pct': 72.26685241722497, 'sharpe': 2.706644350114334, 'mdd_pct': 21.159805666953137, 'n_days': 403}",50.57471264367817,0.936335160532498,2.706644350114334,72.26685241722497,171.27058840726232,6
sym±3%,0.03,0.03,yin_or_small_yang,50.81967213114754,61,sh588290,588290,科创芯片ETF华安,A,"{'is_start': '2023-01-02', 'is_end': '2025-12-31', 'oos_start': '2025-01-02', 'oos_end': '2026-09-01'}","{'ret_pct': 199.40864773659447, 'excess_pct': 76.49602637737115, 'sharpe': 1.3966249181439077, 'mdd_pct': 34.794969585414414, 'n_days': 727}","{'ret_pct': 163.53185960007767, 'excess_pct': 178.72081308844975, 'sharpe': 2.292806132659528, 'mdd_pct': 18.048210118165386, 'n_days': 403}",50.81967213114754,0.9345340642129992,2.292806132659528,178.72081308844975,163.53185960007767,7
买3/止2.5,0.03,0.025,yin_or_small_yang,72.0,25,sz159822,159822,新经济ETF银华,A,"{'is_start': '2023-01-02', 'is_end': '2025-12-31', 'oos_start': '2025-01-02', 'oos_end': '2026-09-01'}","{'ret_pct': 94.69747776843815, 'excess_pct': 86.80673421760356, 'sharpe': 1.4051044014778986, 'mdd_pct': 10.560781490434623, 'n_days': 727}","{'ret_pct': 57.4594452014956, 'excess_pct': 57.4594452014956, 'sharpe': 1.532383497964235, 'mdd_pct': 9.905733621551626, 'n_days': 403}",72.0,0.9339075959279561,1.532383497964235,57.4594452014956,57.4594452014956,8
sym±3%,0.03,0.03,yin_or_small_yang,53.44827586206896,58,sz159801,159801,芯片ETF广发,A,"{'is_start': '2023-01-02', 'is_end': '2025-12-31', 'oos_start': '2025-01-02', 'oos_end': '2026-09-01'}","{'ret_pct': 4.237877543679813, 'excess_pct': 18.964245702883773, 'sharpe': 0.036468496048358987, 'mdd_pct': 67.76860825146264, 'n_days': 727}","{'ret_pct': 147.8015719916001, 'excess_pct': 49.34531127118841, 'sharpe': 2.3115122678350106, 'mdd_pct': 22.0511628867035, 'n_days': 403}",53.44827586206896,0.9339075959279561,2.3115122678350106,49.34531127118841,147.8015719916001,9
买2.5/止3.5,0.025,0.035,yin_or_small_yang,58.333333333333336,12,sh589990,589990,科创综指ETF华泰柏瑞,B,"{'is_start': '2025-03-05', 'is_end': '2025-12-31', 'oos_start': '2026-01-02', 'oos_end': '2026-09-01'}","{'ret_pct': 32.053963115001594, 'excess_pct': -1.113367562289234, 'sharpe': 1.7912106991667283, 'mdd_pct': 15.830977309439998, 'n_days': 205}","{'ret_pct': 54.423560214909415, 'excess_pct': 33.918145052454534, 'sharpe': 3.4912049111950956, 'mdd_pct': 12.459407955433765, 'n_days': 160}",58.333333333333336,0.9328112764291308,3.4912049111950956,33.918145052454534,54.423560214909415,10
买3/止2.5,0.03,0.025,yin_or_small_yang,54.90196078431373,51,sz159876,159876,有色ETF华宝,A,"{'is_start': '2023-01-02', 'is_end': '2025-12-31', 'oos_start': '2025-01-02', 'oos_end': '2026-09-01'}","{'ret_pct': 64.44579930099339, 'excess_pct': 76.14792696056787, 'sharpe': 1.1822114447720664, 'mdd_pct': 14.16425388930297, 'n_days': 727}","{'ret_pct': 85.37478624992465, 'excess_pct': 86.83535100162864, 'sharpe': 1.8554551283798824, 'mdd_pct': 16.906689808617582, 'n_days': 403}",54.90196078431373,0.9307752545027408,1.8554551283798824,86.83535100162864,85.37478624992465,11
买3/止4,0.03,0.04,yin_or_small_yang,60.0,10,sh589860,589860,科创综指ETF天弘,B,"{'is_start': '2025-03-05', 'is_end': '2025-12-31', 'oos_start': '2026-01-02', 'oos_end': '2026-09-01'}","{'ret_pct': 45.52249980120639, 'excess_pct': 14.183757407697282, 'sharpe': 2.8572087730944618, 'mdd_pct': 12.611811982037002, 'n_days': 205}","{'ret_pct': 49.384070304766816, 'excess_pct': 30.815837642574387, 'sharpe': 2.7434513749471905, 'mdd_pct': 16.7673192578647, 'n_days': 160}",60.0,0.9294440093970243,2.7434513749471905,30.815837642574387,49.384070304766816,12
sym±3%,0.03,0.03,yin_or_small_yang,52.38095238095239,63,sh516640,516640,芯片ETF富国,A,"{'is_start': '2023-01-02', 'is_end': '2025-12-31', 'oos_start': '2025-01-02', 'oos_end': '2026-09-01'}","{'ret_pct': 118.97352392952318, 'excess_pct': 44.30247129794425, 'sharpe': 1.2232287543978895, 'mdd_pct': 23.72054355320038, 'n_days': 727}","{'ret_pct': 148.5251750936826, 'excess_pct': 41.64315262177249, 'sharpe': 2.3678125346597536, 'mdd_pct': 22.142079720763586, 'n_days': 403}",52.38095238095239,0.9262333594361786,2.3678125346597536,41.64315262177249,148.5251750936826,13
买3/止2.5,0.03,0.025,yin_or_small_yang,80.0,15,sh561550,561550,中证500增强ETF华泰柏瑞,A,"{'is_start': '2023-01-02', 'is_end': '2025-12-31', 'oos_start': '2025-01-02', 'oos_end': '2026-09-01'}","{'ret_pct': 90.2037272219995, 'excess_pct': 42.79888293134204, 'sharpe': 1.5961122105093044, 'mdd_pct': 19.230461828154, 'n_days': 727}","{'ret_pct': 74.83156866937225, 'excess_pct': 11.018783281244396, 'sharpe': 2.7420854196217874, 'mdd_pct': 6.469063752837922, 'n_days': 403}",80.0,0.9258418167580267,2.7420854196217874,11.018783281244396,74.83156866937225,14
sym±2.5%仅阴,0.025,0.025,yin_only,56.060606060606055,66,sz159779,159779,消费电子ETF招商,A,"{'is_start': '2023-01-02', 'is_end': '2025-12-31', 'oos_start': '2025-01-02', 'oos_end': '2026-09-01'}","{'ret_pct': 135.5127096706829, 'excess_pct': 51.69860710658031, 'sharpe': 1.7486329475153564, 'mdd_pct': 20.04041275649826, 'n_days': 727}","{'ret_pct': 120.10457460692096, 'excess_pct': 21.706710788496395, 'sharpe': 2.4549548813111564, 'mdd_pct': 23.838359703633174, 'n_days': 403}",56.060606060606055,0.9256068911511355,2.4549548813111564,21.706710788496395,120.10457460692096,15
买3/止4,0.03,0.04,yin_or_small_yang,66.66666666666666,9,sh589900,589900,科创综指ETF博时,B,"{'is_start': '2025-03-05', 'is_end': '2025-12-31', 'oos_start': '2026-01-02', 'oos_end': '2026-09-01'}","{'ret_pct': 50.84660369668479, 'excess_pct': 19.357670095075164, 'sharpe': 3.0385991758117177, 'mdd_pct': 11.160610689538508, 'n_days': 205}","{'ret_pct': 41.93539520650018, 'excess_pct': 23.962022425435105, 'sharpe': 2.4664890799115806, 'mdd_pct': 13.308083632681921, 'n_days': 160}",66.66666666666666,0.9240407204385278,2.4664890799115806,23.962022425435105,41.93539520650018,16
sym±2.5%仅阴,0.025,0.025,yin_only,49.35064935064935,77,sh588200,588200,科创芯片ETF嘉实,A,"{'is_start': '2023-01-02', 'is_end': '2025-12-31', 'oos_start': '2025-01-02', 'oos_end': '2026-09-01'}","{'ret_pct': 162.39357407107593, 'excess_pct': 39.34595502345687, 'sharpe': 1.4252566174429164, 'mdd_pct': 33.13164839986538, 'n_days': 727}","{'ret_pct': 212.95909160402698, 'excess_pct': 228.09768435456004, 'sharpe': 3.206478286761652, 'mdd_pct': 27.395681486418255, 'n_days': 403}",49.35064935064935,0.9203602192638998,3.206478286761652,228.09768435456004,212.95909160402698,17
买3/止4,0.03,0.04,yin_or_small_yang,57.89473684210527,19,sh588030,588030,科创100ETF博时,B,"{'is_start': '2025-01-02', 'is_end': '2025-12-31', 'oos_start': '2026-01-02', 'oos_end': '2026-09-01'}","{'ret_pct': 85.64908761400322, 'excess_pct': 25.810192332069953, 'sharpe': 4.049601774227136, 'mdd_pct': 6.526503027327002, 'n_days': 243}","{'ret_pct': 48.619477491618234, 'excess_pct': 21.206890079030803, 'sharpe': 2.489246217414564, 'mdd_pct': 17.794182715440833, 'n_days': 160}",57.89473684210527,0.9098668754894284,2.489246217414564,21.206890079030803,48.619477491618234,18
sym±3%,0.03,0.03,yin_or_small_yang,50.0,10,sh513000,513000,日经225ETF易方达,A,"{'is_start': '2023-01-02', 'is_end': '2025-12-31', 'oos_start': '2025-01-02', 'oos_end': '2026-09-01'}","{'ret_pct': 86.58123985852066, 'excess_pct': 15.315778393249488, 'sharpe': 1.2861665284508885, 'mdd_pct': 16.79020151662246, 'n_days': 727}","{'ret_pct': 97.28687206291464, 'excess_pct': 38.768866522748446, 'sharpe': 2.424712775395615, 'mdd_pct': 11.621144299373142, 'n_days': 403}",50.0,0.9064996084573217,2.424712775395615,38.768866522748446,97.28687206291464,19
买3/止2.5,0.03,0.025,yin_or_small_yang,51.85185185185185,54,sh560800,560800,数字经济ETF鹏扬,A,"{'is_start': '2023-01-02', 'is_end': '2025-12-31', 'oos_start': '2025-01-02', 'oos_end': '2026-09-01'}","{'ret_pct': 99.7420161150144, 'excess_pct': 55.46049118832819, 'sharpe': 1.2314255182807714, 'mdd_pct': 31.260387178306736, 'n_days': 727}","{'ret_pct': 90.33386002687472, 'excess_pct': 30.225311858625076, 'sharpe': 2.1232820120279774, 'mdd_pct': 8.852441121187004, 'n_days': 403}",51.85185185185185,0.9064212999216915,2.1232820120279774,30.225311858625076,90.33386002687472,20
sym±2.5%仅阴,0.025,0.025,yin_only,66.66666666666666,12,sh515110,515110,一带一路ETF易方达,A,"{'is_start': '2023-01-02', 'is_end': '2025-12-31', 'oos_start': '2025-01-02', 'oos_end': '2026-09-01'}","{'ret_pct': 41.24277267952332, 'excess_pct': 5.22218948912878, 'sharpe': 1.3012101508627418, 'mdd_pct': 8.89533357839577, 'n_days': 727}","{'ret_pct': 43.09547552636283, 'excess_pct': 17.37903510404006, 'sharpe': 2.0209048274708987, 'mdd_pct': 6.062577598235075, 'n_days': 403}",66.66666666666666,0.9062646828504307,2.0209048274708987,17.37903510404006,43.09547552636283,21
买3/止2.5,0.03,0.025,yin_or_small_yang,51.06382978723404,47,sz159770,159770,机器人ETF天弘,A,"{'is_start': '2023-01-02', 'is_end': '2025-12-31', 'oos_start': '2025-01-02', 'oos_end': '2026-09-01'}","{'ret_pct': 57.1018480878833, 'excess_pct': 11.182069388021617, 'sharpe': 0.8417299515692511, 'mdd_pct': 31.114443275546112, 'n_days': 727}","{'ret_pct': 73.18758999170673, 'excess_pct': 45.01500115921941, 'sharpe': 1.867619444295379, 'mdd_pct': 15.30606073288645, 'n_days': 403}",51.06382978723404,0.9051683633516053,1.867619444295379,45.01500115921941,73.18758999170673,22
买2/止2.5,0.02,0.025,yin_or_small_yang,62.96296296296296,54,sz159562,159562,黄金股ETF华夏,B,"{'is_start': '2025-01-02', 'is_end': '2025-12-31', 'oos_start': '2026-01-02', 'oos_end': '2026-09-01'}","{'ret_pct': 82.22919244188435, 'excess_pct': -5.723629799059182, 'sharpe': 3.1935390349688664, 'mdd_pct': 7.208008798133436, 'n_days': 243}","{'ret_pct': 40.38794273802151, 'excess_pct': 35.09948119955997, 'sharpe': 1.6114740699438108, 'mdd_pct': 27.267006206841018, 'n_days': 160}",62.96296296296296,0.9048551292090837,1.6114740699438108,35.09948119955997,40.38794273802151,23
买2.5/止3.5,0.025,0.035,yin_or_small_yang,54.83870967741935,31,sh560860,560860,工业有色ETF万家,B,"{'is_start': '2025-01-02', 'is_end': '2025-12-31', 'oos_start': '2026-01-02', 'oos_end': '2026-09-01'}","{'ret_pct': 69.03835918155261, 'excess_pct': -34.15857176473894, 'sharpe': 2.602290202177794, 'mdd_pct': 15.117024961364667, 'n_days': 243}","{'ret_pct': 43.82503321862758, 'excess_pct': 42.29129088733922, 'sharpe': 1.9298651132959976, 'mdd_pct': 15.936395814053784, 'n_days': 160}",54.83870967741935,0.9029757243539546,1.9298651132959976,42.29129088733922,43.82503321862758,24
sym±2%,0.02,0.02,yin_or_small_yang,49.42528735632184,87,sz159701,159701,物联网ETF招商,A,"{'is_start': '2023-01-02', 'is_end': '2025-12-31', 'oos_start': '2025-01-02', 'oos_end': '2026-09-01'}","{'ret_pct': 133.2780564815949, 'excess_pct': 67.14902422353039, 'sharpe': 1.488259382065839, 'mdd_pct': 15.097402717612452, 'n_days': 726}","{'ret_pct': 109.7369604502568, 'excess_pct': 44.32245267823609, 'sharpe': 2.5449215454383145, 'mdd_pct': 18.49383308384921, 'n_days': 403}",49.42528735632184,0.9017227877838684,2.5449215454383145,44.32245267823609,109.7369604502568,25
买2/止3,0.02,0.03,yin_or_small_yang,60.97560975609756,41,sz159322,159322,黄金股ETF平安,B,"{'is_start': '2025-01-02', 'is_end': '2025-12-31', 'oos_start': '2026-01-02', 'oos_end': '2026-09-01'}","{'ret_pct': 52.467645425412314, 'excess_pct': -33.26256639175604, 'sharpe': 1.7045913996096649, 'mdd_pct': 11.191560071987261, 'n_days': 242}","{'ret_pct': 40.712257070294086, 'excess_pct': 36.321156367717975, 'sharpe': 1.5173108747829172, 'mdd_pct': 36.704221579011644, 'n_days': 160}",60.97560975609756,0.8986687548942836,1.5173108747829172,36.321156367717975,40.712257070294086,26
sym±3%,0.03,0.03,yin_or_small_yang,50.0,38,sh515250,515250,智能汽车ETF富国,A,"{'is_start': '2023-01-02', 'is_end': '2025-12-31', 'oos_start': '2025-01-02', 'oos_end': '2026-09-01'}","{'ret_pct': 110.87491672536558, 'excess_pct': 65.95647255974453, 'sharpe': 1.3008874522756644, 'mdd_pct': 26.310035551882926, 'n_days': 727}","{'ret_pct': 63.74030874391616, 'excess_pct': 58.26544840872065, 'sharpe': 1.9989127809962157, 'mdd_pct': 7.3230940653286725, 'n_days': 403}",50.0,0.8978856695379797,1.9989127809962157,58.26544840872065,63.74030874391616,27
sym±3%,0.03,0.03,yin_or_small_yang,53.84615384615385,52,sz159881,159881,有色金属ETF国泰,A,"{'is_start': '2023-01-02', 'is_end': '2025-12-31', 'oos_start': '2025-01-02', 'oos_end': '2026-09-01'}","{'ret_pct': 96.71824631565036, 'excess_pct': 15.352392657113754, 'sharpe': 1.2022017507325695, 'mdd_pct': 35.12477399612285, 'n_days': 727}","{'ret_pct': 67.26209565274954, 'excess_pct': 67.68226371997642, 'sharpe': 1.3613291833107428, 'mdd_pct': 22.669314897969905, 'n_days': 403}",53.84615384615385,0.897729052466719,1.3613291833107428,67.68226371997642,67.26209565274954,28
买3/止2.5,0.03,0.025,yin_or_small_yang,47.5,80,sh512480,512480,半导体ETF国联安,A,"{'is_start': '2023-01-02', 'is_end': '2025-12-31', 'oos_start': '2025-01-02', 'oos_end': '2026-09-01'}","{'ret_pct': 179.46789565936848, 'excess_pct': 104.34827843448807, 'sharpe': 1.7679158946866262, 'mdd_pct': 18.314550393958694, 'n_days': 727}","{'ret_pct': 117.69141327934322, 'excess_pct': 107.94037593494487, 'sharpe': 2.133009069687652, 'mdd_pct': 21.4644983549115, 'n_days': 403}",47.5,0.896945967110415,2.133009069687652,107.94037593494487,117.69141327934322,29
买2.5/止3.5,0.025,0.035,yin_or_small_yang,60.0,15,sh513520,513520,日经ETF华夏,A,"{'is_start': '2023-01-02', 'is_end': '2025-12-31', 'oos_start': '2025-01-02', 'oos_end': '2026-09-01'}","{'ret_pct': 71.74202415526783, 'excess_pct': -2.7715945217749294, 'sharpe': 0.8274748758225272, 'mdd_pct': 27.31304405697633, 'n_days': 727}","{'ret_pct': 69.6422807547875, 'excess_pct': 16.30445202923123, 'sharpe': 1.5910411573481216, 'mdd_pct': 10.706679874168412, 'n_days': 403}",60.0,0.8947533281127642,1.5910411573481216,16.30445202923123,69.6422807547875,30
sym±3%,0.03,0.03,yin_or_small_yang,51.42857142857142,35,sz159781,159781,科创创业ETF易方达,A,"{'is_start': '2023-01-02', 'is_end': '2025-12-31', 'oos_start': '2025-01-02', 'oos_end': '2026-09-01'}","{'ret_pct': 135.94121837061036, 'excess_pct': 85.11884994955776, 'sharpe': 1.3523353205646702, 'mdd_pct': 33.85638887160357, 'n_days': 727}","{'ret_pct': 114.1809922369026, 'excess_pct': 14.732462825137873, 'sharpe': 2.440918430258929, 'mdd_pct': 16.029116177084855, 'n_days': 403}",51.42857142857142,0.8923257635082225,2.440918430258929,14.732462825137873,114.1809922369026,31
买2/止3,0.02,0.03,yin_or_small_yang,53.84615384615385,13,sh518890,518890,上海金ETF中银,A,"{'is_start': '2023-01-02', 'is_end': '2025-12-31', 'oos_start': '2025-01-02', 'oos_end': '2026-09-01'}","{'ret_pct': 106.46727393175067, 'excess_pct': -24.290526959779726, 'sharpe': 1.9593319904777313, 'mdd_pct': 9.826791879649221, 'n_days': 727}","{'ret_pct': 70.73628323759102, 'excess_pct': 18.04847021588818, 'sharpe': 1.92891454041299, 'mdd_pct': 18.87447812146056, 'n_days': 403}",53.84615384615385,0.891620986687549,1.92891454041299,18.04847021588818,70.73628323759102,32
买2/止3,0.02,0.03,yin_or_small_yang,56.00000000000001,50,sz159690,159690,有色矿业ETF招商,B,"{'is_start': '2025-01-02', 'is_end': '2025-12-31', 'oos_start': '2026-01-02', 'oos_end': '2026-09-01'}","{'ret_pct': 54.32898892930347, 'excess_pct': -51.55336401187302, 'sharpe': 2.0463887056866183, 'mdd_pct': 19.26665212076285, 'n_days': 243}","{'ret_pct': 37.53101728593238, 'excess_pct': 36.58527313461333, 'sharpe': 1.6929806120963593, 'mdd_pct': 21.502649960407737, 'n_days': 160}",56.00000000000001,0.8906812842599844,1.6929806120963593,36.58527313461333,37.53101728593238,33
买2.5/止3.5,0.025,0.035,yin_or_small_yang,56.25,16,sh589060,589060,科创综指ETF东财,B,"{'is_start': '2025-03-27', 'is_end': '2025-12-31', 'oos_start': '2026-01-02', 'oos_end': '2026-09-01'}","{'ret_pct': 7.232848422943983, 'excess_pct': -28.659474607963325, 'sharpe': 0.4308536296383553, 'mdd_pct': 11.019779551526398, 'n_days': 189}","{'ret_pct': 42.09874976208701, 'excess_pct': 23.71691867621051, 'sharpe': 1.847811164223867, 'mdd_pct': 13.827339645851922, 'n_days': 160}",56.25,0.8901331245105716,1.847811164223867,23.71691867621051,42.09874976208701,34
sym±3%,0.03,0.03,yin_or_small_yang,46.15384615384615,39,sz159582,159582,半导体ETF博时,B,"{'is_start': '2025-01-02', 'is_end': '2025-12-31', 'oos_start': '2026-01-02', 'oos_end': '2026-09-01'}","{'ret_pct': 82.19384161661725, 'excess_pct': 13.061766144919119, 'sharpe': 2.9764556853556727, 'mdd_pct': 10.468105421415341, 'n_days': 243}","{'ret_pct': 65.98240134639579, 'excess_pct': 133.31206702561713, 'sharpe': 2.971937972002788, 'mdd_pct': 32.82870327374226, 'n_days': 160}",46.15384615384615,0.8888801879404854,2.971937972002788,133.31206702561713,65.98240134639579,35
sym±3%,0.03,0.03,yin_or_small_yang,75.0,8,sz159850,159850,恒生国企ETF华夏,A,"{'is_start': '2023-01-02', 'is_end': '2025-12-31', 'oos_start': '2025-01-02', 'oos_end': '2026-09-01'}","{'ret_pct': 99.34676656293277, 'excess_pct': 59.971766562932785, 'sharpe': 1.3074483254643574, 'mdd_pct': 15.16991170755444, 'n_days': 727}","{'ret_pct': 34.86549634634735, 'excess_pct': 22.69039374716815, 'sharpe': 1.373269539964493, 'mdd_pct': 9.400941555080344, 'n_days': 403}",75.0,0.885512920908379,1.373269539964493,22.69039374716815,34.86549634634735,36
买3/止4,0.03,0.04,yin_or_small_yang,50.0,12,sh561760,561760,油气ETF博时,B,"{'is_start': '2025-01-02', 'is_end': '2025-12-31', 'oos_start': '2026-01-02', 'oos_end': '2026-09-01'}","{'ret_pct': 13.771001929273407, 'excess_pct': -4.945575610833533, 'sharpe': 0.8866160497996532, 'mdd_pct': 8.927838231699525, 'n_days': 243}","{'ret_pct': 49.38240399234613, 'excess_pct': 24.562260107454062, 'sharpe': 3.121790170781138, 'mdd_pct': 15.582015496663882, 'n_days': 160}",50.0,0.8849647611589664,3.121790170781138,24.562260107454062,49.38240399234613,37
sym±3%,0.03,0.03,yin_or_small_yang,56.25,32,sz159740,159740,恒生科技ETF大成,A,"{'is_start': '2023-01-02', 'is_end': '2025-12-31', 'oos_start': '2025-01-02', 'oos_end': '2026-09-01'}","{'ret_pct': 77.06067745739182, 'excess_pct': 46.57065930857151, 'sharpe': 0.8954574143456049, 'mdd_pct': 25.084039192280517, 'n_days': 727}","{'ret_pct': 47.3829737564883, 'excess_pct': 49.59762452309818, 'sharpe': 1.2849672299950368, 'mdd_pct': 24.32050800786003, 'n_days': 403}",56.25,0.8845732184808144,1.2849672299950368,49.59762452309818,47.3829737564883,38
sym±3%,0.03,0.03,yin_or_small_yang,51.61290322580645,31,sh588350,588350,科创创业50ETF鹏扬,A,"{'is_start': '2023-01-02', 'is_end': '2025-12-31', 'oos_start': '2025-01-02', 'oos_end': '2026-09-01'}","{'ret_pct': 153.53522065640232, 'excess_pct': 101.45854334010838, 'sharpe': 1.4398944258580204, 'mdd_pct': 28.188838322673703, 'n_days': 727}","{'ret_pct': 111.11298464071888, 'excess_pct': 11.348555901025122, 'sharpe': 2.3732804693259344, 'mdd_pct': 11.254769199147352, 'n_days': 403}",51.61290322580645,0.8830853563038371,2.3732804693259344,11.348555901025122,111.11298464071888,39
sym±2.5%,0.025,0.025,yin_or_small_yang,44.89795918367347,49,sz159558,159558,半导体设备ETF易方达,B,"{'is_start': '2025-01-02', 'is_end': '2025-12-31', 'oos_start': '2026-01-02', 'oos_end': '2026-09-01'}","{'ret_pct': 61.70956756441588, 'excess_pct': 0.7317897866381244, 'sharpe': 2.401648393363986, 'mdd_pct': 15.804867624387796, 'n_days': 243}","{'ret_pct': 79.1777295330181, 'excess_pct': 119.73241294484437, 'sharpe': 3.408504753942569, 'mdd_pct': 28.31583059216397, 'n_days': 160}",44.89795918367347,0.8823805794831636,3.408504753942569,119.73241294484437,79.1777295330181,40
买2.5/止3.5,0.025,0.035,yin_or_small_yang,80.0,5,sh518680,518680,金ETF富国,A,"{'is_start': '2023-01-02', 'is_end': '2025-12-31', 'oos_start': '2025-01-02', 'oos_end': '2026-09-01'}","{'ret_pct': 85.05200630677956, 'excess_pct': -58.29885770524149, 'sharpe': 1.6676039326812162, 'mdd_pct': 10.897910861696914, 'n_days': 727}","{'ret_pct': 66.26906259454523, 'excess_pct': 5.654349796426267, 'sharpe': 1.717977473576238, 'mdd_pct': 20.95628207613047, 'n_days': 403}",80.0,0.8809710258418167,1.717977473576238,5.654349796426267,66.26906259454523,41
买3/止4,0.03,0.04,yin_or_small_yang,52.38095238095239,21,sh588880,588880,科创100ETF华泰柏瑞,B,"{'is_start': '2025-01-02', 'is_end': '2025-12-31', 'oos_start': '2026-01-02', 'oos_end': '2026-09-01'}","{'ret_pct': 69.59213066542817, 'excess_pct': 8.61361037903201, 'sharpe': 3.1504291406910045, 'mdd_pct': 10.161748846891872, 'n_days': 243}","{'ret_pct': 46.547132320187345, 'excess_pct': 16.66207484892295, 'sharpe': 2.3759324490378346, 'mdd_pct': 14.966912704762636, 'n_days': 160}",52.38095238095239,0.8805794831636647,2.3759324490378346,16.66207484892295,46.547132320187345,42
买2/止2.5,0.02,0.025,yin_or_small_yang,61.66666666666667,60,sh513310,513310,中韩半导体ETF华泰柏瑞,A,"{'is_start': '2023-01-02', 'is_end': '2025-12-31', 'oos_start': '2025-01-02', 'oos_end': '2026-09-01'}","{'ret_pct': 160.6196086780514, 'excess_pct': -9.506177485470545, 'sharpe': 1.7238155573460545, 'mdd_pct': 20.908663354805324, 'n_days': 727}","{'ret_pct': 247.17637295886027, 'excess_pct': 2.1906996064247153, 'sharpe': 2.910982949549691, 'mdd_pct': 31.196641314131668, 'n_days': 403}",61.66666666666667,0.8797963978073611,2.910982949549691,2.1906996064247153,247.17637295886027,43
买2.5/止3.5,0.025,0.035,yin_or_small_yang,52.0,25,sh513130,513130,恒生科技ETF华泰柏瑞,A,"{'is_start': '2023-01-02', 'is_end': '2025-12-31', 'oos_start': '2025-01-02', 'oos_end': '2026-09-01'}","{'ret_pct': 101.82202230882456, 'excess_pct': 71.98477095258586, 'sharpe': 1.0061716510615006, 'mdd_pct': 34.07187897734655, 'n_days': 727}","{'ret_pct': 51.51429325858929, 'excess_pct': 53.89524563954168, 'sharpe': 1.327875398758892, 'mdd_pct': 23.490420794517508, 'n_days': 403}",52.0,0.8782302270947534,1.327875398758892,53.89524563954168,51.51429325858929,44
sym±2%,0.02,0.02,yin_or_small_yang,46.590909090909086,88,sh588400,588400,科创创业ETF嘉实,A,"{'is_start': '2023-01-02', 'is_end': '2025-12-31', 'oos_start': '2025-01-02', 'oos_end': '2026-09-01'}","{'ret_pct': 152.49407140086487, 'excess_pct': 101.92681046083246, 'sharpe': 1.4958245672654515, 'mdd_pct': 21.929636451736478, 'n_days': 727}","{'ret_pct': 127.8636561649551, 'excess_pct': 27.863656164955103, 'sharpe': 2.575407478205608, 'mdd_pct': 17.40106379058095, 'n_days': 403}",46.590909090909086,0.8779169929522317,2.575407478205608,27.863656164955103,127.8636561649551,45
买2/止3,0.02,0.03,yin_or_small_yang,100.0,2,sh563780,563780,现金流全指ETF方正富邦,B,"{'is_start': '2025-05-13', 'is_end': '2025-12-31', 'oos_start': '2026-01-02', 'oos_end': '2026-09-01'}","{'ret_pct': 12.07956645957118, 'excess_pct': -12.8707317511644, 'sharpe': 1.9345290453426187, 'mdd_pct': 5.1186014998170215, 'n_days': 160}","{'ret_pct': 15.822877823481418, 'excess_pct': 17.56890956951316, 'sharpe': 1.827479645921316, 'mdd_pct': 9.836366001674257, 'n_days': 160}",100.0,0.8768989819890369,1.827479645921316,17.56890956951316,15.822877823481418,46
sym±2.5%,0.025,0.025,yin_or_small_yang,48.80952380952381,84,sh588260,588260,科创信息ETF华安,A,"{'is_start': '2023-01-02', 'is_end': '2025-12-31', 'oos_start': '2025-01-02', 'oos_end': '2026-09-01'}","{'ret_pct': 98.26708523297074, 'excess_pct': 2.9947316872359266, 'sharpe': 0.8308262698312066, 'mdd_pct': 28.39295832004557, 'n_days': 727}","{'ret_pct': 130.28923005721805, 'excess_pct': 21.727032965134057, 'sharpe': 1.962313020539125, 'mdd_pct': 18.310989701199354, 'n_days': 403}",48.80952380952381,0.8739232576350822,1.962313020539125,21.727032965134057,130.28923005721805,47
买2.5/止3.5,0.025,0.035,yin_or_small_yang,75.0,4,sz159830,159830,金ETF天弘,A,"{'is_start': '2023-01-02', 'is_end': '2025-12-31', 'oos_start': '2025-01-02', 'oos_end': '2026-09-01'}","{'ret_pct': 104.22091166538374, 'excess_pct': -41.44338853745603, 'sharpe': 1.9761057993589772, 'mdd_pct': 11.096341259947739, 'n_days': 727}","{'ret_pct': 60.04076813818655, 'excess_pct': 6.287546488701999, 'sharpe': 1.577254703450498, 'mdd_pct': 20.869504167879427, 'n_days': 403}",75.0,0.8736883320281911,1.577254703450498,6.287546488701999,60.04076813818655,48
买2.5/止3.5,0.025,0.035,yin_or_small_yang,75.0,4,sh518660,518660,黄金ETF工银,A,"{'is_start': '2023-01-02', 'is_end': '2025-12-31', 'oos_start': '2025-01-02', 'oos_end': '2026-09-01'}","{'ret_pct': 122.84702305995539, 'excess_pct': -9.71227781395227, 'sharpe': 2.1484284687170665, 'mdd_pct': 11.13026626103817, 'n_days': 727}","{'ret_pct': 59.9208661854012, 'excess_pct': 6.0927936535006, 'sharpe': 1.5832577648333412, 'mdd_pct': 20.99784672391468, 'n_days': 403}",75.0,0.8730618637431481,1.5832577648333412,6.0927936535006,59.9208661854012,49
买3/止4,0.03,0.04,yin_or_small_yang,53.84615384615385,13,sh513260,513260,恒生科技ETF汇添富,A,"{'is_start': '2023-01-02', 'is_end': '2025-12-31', 'oos_start': '2025-01-02', 'oos_end': '2026-09-01'}","{'ret_pct': 105.76642562536036, 'excess_pct': 72.84657829711607, 'sharpe': 1.0211936409410285, 'mdd_pct': 29.68622985885253, 'n_days': 727}","{'ret_pct': 47.49839673732508, 'excess_pct': 50.10482592933202, 'sharpe': 1.2125244592416193, 'mdd_pct': 21.362854942459663, 'n_days': 403}",53.84615384615385,0.871025841816758,1.2125244592416193,50.10482592933202,47.49839673732508,50
买3/止2.5,0.03,0.025,yin_or_small_yang,52.5,40,sz159807,159807,科技ETF易方达,A,"{'is_start': '2023-01-02', 'is_end': '2025-12-31', 'oos_start': '2025-01-02', 'oos_end': '2026-09-01'}","{'ret_pct': 95.35896166697202, 'excess_pct': 64.68745531488494, 'sharpe': 1.5800783332452895, 'mdd_pct': 14.92716813056887, 'n_days': 727}","{'ret_pct': 93.3860926688921, 'excess_pct': 8.156551750728397, 'sharpe': 2.315451133911337, 'mdd_pct': 10.534168068185124, 'n_days': 403}",52.5,0.8696162881754111,2.315451133911337,8.156551750728397,93.3860926688921,51
买3/止4,0.03,0.04,yin_or_small_yang,52.63157894736842,19,sh517400,517400,黄金股ETF国泰,B,"{'is_start': '2025-01-02', 'is_end': '2025-12-31', 'oos_start': '2026-01-02', 'oos_end': '2026-09-01'}","{'ret_pct': 74.52041853907684, 'excess_pct': -11.440456029392664, 'sharpe': 2.3176811849014185, 'mdd_pct': 11.830542715227377, 'n_days': 243}","{'ret_pct': 40.823069910139374, 'excess_pct': 35.143311601982276, 'sharpe': 1.4893668962763067, 'mdd_pct': 29.322649496225573, 'n_days': 160}",52.63157894736842,0.8693813625685199,1.4893668962763067,35.143311601982276,40.823069910139374,52
sym±2.5%仅阴,0.025,0.025,yin_only,46.666666666666664,30,sh516120,516120,化工ETF富国,A,"{'is_start': '2023-01-02', 'is_end': '2025-12-31', 'oos_start': '2025-01-02', 'oos_end': '2026-09-01'}","{'ret_pct': 63.450146943891525, 'excess_pct': 50.015419440722965, 'sharpe': 1.2131994487839732, 'mdd_pct': 21.50043813562498, 'n_days': 727}","{'ret_pct': 81.31278921438509, 'excess_pct': 29.73209037911053, 'sharpe': 2.2408775819537268, 'mdd_pct': 11.89745846146366, 'n_days': 403}",46.666666666666664,0.868989819890368,2.2408775819537268,29.73209037911053,81.31278921438509,53
sym±3%,0.03,0.03,yin_or_small_yang,50.0,10,sh513550,513550,港股通50ETF华泰柏瑞,A,"{'is_start': '2023-01-02', 'is_end': '2025-12-31', 'oos_start': '2025-01-02', 'oos_end': '2026-09-01'}","{'ret_pct': 78.36372685892383, 'excess_pct': 34.63701878438969, 'sharpe': 1.2519540787462842, 'mdd_pct': 13.682748446776195, 'n_days': 727}","{'ret_pct': 49.80332768556619, 'excess_pct': 22.745830504055473, 'sharpe': 1.952302659939144, 'mdd_pct': 7.25136120957639, 'n_days': 403}",50.0,0.8682067345340642,1.952302659939144,22.745830504055473,49.80332768556619,54
sym±2%,0.02,0.02,yin_or_small_yang,44.61538461538462,130,sh513120,513120,港股创新药ETF广发,A,"{'is_start': '2023-01-02', 'is_end': '2025-12-31', 'oos_start': '2025-01-02', 'oos_end': '2026-09-01'}","{'ret_pct': 73.56829759814683, 'excess_pct': 53.9290190410326, 'sharpe': 0.8711186702334897, 'mdd_pct': 26.708670336530705, 'n_days': 727}","{'ret_pct': 124.87269451430008, 'excess_pct': 43.55246979519899, 'sharpe': 2.339678713913056, 'mdd_pct': 19.94351271547131, 'n_days': 403}",44.61538461538462,0.8680501174628035,2.339678713913056,43.55246979519899,124.87269451430008,55
sym±2%,0.02,0.02,yin_or_small_yang,47.22222222222222,36,sz159677,159677,中证1000增强ETF银华,A,"{'is_start': '2023-01-02', 'is_end': '2025-12-31', 'oos_start': '2025-01-02', 'oos_end': '2026-09-01'}","{'ret_pct': 72.60523919838585, 'excess_pct': 31.404832280786657, 'sharpe': 1.3466395876100246, 'mdd_pct': 19.05677894676795, 'n_days': 726}","{'ret_pct': 70.94061192102296, 'excess_pct': 21.393784126461, 'sharpe': 2.6737359864295427, 'mdd_pct': 12.853511951656948, 'n_days': 401}",47.22222222222222,0.8671104150352389,2.6737359864295427,21.393784126461,70.94061192102296,56
买3/止4,0.03,0.04,yin_or_small_yang,55.00000000000001,20,sh562520,562520,中证1000成长ETF华夏,A,"{'is_start': '2023-01-02', 'is_end': '2025-12-31', 'oos_start': '2025-01-02', 'oos_end': '2026-09-01'}","{'ret_pct': 11.57347326101621, 'excess_pct': -21.559056859465727, 'sharpe': 0.19666334145003975, 'mdd_pct': 39.751600437249124, 'n_days': 727}","{'ret_pct': 55.075795337714474, 'excess_pct': 11.034344560512402, 'sharpe': 1.736195533611583, 'mdd_pct': 10.12143200719735, 'n_days': 403}",55.00000000000001,0.8667971808927173,1.736195533611583,11.034344560512402,55.075795337714474,57
sym±2%,0.02,0.02,yin_or_small_yang,46.913580246913575,81,sz159539,159539,信创ETF广发,B,"{'is_start': '2025-01-02', 'is_end': '2025-12-31', 'oos_start': '2026-01-02', 'oos_end': '2026-09-01'}","{'ret_pct': 37.070002779616054, 'excess_pct': 1.5184986775194105, 'sharpe': 1.5627790883992432, 'mdd_pct': 13.459271948328889, 'n_days': 242}","{'ret_pct': 49.912919025945946, 'excess_pct': 31.44240703631536, 'sharpe': 2.7893097657069736, 'mdd_pct': 18.20974469012019, 'n_days': 160}",46.913580246913575,0.866718872357087,2.7893097657069736,31.44240703631536,49.912919025945946,58
买2.5/止3.5,0.025,0.035,yin_or_small_yang,60.526315789473685,38,sh588990,588990,科创芯片ETF博时,B,"{'is_start': '2025-01-02', 'is_end': '2025-12-31', 'oos_start': '2026-01-02', 'oos_end': '2026-09-01'}","{'ret_pct': 80.89885966711205, 'excess_pct': 15.545598797546788, 'sharpe': 2.1880461513079936, 'mdd_pct': 20.527314924581162, 'n_days': 243}","{'ret_pct': 52.29686209169713, 'excess_pct': 5.307487829595608, 'sharpe': 2.1013204544996857, 'mdd_pct': 28.343002687590445, 'n_days': 160}",60.526315789473685,0.8662490211433046,2.1013204544996857,5.307487829595608,52.29686209169713,59
买3/止2.5,0.03,0.025,yin_or_small_yang,56.00000000000001,50,sh562360,562360,机器人ETF银华,A,"{'is_start': '2023-01-02', 'is_end': '2025-12-31', 'oos_start': '2025-01-02', 'oos_end': '2026-09-01'}","{'ret_pct': 92.37613991849307, 'excess_pct': 52.22366215483365, 'sharpe': 1.2133476824787097, 'mdd_pct': 24.99163932724866, 'n_days': 727}","{'ret_pct': 46.778117898258806, 'excess_pct': 19.724977801640463, 'sharpe': 1.32173754297804, 'mdd_pct': 16.021422081616787, 'n_days': 403}",56.00000000000001,0.8625685199686767,1.32173754297804,19.724977801640463,46.778117898258806,60
买3/止2.5,0.03,0.025,yin_or_small_yang,44.61538461538462,65,sh515320,515320,电子50ETF华安,A,"{'is_start': '2023-01-02', 'is_end': '2025-12-31', 'oos_start': '2025-01-02', 'oos_end': '2026-09-01'}","{'ret_pct': 136.80633954570033, 'excess_pct': 54.90588705701256, 'sharpe': 1.6678458387138264, 'mdd_pct': 16.306045424969952, 'n_days': 727}","{'ret_pct': 125.6205755947402, 'excess_pct': 32.295482887694476, 'sharpe': 2.4515940574633923, 'mdd_pct': 19.198386628511678, 'n_days': 403}",44.61538461538462,0.8625685199686767,2.4515940574633923,32.295482887694476,125.6205755947402,61
买2.5/止3.5,0.025,0.035,yin_or_small_yang,66.66666666666666,3,sz159834,159834,金ETF南方,A,"{'is_start': '2023-01-02', 'is_end': '2025-12-31', 'oos_start': '2025-01-02', 'oos_end': '2026-09-01'}","{'ret_pct': 118.71698523150683, 'excess_pct': -12.919812856904187, 'sharpe': 2.147121880420272, 'mdd_pct': 11.008854628239018, 'n_days': 727}","{'ret_pct': 58.53492895433907, 'excess_pct': 5.396383441415644, 'sharpe': 1.5430921693268098, 'mdd_pct': 20.94637608478922, 'n_days': 403}",66.66666666666666,0.8594361785434612,1.5430921693268098,5.396383441415644,58.53492895433907,62
买3/止2.5,0.03,0.025,yin_or_small_yang,47.22222222222222,36,sz159958,159958,创业板ETF工银,A,"{'is_start': '2023-01-02', 'is_end': '2025-12-31', 'oos_start': '2025-01-02', 'oos_end': '2026-09-01'}","{'ret_pct': 146.08094931359327, 'excess_pct': 104.40211719680498, 'sharpe': 1.5047575479850972, 'mdd_pct': 22.24239951978265, 'n_days': 727}","{'ret_pct': 87.59174075843934, 'excess_pct': 17.83564319746371, 'sharpe': 2.1767251627776236, 'mdd_pct': 14.501243273017405, 'n_days': 403}",47.22222222222222,0.8593578700078309,2.1767251627776236,17.83564319746371,87.59174075843934,63
买3/止2.5,0.03,0.025,yin_or_small_yang,45.28301886792453,53,sh516050,516050,科技龙头ETF工银,A,"{'is_start': '2023-01-02', 'is_end': '2025-12-31', 'oos_start': '2025-01-02', 'oos_end': '2026-09-01'}","{'ret_pct': 83.61119662619447, 'excess_pct': 10.091459784089224, 'sharpe': 1.2177843941808042, 'mdd_pct': 22.240515109115066, 'n_days': 727}","{'ret_pct': 131.26132668080794, 'excess_pct': 19.10327196956176, 'sharpe': 2.813338709554576, 'mdd_pct': 11.795303079173824, 'n_days': 403}",45.28301886792453,0.8587314017227878,2.813338709554576,19.10327196956176,131.26132668080794,64
买3/止4,0.03,0.04,yin_or_small_yang,42.30769230769231,26,sh588310,588310,科创创业ETF方正富邦,A,"{'is_start': '2023-01-02', 'is_end': '2025-12-31', 'oos_start': '2025-01-02', 'oos_end': '2026-09-01'}","{'ret_pct': 134.2017043098857, 'excess_pct': 89.41909561423351, 'sharpe': 1.2672897643150844, 'mdd_pct': 24.64792781061943, 'n_days': 727}","{'ret_pct': 147.47163002310492, 'excess_pct': 54.24848952723717, 'sharpe': 2.663215749744382, 'mdd_pct': 14.125937138936129, 'n_days': 403}",42.30769230769231,0.8570869224745498,2.663215749744382,54.24848952723717,147.47163002310492,65
sym±2.5%,0.025,0.025,yin_or_small_yang,51.515151515151516,66,sh588150,588150,科创50ETF南方,A,"{'is_start': '2023-01-02', 'is_end': '2025-12-31', 'oos_start': '2025-01-02', 'oos_end': '2026-09-01'}","{'ret_pct': 58.09524686411882, 'excess_pct': 20.35939780751503, 'sharpe': 0.80402280212458, 'mdd_pct': 30.833490342454304, 'n_days': 727}","{'ret_pct': 87.55040539992049, 'excess_pct': 9.308974699473396, 'sharpe': 1.7222633117077744, 'mdd_pct': 19.07999205576504, 'n_days': 403}",51.515151515151516,0.856303837118246,1.7222633117077744,9.308974699473396,87.55040539992049,66
sym±2%,0.02,0.02,yin_or_small_yang,43.82022471910113,89,sz159658,159658,数字经济ETF华安,A,"{'is_start': '2023-01-02', 'is_end': '2025-12-31', 'oos_start': '2025-01-02', 'oos_end': '2026-09-01'}","{'ret_pct': 143.96135151468567, 'excess_pct': 104.511810230282, 'sharpe': 1.6361505226761404, 'mdd_pct': 23.043238202381744, 'n_days': 727}","{'ret_pct': 96.85537759375424, 'excess_pct': 43.95494469332135, 'sharpe': 2.2164895838979453, 'mdd_pct': 16.071382781092048, 'n_days': 403}",43.82022471910113,0.8563038371182459,2.2164895838979453,43.95494469332135,96.85537759375424,67
买2/止3,0.02,0.03,yin_or_small_yang,75.0,8,sz159831,159831,金ETF嘉实,A,"{'is_start': '2023-01-02', 'is_end': '2025-12-31', 'oos_start': '2025-01-02', 'oos_end': '2026-09-01'}","{'ret_pct': 54.85021452152499, 'excess_pct': -75.91145624014574, 'sharpe': 1.3025421685989198, 'mdd_pct': 11.539606553055082, 'n_days': 727}","{'ret_pct': 55.97831872549697, 'excess_pct': 3.420795136687204, 'sharpe': 1.6151028361683126, 'mdd_pct': 21.149742537341034, 'n_days': 403}",75.0,0.855912294440094,1.6151028361683126,3.420795136687204,55.97831872549697,68
sym±3%,0.03,0.03,yin_or_small_yang,65.71428571428571,35,sz159325,159325,半导体ETF南方,B,"{'is_start': '2025-01-02', 'is_end': '2025-12-31', 'oos_start': '2026-01-02', 'oos_end': '2026-09-01'}","{'ret_pct': 67.53229106450989, 'excess_pct': 14.615197922237627, 'sharpe': 2.5931983744901337, 'mdd_pct': 7.959579279514928, 'n_days': 243}","{'ret_pct': 43.17646960623409, 'excess_pct': 4.6607946222289485, 'sharpe': 1.9130725660309682, 'mdd_pct': 19.48341608501819, 'n_days': 160}",65.71428571428571,0.8549725920125293,1.9130725660309682,4.6607946222289485,43.17646960623409,69
sym±2.5%不限前日,0.025,0.025,any,54.054054054054056,37,sz159543,159543,国证2000ETF工银,B,"{'is_start': '2025-01-02', 'is_end': '2025-12-31', 'oos_start': '2026-01-02', 'oos_end': '2026-09-01'}","{'ret_pct': 25.62862598835347, 'excess_pct': -19.184208236245446, 'sharpe': 1.5645118494304988, 'mdd_pct': 15.169967340595946, 'n_days': 243}","{'ret_pct': 26.773214653047205, 'excess_pct': 17.34196915268724, 'sharpe': 1.8775345253714562, 'mdd_pct': 12.786220669764614, 'n_days': 160}",54.054054054054056,0.8535630383711825,1.8775345253714562,17.34196915268724,26.773214653047205,70
买3/止2.5,0.03,0.025,yin_or_small_yang,49.01960784313725,51,sh562500,562500,机器人ETF华夏,A,"{'is_start': '2023-01-02', 'is_end': '2025-12-31', 'oos_start': '2025-01-02', 'oos_end': '2026-09-01'}","{'ret_pct': 92.75461549788437, 'excess_pct': 48.62448819944023, 'sharpe': 1.3615970730586051, 'mdd_pct': 22.630724370101596, 'n_days': 727}","{'ret_pct': 58.57402188592702, 'excess_pct': 30.54770609645336, 'sharpe': 1.5286318653478146, 'mdd_pct': 25.832196689695188, 'n_days': 403}",49.01960784313725,0.8525450274079875,1.5286318653478146,30.54770609645336,58.57402188592702,71
买2.5/止3.5,0.025,0.035,yin_or_small_yang,50.0,2,sz159934,159934,黄金ETF易方达,A,"{'is_start': '2023-01-02', 'is_end': '2025-12-31', 'oos_start': '2025-01-02', 'oos_end': '2026-09-01'}","{'ret_pct': 76.82017237848959, 'excess_pct': -69.20111500113535, 'sharpe': 1.5619910017166105, 'mdd_pct': 11.265764415443613, 'n_days': 727}","{'ret_pct': 72.52433796834504, 'excess_pct': 11.27708429249575, 'sharpe': 1.8698645446410822, 'mdd_pct': 18.993726373392906, 'n_days': 403}",50.0,0.8515270164447925,1.8698645446410822,11.27708429249575,72.52433796834504,72
买2/止3,0.02,0.03,yin_or_small_yang,57.14285714285714,21,sh517090,517090,央企共赢ETF国泰,A,"{'is_start': '2023-01-02', 'is_end': '2025-12-31', 'oos_start': '2025-01-02', 'oos_end': '2026-09-01'}","{'ret_pct': 77.3137239309133, 'excess_pct': 29.65017252904417, 'sharpe': 1.218149141573361, 'mdd_pct': 14.136213092601812, 'n_days': 727}","{'ret_pct': 29.11131903153801, 'excess_pct': 23.030684530546623, 'sharpe': 1.3269469332310313, 'mdd_pct': 5.55599290278005, 'n_days': 403}",57.14285714285714,0.8515270164447925,1.3269469332310313,23.030684530546623,29.11131903153801,73
买2/止3,0.02,0.03,yin_or_small_yang,42.5,40,sz159327,159327,半导体设备ETF万家,B,"{'is_start': '2025-01-02', 'is_end': '2025-12-31', 'oos_start': '2026-01-02', 'oos_end': '2026-09-01'}","{'ret_pct': 56.355914514015694, 'excess_pct': -4.221008562907386, 'sharpe': 2.0403350926876285, 'mdd_pct': 17.54197991168359, 'n_days': 243}","{'ret_pct': 67.49498435135759, 'excess_pct': 107.72132179991726, 'sharpe': 2.474123128364011, 'mdd_pct': 35.700251837219675, 'n_days': 160}",42.5,0.8512920908379012,2.474123128364011,107.72132179991726,67.49498435135759,74
sym±2.5%仅阴,0.025,0.025,yin_only,45.83333333333333,72,sz159995,159995,芯片ETF华夏,A,"{'is_start': '2023-01-02', 'is_end': '2025-12-31', 'oos_start': '2025-01-02', 'oos_end': '2026-09-01'}","{'ret_pct': 118.8721254033005, 'excess_pct': 47.89483024041799, 'sharpe': 1.3335380328395547, 'mdd_pct': 23.18425078309626, 'n_days': 727}","{'ret_pct': 74.9555713997275, 'excess_pct': 75.12651157066766, 'sharpe': 1.3940698915067262, 'mdd_pct': 24.692184345185318, 'n_days': 403}",45.83333333333333,0.851213782302271,1.3940698915067262,75.12651157066766,74.9555713997275,75
买3/止4,0.03,0.04,yin_or_small_yang,55.00000000000001,20,sh513020,513020,港股科技ETF国泰,A,"{'is_start': '2023-01-02', 'is_end': '2025-12-31', 'oos_start': '2025-01-02', 'oos_end': '2026-09-01'}","{'ret_pct': 58.26483539071881, 'excess_pct': 22.05793883899465, 'sharpe': 0.6538343825995091, 'mdd_pct': 37.74735787259239, 'n_days': 727}","{'ret_pct': 44.2368750972894, 'excess_pct': 30.071208830782783, 'sharpe': 1.1098430110675803, 'mdd_pct': 23.496408171067184, 'n_days': 403}",55.00000000000001,0.8511354737666406,1.1098430110675803,30.071208830782783,44.2368750972894,76
买2/止3,0.02,0.03,yin_or_small_yang,56.00000000000001,50,sh588020,588020,科创成长ETF易方达,B,"{'is_start': '2025-01-02', 'is_end': '2025-12-31', 'oos_start': '2026-01-02', 'oos_end': '2026-09-01'}","{'ret_pct': 68.58334599047151, 'excess_pct': -19.011350979225455, 'sharpe': 2.360447205495776, 'mdd_pct': 20.922968139894284, 'n_days': 243}","{'ret_pct': 28.393638468037263, 'excess_pct': 85.1916680246875, 'sharpe': 1.0652618456473284, 'mdd_pct': 31.492259526097712, 'n_days': 160}",56.00000000000001,0.8487862176977291,1.0652618456473284,85.1916680246875,28.393638468037263,77
买2.5/止3.5,0.025,0.035,yin_or_small_yang,50.0,26,sh513010,513010,恒生科技ETF易方达,A,"{'is_start': '2023-01-02', 'is_end': '2025-12-31', 'oos_start': '2025-01-02', 'oos_end': '2026-09-01'}","{'ret_pct': 85.7504043284747, 'excess_pct': 52.23881787571177, 'sharpe': 0.8849201374298884, 'mdd_pct': 33.53729630943617, 'n_days': 727}","{'ret_pct': 46.41104945688961, 'excess_pct': 49.008452054292206, 'sharpe': 1.211861413939005, 'mdd_pct': 23.504010692347286, 'n_days': 403}",50.0,0.8472200469851214,1.211861413939005,49.008452054292206,46.41104945688961,78
sym±2%,0.02,0.02,yin_or_small_yang,43.80952380952381,105,sz159715,159715,稀土ETF易方达,A,"{'is_start': '2023-01-02', 'is_end': '2025-12-31', 'oos_start': '2025-01-02', 'oos_end': '2026-09-01'}","{'ret_pct': 130.64248457169833, 'excess_pct': 59.9625978861459, 'sharpe': 1.5607355724992833, 'mdd_pct': 15.43202861557862, 'n_days': 727}","{'ret_pct': 111.11897411698513, 'excess_pct': 27.96596020662963, 'sharpe': 2.17766130415314, 'mdd_pct': 16.76854571530918, 'n_days': 403}",43.80952380952381,0.8460454189506655,2.17766130415314,27.96596020662963,111.11897411698513,79
sym±2.5%,0.025,0.025,yin_or_small_yang,52.38095238095239,21,sh589880,589880,科创综指ETF建信,B,"{'is_start': '2025-02-28', 'is_end': '2025-12-31', 'oos_start': '2026-01-02', 'oos_end': '2026-09-01'}","{'ret_pct': 38.713511425571156, 'excess_pct': 6.396438254839438, 'sharpe': 2.7807519556737907, 'mdd_pct': 6.499436893681532, 'n_days': 208}","{'ret_pct': 30.458753756288857, 'excess_pct': 13.878828105731245, 'sharpe': 1.9757967435875643, 'mdd_pct': 10.613523398464986, 'n_days': 160}",52.38095238095239,0.8440093970242756,1.9757967435875643,13.878828105731245,30.458753756288857,80
买2.5/止3.5,0.025,0.035,yin_or_small_yang,45.45454545454545,22,sz159741,159741,恒生科技ETF嘉实,A,"{'is_start': '2023-01-02', 'is_end': '2025-12-31', 'oos_start': '2025-01-02', 'oos_end': '2026-09-01'}","{'ret_pct': 96.12697568627935, 'excess_pct': 65.16158406515002, 'sharpe': 0.9412363517676866, 'mdd_pct': 34.04958236574364, 'n_days': 727}","{'ret_pct': 58.33416956871977, 'excess_pct': 60.37498589525039, 'sharpe': 1.4749052184429285, 'mdd_pct': 23.31477402024804, 'n_days': 403}",45.45454545454545,0.8424432263116679,1.4749052184429285,60.37498589525039,58.33416956871977,81
sym±2.5%,0.025,0.025,yin_or_small_yang,50.0,26,sz159610,159610,中证500增强ETF景顺,A,"{'is_start': '2023-01-02', 'is_end': '2025-12-31', 'oos_start': '2025-01-02', 'oos_end': '2026-09-01'}","{'ret_pct': 32.08618470178814, 'excess_pct': -8.065330449727021, 'sharpe': 0.775392901549051, 'mdd_pct': 16.355330261050106, 'n_days': 727}","{'ret_pct': 64.38408869645342, 'excess_pct': 7.363331675696379, 'sharpe': 2.24887381741099, 'mdd_pct': 11.053928469025786, 'n_days': 403}",50.0,0.8417384494909945,2.24887381741099,7.363331675696379,64.38408869645342,82
买2/止2.5,0.02,0.025,yin_or_small_yang,80.0,5,sh563180,563180,高股息ETF银华,B,"{'is_start': '2025-01-02', 'is_end': '2025-12-31', 'oos_start': '2026-01-02', 'oos_end': '2026-09-01'}","{'ret_pct': 5.052648678227323, 'excess_pct': 0.33915514772824285, 'sharpe': 0.46425214587049335, 'mdd_pct': 8.312887851296114, 'n_days': 243}","{'ret_pct': 12.97848045031904, 'excess_pct': 8.67268080181287, 'sharpe': 1.9214385853057443, 'mdd_pct': 4.040045474664389, 'n_days': 160}",80.0,0.8404072043852779,1.9214385853057443,8.67268080181287,12.97848045031904,83
买2/止2.5,0.02,0.025,yin_or_small_yang,42.45283018867924,106,sz159608,159608,稀有金属ETF广发,A,"{'is_start': '2023-01-02', 'is_end': '2025-12-31', 'oos_start': '2025-01-02', 'oos_end': '2026-09-01'}","{'ret_pct': 105.53034923039588, 'excess_pct': 65.32009955891101, 'sharpe': 1.0763967232815026, 'mdd_pct': 35.51089208874488, 'n_days': 727}","{'ret_pct': 134.96659970233793, 'excess_pct': 30.3625481369604, 'sharpe': 2.1978665174044036, 'mdd_pct': 21.090378833443303, 'n_days': 403}",42.45283018867924,0.8368050117462804,2.1978665174044036,30.3625481369604,134.96659970233793,84
买3/止2.5,0.03,0.025,yin_or_small_yang,53.333333333333336,15,sh588520,588520,科创增强ETF永赢,B,"{'is_start': '2025-07-08', 'is_end': '2025-12-31', 'oos_start': '2026-01-02', 'oos_end': '2026-09-01'}","{'ret_pct': 40.19282623223357, 'excess_pct': 14.35124207381773, 'sharpe': 3.3159813723073728, 'mdd_pct': 9.184326011240817, 'n_days': 121}","{'ret_pct': 24.672769904158077, 'excess_pct': 16.15565963799839, 'sharpe': 1.6133992910814592, 'mdd_pct': 9.987407481321497, 'n_days': 160}",53.333333333333336,0.8357870007830852,1.6133992910814592,16.15565963799839,24.672769904158077,85
sym±2.5%,0.025,0.025,yin_or_small_yang,44.230769230769226,52,sh512660,512660,军工ETF国泰,A,"{'is_start': '2023-01-02', 'is_end': '2025-12-31', 'oos_start': '2025-01-02', 'oos_end': '2026-09-01'}","{'ret_pct': 31.608235107007744, 'excess_pct': 6.790053288825959, 'sharpe': 0.5014515003505126, 'mdd_pct': 24.420192549843623, 'n_days': 727}","{'ret_pct': 60.34224071299008, 'excess_pct': 45.683606174837465, 'sharpe': 1.6202629930191148, 'mdd_pct': 16.95846444431449, 'n_days': 403}",44.230769230769226,0.8353171495693029,1.6202629930191148,45.683606174837465,60.34224071299008,86
买2/止2.5,0.02,0.025,yin_or_small_yang,62.5,8,sh520900,520900,港股通红利ETF广发,B,"{'is_start': '2025-01-02', 'is_end': '2025-12-31', 'oos_start': '2026-01-02', 'oos_end': '2026-09-01'}","{'ret_pct': 18.666828767255982, 'excess_pct': 6.8318667694275295, 'sharpe': 1.7162945187173582, 'mdd_pct': 9.766661757228334, 'n_days': 243}","{'ret_pct': 12.811228797129681, 'excess_pct': 14.074591284981953, 'sharpe': 1.6182222888975952, 'mdd_pct': 5.645118547803641, 'n_days': 160}",62.5,0.8339859044635867,1.6182222888975952,14.074591284981953,12.811228797129681,87
sym±3%,0.03,0.03,yin_or_small_yang,45.23809523809524,42,sh516520,516520,智能驾驶ETF华泰柏瑞,A,"{'is_start': '2023-01-02', 'is_end': '2025-12-31', 'oos_start': '2025-01-02', 'oos_end': '2026-09-01'}","{'ret_pct': 131.8614414676897, 'excess_pct': 80.21049807146326, 'sharpe': 1.5817678044247467, 'mdd_pct': 21.02232901944462, 'n_days': 727}","{'ret_pct': 51.06364376288024, 'excess_pct': 43.152893255780846, 'sharpe': 1.5656290830286472, 'mdd_pct': 12.487308710316103, 'n_days': 403}",45.23809523809524,0.8327329678935003,1.5656290830286472,43.152893255780846,51.06364376288024,88
买2.5/止3.5,0.025,0.035,yin_or_small_yang,44.44444444444444,27,sh513890,513890,恒生科技ETF摩根,A,"{'is_start': '2023-01-02', 'is_end': '2025-12-31', 'oos_start': '2025-01-02', 'oos_end': '2026-09-01'}","{'ret_pct': 78.19416103082398, 'excess_pct': 40.958793658470285, 'sharpe': 0.8363063578334836, 'mdd_pct': 32.02519288454083, 'n_days': 727}","{'ret_pct': 57.846404199838396, 'excess_pct': 58.292832771266966, 'sharpe': 1.479148595657435, 'mdd_pct': 22.48241660731882, 'n_days': 403}",44.44444444444444,0.8321064996084573,1.479148595657435,58.292832771266966,57.846404199838396,89
sym±2%,0.02,0.02,yin_or_small_yang,43.05555555555556,144,sh512930,512930,AI人工智能ETF平安,A,"{'is_start': '2023-01-02', 'is_end': '2025-12-31', 'oos_start': '2025-01-02', 'oos_end': '2026-09-01'}","{'ret_pct': 139.53893898474612, 'excess_pct': 31.846631292438417, 'sharpe': 1.393668948638887, 'mdd_pct': 29.90521910511219, 'n_days': 727}","{'ret_pct': 73.07613830882272, 'excess_pct': 122.7164260786069, 'sharpe': 1.4590851173374144, 'mdd_pct': 24.252078730972904, 'n_days': 403}",43.05555555555556,0.8317932654659357,1.4590851173374144,122.7164260786069,73.07613830882272,90
sym±3%,0.03,0.03,yin_or_small_yang,54.54545454545454,22,sz159966,159966,创业板价值ETF华夏,A,"{'is_start': '2023-01-02', 'is_end': '2025-12-31', 'oos_start': '2025-01-02', 'oos_end': '2026-09-01'}","{'ret_pct': 78.63417174046737, 'excess_pct': 59.00607256691366, 'sharpe': 0.9244395477463353, 'mdd_pct': 30.69707981316322, 'n_days': 727}","{'ret_pct': 35.7819412243725, 'excess_pct': 20.4802170864415, 'sharpe': 1.1410171427235607, 'mdd_pct': 14.818444602840575, 'n_days': 403}",54.54545454545454,0.8312451057165231,1.1410171427235607,20.4802170864415,35.7819412243725,91
sym±2%,0.02,0.02,yin_or_small_yang,46.15384615384615,78,sz159907,159907,国证2000ETF广发,A,"{'is_start': '2023-01-02', 'is_end': '2025-12-31', 'oos_start': '2025-01-02', 'oos_end': '2026-09-01'}","{'ret_pct': -24.370153095516798, 'excess_pct': 9.690141965419684, 'sharpe': -0.2695446447624996, 'mdd_pct': 59.171897426028174, 'n_days': 723}","{'ret_pct': 63.10970358478079, 'excess_pct': 17.120398771946554, 'sharpe': 1.7277112549153386, 'mdd_pct': 14.925090109328787, 'n_days': 403}",46.15384615384615,0.831010180109632,1.7277112549153386,17.120398771946554,63.10970358478079,92
sym±2.5%仅阴,0.025,0.025,yin_only,41.17647058823529,68,sz159840,159840,锂电池ETF工银,A,"{'is_start': '2023-01-02', 'is_end': '2025-12-31', 'oos_start': '2025-01-02', 'oos_end': '2026-09-01'}","{'ret_pct': 63.825939540210676, 'excess_pct': 43.403404328943054, 'sharpe': 0.8189332989623985, 'mdd_pct': 40.622547372280934, 'n_days': 727}","{'ret_pct': 89.97163747979089, 'excess_pct': 40.070647380781004, 'sharpe': 2.2247072417804348, 'mdd_pct': 11.03037035463512, 'n_days': 403}",41.17647058823529,0.831010180109632,2.2247072417804348,40.070647380781004,89.97163747979089,93
买3/止2.5,0.03,0.025,yin_or_small_yang,55.55555555555556,36,sz159551,159551,机器人ETF国泰,B,"{'is_start': '2025-01-02', 'is_end': '2025-12-31', 'oos_start': '2026-01-02', 'oos_end': '2026-09-01'}","{'ret_pct': 41.97895808371763, 'excess_pct': 8.645624750384279, 'sharpe': 1.8663641583824593, 'mdd_pct': 16.858396206330404, 'n_days': 243}","{'ret_pct': 18.408603574268035, 'excess_pct': 23.48323043993966, 'sharpe': 1.3184113617539452, 'mdd_pct': 14.986499300512069, 'n_days': 160}",55.55555555555556,0.8292090837901331,1.3184113617539452,23.48323043993966,18.408603574268035,94
sym±3%,0.03,0.03,yin_or_small_yang,60.0,5,sh517170,517170,沪港深500ETF华夏,A,"{'is_start': '2023-01-02', 'is_end': '2025-12-31', 'oos_start': '2025-01-02', 'oos_end': '2026-09-01'}","{'ret_pct': 67.15081859444238, 'excess_pct': 33.90406534768915, 'sharpe': 1.4112611475626222, 'mdd_pct': 11.347326899434428, 'n_days': 722}","{'ret_pct': 31.879173270831117, 'excess_pct': 7.034452773936749, 'sharpe': 1.4846968334482966, 'mdd_pct': 9.584921899150011, 'n_days': 403}",60.0,0.8288175411119812,1.4846968334482966,7.034452773936749,31.879173270831117,95
sym±2%,0.02,0.02,yin_or_small_yang,46.93877551020408,49,sh560110,560110,中证1000ETF汇添富,A,"{'is_start': '2023-01-02', 'is_end': '2025-12-31', 'oos_start': '2025-01-02', 'oos_end': '2026-09-01'}","{'ret_pct': 67.17221666789806, 'excess_pct': 44.7678450831986, 'sharpe': 1.1489888615354447, 'mdd_pct': 18.40326526832532, 'n_days': 727}","{'ret_pct': 52.63313150686053, 'excess_pct': 14.89728245025674, 'sharpe': 1.756377579912416, 'mdd_pct': 10.87731206435204, 'n_days': 403}",46.93877551020408,0.8270164447924824,1.756377579912416,14.89728245025674,52.63313150686053,96
sym±2%,0.02,0.02,yin_or_small_yang,44.18604651162791,43,sh512500,512500,中证500ETF华夏,A,"{'is_start': '2023-01-02', 'is_end': '2025-12-31', 'oos_start': '2025-01-02', 'oos_end': '2026-09-01'}","{'ret_pct': 38.48362769708275, 'excess_pct': 7.064069337461284, 'sharpe': 0.7843902282222318, 'mdd_pct': 22.783430550377393, 'n_days': 727}","{'ret_pct': 63.90920660973478, 'excess_pct': 15.896070320736413, 'sharpe': 2.379990226450891, 'mdd_pct': 10.751423417336458, 'n_days': 403}",44.18604651162791,0.8252936570086139,2.379990226450891,15.896070320736413,63.90920660973478,97
sym±3%,0.03,0.03,yin_or_small_yang,52.17391304347826,23,sz159675,159675,创业板增强ETF嘉实,A,"{'is_start': '2023-01-02', 'is_end': '2025-12-31', 'oos_start': '2025-01-02', 'oos_end': '2026-09-01'}","{'ret_pct': 121.29462397119686, 'excess_pct': 89.45382795129635, 'sharpe': 1.2027960177002062, 'mdd_pct': 19.830238962444678, 'n_days': 727}","{'ret_pct': 74.27185057685995, 'excess_pct': 3.5284453010805663, 'sharpe': 1.6637291859750594, 'mdd_pct': 20.770275905470847, 'n_days': 403}",52.17391304347826,0.8241190289741582,1.6637291859750594,3.5284453010805663,74.27185057685995,98
买3/止2.5,0.03,0.025,yin_or_small_yang,48.837209302325576,43,sz159780,159780,科创创业50ETF南方,A,"{'is_start': '2023-01-02', 'is_end': '2025-12-31', 'oos_start': '2025-01-02', 'oos_end': '2026-09-01'}","{'ret_pct': 82.2271331753079, 'excess_pct': 32.06373448249744, 'sharpe': 1.1791311089693752, 'mdd_pct': 27.141867797806086, 'n_days': 727}","{'ret_pct': 102.62304245156825, 'excess_pct': 4.44453607634054, 'sharpe': 2.339429057593734, 'mdd_pct': 8.167656612465123, 'n_days': 403}",48.837209302325576,0.8237274862960062,2.339429057593734,4.44453607634054,102.62304245156825,99
sym±2.5%仅阴,0.025,0.025,yin_only,45.65217391304348,46,sh588360,588360,科创创业ETF国泰,A,"{'is_start': '2023-01-02', 'is_end': '2025-12-31', 'oos_start': '2025-01-02', 'oos_end': '2026-09-01'}","{'ret_pct': 195.21764492223693, 'excess_pct': 139.36741091287655, 'sharpe': 1.803242714068188, 'mdd_pct': 17.357358292378365, 'n_days': 727}","{'ret_pct': 110.24558926592718, 'excess_pct': 8.55067401168985, 'sharpe': 2.222683510409307, 'mdd_pct': 15.769804824531919, 'n_days': 403}",45.65217391304348,0.823492560689115,2.222683510409307,8.55067401168985,110.24558926592718,100
买2.5/止3.5,0.025,0.035,yin_or_small_yang,48.275862068965516,29,sh513180,513180,恒生科技ETF华夏,A,"{'is_start': '2023-01-02', 'is_end': '2025-12-31', 'oos_start': '2025-01-02', 'oos_end': '2026-09-01'}","{'ret_pct': 82.73429683794487, 'excess_pct': 50.60433293902791, 'sharpe': 0.861651130311242, 'mdd_pct': 34.155594259125564, 'n_days': 727}","{'ret_pct': 43.34920323175795, 'excess_pct': 46.67146236797057, 'sharpe': 1.1237397987006228, 'mdd_pct': 24.178143412109364, 'n_days': 403}",48.275862068965516,0.8221613155833986,1.1237397987006228,46.67146236797057,43.34920323175795,101
sym±2%,0.02,0.02,yin_or_small_yang,45.16129032258064,31,sh589110,589110,科创人工智能ETF国泰,B,"{'is_start': '2025-10-15', 'is_end': '2025-12-31', 'oos_start': '2026-01-02', 'oos_end': '2026-09-01'}","{'ret_pct': -0.22670066070719086, 'excess_pct': 3.887223389925698, 'sharpe': -0.06922623533965495, 'mdd_pct': 6.904624283175986, 'n_days': 56}","{'ret_pct': 34.754788977270024, 'excess_pct': 35.912683714112134, 'sharpe': 1.8244483712025148, 'mdd_pct': 15.853415972762452, 'n_days': 160}",45.16129032258064,0.8218480814408771,1.8244483712025148,35.912683714112134,34.754788977270024,102
买3/止4,0.03,0.04,yin_or_small_yang,58.82352941176471,17,sz159571,159571,创业板200ETF富国,B,"{'is_start': '2025-01-02', 'is_end': '2025-12-31', 'oos_start': '2026-01-02', 'oos_end': '2026-09-01'}","{'ret_pct': 26.317920199007496, 'excess_pct': -7.286415844352966, 'sharpe': 1.2353426414267323, 'mdd_pct': 19.53134528818238, 'n_days': 243}","{'ret_pct': 17.32165025607224, 'excess_pct': 21.32953461875291, 'sharpe': 1.1797702468318645, 'mdd_pct': 14.249374735349207, 'n_days': 159}",58.82352941176471,0.8211433046202036,1.1797702468318645,21.32953461875291,17.32165025607224,103
sym±3%,0.03,0.03,yin_or_small_yang,50.0,38,sz159889,159889,智能汽车ETF国泰,A,"{'is_start': '2023-01-02', 'is_end': '2025-12-31', 'oos_start': '2025-01-02', 'oos_end': '2026-09-01'}","{'ret_pct': 73.12357626951882, 'excess_pct': 31.713319859262448, 'sharpe': 0.996883946025608, 'mdd_pct': 24.74008571509695, 'n_days': 727}","{'ret_pct': 37.510210583344474, 'excess_pct': 33.92224762038152, 'sharpe': 1.0932477722120852, 'mdd_pct': 11.847891645253739, 'n_days': 402}",50.0,0.818167580266249,1.0932477722120852,33.92224762038152,37.510210583344474,104
买3/止4,0.03,0.04,yin_or_small_yang,40.909090909090914,22,sh513980,513980,港股科技ETF景顺,A,"{'is_start': '2023-01-02', 'is_end': '2025-12-31', 'oos_start': '2025-01-02', 'oos_end': '2026-09-01'}","{'ret_pct': 108.61790312498756, 'excess_pct': 73.37980788689237, 'sharpe': 1.0774569980138586, 'mdd_pct': 38.43430322509719, 'n_days': 727}","{'ret_pct': 71.05130117680514, 'excess_pct': 58.435345703706815, 'sharpe': 1.6242554454323523, 'mdd_pct': 20.72946715158064, 'n_days': 403}",40.909090909090914,0.8169929522317932,1.6242554454323523,58.435345703706815,71.05130117680514,105
买3/止4,0.03,0.04,yin_or_small_yang,42.10526315789473,19,sh513860,513860,港股通科技ETF海富通,A,"{'is_start': '2023-01-02', 'is_end': '2025-12-31', 'oos_start': '2025-01-02', 'oos_end': '2026-09-01'}","{'ret_pct': 106.562796095551, 'excess_pct': 71.64818508985837, 'sharpe': 1.0875033329102162, 'mdd_pct': 37.02346071829857, 'n_days': 727}","{'ret_pct': 66.02104261504518, 'excess_pct': 53.05807965208222, 'sharpe': 1.560754267795893, 'mdd_pct': 20.98684428879556, 'n_days': 403}",42.10526315789473,0.8154267815191855,1.560754267795893,53.05807965208222,66.02104261504518,106
sym±2%,0.02,0.02,yin_or_small_yang,45.98540145985402,137,sz159732,159732,消费电子ETF华夏,A,"{'is_start': '2023-01-02', 'is_end': '2025-12-31', 'oos_start': '2025-01-02', 'oos_end': '2026-09-01'}","{'ret_pct': 74.73087721653854, 'excess_pct': -0.19025843014915722, 'sharpe': 0.9605043276003482, 'mdd_pct': 29.530845481102997, 'n_days': 727}","{'ret_pct': 88.36400651863632, 'excess_pct': 9.342127496757314, 'sharpe': 1.730555405412991, 'mdd_pct': 19.521122409757364, 'n_days': 403}",45.98540145985402,0.8151918559122945,1.730555405412991,9.342127496757314,88.36400651863632,107
买3/止2.5,0.03,0.025,yin_or_small_yang,43.90243902439025,41,sz159720,159720,智能车ETF泰康,A,"{'is_start': '2023-01-02', 'is_end': '2025-12-31', 'oos_start': '2025-01-02', 'oos_end': '2026-09-01'}","{'ret_pct': 65.66448272216434, 'excess_pct': 47.11497086721316, 'sharpe': 1.0513694662315103, 'mdd_pct': 22.86801995585015, 'n_days': 727}","{'ret_pct': 44.10564615021537, 'excess_pct': 29.105646150215378, 'sharpe': 1.737845015098351, 'mdd_pct': 5.2526035926490415, 'n_days': 403}",43.90243902439025,0.8147220046985122,1.737845015098351,29.105646150215378,44.10564615021537,108
买2/止2.5,0.02,0.025,yin_or_small_yang,47.82608695652174,23,sh561360,561360,石油ETF国泰,B,"{'is_start': '2025-01-02', 'is_end': '2025-12-31', 'oos_start': '2026-01-02', 'oos_end': '2026-09-01'}","{'ret_pct': 5.28510717702253, 'excess_pct': -13.748709248098256, 'sharpe': 0.42962768186244965, 'mdd_pct': 9.707847370923039, 'n_days': 243}","{'ret_pct': 33.957282585825624, 'excess_pct': 11.0558970927531, 'sharpe': 2.2235642667701816, 'mdd_pct': 22.96014088486914, 'n_days': 160}",47.82608695652174,0.8141738449490994,2.2235642667701816,11.0558970927531,33.957282585825624,109
sym±2%,0.02,0.02,yin_or_small_yang,41.35338345864661,133,sh562800,562800,稀有金属ETF嘉实,A,"{'is_start': '2023-01-02', 'is_end': '2025-12-31', 'oos_start': '2025-01-02', 'oos_end': '2026-09-01'}","{'ret_pct': 86.83566103200484, 'excess_pct': 52.05305233635264, 'sharpe': 1.0340911447197343, 'mdd_pct': 32.68253298220324, 'n_days': 727}","{'ret_pct': 119.81479334777765, 'excess_pct': 18.35035820133416, 'sharpe': 2.163939542811732, 'mdd_pct': 22.301149420030207, 'n_days': 403}",41.35338345864661,0.8135473766640563,2.163939542811732,18.35035820133416,119.81479334777765,110
sym±3%,0.03,0.03,yin_or_small_yang,42.857142857142854,28,sh515750,515750,科技50ETF富国,A,"{'is_start': '2023-01-02', 'is_end': '2025-12-31', 'oos_start': '2025-01-02', 'oos_end': '2026-09-01'}","{'ret_pct': 113.34774374134473, 'excess_pct': 56.26694443639251, 'sharpe': 1.437482094954431, 'mdd_pct': 27.395393436107838, 'n_days': 727}","{'ret_pct': 77.13612821966558, 'excess_pct': 15.956003996063117, 'sharpe': 2.060265465699756, 'mdd_pct': 16.315841797086406, 'n_days': 403}",42.857142857142854,0.8120595144870791,2.060265465699756,15.956003996063117,77.13612821966558,111
sym±2%,0.02,0.02,yin_or_small_yang,100.0,3,sz159263,159263,价值ETF易方达,B,"{'is_start': '2025-07-08', 'is_end': '2025-12-31', 'oos_start': '2026-01-02', 'oos_end': '2026-09-01'}","{'ret_pct': 1.383439385999985, 'excess_pct': -8.377516789298834, 'sharpe': 0.4207825882051865, 'mdd_pct': 4.887635457334438, 'n_days': 121}","{'ret_pct': 10.191100070998104, 'excess_pct': 5.118636302882206, 'sharpe': 1.6290302675004427, 'mdd_pct': 3.797308274494482, 'n_days': 160}",100.0,0.8108848864526234,1.6290302675004427,5.118636302882206,10.191100070998104,112
sym±3%,0.03,0.03,yin_or_small_yang,42.857142857142854,28,sz159703,159703,新材料ETF天弘,A,"{'is_start': '2023-01-02', 'is_end': '2025-12-31', 'oos_start': '2025-01-02', 'oos_end': '2026-09-01'}","{'ret_pct': 26.359878887745115, 'excess_pct': 29.510403975259713, 'sharpe': 0.39879907426061334, 'mdd_pct': 37.34406273434542, 'n_days': 727}","{'ret_pct': 74.13597333849988, 'excess_pct': 16.596978537806613, 'sharpe': 1.922832845121079, 'mdd_pct': 16.94824957735912, 'n_days': 403}",42.857142857142854,0.810649960845732,1.922832845121079,16.596978537806613,74.13597333849988,113
sym±2%,0.02,0.02,yin_or_small_yang,42.27642276422765,123,sh516650,516650,有色金属ETF华夏,A,"{'is_start': '2023-01-02', 'is_end': '2025-12-31', 'oos_start': '2025-01-02', 'oos_end': '2026-09-01'}","{'ret_pct': 55.723679093422376, 'excess_pct': -30.229169629563856, 'sharpe': 0.8708796917509165, 'mdd_pct': 37.092538733568226, 'n_days': 727}","{'ret_pct': 113.6579872585127, 'excess_pct': 13.236934626933746, 'sharpe': 2.3700474122573048, 'mdd_pct': 21.409810676713747, 'n_days': 403}",42.27642276422765,0.8104150352388411,2.3700474122573048,13.236934626933746,113.6579872585127,114
买3/止2.5,0.03,0.025,yin_or_small_yang,57.14285714285714,14,sh516950,516950,基建ETF银华,A,"{'is_start': '2023-01-02', 'is_end': '2025-12-31', 'oos_start': '2025-01-02', 'oos_end': '2026-09-01'}","{'ret_pct': 91.50703597430069, 'excess_pct': 69.2381284112755, 'sharpe': 1.6933245800878383, 'mdd_pct': 6.853363729207906, 'n_days': 727}","{'ret_pct': 14.459493510230214, 'excess_pct': 14.36278171139076, 'sharpe': 1.3243759260938743, 'mdd_pct': 3.7926101365382547, 'n_days': 403}",57.14285714285714,0.8090837901331245,1.3243759260938743,14.36278171139076,14.459493510230214,115
买2/止3,0.02,0.03,yin_or_small_yang,57.89473684210527,19,sz159717,159717,ESGETF鹏华,A,"{'is_start': '2023-01-02', 'is_end': '2025-12-31', 'oos_start': '2025-01-02', 'oos_end': '2026-09-01'}","{'ret_pct': 9.159989119762146, 'excess_pct': -14.793499252330887, 'sharpe': 0.1958240295524155, 'mdd_pct': 26.188424559415, 'n_days': 725}","{'ret_pct': 30.682096870727715, 'excess_pct': 8.225956519850541, 'sharpe': 1.2128867403620096, 'mdd_pct': 9.987186031562478, 'n_days': 403}",57.89473684210527,0.8090054815974941,1.2128867403620096,8.225956519850541,30.682096870727715,116
sym±2.5%仅阴,0.025,0.025,yin_only,58.333333333333336,12,sh513600,513600,恒生指数ETF南方,A,"{'is_start': '2023-01-02', 'is_end': '2025-12-31', 'oos_start': '2025-01-02', 'oos_end': '2026-09-01'}","{'ret_pct': 68.90024198829559, 'excess_pct': 32.95252956999493, 'sharpe': 1.2640418574022692, 'mdd_pct': 13.701720867465461, 'n_days': 727}","{'ret_pct': 31.917051730330748, 'excess_pct': 10.055769904167477, 'sharpe': 1.079628309309898, 'mdd_pct': 20.39907379681901, 'n_days': 403}",58.333333333333336,0.8078308535630384,1.079628309309898,10.055769904167477,31.917051730330748,117
sym±3%,0.03,0.03,yin_or_small_yang,42.857142857142854,35,sh588120,588120,科创100ETF国泰,B,"{'is_start': '2025-01-02', 'is_end': '2025-12-31', 'oos_start': '2026-01-02', 'oos_end': '2026-09-01'}","{'ret_pct': 67.13793643493314, 'excess_pct': 7.02299390619752, 'sharpe': 3.498095820047747, 'mdd_pct': 5.477813858052006, 'n_days': 243}","{'ret_pct': 31.798543252780643, 'excess_pct': 67.61217329450525, 'sharpe': 1.7581566988991966, 'mdd_pct': 19.105845747770523, 'n_days': 160}",42.857142857142854,0.807752545027408,1.7581566988991966,67.61217329450525,31.798543252780643,118
sym±2%,0.02,0.02,yin_or_small_yang,39.849624060150376,133,sh561800,561800,稀有金属ETF华富,A,"{'is_start': '2023-01-02', 'is_end': '2025-12-31', 'oos_start': '2025-01-02', 'oos_end': '2026-09-01'}","{'ret_pct': 100.88474576234981, 'excess_pct': 69.19366720043234, 'sharpe': 1.1622203407249987, 'mdd_pct': 23.468671819924914, 'n_days': 727}","{'ret_pct': 124.60693453256604, 'excess_pct': 21.481934532566, 'sharpe': 2.219549994208845, 'mdd_pct': 23.007381534168626, 'n_days': 403}",39.849624060150376,0.8064212999216914,2.219549994208845,21.481934532566,124.60693453256604,119
sym±2%,0.02,0.02,yin_or_small_yang,54.761904761904766,42,sh588870,588870,科创50ETF汇添富,B,"{'is_start': '2025-01-27', 'is_end': '2025-12-31', 'oos_start': '2026-01-02', 'oos_end': '2026-09-01'}","{'ret_pct': 37.11408622463041, 'excess_pct': -2.6621090958171933, 'sharpe': 1.5523232196148953, 'mdd_pct': 21.417018427172117, 'n_days': 226}","{'ret_pct': 27.374253209356382, 'excess_pct': 7.9900684647797675, 'sharpe': 1.3432382447953786, 'mdd_pct': 15.189515786721564, 'n_days': 160}",54.761904761904766,0.8052466718872356,1.3432382447953786,7.9900684647797675,27.374253209356382,120
sym±3%,0.03,0.03,yin_or_small_yang,66.66666666666666,12,sh517180,517180,中国国企ETF南方,A,"{'is_start': '2023-01-02', 'is_end': '2025-12-31', 'oos_start': '2025-01-02', 'oos_end': '2026-09-01'}","{'ret_pct': 63.27218747410899, 'excess_pct': 23.698508141393518, 'sharpe': 1.1620476870170873, 'mdd_pct': 18.665213503275567, 'n_days': 727}","{'ret_pct': 16.121510727396227, 'excess_pct': 16.514438035844172, 'sharpe': 0.926655219820652, 'mdd_pct': 5.926356599592042, 'n_days': 403}",66.66666666666666,0.8048551292090838,0.926655219820652,16.514438035844172,16.121510727396227,121
sym±2.5%仅阴,0.025,0.025,yin_only,48.93617021276596,47,sz159605,159605,中概互联ETF广发,A,"{'is_start': '2023-01-02', 'is_end': '2025-12-31', 'oos_start': '2025-01-02', 'oos_end': '2026-09-01'}","{'ret_pct': 35.538302262512914, 'excess_pct': 2.573972619216484, 'sharpe': 0.48578881640058486, 'mdd_pct': 29.035206634272026, 'n_days': 727}","{'ret_pct': 33.356280083038925, 'excess_pct': 43.491415218174055, 'sharpe': 1.0704488297220336, 'mdd_pct': 14.546559668591241, 'n_days': 403}",48.93617021276596,0.804698512137823,1.0704488297220336,43.491415218174055,33.356280083038925,122
sym±3%,0.03,0.03,yin_or_small_yang,44.26229508196721,61,sh517390,517390,云计算ETF天弘,A,"{'is_start': '2023-01-02', 'is_end': '2025-12-31', 'oos_start': '2025-01-02', 'oos_end': '2026-09-01'}","{'ret_pct': 191.20611439828906, 'excess_pct': 70.22451930626451, 'sharpe': 1.5823798082307245, 'mdd_pct': 34.451921946049836, 'n_days': 727}","{'ret_pct': 109.09271352343217, 'excess_pct': 6.7092938343130015, 'sharpe': 2.259279757484523, 'mdd_pct': 18.86065920591967, 'n_days': 403}",44.26229508196721,0.8036021926389976,2.259279757484523,6.7092938343130015,109.09271352343217,123
sym±2%,0.02,0.02,yin_or_small_yang,38.0,50,sh510590,510590,中证500ETF平安,A,"{'is_start': '2023-01-02', 'is_end': '2025-12-31', 'oos_start': '2025-01-02', 'oos_end': '2026-09-01'}","{'ret_pct': 26.33441210348004, 'excess_pct': -3.035074992240318, 'sharpe': 0.5348062094499368, 'mdd_pct': 29.82696130310153, 'n_days': 727}","{'ret_pct': 77.32670861394386, 'excess_pct': 25.76502653402764, 'sharpe': 2.613333351285898, 'mdd_pct': 16.390037091719467, 'n_days': 403}",38.0,0.803054032889585,2.613333351285898,25.76502653402764,77.32670861394386,124
sym±2.5%,0.025,0.025,yin_or_small_yang,42.857142857142854,56,sh512810,512810,军工ETF华宝,A,"{'is_start': '2023-01-02', 'is_end': '2025-12-31', 'oos_start': '2025-01-02', 'oos_end': '2026-09-01'}","{'ret_pct': 32.38821518167645, 'excess_pct': 68.14285602106307, 'sharpe': 0.515785408583122, 'mdd_pct': 27.231932383653835, 'n_days': 727}","{'ret_pct': 43.974075981162166, 'excess_pct': 86.27172611171048, 'sharpe': 1.3260059008042564, 'mdd_pct': 12.626888337835995, 'n_days': 403}",42.857142857142854,0.8029757243539546,1.3260059008042564,86.27172611171048,43.974075981162166,125
买3/止2.5,0.03,0.025,yin_or_small_yang,43.93939393939394,66,sz159728,159728,在线消费ETF南方,A,"{'is_start': '2023-01-02', 'is_end': '2025-12-31', 'oos_start': '2025-01-02', 'oos_end': '2026-09-01'}","{'ret_pct': 122.62885285551567, 'excess_pct': 86.30468498286734, 'sharpe': 1.3851889073646648, 'mdd_pct': 28.940866191643345, 'n_days': 724}","{'ret_pct': 46.3211250448065, 'excess_pct': 41.57178467541336, 'sharpe': 1.299755529544679, 'mdd_pct': 24.684717059113403, 'n_days': 402}",43.93939393939394,0.8009397024275646,1.299755529544679,41.57178467541336,46.3211250448065,126
买2.5/止3.5,0.025,0.035,yin_or_small_yang,75.0,4,sz159569,159569,港股红利低波ETF景顺,B,"{'is_start': '2025-01-02', 'is_end': '2025-12-31', 'oos_start': '2026-01-02', 'oos_end': '2026-09-01'}","{'ret_pct': 17.282824205072078, 'excess_pct': -0.39035519102028715, 'sharpe': 1.43276570203809, 'mdd_pct': 10.428690843699274, 'n_days': 243}","{'ret_pct': 13.032680437475852, 'excess_pct': 6.44177134656676, 'sharpe': 1.3100235111360041, 'mdd_pct': 8.7396985557188, 'n_days': 160}",75.0,0.8006264682850431,1.3100235111360041,6.44177134656676,13.032680437475852,127
sym±2.5%仅阴,0.025,0.025,yin_only,52.94117647058824,51,sh588780,588780,科创芯片设计ETF国联安,B,"{'is_start': '2025-01-02', 'is_end': '2025-12-31', 'oos_start': '2026-01-02', 'oos_end': '2026-09-01'}","{'ret_pct': 81.218294031104, 'excess_pct': 15.170259096606188, 'sharpe': 2.7828333093925806, 'mdd_pct': 11.797551332591938, 'n_days': 243}","{'ret_pct': 20.6624522440074, 'excess_pct': 56.64730072885588, 'sharpe': 0.8308613885430629, 'mdd_pct': 26.748770723105785, 'n_days': 160}",52.94117647058824,0.8005481597494126,0.8308613885430629,56.64730072885588,20.6624522440074,128
买2/止2.5,0.02,0.025,yin_or_small_yang,38.46153846153847,78,sh516160,516160,新能源ETF南方,A,"{'is_start': '2023-01-02', 'is_end': '2025-12-31', 'oos_start': '2025-01-02', 'oos_end': '2026-09-01'}","{'ret_pct': 312.84120051122153, 'excess_pct': 126.94120051122152, 'sharpe': 0.4817101100544816, 'mdd_pct': 47.186513427512, 'n_days': 727}","{'ret_pct': 72.82215310173908, 'excess_pct': 45.11381976840574, 'sharpe': 1.7109035741284233, 'mdd_pct': 12.015920211028098, 'n_days': 403}",38.46153846153847,0.7985904463586531,1.7109035741284233,45.11381976840574,72.82215310173908,129
sym±2%,0.02,0.02,yin_or_small_yang,46.913580246913575,162,sh560660,560660,云计算50ETF新华,A,"{'is_start': '2023-01-02', 'is_end': '2025-12-31', 'oos_start': '2025-01-02', 'oos_end': '2026-09-01'}","{'ret_pct': 256.3962144958425, 'excess_pct': 99.59824753269135, 'sharpe': 1.7865346748084372, 'mdd_pct': 26.79198384385797, 'n_days': 727}","{'ret_pct': 52.10669873567299, 'excess_pct': 43.185130108222026, 'sharpe': 0.8940045148233453, 'mdd_pct': 30.406808670234554, 'n_days': 403}",46.913580246913575,0.7980422866092405,0.8940045148233453,43.185130108222026,52.10669873567299,130
买3/止4,0.03,0.04,yin_or_small_yang,50.0,8,sh512520,512520,MSCI中国ETF华泰柏瑞,A,"{'is_start': '2023-01-02', 'is_end': '2025-12-31', 'oos_start': '2025-01-02', 'oos_end': '2026-09-01'}","{'ret_pct': 52.986177593284054, 'excess_pct': 28.397433004539472, 'sharpe': 1.2630973622262023, 'mdd_pct': 12.971880111976997, 'n_days': 727}","{'ret_pct': 31.994883933022876, 'excess_pct': 4.384875304895196, 'sharpe': 2.169685145276263, 'mdd_pct': 6.141013951568053, 'n_days': 403}",50.0,0.7955364134690681,2.169685145276263,4.384875304895196,31.994883933022876,131
sym±3%,0.03,0.03,yin_or_small_yang,43.75,64,sh516620,516620,影视ETF国泰,A,"{'is_start': '2023-01-02', 'is_end': '2025-12-31', 'oos_start': '2025-01-02', 'oos_end': '2026-09-01'}","{'ret_pct': 90.21682720054469, 'excess_pct': 79.43148688640855, 'sharpe': 0.9781367128075411, 'mdd_pct': 29.93204267876244, 'n_days': 727}","{'ret_pct': 49.256017879179836, 'excess_pct': 52.34652560544916, 'sharpe': 1.123212419926583, 'mdd_pct': 19.736917769656294, 'n_days': 403}",43.75,0.7939702427564604,1.123212419926583,52.34652560544916,49.256017879179836,132
买3/止2.5,0.03,0.025,yin_or_small_yang,46.2962962962963,54,sh517050,517050,互联网ETF华泰柏瑞,A,"{'is_start': '2023-01-02', 'is_end': '2025-12-31', 'oos_start': '2025-01-02', 'oos_end': '2026-09-01'}","{'ret_pct': 71.78936543422665, 'excess_pct': 32.052091214193815, 'sharpe': 1.0111622072981734, 'mdd_pct': 21.456269274595186, 'n_days': 727}","{'ret_pct': 36.18796907558413, 'excess_pct': 37.509554978667836, 'sharpe': 1.0946110012492276, 'mdd_pct': 14.765368117562772, 'n_days': 403}",46.2962962962963,0.7936570086139391,1.0946110012492276,37.509554978667836,36.18796907558413,133
买2/止2.5,0.02,0.025,yin_or_small_yang,50.79365079365079,63,sz159599,159599,芯片ETF东财,B,"{'is_start': '2025-01-02', 'is_end': '2025-12-31', 'oos_start': '2026-01-02', 'oos_end': '2026-09-01'}","{'ret_pct': 48.57162364097425, 'excess_pct': -1.7580466886960764, 'sharpe': 1.8039209175131106, 'mdd_pct': 16.046407352048632, 'n_days': 243}","{'ret_pct': 37.36088566798064, 'excess_pct': 4.587776424283163, 'sharpe': 1.5131922793978008, 'mdd_pct': 24.758684720320435, 'n_days': 160}",50.79365079365079,0.7933437744714174,1.5131922793978008,4.587776424283163,37.36088566798064,134
买2/止2.5,0.02,0.025,yin_or_small_yang,45.90163934426229,61,sz159861,159861,碳中和50ETF国泰,A,"{'is_start': '2023-01-02', 'is_end': '2025-12-31', 'oos_start': '2025-01-02', 'oos_end': '2026-09-01'}","{'ret_pct': 19.369467817589616, 'excess_pct': 25.965559022801344, 'sharpe': 0.3417962584735603, 'mdd_pct': 39.169158701076476, 'n_days': 727}","{'ret_pct': 42.65360232070729, 'excess_pct': 19.88251798335787, 'sharpe': 1.2500170179143746, 'mdd_pct': 14.020923717588374, 'n_days': 403}",45.90163934426229,0.7924040720438528,1.2500170179143746,19.88251798335787,42.65360232070729,135
sym±2.5%仅阴,0.025,0.025,yin_only,45.83333333333333,72,sz159813,159813,半导体ETF鹏华,A,"{'is_start': '2023-01-02', 'is_end': '2025-12-31', 'oos_start': '2025-01-02', 'oos_end': '2026-09-01'}","{'ret_pct': 72.28737333852544, 'excess_pct': 1.9340707271583, 'sharpe': 0.9460442204141045, 'mdd_pct': 24.30947164493853, 'n_days': 727}","{'ret_pct': 45.74202782108312, 'excess_pct': 46.27394271470015, 'sharpe': 0.9475358857388141, 'mdd_pct': 23.91804259138779, 'n_days': 403}",45.83333333333333,0.7919342208300706,0.9475358857388141,46.27394271470015,45.74202782108312,136
sym±2%,0.02,0.02,yin_or_small_yang,41.95804195804196,143,sh515980,515980,人工智能ETF华富,A,"{'is_start': '2023-01-02', 'is_end': '2025-12-31', 'oos_start': '2025-01-02', 'oos_end': '2026-09-01'}","{'ret_pct': 172.3042035059105, 'excess_pct': 159.9985040240452, 'sharpe': 1.481081496143055, 'mdd_pct': 35.82913909646683, 'n_days': 727}","{'ret_pct': 67.0412590126038, 'excess_pct': 54.6623569673939, 'sharpe': 1.1775674612336218, 'mdd_pct': 29.84245430154835, 'n_days': 403}",41.95804195804196,0.7917776037588098,1.1775674612336218,54.6623569673939,67.0412590126038,137
买3/止4,0.03,0.04,yin_or_small_yang,51.724137931034484,29,sz159811,159811,5GETF博时,A,"{'is_start': '2023-01-02', 'is_end': '2025-12-31', 'oos_start': '2025-01-02', 'oos_end': '2026-09-01'}","{'ret_pct': 238.92327243414755, 'excess_pct': 74.313260792704, 'sharpe': 1.925579903544062, 'mdd_pct': 23.961641212292374, 'n_days': 727}","{'ret_pct': 148.87310467584015, 'excess_pct': -2.543561990826504, 'sharpe': 2.069530557568931, 'mdd_pct': 33.52436631115139, 'n_days': 403}",51.724137931034484,0.7916992952231794,2.069530557568931,-2.543561990826504,148.87310467584015,138
sym±3%,0.03,0.03,yin_or_small_yang,50.0,18,sh589630,589630,科创综指ETF国泰,B,"{'is_start': '2025-03-12', 'is_end': '2025-12-31', 'oos_start': '2026-01-02', 'oos_end': '2026-09-01'}","{'ret_pct': 51.982105555430415, 'excess_pct': 19.149272722597587, 'sharpe': 3.959493042674144, 'mdd_pct': 5.354798410805472, 'n_days': 200}","{'ret_pct': 15.406876812746951, 'excess_pct': 57.80687681274696, 'sharpe': 1.0063634999609252, 'mdd_pct': 15.39075444890302, 'n_days': 160}",50.0,0.7900548159749412,1.0063634999609252,57.80687681274696,15.406876812746951,139
买2/止2.5,0.02,0.025,yin_or_small_yang,52.94117647058824,34,sh589380,589380,科创人工智能ETF富国,B,"{'is_start': '2025-07-01', 'is_end': '2025-12-31', 'oos_start': '2026-01-02', 'oos_end': '2026-09-01'}","{'ret_pct': 44.025863262415996, 'excess_pct': 7.168155752534595, 'sharpe': 3.61299032188921, 'mdd_pct': 10.469986586136692, 'n_days': 126}","{'ret_pct': 21.06841679994904, 'excess_pct': 21.06841679994904, 'sharpe': 0.9840638692585322, 'mdd_pct': 17.652409550302906, 'n_days': 160}",52.94117647058824,0.7889584964761159,0.9840638692585322,21.06841679994904,21.06841679994904,140
买3/止2.5,0.03,0.025,yin_or_small_yang,63.63636363636363,11,sh520510,520510,港股通医疗ETF华夏,B,"{'is_start': '2025-08-07', 'is_end': '2025-12-31', 'oos_start': '2026-01-02', 'oos_end': '2026-09-01'}","{'ret_pct': 4.9449231365984225, 'excess_pct': 14.579811574732293, 'sharpe': 1.0246133439285854, 'mdd_pct': 3.7162390816192103, 'n_days': 99}","{'ret_pct': 13.389438577093827, 'excess_pct': 13.389438577093827, 'sharpe': 0.9617465890801346, 'mdd_pct': 12.258848473628747, 'n_days': 160}",63.63636363636363,0.7880187940485512,0.9617465890801346,13.389438577093827,13.389438577093827,141
买2.5/止3.5,0.025,0.035,yin_or_small_yang,66.66666666666666,3,sh513100,513100,纳指ETF国泰,A,"{'is_start': '2023-01-02', 'is_end': '2025-12-31', 'oos_start': '2025-01-02', 'oos_end': '2026-09-01'}","{'ret_pct': 43.70878326588479, 'excess_pct': -92.51950457530623, 'sharpe': 1.2607967395392545, 'mdd_pct': 7.932999436999211, 'n_days': 727}","{'ret_pct': 36.924486148636795, 'excess_pct': 1.6232079989106936, 'sharpe': 1.1107680975011232, 'mdd_pct': 17.988132603217664, 'n_days': 403}",66.66666666666666,0.7874706342991385,1.1107680975011232,1.6232079989106936,36.924486148636795,142
买2/止3,0.02,0.03,yin_or_small_yang,50.0,2,sz159233,159233,自由现金流ETF平安,B,"{'is_start': '2025-06-04', 'is_end': '2025-12-31', 'oos_start': '2026-01-02', 'oos_end': '2026-09-01'}","{'ret_pct': 13.467070624736, 'excess_pct': -9.695064319876302, 'sharpe': 2.012946386390658, 'mdd_pct': 5.477453019366207, 'n_days': 145}","{'ret_pct': 12.553395333591899, 'excess_pct': 13.936633738799387, 'sharpe': 1.6323207380645965, 'mdd_pct': 8.918956011377189, 'n_days': 160}",50.0,0.7873923257635083,1.6323207380645965,13.936633738799387,12.553395333591899,143
买3/止4,0.03,0.04,yin_or_small_yang,45.83333333333333,24,sh510570,510570,中证500ETF兴业,A,"{'is_start': '2023-01-02', 'is_end': '2025-12-31', 'oos_start': '2025-01-02', 'oos_end': '2026-09-01'}","{'ret_pct': 34.088311776922154, 'excess_pct': 2.5152780690569827, 'sharpe': 0.5525676796311869, 'mdd_pct': 24.12092214620929, 'n_days': 710}","{'ret_pct': 50.702626671870064, 'excess_pct': 8.913272198483881, 'sharpe': 1.4301659926086236, 'mdd_pct': 13.231935186005938, 'n_days': 403}",45.83333333333333,0.784886452623336,1.4301659926086236,8.913272198483881,50.702626671870064,144
买2/止3,0.02,0.03,yin_or_small_yang,48.275862068965516,58,sz159743,159743,湖北ETF博时,A,"{'is_start': '2023-01-02', 'is_end': '2025-12-31', 'oos_start': '2025-01-02', 'oos_end': '2026-09-01'}","{'ret_pct': 38.81691616839955, 'excess_pct': -12.241614342185756, 'sharpe': 0.5301008397999973, 'mdd_pct': 32.17660696141568, 'n_days': 727}","{'ret_pct': 67.44814042956281, 'excess_pct': 3.1124760938984792, 'sharpe': 1.5652014880815535, 'mdd_pct': 19.92288128475288, 'n_days': 403}",48.275862068965516,0.7839467501957713,1.5652014880815535,3.1124760938984792,67.44814042956281,145
sym±3%,0.03,0.03,yin_or_small_yang,50.0,14,sh589580,589580,科创综指ETF兴银,B,"{'is_start': '2025-06-11', 'is_end': '2025-12-31', 'oos_start': '2026-01-02', 'oos_end': '2026-09-01'}","{'ret_pct': 57.50481054281278, 'excess_pct': 24.574296947646587, 'sharpe': 4.944276429848682, 'mdd_pct': 3.890236015936166, 'n_days': 140}","{'ret_pct': 25.258909086005588, 'excess_pct': 8.899292284236981, 'sharpe': 1.3682470442667594, 'mdd_pct': 25.0982335972749, 'n_days': 160}",50.0,0.7823805794831636,1.3682470442667594,8.899292284236981,25.258909086005588,146
sym±2%,0.02,0.02,yin_or_small_yang,43.39622641509434,106,sh517800,517800,人工智能50ETF方正富邦,A,"{'is_start': '2023-01-02', 'is_end': '2025-12-31', 'oos_start': '2025-01-02', 'oos_end': '2026-09-01'}","{'ret_pct': 135.01918487984312, 'excess_pct': 76.67332021818902, 'sharpe': 1.654310012749671, 'mdd_pct': 20.977760093326616, 'n_days': 727}","{'ret_pct': 55.78847108488603, 'excess_pct': 14.193029489444385, 'sharpe': 1.4081871995481792, 'mdd_pct': 19.430468071140083, 'n_days': 403}",43.39622641509434,0.7817541111981207,1.4081871995481792,14.193029489444385,55.78847108488603,147
买3/止4,0.03,0.04,yin_or_small_yang,58.333333333333336,12,sh561280,561280,中证1000增强ETF工银,B,"{'is_start': '2025-01-02', 'is_end': '2025-12-31', 'oos_start': '2026-01-02', 'oos_end': '2026-09-01'}","{'ret_pct': 33.65062224315547, 'excess_pct': -15.5265316774641, 'sharpe': 1.6501519968678808, 'mdd_pct': 19.410877675011772, 'n_days': 243}","{'ret_pct': 12.641515465609388, 'excess_pct': 9.415709013996487, 'sharpe': 1.1822516854350458, 'mdd_pct': 8.36836247870435, 'n_days': 160}",58.333333333333336,0.7811276429130776,1.1822516854350458,9.415709013996487,12.641515465609388,148
sym±2%,0.02,0.02,yin_or_small_yang,38.93805309734513,113,sh515700,515700,新能源车ETF平安,A,"{'is_start': '2023-01-02', 'is_end': '2025-12-31', 'oos_start': '2025-01-02', 'oos_end': '2026-09-01'}","{'ret_pct': 69.59412388977131, 'excess_pct': 56.163996848029065, 'sharpe': 0.8698162158560845, 'mdd_pct': 32.11284273778353, 'n_days': 727}","{'ret_pct': 64.23992808808518, 'excess_pct': 22.589633392603844, 'sharpe': 1.6853822108443721, 'mdd_pct': 9.108061925140454, 'n_days': 403}",38.93805309734513,0.779796397807361,1.6853822108443721,22.589633392603844,64.23992808808518,149
sym±2%,0.02,0.02,yin_or_small_yang,50.0,48,sz159629,159629,中证1000ETF富国,A,"{'is_start': '2023-01-02', 'is_end': '2025-12-31', 'oos_start': '2025-01-02', 'oos_end': '2026-09-01'}","{'ret_pct': 82.17982446036514, 'excess_pct': 19.95297742602593, 'sharpe': 1.2839556146406266, 'mdd_pct': 20.66304729922861, 'n_days': 727}","{'ret_pct': 41.69491215938537, 'excess_pct': 3.886925753268123, 'sharpe': 1.4106516515865068, 'mdd_pct': 12.321481027407943, 'n_days': 403}",50.0,0.7794831636648394,1.4106516515865068,3.886925753268123,41.69491215938537,150
sym±2.5%仅阴,0.025,0.025,yin_only,48.93617021276596,47,sh588060,588060,科创50ETF广发,A,"{'is_start': '2023-01-02', 'is_end': '2025-12-31', 'oos_start': '2025-01-02', 'oos_end': '2026-09-01'}","{'ret_pct': 126.58301454615888, 'excess_pct': 89.6820560797052, 'sharpe': 1.2786909142392104, 'mdd_pct': 15.679607218753166, 'n_days': 727}","{'ret_pct': 76.3626305930206, 'excess_pct': 1.2806633799058176, 'sharpe': 1.5726780379925054, 'mdd_pct': 18.624230620458036, 'n_days': 403}",48.93617021276596,0.7785434612372748,1.5726780379925054,1.2806633799058176,76.3626305930206,151
买2.5/止3.5,0.025,0.035,yin_or_small_yang,50.0,26,sz159742,159742,恒生科技ETF博时,A,"{'is_start': '2023-01-02', 'is_end': '2025-12-31', 'oos_start': '2025-01-02', 'oos_end': '2026-09-01'}","{'ret_pct': 86.62394503785842, 'excess_pct': 55.07314289882099, 'sharpe': 0.8782703782192616, 'mdd_pct': 33.72845830020482, 'n_days': 727}","{'ret_pct': 31.277209888663094, 'excess_pct': 34.237736204452574, 'sharpe': 0.7670280809424799, 'mdd_pct': 32.7521328498438, 'n_days': 403}",50.0,0.7783868441660141,0.7670280809424799,34.237736204452574,31.277209888663094,152
sym±2.5%,0.025,0.025,yin_or_small_yang,47.31182795698925,93,sh561910,561910,电池ETF招商,A,"{'is_start': '2023-01-02', 'is_end': '2025-12-31', 'oos_start': '2025-01-02', 'oos_end': '2026-09-01'}","{'ret_pct': 95.56878487623632, 'excess_pct': 78.36598767343912, 'sharpe': 1.0417809335666903, 'mdd_pct': 32.85752332416779, 'n_days': 727}","{'ret_pct': 57.37716311164536, 'excess_pct': 5.8878014095177065, 'sharpe': 1.313728606239069, 'mdd_pct': 21.9745300041284, 'n_days': 403}",47.31182795698925,0.7776037588097102,1.313728606239069,5.8878014095177065,57.37716311164536,153
sym±2.5%仅阴,0.025,0.025,yin_only,50.0,40,sh588750,588750,科创芯片ETF汇添富,B,"{'is_start': '2025-01-02', 'is_end': '2025-12-31', 'oos_start': '2026-01-02', 'oos_end': '2026-09-01'}","{'ret_pct': 65.831426516576, 'excess_pct': -1.1186266183867843, 'sharpe': 2.4663179121703322, 'mdd_pct': 9.688237241226716, 'n_days': 243}","{'ret_pct': 46.05000617893922, 'excess_pct': -0.09913807533951768, 'sharpe': 2.0988010510665536, 'mdd_pct': 21.870450358702097, 'n_days': 160}",50.0,0.7758026624902115,2.0988010510665536,-0.09913807533951768,46.05000617893922,154
sym±2.5%仅阴,0.025,0.025,yin_only,85.71428571428571,7,sz159662,159662,交运ETF南方,A,"{'is_start': '2023-01-02', 'is_end': '2025-12-31', 'oos_start': '2025-01-02', 'oos_end': '2026-09-01'}","{'ret_pct': 46.86429008080193, 'excess_pct': 43.12413260048695, 'sharpe': 1.5758146556114443, 'mdd_pct': 5.759772881947811, 'n_days': 726}","{'ret_pct': 8.020105564967528, 'excess_pct': 10.507667754022254, 'sharpe': 0.9360328275879601, 'mdd_pct': 4.437577761105915, 'n_days': 403}",85.71428571428571,0.7756460454189507,0.9360328275879601,10.507667754022254,8.020105564967528,155
sym±2.5%仅阴,0.025,0.025,yin_only,60.0,20,sh589050,589050,科创综指ETF兴业,B,"{'is_start': '2025-08-18', 'is_end': '2025-12-31', 'oos_start': '2026-01-02', 'oos_end': '2026-09-01'}","{'ret_pct': 13.981334901545583, 'excess_pct': 3.8851810553917296, 'sharpe': 2.831986844035374, 'mdd_pct': 4.0388932926705206, 'n_days': 92}","{'ret_pct': 19.500194301678242, 'excess_pct': 3.5069283084122382, 'sharpe': 1.224163552387733, 'mdd_pct': 12.419952779888021, 'n_days': 160}",60.0,0.7752545027407988,1.224163552387733,3.5069283084122382,19.500194301678242,156
sym±2%,0.02,0.02,yin_or_small_yang,47.5609756097561,82,sh513220,513220,中概互联ETF招商,A,"{'is_start': '2023-01-02', 'is_end': '2025-12-31', 'oos_start': '2025-01-02', 'oos_end': '2026-09-01'}","{'ret_pct': 38.89691008530114, 'excess_pct': 7.483297519856123, 'sharpe': 0.5241544120730635, 'mdd_pct': 24.359495096377525, 'n_days': 727}","{'ret_pct': 28.812641743366175, 'excess_pct': 39.9133002570068, 'sharpe': 0.8893675086558662, 'mdd_pct': 15.165260549192737, 'n_days': 403}",47.5609756097561,0.774471417384495,0.8893675086558662,39.9133002570068,28.812641743366175,157
买3/止2.5,0.03,0.025,yin_or_small_yang,61.53846153846154,13,sh510500,510500,中证500ETF南方,A,"{'is_start': '2023-01-02', 'is_end': '2025-12-31', 'oos_start': '2025-01-02', 'oos_end': '2026-09-01'}","{'ret_pct': 44.06463963636988, 'excess_pct': 16.962462081931015, 'sharpe': 0.9070958489252701, 'mdd_pct': 20.795290393952527, 'n_days': 727}","{'ret_pct': 38.73261388746512, 'excess_pct': -2.6014290431717484, 'sharpe': 1.5540161111800903, 'mdd_pct': 10.155240980065239, 'n_days': 403}",61.53846153846154,0.7740015661707126,1.5540161111800903,-2.6014290431717484,38.73261388746512,158
买3/止4,0.03,0.04,yin_or_small_yang,66.66666666666666,6,sz159669,159669,绿色电力ETF国泰,A,"{'is_start': '2023-01-02', 'is_end': '2025-12-31', 'oos_start': '2025-01-02', 'oos_end': '2026-09-01'}","{'ret_pct': 30.251096710652824, 'excess_pct': 21.604097727946822, 'sharpe': 0.8447825396497244, 'mdd_pct': 10.128637940737772, 'n_days': 721}","{'ret_pct': 18.425711455255154, 'excess_pct': 11.44220030103593, 'sharpe': 0.7508522353175189, 'mdd_pct': 11.5066345369349, 'n_days': 403}",66.66666666666666,0.7739232576350823,0.7508522353175189,11.44220030103593,18.425711455255154,159
sym±2.5%仅阴,0.025,0.025,yin_only,47.61904761904761,21,sh517360,517360,沪港深科技ETF华安,A,"{'is_start': '2023-01-02', 'is_end': '2025-12-31', 'oos_start': '2025-01-02', 'oos_end': '2026-09-01'}","{'ret_pct': 51.4524034021026, 'excess_pct': 7.129557984865961, 'sharpe': 0.9219546300387642, 'mdd_pct': 25.764847496132383, 'n_days': 727}","{'ret_pct': 26.58690986120331, 'excess_pct': 15.514648788942264, 'sharpe': 1.2140889964763812, 'mdd_pct': 6.7688955849027455, 'n_days': 403}",47.61904761904761,0.7739232576350821,1.2140889964763812,15.514648788942264,26.58690986120331,160
买2.5/止3.5,0.025,0.035,yin_or_small_yang,56.25,16,sh516570,516570,石化ETF易方达,A,"{'is_start': '2023-01-02', 'is_end': '2025-12-31', 'oos_start': '2025-01-02', 'oos_end': '2026-09-01'}","{'ret_pct': 14.640550233861859, 'excess_pct': -6.457010741747894, 'sharpe': 0.275874469443103, 'mdd_pct': 27.76881235032643, 'n_days': 727}","{'ret_pct': 45.06332803243773, 'excess_pct': -0.3664127588310251, 'sharpe': 1.3217986014522873, 'mdd_pct': 18.626550985641543, 'n_days': 403}",56.25,0.7724353954581049,1.3217986014522873,-0.3664127588310251,45.06332803243773,161
买2/止3,0.02,0.03,yin_or_small_yang,50.0,38,sz159315,159315,黄金股ETF工银,B,"{'is_start': '2025-01-02', 'is_end': '2025-12-31', 'oos_start': '2026-01-02', 'oos_end': '2026-09-01'}","{'ret_pct': 72.56024790768616, 'excess_pct': -13.85400598986395, 'sharpe': 2.4182285422720926, 'mdd_pct': 15.37374990355983, 'n_days': 243}","{'ret_pct': 24.225235088267063, 'excess_pct': 18.284641028861138, 'sharpe': 0.9500105199841131, 'mdd_pct': 26.353355695492763, 'n_days': 160}",50.0,0.7722787783868441,0.9500105199841131,18.284641028861138,24.225235088267063,162
买2/止3,0.02,0.03,yin_or_small_yang,70.0,10,sh560580,560580,电力ETF南方,B,"{'is_start': '2025-01-02', 'is_end': '2025-12-31', 'oos_start': '2026-01-02', 'oos_end': '2026-09-01'}","{'ret_pct': 8.258764837188991, 'excess_pct': 4.207381437979517, 'sharpe': 0.8986826890835174, 'mdd_pct': 6.191135558261552, 'n_days': 243}","{'ret_pct': 11.156449119362977, 'excess_pct': 8.334247802335714, 'sharpe': 0.9858323950578209, 'mdd_pct': 7.692601055975567, 'n_days': 160}",70.0,0.7722004698512137,0.9858323950578209,8.334247802335714,11.156449119362977,163
买2/止2.5,0.02,0.025,yin_or_small_yang,44.827586206896555,29,sh589660,589660,科创综指ETF南方,B,"{'is_start': '2025-03-05', 'is_end': '2025-12-31', 'oos_start': '2026-01-02', 'oos_end': '2026-09-01'}","{'ret_pct': 30.562503095446345, 'excess_pct': -0.5686280356847604, 'sharpe': 2.020255385991091, 'mdd_pct': 9.055374375846803, 'n_days': 205}","{'ret_pct': 29.78141247463, 'excess_pct': 11.519262253716889, 'sharpe': 1.6528718053457554, 'mdd_pct': 20.886892033429195, 'n_days': 160}",44.827586206896555,0.7718872357086922,1.6528718053457554,11.519262253716889,29.78141247463,164
sym±3%,0.03,0.03,yin_or_small_yang,39.02439024390244,41,sz159821,159821,创业板ETF中银证券,A,"{'is_start': '2023-01-02', 'is_end': '2025-12-31', 'oos_start': '2025-01-02', 'oos_end': '2026-09-01'}","{'ret_pct': 12.504264549744804, 'excess_pct': -26.54556163797246, 'sharpe': 0.1971902057902887, 'mdd_pct': 49.33181435608701, 'n_days': 723}","{'ret_pct': 80.72109577290325, 'excess_pct': 13.104515462022434, 'sharpe': 1.7983284679985523, 'mdd_pct': 18.721758633067797, 'n_days': 402}",39.02439024390244,0.7703210649960845,1.7983284679985523,13.104515462022434,80.72109577290325,165
买3/止2.5,0.03,0.025,yin_or_small_yang,53.125,32,sh560170,560170,央企科技ETF南方,B,"{'is_start': '2025-01-02', 'is_end': '2025-12-31', 'oos_start': '2026-01-02', 'oos_end': '2026-09-01'}","{'ret_pct': 32.34445785953524, 'excess_pct': 7.705034782612156, 'sharpe': 2.085252603415359, 'mdd_pct': 6.045652240681609, 'n_days': 243}","{'ret_pct': 23.542400358240666, 'excess_pct': 4.333360810218089, 'sharpe': 1.3238058511558968, 'mdd_pct': 17.284870034623168, 'n_days': 160}",53.125,0.7694596711041504,1.3238058511558968,4.333360810218089,23.542400358240666,166
买2.5/止3.5,0.025,0.035,yin_or_small_yang,41.66666666666667,12,sz159641,159641,碳中和ETF招商,A,"{'is_start': '2023-01-02', 'is_end': '2025-12-31', 'oos_start': '2025-01-02', 'oos_end': '2026-09-01'}","{'ret_pct': 71.57479426563134, 'excess_pct': 38.60509729593436, 'sharpe': 1.221331307889441, 'mdd_pct': 23.228959081449208, 'n_days': 727}","{'ret_pct': 46.63345125067304, 'excess_pct': 17.374673617383053, 'sharpe': 1.4327788399458827, 'mdd_pct': 11.97395685693915, 'n_days': 403}",41.66666666666667,0.76938136256852,1.4327788399458827,17.374673617383053,46.63345125067304,167
sym±2%,0.02,0.02,yin_or_small_yang,44.73684210526316,38,sh510290,510290,上证380ETF南方,A,"{'is_start': '2023-01-02', 'is_end': '2025-12-31', 'oos_start': '2025-01-02', 'oos_end': '2026-09-01'}","{'ret_pct': 30.40925187812322, 'excess_pct': 6.945002129885559, 'sharpe': 0.7326569108939666, 'mdd_pct': 14.936919957382722, 'n_days': 727}","{'ret_pct': 45.58194958058736, 'excess_pct': 4.7442532455088156, 'sharpe': 1.9357010920724251, 'mdd_pct': 9.824663364230856, 'n_days': 403}",44.73684210526316,0.7690681284259984,1.9357010920724251,4.7442532455088156,45.58194958058736,168
买2/止3,0.02,0.03,yin_or_small_yang,100.0,4,sh513290,513290,纳指生物科技ETF汇添富,A,"{'is_start': '2023-01-02', 'is_end': '2025-12-31', 'oos_start': '2025-01-02', 'oos_end': '2026-09-01'}","{'ret_pct': 45.6502341965237, 'excess_pct': 3.1806364416125916, 'sharpe': 0.6675382140373934, 'mdd_pct': 24.83439364625426, 'n_days': 727}","{'ret_pct': 48.62637444818078, 'excess_pct': -2.8731971028046317, 'sharpe': 1.0558612401334686, 'mdd_pct': 18.751909767801777, 'n_days': 403}",100.0,0.7649177760375881,1.0558612401334686,-2.8731971028046317,48.62637444818078,169
买2/止2.5,0.02,0.025,yin_or_small_yang,46.34146341463415,82,sz159663,159663,机床ETF华夏,A,"{'is_start': '2023-01-02', 'is_end': '2025-12-31', 'oos_start': '2025-01-02', 'oos_end': '2026-09-01'}","{'ret_pct': 128.64882928308447, 'excess_pct': 62.99756877888278, 'sharpe': 1.4900580511839552, 'mdd_pct': 22.597821946322373, 'n_days': 727}","{'ret_pct': 38.32001170438735, 'excess_pct': 35.16640031069458, 'sharpe': 0.7758929860573517, 'mdd_pct': 32.57791023722471, 'n_days': 403}",46.34146341463415,0.7637431480031324,0.7758929860573517,35.16640031069458,38.32001170438735,170
sym±2%,0.02,0.02,yin_or_small_yang,44.18604651162791,43,sz159521,159521,国证2000ETF平安,B,"{'is_start': '2025-01-02', 'is_end': '2025-12-31', 'oos_start': '2026-01-02', 'oos_end': '2026-09-01'}","{'ret_pct': 35.133622392346496, 'excess_pct': -1.4439177146053694, 'sharpe': 2.4789158159946294, 'mdd_pct': 9.388017380501712, 'n_days': 242}","{'ret_pct': 17.106705388380906, 'excess_pct': 18.569368975755808, 'sharpe': 1.6279453608960057, 'mdd_pct': 8.009976454771827, 'n_days': 160}",44.18604651162791,0.7635865309318717,1.6279453608960057,18.569368975755808,17.106705388380906,171
买2/止3,0.02,0.03,yin_or_small_yang,45.45454545454545,33,sh588820,588820,科创200ETF华夏,B,"{'is_start': '2025-01-06', 'is_end': '2025-12-31', 'oos_start': '2026-01-02', 'oos_end': '2026-09-01'}","{'ret_pct': 46.0780415464096, 'excess_pct': -23.743199252749186, 'sharpe': 1.7188504753155347, 'mdd_pct': 22.735960608917203, 'n_days': 241}","{'ret_pct': 27.240407583083503, 'excess_pct': 11.188088914831404, 'sharpe': 1.415724225010602, 'mdd_pct': 18.89431410275749, 'n_days': 160}",45.45454545454545,0.7618637431480031,1.415724225010602,11.188088914831404,27.240407583083503,172
sym±2%,0.02,0.02,yin_or_small_yang,47.72727272727273,44,sz159902,159902,中小100ETF华夏,A,"{'is_start': '2023-01-02', 'is_end': '2025-12-31', 'oos_start': '2025-01-02', 'oos_end': '2026-09-01'}","{'ret_pct': 56.99735988158328, 'excess_pct': 39.52084981446915, 'sharpe': 0.9862882098506464, 'mdd_pct': 31.600137584469433, 'n_days': 727}","{'ret_pct': 45.461046266341796, 'excess_pct': 1.5517858561491238, 'sharpe': 1.5999564436562759, 'mdd_pct': 16.62564222584183, 'n_days': 403}",47.72727272727273,0.7612372748629601,1.5999564436562759,1.5517858561491238,45.461046266341796,173
买3/止4,0.03,0.04,yin_or_small_yang,45.45454545454545,22,sh588190,588190,科创100ETF银华,B,"{'is_start': '2025-01-02', 'is_end': '2025-12-31', 'oos_start': '2026-01-02', 'oos_end': '2026-09-01'}","{'ret_pct': 59.35376063916156, 'excess_pct': -0.18381161517368838, 'sharpe': 2.9398873468086197, 'mdd_pct': 6.956403929339738, 'n_days': 243}","{'ret_pct': 33.78781272683899, 'excess_pct': 6.291328901241243, 'sharpe': 1.6208602654522681, 'mdd_pct': 19.06217337225138, 'n_days': 160}",45.45454545454545,0.7612372748629601,1.6208602654522681,6.291328901241243,33.78781272683899,174
买2.5/止3.5,0.025,0.035,yin_or_small_yang,64.28571428571429,14,sz159552,159552,中证2000增强ETF招商,B,"{'is_start': '2025-01-02', 'is_end': '2025-12-31', 'oos_start': '2026-01-02', 'oos_end': '2026-09-01'}","{'ret_pct': 38.45396713691438, 'excess_pct': -20.309726133821158, 'sharpe': 1.7773860258852505, 'mdd_pct': 16.39535863822026, 'n_days': 242}","{'ret_pct': 15.564356224864007, 'excess_pct': 3.4887015206932936, 'sharpe': 1.0688226654631807, 'mdd_pct': 16.28051215108214, 'n_days': 160}",64.28571428571429,0.7599060297572435,1.0688226654631807,3.4887015206932936,15.564356224864007,175
sym±2%,0.02,0.02,yin_or_small_yang,50.0,100,sz159872,159872,智能网联汽车ETF鹏华,A,"{'is_start': '2023-01-02', 'is_end': '2025-12-31', 'oos_start': '2025-01-02', 'oos_end': '2026-09-01'}","{'ret_pct': 93.98948164061932, 'excess_pct': 63.814918049596876, 'sharpe': 1.4463350136670694, 'mdd_pct': 20.427286410455856, 'n_days': 727}","{'ret_pct': 22.413235769092754, 'excess_pct': 23.47081508754164, 'sharpe': 0.7852899061198205, 'mdd_pct': 21.087020562259838, 'n_days': 403}",50.0,0.7589663273296788,0.7852899061198205,23.47081508754164,22.413235769092754,176
sym±2%,0.02,0.02,yin_or_small_yang,42.241379310344826,116,sh516390,516390,新能源车ETF汇添富,A,"{'is_start': '2023-01-02', 'is_end': '2025-12-31', 'oos_start': '2025-01-02', 'oos_end': '2026-09-01'}","{'ret_pct': 56.37639595110044, 'excess_pct': 44.79976971074761, 'sharpe': 0.7936648271195367, 'mdd_pct': 27.172245681873797, 'n_days': 727}","{'ret_pct': 51.15055261226695, 'excess_pct': 12.404571904871446, 'sharpe': 1.342192714478346, 'mdd_pct': 13.991622506461265, 'n_days': 403}",42.241379310344826,0.7587314017227877,1.342192714478346,12.404571904871446,51.15055261226695,177
买3/止2.5,0.03,0.025,yin_or_small_yang,55.00000000000001,20,sh560280,560280,工程机械ETF广发,B,"{'is_start': '2025-01-02', 'is_end': '2025-12-31', 'oos_start': '2026-01-02', 'oos_end': '2026-09-01'}","{'ret_pct': 27.19396309000983, 'excess_pct': -12.492720983097243, 'sharpe': 2.087424045211248, 'mdd_pct': 6.5103412143327155, 'n_days': 243}","{'ret_pct': 10.637600859458573, 'excess_pct': 16.814253113936637, 'sharpe': 0.8447471510900048, 'mdd_pct': 11.356028944421082, 'n_days': 160}",55.00000000000001,0.7580266249021144,0.8447471510900048,16.814253113936637,10.637600859458573,178
sym±2.5%仅阴,0.025,0.025,yin_only,54.054054054054056,37,sz159622,159622,创新药ETF东财,B,"{'is_start': '2025-01-02', 'is_end': '2025-12-31', 'oos_start': '2026-01-02', 'oos_end': '2026-09-01'}","{'ret_pct': 33.21150205850911, 'excess_pct': -7.18849794149088, 'sharpe': 1.8602470301228047, 'mdd_pct': 11.133785138500285, 'n_days': 243}","{'ret_pct': 14.853712280315401, 'excess_pct': 8.81767624427936, 'sharpe': 1.0313615394556361, 'mdd_pct': 8.945531995248446, 'n_days': 160}",54.054054054054056,0.7570086139389194,1.0313615394556361,8.81767624427936,14.853712280315401,179
买2/止2.5,0.02,0.025,yin_or_small_yang,75.0,4,sz159632,159632,纳斯达克ETF华安,A,"{'is_start': '2023-01-02', 'is_end': '2025-12-31', 'oos_start': '2025-01-02', 'oos_end': '2026-09-01'}","{'ret_pct': 63.00411707287039, 'excess_pct': -76.22051234560166, 'sharpe': 1.058857149555133, 'mdd_pct': 26.134257164443518, 'n_days': 727}","{'ret_pct': 31.639554963500526, 'excess_pct': 2.0881037761654397, 'sharpe': 0.7709248342225729, 'mdd_pct': 24.922265917272014, 'n_days': 403}",75.0,0.7564604541895067,0.7709248342225729,2.0881037761654397,31.639554963500526,180
买3/止4,0.03,0.04,yin_or_small_yang,43.90243902439025,41,sh515880,515880,通信ETF国泰,A,"{'is_start': '2023-01-02', 'is_end': '2025-12-31', 'oos_start': '2025-01-02', 'oos_end': '2026-09-01'}","{'ret_pct': 254.40139271127524, 'excess_pct': -8.806154458536156, 'sharpe': 1.533526905263284, 'mdd_pct': 40.952188995695536, 'n_days': 727}","{'ret_pct': 59.855884569394924, 'excess_pct': 108.94679366030402, 'sharpe': 0.5882028000038181, 'mdd_pct': 62.95259146733221, 'n_days': 403}",43.90243902439025,0.7556773688332028,0.5882028000038181,108.94679366030402,59.855884569394924,181
买3/止2.5,0.03,0.025,yin_or_small_yang,60.0,15,sz159996,159996,家电ETF国泰,A,"{'is_start': '2023-01-02', 'is_end': '2025-12-31', 'oos_start': '2025-01-02', 'oos_end': '2026-09-01'}","{'ret_pct': 75.29129280689423, 'excess_pct': 20.340797757389282, 'sharpe': 1.3727722729489145, 'mdd_pct': 15.293455632407827, 'n_days': 727}","{'ret_pct': 14.522511208506383, 'excess_pct': 5.4795571768560425, 'sharpe': 0.9847682309990665, 'mdd_pct': 6.2363743711808635, 'n_days': 403}",60.0,0.7550509005481598,0.9847682309990665,5.4795571768560425,14.522511208506383,182
sym±3%,0.03,0.03,yin_or_small_yang,41.17647058823529,34,sz159607,159607,中概互联网ETF嘉实,A,"{'is_start': '2023-01-02', 'is_end': '2025-12-31', 'oos_start': '2025-01-02', 'oos_end': '2026-09-01'}","{'ret_pct': 84.96526178043548, 'excess_pct': 53.50871343282224, 'sharpe': 0.8725036040078271, 'mdd_pct': 31.096126560299233, 'n_days': 727}","{'ret_pct': 40.52362201375785, 'excess_pct': 50.71614749507156, 'sharpe': 1.0377884630081526, 'mdd_pct': 27.767737447985684, 'n_days': 403}",41.17647058823529,0.7543461237274862,1.0377884630081526,50.71614749507156,40.52362201375785,183
买2/止2.5,0.02,0.025,yin_or_small_yang,66.66666666666666,27,sh589850,589850,科创50ETF东财,B,"{'is_start': '2025-08-11', 'is_end': '2025-12-31', 'oos_start': '2026-01-02', 'oos_end': '2026-09-01'}","{'ret_pct': 45.38984323181437, 'excess_pct': 17.018214860185978, 'sharpe': 5.288530937513375, 'mdd_pct': 9.904284609088897, 'n_days': 97}","{'ret_pct': 21.865621039185925, 'excess_pct': 0.8918382676503356, 'sharpe': 1.0336925169886824, 'mdd_pct': 23.11090990979887, 'n_days': 160}",66.66666666666666,0.7540328895849647,1.0336925169886824,0.8918382676503356,21.865621039185925,184
sym±2%,0.02,0.02,yin_or_small_yang,60.0,20,sz159550,159550,互联网ETF东财,B,"{'is_start': '2025-06-27', 'is_end': '2025-12-31', 'oos_start': '2026-01-02', 'oos_end': '2026-09-01'}","{'ret_pct': 19.430392567443235, 'excess_pct': 16.033789170839842, 'sharpe': 3.1348395819299264, 'mdd_pct': 3.5273736715193404, 'n_days': 128}","{'ret_pct': 7.450322395538467, 'excess_pct': 32.380554953677986, 'sharpe': 0.5942389293095284, 'mdd_pct': 13.505475373317532, 'n_days': 160}",60.0,0.7537979639780736,0.5942389293095284,32.380554953677986,7.450322395538467,185
sym±2.5%不限前日,0.025,0.025,any,47.05882352941176,68,sh588110,588110,科创成长ETF广发,B,"{'is_start': '2025-01-02', 'is_end': '2025-12-31', 'oos_start': '2026-01-02', 'oos_end': '2026-09-01'}","{'ret_pct': 51.575977168986675, 'excess_pct': -34.8712638765119, 'sharpe': 1.9000426758043916, 'mdd_pct': 19.48670239994318, 'n_days': 243}","{'ret_pct': 18.04297226857079, 'excess_pct': 85.60234568949045, 'sharpe': 0.7788041179765559, 'mdd_pct': 26.210299187507836, 'n_days': 160}",47.05882352941176,0.7537196554424432,0.7788041179765559,85.60234568949045,18.04297226857079,186
买3/止2.5,0.03,0.025,yin_or_small_yang,46.93877551020408,49,sh513330,513330,恒生互联网ETF华夏,A,"{'is_start': '2023-01-02', 'is_end': '2025-12-31', 'oos_start': '2025-01-02', 'oos_end': '2026-09-01'}","{'ret_pct': 66.29448305977299, 'excess_pct': 56.50724901721979, 'sharpe': 0.875401098086043, 'mdd_pct': 29.270743239583695, 'n_days': 727}","{'ret_pct': 24.897454817451028, 'excess_pct': 34.38650591234153, 'sharpe': 0.8017564890773193, 'mdd_pct': 18.122949993868374, 'n_days': 403}",46.93877551020408,0.7526233359436179,0.8017564890773193,34.38650591234153,24.897454817451028,187
买2/止3,0.02,0.03,yin_or_small_yang,66.66666666666666,3,sz159336,159336,央企红利ETF融通,B,"{'is_start': '2025-02-12', 'is_end': '2025-12-31', 'oos_start': '2026-01-02', 'oos_end': '2026-09-01'}","{'ret_pct': 11.143241085772804, 'excess_pct': -0.6623144697827534, 'sharpe': 1.2354833058963708, 'mdd_pct': 4.806842132848466, 'n_days': 220}","{'ret_pct': 12.341650514518832, 'excess_pct': 2.474983847852142, 'sharpe': 1.0729179601558911, 'mdd_pct': 16.207267052054732, 'n_days': 160}",66.66666666666666,0.7495693030540329,1.0729179601558911,2.474983847852142,12.341650514518832,188
买2.5/止3.5,0.025,0.035,yin_or_small_yang,46.15384615384615,13,sh589600,589600,科创综指ETF富国,B,"{'is_start': '2025-03-07', 'is_end': '2025-12-31', 'oos_start': '2026-01-02', 'oos_end': '2026-09-01'}","{'ret_pct': 46.36679780367356, 'excess_pct': 16.97863331019311, 'sharpe': 2.917231397256667, 'mdd_pct': 14.187338239766989, 'n_days': 203}","{'ret_pct': 26.79591083772277, 'excess_pct': 7.349388773399657, 'sharpe': 1.3572573056591462, 'mdd_pct': 19.905408531812274, 'n_days': 160}",46.15384615384615,0.7487862176977291,1.3572573056591462,7.349388773399657,26.79591083772277,189
sym±2.5%仅阴,0.025,0.025,yin_only,66.66666666666666,3,sh563620,563620,全指现金流ETF兴业,B,"{'is_start': '2025-08-20', 'is_end': '2025-12-31', 'oos_start': '2026-01-02', 'oos_end': '2026-09-01'}","{'ret_pct': 8.848996419036803, 'excess_pct': -2.8573527873123847, 'sharpe': 2.245633212102845, 'mdd_pct': 5.349847707555256, 'n_days': 90}","{'ret_pct': 4.976810226372885, 'excess_pct': 8.592330508559842, 'sharpe': 0.9139156084300114, 'mdd_pct': 4.93281288720917, 'n_days': 160}",66.66666666666666,0.7469851213782301,0.9139156084300114,8.592330508559842,4.976810226372885,190
买2/止3,0.02,0.03,yin_or_small_yang,55.55555555555556,9,sh563750,563750,中证500ETF汇添富,B,"{'is_start': '2025-10-30', 'is_end': '2025-12-31', 'oos_start': '2026-01-02', 'oos_end': '2026-09-01'}","{'ret_pct': 4.971109462579193, 'excess_pct': 3.586341905704815, 'sharpe': 3.4101372885077708, 'mdd_pct': 2.027959452782102, 'n_days': 45}","{'ret_pct': 12.976749268616139, 'excess_pct': 7.094396327439667, 'sharpe': 0.938351692892243, 'mdd_pct': 17.82030437570359, 'n_days': 160}",55.55555555555556,0.7451840250587314,0.938351692892243,7.094396327439667,12.976749268616139,191
买2.5/止3.5,0.025,0.035,yin_or_small_yang,57.14285714285714,7,sh516210,516210,银行ETF华安,A,"{'is_start': '2023-01-02', 'is_end': '2025-12-31', 'oos_start': '2025-01-02', 'oos_end': '2026-09-01'}","{'ret_pct': 52.500123298850966, 'excess_pct': 1.0438126192393185, 'sharpe': 1.0562803537408212, 'mdd_pct': 12.64562142939647, 'n_days': 727}","{'ret_pct': 17.88390793290613, 'excess_pct': 3.3546871536853438, 'sharpe': 1.035927151931681, 'mdd_pct': 9.334200738231402, 'n_days': 403}",57.14285714285714,0.7447924823805795,1.035927151931681,3.3546871536853438,17.88390793290613,192
买3/止2.5,0.03,0.025,yin_or_small_yang,46.55172413793103,58,sz159909,159909,TMT50ETF招商,A,"{'is_start': '2023-01-02', 'is_end': '2025-12-31', 'oos_start': '2025-01-02', 'oos_end': '2026-09-01'}","{'ret_pct': 128.68116314422653, 'excess_pct': 40.47693779211386, 'sharpe': 1.5794739603180128, 'mdd_pct': 18.58849959970823, 'n_days': 727}","{'ret_pct': 99.2395812711843, 'excess_pct': -2.88163085002779, 'sharpe': 2.0804480055261596, 'mdd_pct': 27.555699859983562, 'n_days': 403}",46.55172413793103,0.7446358653093188,2.0804480055261596,-2.88163085002779,99.2395812711843,193
买2.5/止3.5,0.025,0.035,yin_or_small_yang,50.0,10,sh530530,530530,上证580ETF华夏,B,"{'is_start': '2025-08-29', 'is_end': '2025-12-31', 'oos_start': '2026-01-02', 'oos_end': '2026-09-01'}","{'ret_pct': 6.304510558675203, 'excess_pct': 2.320446813655286, 'sharpe': 1.2549355425512334, 'mdd_pct': 6.291669964279423, 'n_days': 83}","{'ret_pct': 17.35490532389594, 'excess_pct': 7.759420846003184, 'sharpe': 1.137874896419001, 'mdd_pct': 22.131013420113533, 'n_days': 160}",50.0,0.7446358653093187,1.137874896419001,7.759420846003184,17.35490532389594,194
买3/止4,0.03,0.04,yin_or_small_yang,54.54545454545454,22,sh513160,513160,港股科技ETF银华,A,"{'is_start': '2023-01-02', 'is_end': '2025-12-31', 'oos_start': '2025-01-02', 'oos_end': '2026-09-01'}","{'ret_pct': 38.86177119922274, 'excess_pct': -9.763228800777249, 'sharpe': 0.42480265049957133, 'mdd_pct': 36.66636700173645, 'n_days': 727}","{'ret_pct': 23.643884066840993, 'excess_pct': 16.556397909587385, 'sharpe': 0.5070208898920953, 'mdd_pct': 23.35480433067788, 'n_days': 403}",54.54545454545454,0.7443226311667972,0.5070208898920953,16.556397909587385,23.643884066840993,195
sym±2.5%仅阴,0.025,0.025,yin_only,50.0,2,sh511820,511820,鹏华添利ETF,A,"{'is_start': '2023-01-02', 'is_end': '2025-12-31', 'oos_start': '2025-01-02', 'oos_end': '2026-09-01'}","{'ret_pct': 9.97387523398321, 'excess_pct': 9.979874214156581, 'sharpe': 0.561402087020745, 'mdd_pct': 3.0167123699386456, 'n_days': 627}","{'ret_pct': 12.717363476022348, 'excess_pct': 12.719363436023134, 'sharpe': 1.0628417443873326, 'mdd_pct': 0.0, 'n_days': 387}",50.0,0.7443226311667971,1.0628417443873326,12.719363436023134,12.717363476022348,196
买3/止4,0.03,0.04,yin_or_small_yang,50.0,16,sz159206,159206,卫星ETF永赢,B,"{'is_start': '2025-03-14', 'is_end': '2025-12-31', 'oos_start': '2026-01-02', 'oos_end': '2026-09-01'}","{'ret_pct': 97.68371661422401, 'excess_pct': 27.904600148360558, 'sharpe': 5.948805544852575, 'mdd_pct': 6.041187847421526, 'n_days': 198}","{'ret_pct': 16.766388211578164, 'excess_pct': 35.99047622547509, 'sharpe': 0.6288561633358777, 'mdd_pct': 26.547547937526318, 'n_days': 160}",50.0,0.7432263116679718,0.6288561633358777,35.99047622547509,16.766388211578164,197
sym±2.5%,0.025,0.025,yin_or_small_yang,45.0,20,sh512650,512650,长三角ETF汇添富,A,"{'is_start': '2023-01-02', 'is_end': '2025-12-31', 'oos_start': '2025-01-02', 'oos_end': '2026-09-01'}","{'ret_pct': 25.933957201698156, 'excess_pct': -5.983141243897691, 'sharpe': 0.553539419108509, 'mdd_pct': 18.4339178066395, 'n_days': 727}","{'ret_pct': 43.551340133793005, 'excess_pct': 0.8298211464512235, 'sharpe': 1.8900938017608626, 'mdd_pct': 9.095138923686175, 'n_days': 403}",45.0,0.7425998433829288,1.8900938017608626,0.8298211464512235,43.551340133793005,198
买2.5/止3.5,0.025,0.035,yin_or_small_yang,42.42424242424242,33,sh512560,512560,军工ETF易方达,A,"{'is_start': '2023-01-02', 'is_end': '2025-12-31', 'oos_start': '2025-01-02', 'oos_end': '2026-09-01'}","{'ret_pct': 47.59242191590347, 'excess_pct': 18.216470622143955, 'sharpe': 0.6543001844736138, 'mdd_pct': 27.352986734691555, 'n_days': 727}","{'ret_pct': 41.60419900976207, 'excess_pct': 22.79231782164324, 'sharpe': 1.0031297289648653, 'mdd_pct': 26.337455011017973, 'n_days': 403}",42.42424242424242,0.741816758026625,1.0031297289648653,22.79231782164324,41.60419900976207,199
sym±2%,0.02,0.02,yin_or_small_yang,66.66666666666666,33,sz159974,159974,央企创新ETF富国,A,"{'is_start': '2023-01-02', 'is_end': '2025-12-31', 'oos_start': '2025-01-02', 'oos_end': '2026-09-01'}","{'ret_pct': 78.68101921515449, 'excess_pct': 41.239888916881355, 'sharpe': 1.6686262172502646, 'mdd_pct': 8.966807291865376, 'n_days': 727}","{'ret_pct': 14.806247875720292, 'excess_pct': 0.057360399560058895, 'sharpe': 1.1139428544538184, 'mdd_pct': 4.3259115843643725, 'n_days': 403}",66.66666666666666,0.7411902897415819,1.1139428544538184,0.057360399560058895,14.806247875720292,200
sym±2.5%,0.025,0.025,yin_or_small_yang,50.0,2,sz159513,159513,纳斯达克100ETF大成,B,"{'is_start': '2025-01-02', 'is_end': '2025-12-31', 'oos_start': '2026-01-02', 'oos_end': '2026-09-01'}","{'ret_pct': 31.59942842504, 'excess_pct': 18.416617063058926, 'sharpe': 2.1413516946702003, 'mdd_pct': 6.703055582961614, 'n_days': 243}","{'ret_pct': 16.932957682168315, 'excess_pct': 2.8100951109206953, 'sharpe': 1.5054592021915776, 'mdd_pct': 12.258213499114323, 'n_days': 160}",50.0,0.7409553641346908,1.5054592021915776,2.8100951109206953,16.932957682168315,201
买3/止4,0.03,0.04,yin_or_small_yang,48.484848484848484,33,sz159805,159805,传媒ETF鹏华,A,"{'is_start': '2023-01-02', 'is_end': '2025-12-31', 'oos_start': '2025-01-02', 'oos_end': '2026-09-01'}","{'ret_pct': 86.36226109101297, 'excess_pct': 20.75942421158034, 'sharpe': 0.7800511233492617, 'mdd_pct': 35.98322146124626, 'n_days': 727}","{'ret_pct': 31.98998382121716, 'excess_pct': 20.21410537867203, 'sharpe': 0.6791181640196722, 'mdd_pct': 28.10142205524606, 'n_days': 403}",48.484848484848484,0.7407987470634299,0.6791181640196722,20.21410537867203,31.98998382121716,202
买2.5/止3.5,0.025,0.035,yin_or_small_yang,43.333333333333336,30,sh588800,588800,科创100ETF华夏,B,"{'is_start': '2025-01-02', 'is_end': '2025-12-31', 'oos_start': '2026-01-02', 'oos_end': '2026-09-01'}","{'ret_pct': 55.540666046323395, 'excess_pct': -5.768857763200415, 'sharpe': 2.2169356836837752, 'mdd_pct': 19.45621635027498, 'n_days': 243}","{'ret_pct': 33.89529149906012, 'excess_pct': 5.150640999773405, 'sharpe': 1.711145351742179, 'mdd_pct': 17.085787321814582, 'n_days': 160}",43.333333333333336,0.7397024275646046,1.711145351742179,5.150640999773405,33.89529149906012,203
买2/止2.5,0.02,0.025,yin_or_small_yang,55.55555555555556,9,sh520660,520660,港股通央企红利ETF南方,B,"{'is_start': '2025-01-02', 'is_end': '2025-12-31', 'oos_start': '2026-01-02', 'oos_end': '2026-09-01'}","{'ret_pct': -0.010897548644872579, 'excess_pct': -9.570510867656658, 'sharpe': -0.0016880781401180866, 'mdd_pct': 8.837513052407397, 'n_days': 243}","{'ret_pct': 7.606369818567171, 'excess_pct': 9.072645478391216, 'sharpe': 0.9585887274988582, 'mdd_pct': 5.530680284772926, 'n_days': 160}",55.55555555555556,0.7392325763508223,0.9585887274988582,9.072645478391216,7.606369818567171,204
sym±2%,0.02,0.02,yin_or_small_yang,53.2258064516129,62,sh520700,520700,港股通创新药ETF万家,B,"{'is_start': '2025-01-02', 'is_end': '2025-12-31', 'oos_start': '2026-01-02', 'oos_end': '2026-09-01'}","{'ret_pct': 60.86065804812875, 'excess_pct': -8.644520317809118, 'sharpe': 2.3135322370037876, 'mdd_pct': 16.168332365774695, 'n_days': 243}","{'ret_pct': 13.76458072503437, 'excess_pct': 10.188590942148036, 'sharpe': 0.8385327050454866, 'mdd_pct': 14.574487273775716, 'n_days': 160}",53.2258064516129,0.7389193422083008,0.8385327050454866,10.188590942148036,13.76458072503437,205
买2/止2.5,0.02,0.025,yin_or_small_yang,60.86956521739131,23,sh561950,561950,中证500增强ETF招商,B,"{'is_start': '2025-01-02', 'is_end': '2025-12-31', 'oos_start': '2026-01-02', 'oos_end': '2026-09-01'}","{'ret_pct': 34.16401599127787, 'excess_pct': -3.560534906925696, 'sharpe': 2.5655002696946894, 'mdd_pct': 10.185819938548379, 'n_days': 243}","{'ret_pct': 8.794273151287403, 'excess_pct': 8.794273151287403, 'sharpe': 0.7914580615161295, 'mdd_pct': 9.865378469986974, 'n_days': 160}",60.86956521739131,0.7388410336726703,0.7914580615161295,8.794273151287403,8.794273151287403,206
买3/止4,0.03,0.04,yin_or_small_yang,52.63157894736842,19,sh560300,560300,电信ETF汇添富,B,"{'is_start': '2025-01-02', 'is_end': '2025-12-31', 'oos_start': '2026-01-02', 'oos_end': '2026-09-01'}","{'ret_pct': 45.827853968441886, 'excess_pct': -7.073931745843836, 'sharpe': 1.6959334956051755, 'mdd_pct': 22.220619755718218, 'n_days': 243}","{'ret_pct': 14.533670489183192, 'excess_pct': 5.481740998949759, 'sharpe': 1.0553826934827248, 'mdd_pct': 13.069830039528785, 'n_days': 160}",52.63157894736842,0.7379796397807361,1.0553826934827248,5.481740998949759,14.533670489183192,207
买3/止4,0.03,0.04,yin_or_small_yang,39.130434782608695,23,sz159750,159750,港股科技50ETF招商,A,"{'is_start': '2023-01-02', 'is_end': '2025-12-31', 'oos_start': '2025-01-02', 'oos_end': '2026-09-01'}","{'ret_pct': 47.453196062023714, 'excess_pct': 22.36094513951452, 'sharpe': 0.5245929238233201, 'mdd_pct': 38.692101192823756, 'n_days': 726}","{'ret_pct': 43.95573436349254, 'excess_pct': 34.3354811989356, 'sharpe': 1.063131537466458, 'mdd_pct': 22.781340812091642, 'n_days': 403}",39.130434782608695,0.7375097885669537,1.063131537466458,34.3354811989356,43.95573436349254,208
买2.5/止3.5,0.025,0.035,yin_or_small_yang,45.83333333333333,24,sh561370,561370,中证2000ETF国泰,B,"{'is_start': '2025-01-02', 'is_end': '2025-12-31', 'oos_start': '2026-01-02', 'oos_end': '2026-09-01'}","{'ret_pct': 40.20462819618744, 'excess_pct': -1.5380263124245204, 'sharpe': 1.9506121855966199, 'mdd_pct': 15.747810715748113, 'n_days': 243}","{'ret_pct': 16.132912034584066, 'excess_pct': 14.732351810494436, 'sharpe': 1.1681319088792783, 'mdd_pct': 15.514445795834753, 'n_days': 160}",45.83333333333333,0.737353171495693,1.1681319088792783,14.732351810494436,16.132912034584066,209
sym±2%,0.02,0.02,yin_or_small_yang,35.77981651376147,109,sz159752,159752,新能源ETF申万菱信,A,"{'is_start': '2023-01-02', 'is_end': '2025-12-31', 'oos_start': '2025-01-02', 'oos_end': '2026-09-01'}","{'ret_pct': 11.16348634321811, 'excess_pct': 22.143878500080852, 'sharpe': 0.17345623087371592, 'mdd_pct': 39.386831031087645, 'n_days': 727}","{'ret_pct': 48.88691685936672, 'excess_pct': 23.459566432016317, 'sharpe': 1.3013888991673113, 'mdd_pct': 17.530113135738578, 'n_days': 403}",35.77981651376147,0.7348472983555208,1.3013888991673113,23.459566432016317,48.88691685936672,210
sym±2%,0.02,0.02,yin_or_small_yang,39.63963963963964,111,sh515030,515030,新能源车ETF华夏,A,"{'is_start': '2023-01-02', 'is_end': '2025-12-31', 'oos_start': '2025-01-02', 'oos_end': '2026-09-01'}","{'ret_pct': 92.12096461875281, 'excess_pct': 81.4700770447883, 'sharpe': 1.0843945758162261, 'mdd_pct': 28.18263197111801, 'n_days': 727}","{'ret_pct': 51.28243063462152, 'excess_pct': 11.33442370221249, 'sharpe': 1.325706058199478, 'mdd_pct': 22.249169150053405, 'n_days': 403}",39.63963963963964,0.7348472983555208,1.325706058199478,11.33442370221249,51.28243063462152,211
sym±2%,0.02,0.02,yin_or_small_yang,50.0,40,sz159259,159259,成长ETF易方达,B,"{'is_start': '2025-08-28', 'is_end': '2025-12-31', 'oos_start': '2026-01-02', 'oos_end': '2026-09-01'}","{'ret_pct': 12.797797980947156, 'excess_pct': 10.969116556500568, 'sharpe': 1.801146360926301, 'mdd_pct': 10.08406708117835, 'n_days': 84}","{'ret_pct': 26.903948226824447, 'excess_pct': 1.0086314224167374, 'sharpe': 1.3197264041795136, 'mdd_pct': 18.037249405535995, 'n_days': 160}",50.0,0.7346123727486296,1.3197264041795136,1.0086314224167374,26.903948226824447,212
sym±3%,0.03,0.03,yin_or_small_yang,66.66666666666666,9,sh510900,510900,恒生中国企业ETF易方达,A,"{'is_start': '2023-01-02', 'is_end': '2025-12-31', 'oos_start': '2025-01-02', 'oos_end': '2026-09-01'}","{'ret_pct': 70.10709371411681, 'excess_pct': 29.66319728994911, 'sharpe': 0.9984626715756426, 'mdd_pct': 16.73805660002923, 'n_days': 727}","{'ret_pct': 17.663169791569654, 'excess_pct': 5.564668720905839, 'sharpe': 0.5991157891693567, 'mdd_pct': 24.798002693393386, 'n_days': 403}",66.66666666666666,0.7346123727486296,0.5991157891693567,5.564668720905839,17.663169791569654,213
买2.5/止3.5,0.025,0.035,yin_or_small_yang,45.83333333333333,24,sh513580,513580,恒生科技ETF华安,A,"{'is_start': '2023-01-02', 'is_end': '2025-12-31', 'oos_start': '2025-01-02', 'oos_end': '2026-09-01'}","{'ret_pct': 61.16349410990376, 'excess_pct': 31.055967228183356, 'sharpe': 0.6401154249586265, 'mdd_pct': 36.17997538064878, 'n_days': 727}","{'ret_pct': 28.77715005554149, 'excess_pct': 32.11604821914749, 'sharpe': 0.7080506601000613, 'mdd_pct': 31.517088933738215, 'n_days': 403}",45.83333333333333,0.7342991386061081,0.7080506601000613,32.11604821914749,28.77715005554149,214
买3/止4,0.03,0.04,yin_or_small_yang,42.857142857142854,21,sz159747,159747,香港科技ETF南方,A,"{'is_start': '2023-01-02', 'is_end': '2025-12-31', 'oos_start': '2025-01-02', 'oos_end': '2026-09-01'}","{'ret_pct': 213.67561989548878, 'excess_pct': 60.11072044393484, 'sharpe': 0.7310862136969493, 'mdd_pct': 35.2705638499024, 'n_days': 727}","{'ret_pct': 36.07688976880936, 'excess_pct': 28.93403262595222, 'sharpe': 0.8670573054676294, 'mdd_pct': 21.796130250439717, 'n_days': 403}",42.857142857142854,0.7330462020360219,0.8670573054676294,28.93403262595222,36.07688976880936,215
sym±2.5%,0.025,0.025,yin_or_small_yang,50.0,2,sz159391,159391,大盘价值ETF博时,B,"{'is_start': '2025-04-21', 'is_end': '2025-12-31', 'oos_start': '2026-01-02', 'oos_end': '2026-09-01'}","{'ret_pct': 3.0869863349183957, 'excess_pct': -9.33904916804018, 'sharpe': 0.5683236425299325, 'mdd_pct': 5.996757728171476, 'n_days': 172}","{'ret_pct': 6.811301262393399, 'excess_pct': 9.760130403763744, 'sharpe': 1.2096059152265792, 'mdd_pct': 5.472499487062299, 'n_days': 160}",50.0,0.7318715740015661,1.2096059152265792,9.760130403763744,6.811301262393399,216
买2/止3,0.02,0.03,yin_or_small_yang,40.74074074074074,54,sh588000,588000,科创50ETF华夏,A,"{'is_start': '2023-01-02', 'is_end': '2025-12-31', 'oos_start': '2025-01-02', 'oos_end': '2026-09-01'}","{'ret_pct': 31.061567603361052, 'excess_pct': -7.452606394683944, 'sharpe': 0.38492424538509495, 'mdd_pct': 34.076983425943475, 'n_days': 727}","{'ret_pct': 81.08115891013357, 'excess_pct': 4.96619359794326, 'sharpe': 1.3737752986999023, 'mdd_pct': 26.74265935855178, 'n_days': 403}",40.74074074074074,0.7314800313234142,1.3737752986999023,4.96619359794326,81.08115891013357,217
sym±2%,0.02,0.02,yin_or_small_yang,36.03603603603604,111,sh516850,516850,新能源ETF华夏,A,"{'is_start': '2023-01-02', 'is_end': '2025-12-31', 'oos_start': '2025-01-02', 'oos_end': '2026-09-01'}","{'ret_pct': 8.344084834237675, 'excess_pct': 20.044421534574376, 'sharpe': 0.1326235697001364, 'mdd_pct': 32.693629049642695, 'n_days': 727}","{'ret_pct': 46.469378782840806, 'excess_pct': 17.427890943069688, 'sharpe': 1.3292875987808737, 'mdd_pct': 14.153085625022122, 'n_days': 403}",36.03603603603604,0.7294440093970243,1.3292875987808737,17.427890943069688,46.469378782840806,218
买2/止2.5,0.02,0.025,yin_or_small_yang,56.25,16,sh561790,561790,央企能源ETF博时,B,"{'is_start': '2025-01-02', 'is_end': '2025-12-31', 'oos_start': '2026-01-02', 'oos_end': '2026-09-01'}","{'ret_pct': 13.62836087961048, 'excess_pct': -0.6048806263583284, 'sharpe': 1.4283419038954248, 'mdd_pct': 8.46562068409067, 'n_days': 243}","{'ret_pct': 7.690488120529104, 'excess_pct': 6.658742088783076, 'sharpe': 0.90114045111213, 'mdd_pct': 11.298159676216867, 'n_days': 160}",56.25,0.7267815191855912,0.90114045111213,6.658742088783076,7.690488120529104,219
买3/止2.5,0.03,0.025,yin_or_small_yang,45.33333333333333,75,sz159796,159796,电池ETF汇添富,A,"{'is_start': '2023-01-02', 'is_end': '2025-12-31', 'oos_start': '2025-01-02', 'oos_end': '2026-09-01'}","{'ret_pct': 90.00215298375703, 'excess_pct': 77.90169636275246, 'sharpe': 1.0940135865882752, 'mdd_pct': 24.747750374457457, 'n_days': 727}","{'ret_pct': 50.44086464861144, 'excess_pct': 1.0692308963673014, 'sharpe': 1.2853595798096955, 'mdd_pct': 12.088761137361681, 'n_days': 403}",45.33333333333333,0.7229444009397024,1.2853595798096955,1.0692308963673014,50.44086464861144,220
买2/止2.5,0.02,0.025,yin_or_small_yang,54.54545454545454,11,sz159980,159980,有色ETF大成,A,"{'is_start': '2023-01-02', 'is_end': '2025-12-31', 'oos_start': '2025-01-02', 'oos_end': '2026-09-01'}","{'ret_pct': 57.112810938549785, 'excess_pct': 31.102709928448746, 'sharpe': 2.001077928391178, 'mdd_pct': 2.680202078513516, 'n_days': 727}","{'ret_pct': 31.007234353276438, 'excess_pct': -1.8762012295456358, 'sharpe': 1.1302201834048897, 'mdd_pct': 12.495068143544819, 'n_days': 403}",54.54545454545454,0.7223962411902898,1.1302201834048897,-1.8762012295456358,31.007234353276438,221
sym±2%,0.02,0.02,yin_or_small_yang,43.90243902439025,123,sh516190,516190,传媒ETF华夏,A,"{'is_start': '2023-01-02', 'is_end': '2025-12-31', 'oos_start': '2025-01-02', 'oos_end': '2026-09-01'}","{'ret_pct': 123.66810842930374, 'excess_pct': 79.77986628727814, 'sharpe': 1.3490079602363267, 'mdd_pct': 27.603771336902692, 'n_days': 727}","{'ret_pct': 31.15819341314694, 'excess_pct': 22.815947423842143, 'sharpe': 0.7830190147989035, 'mdd_pct': 22.45368119405795, 'n_days': 403}",43.90243902439025,0.7223179326546594,0.7830190147989035,22.815947423842143,31.15819341314694,222
sym±2.5%仅阴,0.025,0.025,yin_only,36.58536585365854,41,sz159977,159977,创业板ETF天弘,A,"{'is_start': '2023-01-02', 'is_end': '2025-12-31', 'oos_start': '2025-01-02', 'oos_end': '2026-09-01'}","{'ret_pct': 77.231947104064, 'excess_pct': 107.52483413335271, 'sharpe': 0.8432581935809604, 'mdd_pct': 28.178603965967774, 'n_days': 727}","{'ret_pct': 38.468718933568226, 'excess_pct': 53.90052638991557, 'sharpe': 0.9896300736644812, 'mdd_pct': 20.351379853430064, 'n_days': 403}",36.58536585365854,0.7216914643696163,0.9896300736644812,53.90052638991557,38.468718933568226,223
买2/止3,0.02,0.03,yin_or_small_yang,46.15384615384615,52,sz159671,159671,稀有金属ETF工银,B,"{'is_start': '2025-01-02', 'is_end': '2025-12-31', 'oos_start': '2026-01-02', 'oos_end': '2026-09-01'}","{'ret_pct': 107.01419106096131, 'excess_pct': 10.33745390084043, 'sharpe': 3.6335055643412555, 'mdd_pct': 16.656884714527, 'n_days': 243}","{'ret_pct': 18.84264398083142, 'excess_pct': 16.746835597597887, 'sharpe': 0.8343639554887693, 'mdd_pct': 17.503826752937357, 'n_days': 160}",46.15384615384615,0.7212216131558341,0.8343639554887693,16.746835597597887,18.84264398083142,224
sym±2.5%仅阴,0.025,0.025,yin_only,54.166666666666664,48,sh588280,588280,科创50ETF华安,A,"{'is_start': '2023-01-02', 'is_end': '2025-12-31', 'oos_start': '2025-01-02', 'oos_end': '2026-09-01'}","{'ret_pct': 137.0753745314825, 'excess_pct': 100.27762172249373, 'sharpe': 1.45683733703458, 'mdd_pct': 13.448358972583485, 'n_days': 727}","{'ret_pct': 67.19901606970278, 'excess_pct': -7.7648044802248535, 'sharpe': 1.4886921974387244, 'mdd_pct': 14.297990608046241, 'n_days': 403}",54.166666666666664,0.7205951448707909,1.4886921974387244,-7.7648044802248535,67.19901606970278,225
sym±2%,0.02,0.02,yin_or_small_yang,38.53211009174312,109,sh516090,516090,新能源ETF易方达,A,"{'is_start': '2023-01-02', 'is_end': '2025-12-31', 'oos_start': '2025-01-02', 'oos_end': '2026-09-01'}","{'ret_pct': 51.4299376404739, 'excess_pct': 59.7769098172333, 'sharpe': 0.735467595385789, 'mdd_pct': 31.601912738443772, 'n_days': 727}","{'ret_pct': 43.43664212084624, 'excess_pct': 13.141735954626398, 'sharpe': 1.2487136255200493, 'mdd_pct': 10.982910937688528, 'n_days': 403}",38.53211009174312,0.7204385277995302,1.2487136255200493,13.141735954626398,43.43664212084624,226
买2/止2.5,0.02,0.025,yin_or_small_yang,54.54545454545454,33,sh560880,560880,家电ETF广发,A,"{'is_start': '2023-01-02', 'is_end': '2025-12-31', 'oos_start': '2025-01-02', 'oos_end': '2026-09-01'}","{'ret_pct': 113.2076382090947, 'excess_pct': 55.511607231359946, 'sharpe': 1.7671197411456219, 'mdd_pct': 11.236747827096238, 'n_days': 727}","{'ret_pct': 16.968272013522757, 'excess_pct': 6.343720685453858, 'sharpe': 0.7151815490770292, 'mdd_pct': 12.806996607774323, 'n_days': 403}",54.54545454545454,0.7203602192638998,0.7151815490770292,6.343720685453858,16.968272013522757,227
sym±2.5%仅阴,0.025,0.025,yin_only,39.682539682539684,63,sh517200,517200,互联网ETF嘉实,A,"{'is_start': '2023-01-02', 'is_end': '2025-12-31', 'oos_start': '2025-01-02', 'oos_end': '2026-09-01'}","{'ret_pct': 93.946476044366, 'excess_pct': 59.791546466901174, 'sharpe': 1.2407185006217527, 'mdd_pct': 24.354620217871968, 'n_days': 727}","{'ret_pct': 32.45655665651961, 'excess_pct': 36.804382743476125, 'sharpe': 0.9506669347070467, 'mdd_pct': 21.45653947857451, 'n_days': 403}",39.682539682539684,0.7202819107282694,0.9506669347070467,36.804382743476125,32.45655665651961,228
买2/止3,0.02,0.03,yin_or_small_yang,38.666666666666664,75,sz159819,159819,人工智能ETF易方达,A,"{'is_start': '2023-01-02', 'is_end': '2025-12-31', 'oos_start': '2025-01-02', 'oos_end': '2026-09-01'}","{'ret_pct': 162.9904469636241, 'excess_pct': 42.55879228736511, 'sharpe': 1.298558216521441, 'mdd_pct': 43.479157591252935, 'n_days': 727}","{'ret_pct': 105.63832674998994, 'excess_pct': 1.7437104842396707, 'sharpe': 1.7660594383235773, 'mdd_pct': 27.144433452335214, 'n_days': 403}",38.666666666666664,0.7193422083007047,1.7660594383235773,1.7437104842396707,105.63832674998994,229
买2.5/止3.5,0.025,0.035,yin_or_small_yang,66.66666666666666,9,sz159612,159612,标普500ETF国泰,A,"{'is_start': '2023-01-02', 'is_end': '2025-12-31', 'oos_start': '2025-01-02', 'oos_end': '2026-09-01'}","{'ret_pct': 70.84685070249519, 'excess_pct': -18.63747690114485, 'sharpe': 0.9921324543744602, 'mdd_pct': 17.920231460954394, 'n_days': 725}","{'ret_pct': 20.507404840717737, 'excess_pct': 3.7938426572624593, 'sharpe': 0.5143967843594093, 'mdd_pct': 17.920231460954394, 'n_days': 401}",66.66666666666666,0.717541111981206,0.5143967843594093,3.7938426572624593,20.507404840717737,230
sym±2.5%,0.025,0.025,yin_or_small_yang,42.10526315789473,95,sh515400,515400,大数据ETF富国,A,"{'is_start': '2023-01-02', 'is_end': '2025-12-31', 'oos_start': '2025-01-02', 'oos_end': '2026-09-01'}","{'ret_pct': 112.71011665305024, 'excess_pct': 93.39626658951782, 'sharpe': 1.0819158149231982, 'mdd_pct': 38.34068104476863, 'n_days': 727}","{'ret_pct': 36.184639132321884, 'excess_pct': 24.515881290414733, 'sharpe': 0.8057152430962933, 'mdd_pct': 27.69927282109125, 'n_days': 403}",42.10526315789473,0.7173061863743148,0.8057152430962933,24.515881290414733,36.184639132321884,231
买2/止3,0.02,0.03,yin_or_small_yang,60.0,15,sz159219,159219,深证100ETF融通,B,"{'is_start': '2025-05-13', 'is_end': '2025-12-31', 'oos_start': '2026-01-02', 'oos_end': '2026-09-01'}","{'ret_pct': 45.430079345363225, 'excess_pct': 15.942899858183754, 'sharpe': 4.426025474739027, 'mdd_pct': 8.392829025002868, 'n_days': 160}","{'ret_pct': 9.600961636404826, 'excess_pct': 7.12905152404526, 'sharpe': 0.6652658005073089, 'mdd_pct': 22.379035735861684, 'n_days': 160}",60.0,0.7170712607674237,0.6652658005073089,7.12905152404526,9.600961636404826,232
sym±3%,0.03,0.03,yin_or_small_yang,46.15384615384615,13,sz159619,159619,基建ETF国泰,A,"{'is_start': '2023-01-02', 'is_end': '2025-12-31', 'oos_start': '2025-01-02', 'oos_end': '2026-09-01'}","{'ret_pct': 65.8051794217994, 'excess_pct': 43.10436452075166, 'sharpe': 1.1340216605360596, 'mdd_pct': 15.26773304580299, 'n_days': 727}","{'ret_pct': 15.72270531727018, 'excess_pct': 15.828975242881237, 'sharpe': 0.8797693572676377, 'mdd_pct': 7.2149770292143645, 'n_days': 403}",46.15384615384615,0.7159749412685983,0.8797693572676377,15.828975242881237,15.72270531727018,233
买2/止2.5,0.02,0.025,yin_or_small_yang,70.0,10,sh561580,561580,央企红利ETF华泰柏瑞,B,"{'is_start': '2025-01-02', 'is_end': '2025-12-31', 'oos_start': '2026-01-02', 'oos_end': '2026-09-01'}","{'ret_pct': 9.096538292763423, 'excess_pct': 3.8556253595428025, 'sharpe': 1.0869922702666732, 'mdd_pct': 7.384183117104348, 'n_days': 243}","{'ret_pct': 6.698877447381868, 'excess_pct': 3.959151419984619, 'sharpe': 0.7783976110724568, 'mdd_pct': 13.032752175535478, 'n_days': 160}",70.0,0.7158966327329679,0.7783976110724568,3.959151419984619,6.698877447381868,234
sym±2.5%仅阴,0.025,0.025,yin_only,57.89473684210527,19,sh589770,589770,科创综指ETF招商,B,"{'is_start': '2025-03-05', 'is_end': '2025-12-31', 'oos_start': '2026-01-02', 'oos_end': '2026-09-01'}","{'ret_pct': 59.790607777692806, 'excess_pct': 28.69060777769281, 'sharpe': 4.018775005742161, 'mdd_pct': 9.289988718477648, 'n_days': 205}","{'ret_pct': 16.995553925300722, 'excess_pct': -1.6073872511698646, 'sharpe': 1.1392115209273441, 'mdd_pct': 10.132311406937278, 'n_days': 160}",57.89473684210527,0.7141738449490995,1.1392115209273441,-1.6073872511698646,16.995553925300722,235
sym±3%,0.03,0.03,yin_or_small_yang,45.94594594594595,37,sz159856,159856,互联网龙头ETF工银,A,"{'is_start': '2023-01-02', 'is_end': '2025-12-31', 'oos_start': '2025-01-02', 'oos_end': '2026-09-01'}","{'ret_pct': 45.311159015265325, 'excess_pct': 9.815663519769856, 'sharpe': 0.5588601534174711, 'mdd_pct': 40.29237561933869, 'n_days': 727}","{'ret_pct': 22.375745872002817, 'excess_pct': 27.083538079795023, 'sharpe': 0.626364232921352, 'mdd_pct': 19.568889060113914, 'n_days': 403}",45.94594594594595,0.714095536413469,0.626364232921352,27.083538079795023,22.375745872002817,236
买2/止2.5,0.02,0.025,yin_or_small_yang,52.17391304347826,23,sh562340,562340,中证500成长ETF银华,B,"{'is_start': '2025-01-02', 'is_end': '2025-12-31', 'oos_start': '2026-01-02', 'oos_end': '2026-09-01'}","{'ret_pct': 32.96074505651943, 'excess_pct': 1.5380224362533, 'sharpe': 2.168778622200447, 'mdd_pct': 8.747846121028891, 'n_days': 242}","{'ret_pct': 14.196416633637977, 'excess_pct': 2.9234104986686447, 'sharpe': 1.0035151166598406, 'mdd_pct': 10.964153974806855, 'n_days': 160}",52.17391304347826,0.713469068128426,1.0035151166598406,2.9234104986686447,14.196416633637977,237
sym±2.5%不限前日,0.025,0.025,any,66.66666666666666,3,sz159126,159126,港股通50ETF南方,B,"{'is_start': '2025-11-03', 'is_end': '2025-12-31', 'oos_start': '2026-01-02', 'oos_end': '2026-09-01'}","{'ret_pct': -3.0610111781049554, 'excess_pct': 0.16479527350795609, 'sharpe': -1.3297115208290609, 'mdd_pct': 7.02139376740779, 'n_days': 43}","{'ret_pct': 4.67777078245557, 'excess_pct': 8.734565914301406, 'sharpe': 0.6084448865831291, 'mdd_pct': 3.933347990248348, 'n_days': 160}",66.66666666666666,0.7132341425215348,0.6084448865831291,8.734565914301406,4.67777078245557,238
买2.5/止3.5,0.025,0.035,yin_or_small_yang,52.94117647058824,17,sz159628,159628,国证2000ETF万家,A,"{'is_start': '2023-01-02', 'is_end': '2025-12-31', 'oos_start': '2025-01-02', 'oos_end': '2026-09-01'}","{'ret_pct': 50.1187907491697, 'excess_pct': 9.575426067873984, 'sharpe': 0.6525493746724166, 'mdd_pct': 25.594782973346884, 'n_days': 727}","{'ret_pct': 41.1525242653783, 'excess_pct': -3.9756808628268274, 'sharpe': 1.1427825151654032, 'mdd_pct': 15.848325833127962, 'n_days': 403}",52.94117647058824,0.7084573218480814,1.1427825151654032,-3.9756808628268274,41.1525242653783,239
sym±2.5%仅阴,0.025,0.025,yin_only,44.642857142857146,56,sz159713,159713,稀土ETF富国,A,"{'is_start': '2023-01-02', 'is_end': '2025-12-31', 'oos_start': '2025-01-02', 'oos_end': '2026-09-01'}","{'ret_pct': 119.53948707061079, 'excess_pct': 54.04830319151759, 'sharpe': 1.3696779536549704, 'mdd_pct': 19.351473479227355, 'n_days': 727}","{'ret_pct': 77.02211022478012, 'excess_pct': -2.9498785707381074, 'sharpe': 1.5739723395212382, 'mdd_pct': 17.800040748106117, 'n_days': 403}",44.642857142857146,0.7077525450274079,1.5739723395212382,-2.9498785707381074,77.02211022478012,240
sym±2%,0.02,0.02,yin_or_small_yang,46.15384615384615,104,sh512400,512400,有色金属ETF南方,A,"{'is_start': '2023-01-02', 'is_end': '2025-12-31', 'oos_start': '2025-01-02', 'oos_end': '2026-09-01'}","{'ret_pct': 87.04970748078209, 'excess_pct': 10.584506015580587, 'sharpe': 1.1531758559503789, 'mdd_pct': 23.552856729689797, 'n_days': 727}","{'ret_pct': 96.8485315125804, 'excess_pct': -5.955206805176601, 'sharpe': 1.8868850790246177, 'mdd_pct': 14.601668395407131, 'n_days': 403}",46.15384615384615,0.7065779169929522,1.8868850790246177,-5.955206805176601,96.8485315125804,241
买3/止2.5,0.03,0.025,yin_or_small_yang,57.14285714285714,14,sz159278,159278,机器人ETF鹏华,B,"{'is_start': '2025-08-12', 'is_end': '2025-12-31', 'oos_start': '2026-01-02', 'oos_end': '2026-09-01'}","{'ret_pct': 11.614640768697582, 'excess_pct': 1.2799950994062392, 'sharpe': 2.076293843617191, 'mdd_pct': 5.233908387364606, 'n_days': 96}","{'ret_pct': 5.826401643870227, 'excess_pct': 21.462444046697073, 'sharpe': 0.3847878326263241, 'mdd_pct': 22.58533714724369, 'n_days': 160}",57.14285714285714,0.7063429913860612,0.3847878326263241,21.462444046697073,5.826401643870227,242
sym±2.5%仅阴,0.025,0.025,yin_only,36.206896551724135,58,sz159636,159636,港股通科技30ETF工银,A,"{'is_start': '2023-01-02', 'is_end': '2025-12-31', 'oos_start': '2025-01-02', 'oos_end': '2026-09-01'}","{'ret_pct': 32.099799918261354, 'excess_pct': 62.91807834546645, 'sharpe': 0.4879966757586176, 'mdd_pct': 24.80807970534299, 'n_days': 727}","{'ret_pct': 30.609281646990596, 'excess_pct': 79.23132889108507, 'sharpe': 0.9150323283159769, 'mdd_pct': 18.85980114016309, 'n_days': 403}",36.206896551724135,0.706342991386061,0.9150323283159769,79.23132889108507,30.609281646990596,243
sym±2.5%,0.025,0.025,yin_or_small_yang,48.148148148148145,27,sh510270,510270,国企ETF中银,A,"{'is_start': '2023-01-02', 'is_end': '2025-12-31', 'oos_start': '2025-01-02', 'oos_end': '2026-09-01'}","{'ret_pct': 17.856646740811712, 'excess_pct': -7.2469158109695435, 'sharpe': 0.5104353434656692, 'mdd_pct': 12.354453993061254, 'n_days': 727}","{'ret_pct': 19.029927936655344, 'excess_pct': 0.10895529227845557, 'sharpe': 1.369904155852149, 'mdd_pct': 4.737568052973529, 'n_days': 403}",48.148148148148145,0.7062646828504308,1.369904155852149,0.10895529227845557,19.029927936655344,244
买2/止2.5,0.02,0.025,yin_or_small_yang,33.33333333333333,21,sz159687,159687,亚太精选ETF南方,A,"{'is_start': '2023-01-02', 'is_end': '2025-12-31', 'oos_start': '2025-01-02', 'oos_end': '2026-09-01'}","{'ret_pct': 55.20844766212161, 'excess_pct': -2.2557650168150403, 'sharpe': 0.9131802326984245, 'mdd_pct': 15.952445885620714, 'n_days': 724}","{'ret_pct': 56.30670888171794, 'excess_pct': 10.030956108342323, 'sharpe': 1.3297747557289408, 'mdd_pct': 18.640370481848258, 'n_days': 400}",33.33333333333333,0.7058731401722788,1.3297747557289408,10.030956108342323,56.30670888171794,245
买3/止2.5,0.03,0.025,yin_or_small_yang,44.44444444444444,36,sz159745,159745,建材ETF国泰,A,"{'is_start': '2023-01-02', 'is_end': '2025-12-31', 'oos_start': '2025-01-02', 'oos_end': '2026-09-01'}","{'ret_pct': -4.08213839321917, 'excess_pct': 12.349183814739751, 'sharpe': -0.07525145929520802, 'mdd_pct': 32.34149360413301, 'n_days': 727}","{'ret_pct': 19.626814224321265, 'excess_pct': 26.385913011149675, 'sharpe': 0.7165703416738487, 'mdd_pct': 9.489672300585672, 'n_days': 403}",44.44444444444444,0.7046202036021927,0.7165703416738487,26.385913011149675,19.626814224321265,246
买3/止2.5,0.03,0.025,yin_or_small_yang,54.54545454545454,22,sh512100,512100,中证1000ETF南方,A,"{'is_start': '2023-01-02', 'is_end': '2025-12-31', 'oos_start': '2025-01-02', 'oos_end': '2026-09-01'}","{'ret_pct': 52.91573010222077, 'excess_pct': 32.82992667008349, 'sharpe': 1.0413290350100355, 'mdd_pct': 24.271054386053915, 'n_days': 727}","{'ret_pct': 29.974618890333883, 'excess_pct': -3.740880048095004, 'sharpe': 1.1497046673303786, 'mdd_pct': 16.506899609286705, 'n_days': 403}",54.54545454545454,0.7041503523884104,1.1497046673303786,-3.740880048095004,29.974618890333883,247
买2/止3,0.02,0.03,yin_or_small_yang,61.53846153846154,13,sz159519,159519,港股国企ETF国泰,B,"{'is_start': '2025-01-02', 'is_end': '2025-12-31', 'oos_start': '2026-01-02', 'oos_end': '2026-09-01'}","{'ret_pct': 18.71268639342589, 'excess_pct': -9.229606696931004, 'sharpe': 1.267866520175703, 'mdd_pct': 11.948795040427395, 'n_days': 243}","{'ret_pct': 6.357846861377481, 'excess_pct': 0.38245143079753685, 'sharpe': 0.9946093348490732, 'mdd_pct': 6.9116543126529155, 'n_days': 160}",61.53846153846154,0.7038371182458888,0.9946093348490732,0.38245143079753685,6.357846861377481,248
买2.5/止3.5,0.025,0.035,yin_or_small_yang,71.42857142857143,7,sh560520,560520,红利低波100ETF大成,B,"{'is_start': '2025-01-02', 'is_end': '2025-12-31', 'oos_start': '2026-01-02', 'oos_end': '2026-09-01'}","{'ret_pct': 13.331816945347574, 'excess_pct': 8.16264401301674, 'sharpe': 1.351822520436379, 'mdd_pct': 4.850162355115939, 'n_days': 243}","{'ret_pct': 3.9053434475305515, 'excess_pct': 5.6910577332448415, 'sharpe': 0.6158062200719038, 'mdd_pct': 7.378257353906048, 'n_days': 160}",71.42857142857143,0.7033672670321065,0.6158062200719038,5.6910577332448415,3.9053434475305515,249
买3/止2.5,0.03,0.025,yin_or_small_yang,58.82352941176471,17,sz159975,159975,深100ETF招商,A,"{'is_start': '2023-01-02', 'is_end': '2025-12-31', 'oos_start': '2025-01-02', 'oos_end': '2026-09-01'}","{'ret_pct': 35.300867399198424, 'excess_pct': 11.027363125694148, 'sharpe': 0.7426977049128423, 'mdd_pct': 28.301772110587407, 'n_days': 727}","{'ret_pct': 28.429496735783832, 'excess_pct': -8.460195850111287, 'sharpe': 1.5987072904994626, 'mdd_pct': 7.084813156849612, 'n_days': 403}",58.82352941176471,0.7032889584964761,1.5987072904994626,-8.460195850111287,28.429496735783832,250
买2/止3,0.02,0.03,yin_or_small_yang,42.857142857142854,14,sh515360,515360,沪深300ETF方正富邦,A,"{'is_start': '2023-01-02', 'is_end': '2025-12-31', 'oos_start': '2025-01-02', 'oos_end': '2026-09-01'}","{'ret_pct': 34.30842439927999, 'excess_pct': 3.2219052845918768, 'sharpe': 0.6836559083054405, 'mdd_pct': 19.935254489393873, 'n_days': 723}","{'ret_pct': 33.67670305126968, 'excess_pct': 1.9202082858567273, 'sharpe': 1.4998411412859953, 'mdd_pct': 7.479239555687178, 'n_days': 400}",42.857142857142854,0.7028974158183241,1.4998411412859953,1.9202082858567273,33.67670305126968,251
sym±3%,0.03,0.03,yin_or_small_yang,60.46511627906976,43,sz159310,159310,芯片ETF天弘,B,"{'is_start': '2025-01-02', 'is_end': '2025-12-31', 'oos_start': '2026-01-02', 'oos_end': '2026-09-01'}","{'ret_pct': 57.61429156671682, 'excess_pct': 7.577927930353212, 'sharpe': 2.209094883299588, 'mdd_pct': 11.86317317031268, 'n_days': 243}","{'ret_pct': 27.79490766190287, 'excess_pct': -5.631147043706775, 'sharpe': 1.1912421660937933, 'mdd_pct': 23.597378962312487, 'n_days': 160}",60.46511627906976,0.7028191072826938,1.1912421660937933,-5.631147043706775,27.79490766190287,252
sym±2.5%仅阴,0.025,0.025,yin_only,52.94117647058824,17,sz159283,159283,通用航空ETF南方,B,"{'is_start': '2025-08-21', 'is_end': '2025-12-31', 'oos_start': '2026-01-02', 'oos_end': '2026-09-01'}","{'ret_pct': 20.0215046394592, 'excess_pct': 3.2389822958643464, 'sharpe': 4.083603989419281, 'mdd_pct': 3.755685669268194, 'n_days': 89}","{'ret_pct': 6.377290606620822, 'excess_pct': 34.191860143044664, 'sharpe': 0.3390394280652346, 'mdd_pct': 20.222419076881593, 'n_days': 160}",52.94117647058824,0.7021926389976507,0.3390394280652346,34.191860143044664,6.377290606620822,253
买3/止4,0.03,0.04,yin_or_small_yang,39.39393939393939,33,sz159775,159775,电池ETF建信,A,"{'is_start': '2023-01-02', 'is_end': '2025-12-31', 'oos_start': '2025-01-02', 'oos_end': '2026-09-01'}","{'ret_pct': 44.43416020409341, 'excess_pct': 26.662276914968718, 'sharpe': 0.47651105500836033, 'mdd_pct': 45.69807869484328, 'n_days': 727}","{'ret_pct': 54.652704008038434, 'excess_pct': 8.048930423132795, 'sharpe': 1.0853912737332203, 'mdd_pct': 21.29623714140272, 'n_days': 403}",39.39393939393939,0.7021143304620203,1.0853912737332203,8.048930423132795,54.652704008038434,254
sym±2.5%仅阴,0.025,0.025,yin_only,40.27777777777778,72,sh512720,512720,计算机ETF国泰,A,"{'is_start': '2023-01-02', 'is_end': '2025-12-31', 'oos_start': '2025-01-02', 'oos_end': '2026-09-01'}","{'ret_pct': 97.8510518788825, 'excess_pct': 89.02484623739025, 'sharpe': 1.0687885155377184, 'mdd_pct': 30.34297734178014, 'n_days': 727}","{'ret_pct': 36.920832318972785, 'excess_pct': 16.037298182426607, 'sharpe': 0.8862096758436551, 'mdd_pct': 19.882566448607207, 'n_days': 403}",40.27777777777778,0.7013312451057165,0.8862096758436551,16.037298182426607,36.920832318972785,255
sym±3%,0.03,0.03,yin_or_small_yang,41.02564102564102,39,sh513590,513590,港股通消费ETF鹏华,A,"{'is_start': '2023-01-02', 'is_end': '2025-12-31', 'oos_start': '2025-01-02', 'oos_end': '2026-09-01'}","{'ret_pct': 45.822751384987924, 'excess_pct': 26.008921597753876, 'sharpe': 0.7873850411373634, 'mdd_pct': 23.223150309446027, 'n_days': 727}","{'ret_pct': 21.10207944150857, 'excess_pct': 21.621559960989092, 'sharpe': 0.9861234530432963, 'mdd_pct': 10.289232600410214, 'n_days': 403}",41.02564102564102,0.7012529365700861,0.9861234530432963,21.621559960989092,21.10207944150857,256
买3/止2.5,0.03,0.025,yin_or_small_yang,55.38461538461539,65,sh515790,515790,光伏ETF华泰柏瑞,A,"{'is_start': '2023-01-02', 'is_end': '2025-12-31', 'oos_start': '2025-01-02', 'oos_end': '2026-09-01'}","{'ret_pct': 32.57556545032267, 'excess_pct': 63.614991973620164, 'sharpe': 0.45669268347925496, 'mdd_pct': 23.10531561649035, 'n_days': 727}","{'ret_pct': 18.415724533859045, 'excess_pct': 5.560514790963243, 'sharpe': 0.5037202988335719, 'mdd_pct': 25.154023695622072, 'n_days': 403}",55.38461538461539,0.7009397024275645,0.5037202988335719,5.560514790963243,18.415724533859045,257
sym±2.5%不限前日,0.025,0.025,any,50.0,42,sh588790,588790,科创AIETF博时,B,"{'is_start': '2025-01-09', 'is_end': '2025-12-31', 'oos_start': '2026-01-02', 'oos_end': '2026-09-01'}","{'ret_pct': 59.37078093651134, 'excess_pct': 82.93455893066907, 'sharpe': 2.2557827443247453, 'mdd_pct': 15.21241999543388, 'n_days': 238}","{'ret_pct': 12.298566417366551, 'excess_pct': 13.636765930748517, 'sharpe': 0.6156472676831818, 'mdd_pct': 19.332322262648827, 'n_days': 160}",50.0,0.7002349256068912,0.6156472676831818,13.636765930748517,12.298566417366551,258
买3/止4,0.03,0.04,yin_or_small_yang,36.36363636363637,11,sz159711,159711,港股通50ETF华夏,A,"{'is_start': '2023-01-02', 'is_end': '2025-12-31', 'oos_start': '2025-01-02', 'oos_end': '2026-09-01'}","{'ret_pct': 56.27142734934323, 'excess_pct': 13.875594016009863, 'sharpe': 0.8901317442930409, 'mdd_pct': 22.84695005595372, 'n_days': 726}","{'ret_pct': 38.07221562053469, 'excess_pct': 11.134597473086675, 'sharpe': 1.3068681729400107, 'mdd_pct': 13.341719896593872, 'n_days': 403}",36.36363636363637,0.7001566170712608,1.3068681729400107,11.134597473086675,38.07221562053469,259
sym±2.5%仅阴,0.025,0.025,yin_only,47.82608695652174,46,sh515220,515220,煤炭ETF国泰,A,"{'is_start': '2023-01-02', 'is_end': '2025-12-31', 'oos_start': '2025-01-02', 'oos_end': '2026-09-01'}","{'ret_pct': -3.6453467453072874, 'excess_pct': 48.40689206066287, 'sharpe': -0.07928555864549494, 'mdd_pct': 26.459704788948603, 'n_days': 727}","{'ret_pct': 30.0873341640467, 'excess_pct': 4.814606891319453, 'sharpe': 0.7863056766738394, 'mdd_pct': 15.087569040029535, 'n_days': 403}",47.82608695652174,0.6996084573218481,0.7863056766738394,4.814606891319453,30.0873341640467,260
sym±2.5%仅阴,0.025,0.025,yin_only,32.5,40,sh513050,513050,中概互联网ETF易方达,A,"{'is_start': '2023-01-02', 'is_end': '2025-12-31', 'oos_start': '2025-01-02', 'oos_end': '2026-09-01'}","{'ret_pct': 72.47719839837019, 'excess_pct': 33.02852919684926, 'sharpe': 0.9347605204957374, 'mdd_pct': 25.090100497795298, 'n_days': 727}","{'ret_pct': 38.721156269257364, 'excess_pct': 45.95007193190796, 'sharpe': 0.9486966916720004, 'mdd_pct': 26.478898031652975, 'n_days': 403}",32.5,0.6991386061080657,0.9486966916720004,45.95007193190796,38.721156269257364,261
sym±2%,0.02,0.02,yin_or_small_yang,47.91666666666667,48,sh560010,560010,中证1000ETF广发,A,"{'is_start': '2023-01-02', 'is_end': '2025-12-31', 'oos_start': '2025-01-02', 'oos_end': '2026-09-01'}","{'ret_pct': 55.38471653703674, 'excess_pct': 33.20588014500238, 'sharpe': 0.9680367270821576, 'mdd_pct': 21.08488255654527, 'n_days': 727}","{'ret_pct': 36.06963771353173, 'excess_pct': -0.8527870427209123, 'sharpe': 1.1811549607252025, 'mdd_pct': 17.468936209438514, 'n_days': 403}",47.91666666666667,0.6985121378230227,1.1811549607252025,-0.8527870427209123,36.06963771353173,262
sym±3%,0.03,0.03,yin_or_small_yang,53.333333333333336,30,sh588450,588450,科创50增强ETF招商,B,"{'is_start': '2025-01-02', 'is_end': '2025-12-31', 'oos_start': '2026-01-02', 'oos_end': '2026-09-01'}","{'ret_pct': 31.685053506752702, 'excess_pct': -8.460342292924203, 'sharpe': 1.2753325726097953, 'mdd_pct': 15.404259611881411, 'n_days': 243}","{'ret_pct': 19.860776252887913, 'excess_pct': -1.7653299418023387, 'sharpe': 1.087013883848204, 'mdd_pct': 14.944243145990965, 'n_days': 160}",53.333333333333336,0.6985121378230226,1.087013883848204,-1.7653299418023387,19.860776252887913,263
买2/止3,0.02,0.03,yin_or_small_yang,52.63157894736842,19,sz159258,159258,机器人ETF南方,B,"{'is_start': '2025-08-01', 'is_end': '2025-12-31', 'oos_start': '2026-01-02', 'oos_end': '2026-09-01'}","{'ret_pct': 11.531150576272008, 'excess_pct': -3.388204262437668, 'sharpe': 1.374189095759554, 'mdd_pct': 13.764075869565694, 'n_days': 103}","{'ret_pct': 9.396438157593678, 'excess_pct': 14.310231261041938, 'sharpe': 0.4976960462402823, 'mdd_pct': 19.121570095085783, 'n_days': 160}",52.63157894736842,0.698355520751762,0.4976960462402823,14.310231261041938,9.396438157593678,264
买2.5/止3.5,0.025,0.035,yin_or_small_yang,46.666666666666664,15,sh588550,588550,科创综指增强ETF易方达,B,"{'is_start': '2025-09-12', 'is_end': '2025-12-31', 'oos_start': '2026-01-02', 'oos_end': '2026-09-01'}","{'ret_pct': -1.766257100352009, 'excess_pct': -5.048110382205295, 'sharpe': -0.2589638780369989, 'mdd_pct': 12.68656903951656, 'n_days': 73}","{'ret_pct': 24.354629604125577, 'excess_pct': 0.6609359104319026, 'sharpe': 1.2208376234018148, 'mdd_pct': 25.89441563866528, 'n_days': 160}",46.666666666666664,0.6982772122161316,1.2208376234018148,0.6609359104319026,24.354629604125577,265
买2/止2.5,0.02,0.025,yin_or_small_yang,100.0,4,sh512370,512370,A500增强ETF华夏,B,"{'is_start': '2025-08-18', 'is_end': '2025-12-31', 'oos_start': '2026-01-02', 'oos_end': '2026-09-01'}","{'ret_pct': 3.8913956835840313, 'excess_pct': -6.443249985707311, 'sharpe': 1.0508192337607425, 'mdd_pct': 3.9473113155589545, 'n_days': 92}","{'ret_pct': 5.601047011889437, 'excess_pct': -0.7202874920614111, 'sharpe': 0.915970940312154, 'mdd_pct': 5.877633417648176, 'n_days': 160}",100.0,0.6981205951448709,0.915970940312154,-0.7202874920614111,5.601047011889437,266
sym±3%,0.03,0.03,yin_or_small_yang,63.63636363636363,11,sh510510,510510,中证500ETF广发,A,"{'is_start': '2023-01-02', 'is_end': '2025-12-31', 'oos_start': '2025-01-02', 'oos_end': '2026-09-01'}","{'ret_pct': 57.308109927919126, 'excess_pct': 25.436927251628184, 'sharpe': 1.0317332392993184, 'mdd_pct': 17.69864024999802, 'n_days': 727}","{'ret_pct': 39.69736809298021, 'excess_pct': -9.122436167238554, 'sharpe': 1.1940195699921548, 'mdd_pct': 13.580095313297846, 'n_days': 403}",63.63636363636363,0.6978073610023493,1.1940195699921548,-9.122436167238554,39.69736809298021,267
sym±2%,0.02,0.02,yin_or_small_yang,72.0,25,sz159518,159518,标普油气ETF嘉实,B,"{'is_start': '2025-01-02', 'is_end': '2025-12-31', 'oos_start': '2026-01-02', 'oos_end': '2026-09-01'}","{'ret_pct': -7.698946300567622, 'excess_pct': 0.8051520600881101, 'sharpe': -0.3192581207595279, 'mdd_pct': 37.065676440246364, 'n_days': 241}","{'ret_pct': 28.17705663086867, 'excess_pct': -11.010649186914009, 'sharpe': 1.4097161809091192, 'mdd_pct': 24.926715146725453, 'n_days': 160}",72.0,0.6958496476115897,1.4097161809091192,-11.010649186914009,28.17705663086867,268
买3/止2.5,0.03,0.025,yin_or_small_yang,61.36363636363637,44,sh588460,588460,科创50增强ETF鹏华,A,"{'is_start': '2023-01-02', 'is_end': '2025-12-31', 'oos_start': '2025-01-02', 'oos_end': '2026-09-01'}","{'ret_pct': 142.1204094271776, 'excess_pct': 85.36894171680578, 'sharpe': 1.4693608190053635, 'mdd_pct': 16.682991587510998, 'n_days': 725}","{'ret_pct': 73.15749544825059, 'excess_pct': -17.484706386611776, 'sharpe': 1.5761669549717792, 'mdd_pct': 16.543756354884508, 'n_days': 403}",61.36363636363637,0.694909945184025,1.5761669549717792,-17.484706386611776,73.15749544825059,269
sym±3%,0.03,0.03,yin_or_small_yang,100.0,3,sh563360,563360,A500ETF华泰柏瑞,B,"{'is_start': '2025-01-02', 'is_end': '2025-12-31', 'oos_start': '2026-01-02', 'oos_end': '2026-09-01'}","{'ret_pct': 27.408344073639125, 'excess_pct': -1.3671661304424987, 'sharpe': 2.367048345570201, 'mdd_pct': 6.2262875683426255, 'n_days': 243}","{'ret_pct': 5.271939021268324, 'excess_pct': 4.883136532932397, 'sharpe': 0.45210315676688256, 'mdd_pct': 8.071096468982441, 'n_days': 160}",100.0,0.6926389976507439,0.45210315676688256,4.883136532932397,5.271939021268324,270
sym±2%,0.02,0.02,yin_or_small_yang,44.73684210526316,114,sh513150,513150,港股通科技ETF华泰柏瑞,A,"{'is_start': '2023-01-02', 'is_end': '2025-12-31', 'oos_start': '2025-01-02', 'oos_end': '2026-09-01'}","{'ret_pct': 81.11801103114564, 'excess_pct': 46.304085460917555, 'sharpe': 1.0626535068234417, 'mdd_pct': 24.707133671181847, 'n_days': 727}","{'ret_pct': 23.806811356693046, 'excess_pct': 12.089874001704647, 'sharpe': 0.7559862944566543, 'mdd_pct': 17.63396816478672, 'n_days': 403}",44.73684210526316,0.6924040720438528,0.7559862944566543,12.089874001704647,23.806811356693046,271
sym±2%,0.02,0.02,yin_or_small_yang,48.23529411764706,85,sz159603,159603,科创创业ETF天弘,A,"{'is_start': '2023-01-02', 'is_end': '2025-12-31', 'oos_start': '2025-01-02', 'oos_end': '2026-09-01'}","{'ret_pct': 108.46869143935267, 'excess_pct': 56.86954431781747, 'sharpe': 1.2181761694061692, 'mdd_pct': 34.65264102546604, 'n_days': 727}","{'ret_pct': 88.20743519008198, 'excess_pct': -9.669923300484044, 'sharpe': 1.8232070849429245, 'mdd_pct': 22.65062239175004, 'n_days': 403}",48.23529411764706,0.6906812842599843,1.8232070849429245,-9.669923300484044,88.20743519008198,272
sym±2%,0.02,0.02,yin_or_small_yang,47.5,40,sh515530,515530,中证500ETF泰康,A,"{'is_start': '2023-01-02', 'is_end': '2025-12-31', 'oos_start': '2025-01-02', 'oos_end': '2026-09-01'}","{'ret_pct': 55.981087473742704, 'excess_pct': 25.785135016306167, 'sharpe': 0.9609796009234587, 'mdd_pct': 26.378731943257037, 'n_days': 727}","{'ret_pct': 43.29794298003935, 'excess_pct': -4.988347342541296, 'sharpe': 1.5959218923428278, 'mdd_pct': 17.00032442372682, 'n_days': 403}",47.5,0.6906029757243539,1.5959218923428278,-4.988347342541296,43.29794298003935,273
买2/止3,0.02,0.03,yin_or_small_yang,36.58536585365854,41,sz159637,159637,新能源车ETF东财,A,"{'is_start': '2023-01-02', 'is_end': '2025-12-31', 'oos_start': '2025-01-02', 'oos_end': '2026-09-01'}","{'ret_pct': 33.713167260689694, 'excess_pct': 21.56249897393392, 'sharpe': 0.40771830248990804, 'mdd_pct': 48.76634813568849, 'n_days': 727}","{'ret_pct': 51.09855523401874, 'excess_pct': 8.817853479632753, 'sharpe': 1.0996558269341465, 'mdd_pct': 26.720172031379196, 'n_days': 403}",36.58536585365854,0.6905246671887235,1.0996558269341465,8.817853479632753,51.09855523401874,274
买2/止2.5,0.02,0.025,yin_or_small_yang,80.0,5,sz159937,159937,黄金ETF博时,A,"{'is_start': '2023-01-02', 'is_end': '2025-12-31', 'oos_start': '2025-01-02', 'oos_end': '2026-09-01'}","{'ret_pct': 84.98179999465196, 'excess_pct': -47.79932450333993, 'sharpe': 1.7965106252991379, 'mdd_pct': 11.890264199692124, 'n_days': 727}","{'ret_pct': 40.57523584772655, 'excess_pct': -12.063397089113792, 'sharpe': 1.151375457205901, 'mdd_pct': 21.270543802572494, 'n_days': 403}",80.0,0.6892717306186374,1.151375457205901,-12.063397089113792,40.57523584772655,275
买2.5/止3.5,0.025,0.035,yin_or_small_yang,54.54545454545454,11,sz159698,159698,粮食ETF鹏华,B,"{'is_start': '2025-01-02', 'is_end': '2025-12-31', 'oos_start': '2026-01-02', 'oos_end': '2026-09-01'}","{'ret_pct': 18.993441590641048, 'excess_pct': -0.799423771844566, 'sharpe': 1.1293183080242404, 'mdd_pct': 10.25289740506896, 'n_days': 243}","{'ret_pct': 6.313188394800018, 'excess_pct': 14.900974654342004, 'sharpe': 0.406230458632808, 'mdd_pct': 17.814201037639975, 'n_days': 160}",54.54545454545454,0.6888801879404856,0.406230458632808,14.900974654342004,6.313188394800018,276
sym±2.5%仅阴,0.025,0.025,yin_only,45.0,20,sz159970,159970,深100ETF工银,A,"{'is_start': '2023-01-02', 'is_end': '2025-12-31', 'oos_start': '2025-01-02', 'oos_end': '2026-09-01'}","{'ret_pct': -5.967293541823826, 'excess_pct': 74.08087988250375, 'sharpe': -0.1276379807214203, 'mdd_pct': 26.311670904785032, 'n_days': 723}","{'ret_pct': 10.662007018026376, 'excess_pct': 88.17459733990069, 'sharpe': 0.5004245982711366, 'mdd_pct': 11.438693224122288, 'n_days': 402}",45.0,0.688566953797964,0.5004245982711366,88.17459733990069,10.662007018026376,277
买2/止3,0.02,0.03,yin_or_small_yang,80.0,10,sh518600,518600,金ETF广发,A,"{'is_start': '2023-01-02', 'is_end': '2025-12-31', 'oos_start': '2025-01-02', 'oos_end': '2026-09-01'}","{'ret_pct': 79.04772887106868, 'excess_pct': -64.02070933399527, 'sharpe': 1.6197830770387494, 'mdd_pct': 9.544180330806363, 'n_days': 727}","{'ret_pct': 45.959144375399404, 'excess_pct': -15.56886920694356, 'sharpe': 1.3092359546308718, 'mdd_pct': 18.466210787457037, 'n_days': 403}",80.0,0.6870790916209867,1.3092359546308718,-15.56886920694356,45.959144375399404,278
sym±2.5%仅阴,0.025,0.025,yin_only,39.189189189189186,74,sz159755,159755,电池ETF广发,A,"{'is_start': '2023-01-02', 'is_end': '2025-12-31', 'oos_start': '2025-01-02', 'oos_end': '2026-09-01'}","{'ret_pct': 36.202106173995816, 'excess_pct': 16.3812775065826, 'sharpe': 0.495707873238927, 'mdd_pct': 43.43213821977356, 'n_days': 727}","{'ret_pct': 51.32119058030149, 'excess_pct': 2.908492167603029, 'sharpe': 1.236628284017006, 'mdd_pct': 21.416509536593875, 'n_days': 403}",39.189189189189186,0.6851996867658575,1.236628284017006,2.908492167603029,51.32119058030149,279
sym±2.5%仅阴,0.025,0.025,yin_only,46.42857142857143,56,sz159609,159609,光伏ETF浦银,A,"{'is_start': '2023-01-02', 'is_end': '2025-12-31', 'oos_start': '2025-01-02', 'oos_end': '2026-09-01'}","{'ret_pct': 35.474723926271956, 'excess_pct': 66.5006818990779, 'sharpe': 0.5034574216857824, 'mdd_pct': 26.12423813368987, 'n_days': 727}","{'ret_pct': 22.037850841251828, 'excess_pct': 8.751137554538536, 'sharpe': 0.6962997835150441, 'mdd_pct': 18.992260527560944, 'n_days': 403}",46.42857142857143,0.6848081440877056,0.6962997835150441,8.751137554538536,22.037850841251828,280
sym±2%,0.02,0.02,yin_or_small_yang,50.0,16,sh530100,530100,上证580ETF易方达,B,"{'is_start': '2025-10-22', 'is_end': '2025-12-31', 'oos_start': '2026-01-02', 'oos_end': '2026-09-01'}","{'ret_pct': 3.9679883079264178, 'excess_pct': -0.841630930550541, 'sharpe': 2.762656121758745, 'mdd_pct': 2.7106177449331192, 'n_days': 51}","{'ret_pct': 12.22950628287538, 'excess_pct': 2.182557926067876, 'sharpe': 0.9338751849351765, 'mdd_pct': 13.008311283110007, 'n_days': 160}",50.0,0.6842599843382929,0.9338751849351765,2.182557926067876,12.22950628287538,281
sym±2.5%仅阴,0.025,0.025,yin_only,61.53846153846154,26,sz159367,159367,创业板50ETF华夏,B,"{'is_start': '2025-02-14', 'is_end': '2025-12-31', 'oos_start': '2026-01-02', 'oos_end': '2026-09-01'}","{'ret_pct': 72.9031409131232, 'excess_pct': 16.19403219617898, 'sharpe': 3.5765226173831244, 'mdd_pct': 8.241920886675292, 'n_days': 217}","{'ret_pct': 7.852754694746267, 'excess_pct': 4.322626879773672, 'sharpe': 0.5145166937283346, 'mdd_pct': 17.79729198025699, 'n_days': 160}",61.53846153846154,0.6836335160532498,0.5145166937283346,4.322626879773672,7.852754694746267,282
买2/止3,0.02,0.03,yin_or_small_yang,42.857142857142854,14,sh513690,513690,港股红利ETF博时,A,"{'is_start': '2023-01-02', 'is_end': '2025-12-31', 'oos_start': '2025-01-02', 'oos_end': '2026-09-01'}","{'ret_pct': 52.942191882593704, 'excess_pct': 10.295133059064291, 'sharpe': 1.0230988373853358, 'mdd_pct': 13.459146037995296, 'n_days': 727}","{'ret_pct': 32.360045833120886, 'excess_pct': 1.145516888739536, 'sharpe': 1.286370295176889, 'mdd_pct': 14.798165661146456, 'n_days': 403}",42.857142857142854,0.6831636648394674,1.286370295176889,1.145516888739536,32.360045833120886,283
sym±2%,0.02,0.02,yin_or_small_yang,53.125,32,sh520970,520970,港股通创新药ETF嘉实,B,"{'is_start': '2025-08-07', 'is_end': '2025-12-31', 'oos_start': '2026-01-02', 'oos_end': '2026-09-01'}","{'ret_pct': -6.364958178425606, 'excess_pct': 10.217448292757403, 'sharpe': -0.8138413318014691, 'mdd_pct': 16.89919927043797, 'n_days': 99}","{'ret_pct': 9.367839587453574, 'excess_pct': 6.859287706039673, 'sharpe': 0.5607251733094987, 'mdd_pct': 17.803107860368538, 'n_days': 160}",53.125,0.6814408770555991,0.5607251733094987,6.859287706039673,9.367839587453574,284
买3/止4,0.03,0.04,yin_or_small_yang,53.333333333333336,15,sh561220,561220,数字经济ETF工银,B,"{'is_start': '2025-05-30', 'is_end': '2025-12-31', 'oos_start': '2026-01-02', 'oos_end': '2026-09-01'}","{'ret_pct': 27.167944380211175, 'excess_pct': -14.88999767773089, 'sharpe': 2.0177632513584145, 'mdd_pct': 16.154917939849266, 'n_days': 147}","{'ret_pct': 21.84745178087306, 'excess_pct': -3.525682547485154, 'sharpe': 1.063896817184818, 'mdd_pct': 30.781273257495435, 'n_days': 160}",53.333333333333336,0.6809710258418167,1.063896817184818,-3.525682547485154,21.84745178087306,285
sym±2%,0.02,0.02,yin_or_small_yang,38.31775700934579,107,sz159875,159875,新能源ETF嘉实,A,"{'is_start': '2023-01-02', 'is_end': '2025-12-31', 'oos_start': '2025-01-02', 'oos_end': '2026-09-01'}","{'ret_pct': 30.154817167056926, 'excess_pct': 42.03471272841462, 'sharpe': 0.4454873270017061, 'mdd_pct': 31.499323163715765, 'n_days': 727}","{'ret_pct': 37.161777482695825, 'excess_pct': 9.469469790388143, 'sharpe': 1.0100187724507417, 'mdd_pct': 12.930221928454255, 'n_days': 403}",38.31775700934579,0.6800313234142521,1.0100187724507417,9.469469790388143,37.161777482695825,286
买3/止4,0.03,0.04,yin_or_small_yang,38.88888888888889,18,sz159638,159638,航空航天ETF嘉实,A,"{'is_start': '2023-01-02', 'is_end': '2025-12-31', 'oos_start': '2025-01-02', 'oos_end': '2026-09-01'}","{'ret_pct': 24.900037495993253, 'excess_pct': 6.017355931747435, 'sharpe': 0.31969932023007175, 'mdd_pct': 33.36008928393831, 'n_days': 727}","{'ret_pct': 35.56502122341316, 'excess_pct': 21.51096716935912, 'sharpe': 0.7327685384596907, 'mdd_pct': 26.97014889654097, 'n_days': 403}",38.88888888888889,0.6793265465935787,0.7327685384596907,21.51096716935912,35.56502122341316,287
买2.5/止3.5,0.025,0.035,yin_or_small_yang,58.333333333333336,12,sz159227,159227,航空航天ETF华夏,B,"{'is_start': '2025-05-16', 'is_end': '2025-12-31', 'oos_start': '2026-01-02', 'oos_end': '2026-09-01'}","{'ret_pct': 41.34414105276163, 'excess_pct': 3.4653531739737176, 'sharpe': 3.445509027540012, 'mdd_pct': 7.401158071703495, 'n_days': 157}","{'ret_pct': 2.4059884161840683, 'excess_pct': 29.01480981893173, 'sharpe': 0.11703349707271495, 'mdd_pct': 23.93606587346483, 'n_days': 160}",58.333333333333336,0.6788566953797964,0.11703349707271495,29.01480981893173,2.4059884161840683,288
sym±2%,0.02,0.02,yin_or_small_yang,45.588235294117645,68,sh517660,517660,物联网ETF天弘,A,"{'is_start': '2023-01-02', 'is_end': '2025-12-31', 'oos_start': '2025-01-02', 'oos_end': '2026-09-01'}","{'ret_pct': 76.01998268134922, 'excess_pct': 17.17279769475404, 'sharpe': 1.1986140169432487, 'mdd_pct': 22.825190079602685, 'n_days': 727}","{'ret_pct': 40.68727749333048, 'excess_pct': -2.717457568676295, 'sharpe': 1.223524018008917, 'mdd_pct': 22.0881807305529, 'n_days': 403}",45.588235294117645,0.6783868441660141,1.223524018008917,-2.717457568676295,40.68727749333048,289
sym±2.5%仅阴,0.025,0.025,yin_only,46.666666666666664,15,sz159825,159825,农业ETF富国,A,"{'is_start': '2023-01-02', 'is_end': '2025-12-31', 'oos_start': '2025-01-02', 'oos_end': '2026-09-01'}","{'ret_pct': 55.10692597418701, 'excess_pct': 57.33697292254382, 'sharpe': 1.2819378475598096, 'mdd_pct': 8.92161160832604, 'n_days': 727}","{'ret_pct': 18.687229751624535, 'excess_pct': 3.019026986647578, 'sharpe': 0.9160741312059376, 'mdd_pct': 9.450255028884092, 'n_days': 403}",46.666666666666664,0.6776037588097104,0.9160741312059376,3.019026986647578,18.687229751624535,290
买3/止4,0.03,0.04,yin_or_small_yang,61.53846153846154,13,sh510410,510410,资源ETF博时,A,"{'is_start': '2023-01-02', 'is_end': '2025-12-31', 'oos_start': '2025-01-02', 'oos_end': '2026-09-01'}","{'ret_pct': 64.52570178448154, 'excess_pct': -9.304288664420099, 'sharpe': 1.0031584403172256, 'mdd_pct': 15.853503162573668, 'n_days': 727}","{'ret_pct': 52.93727490744897, 'excess_pct': -18.130849566899208, 'sharpe': 1.3995425414565608, 'mdd_pct': 18.94594842058681, 'n_days': 403}",61.53846153846154,0.6772905246671888,1.3995425414565608,-18.130849566899208,52.93727490744897,291
买2.5/止3.5,0.025,0.035,yin_or_small_yang,50.0,10,sh561170,561170,绿色电力ETF富国,B,"{'is_start': '2025-01-02', 'is_end': '2025-12-31', 'oos_start': '2026-01-02', 'oos_end': '2026-09-01'}","{'ret_pct': 2.7589826725884725, 'excess_pct': -0.8497542694818172, 'sharpe': 0.27221857640541475, 'mdd_pct': 8.036574691104025, 'n_days': 243}","{'ret_pct': 9.262702092598051, 'excess_pct': 6.0750882492464955, 'sharpe': 0.7371329675991126, 'mdd_pct': 11.532998371940128, 'n_days': 160}",50.0,0.6767423649177761,0.7371329675991126,6.0750882492464955,9.262702092598051,292
买2/止3,0.02,0.03,yin_or_small_yang,50.0,4,sh561080,561080,全指现金流ETF华安,B,"{'is_start': '2025-04-30', 'is_end': '2025-12-31', 'oos_start': '2026-01-02', 'oos_end': '2026-09-01'}","{'ret_pct': 23.992228938166416, 'excess_pct': -3.225512997317459, 'sharpe': 2.634411135133619, 'mdd_pct': 5.7657559578981, 'n_days': 166}","{'ret_pct': 5.549744788569266, 'excess_pct': 10.754792107181256, 'sharpe': 0.6622043781959154, 'mdd_pct': 10.840340043436036, 'n_days': 160}",50.0,0.6764291307752545,0.6622043781959154,10.754792107181256,5.549744788569266,293
sym±2.5%仅阴,0.025,0.025,yin_only,42.857142857142854,63,sz159613,159613,信息安全ETF嘉实,A,"{'is_start': '2023-01-02', 'is_end': '2025-12-31', 'oos_start': '2025-01-02', 'oos_end': '2026-09-01'}","{'ret_pct': 51.68772937212815, 'excess_pct': 25.814508156086767, 'sharpe': 0.7353073243197892, 'mdd_pct': 21.304087113770574, 'n_days': 727}","{'ret_pct': 24.612135827240422, 'excess_pct': 13.268116098510463, 'sharpe': 0.7225830003190867, 'mdd_pct': 14.445038473615856, 'n_days': 403}",42.857142857142854,0.675724353954581,0.7225830003190867,13.268116098510463,24.612135827240422,294
sym±3%,0.03,0.03,yin_or_small_yang,47.05882352941176,51,sh512330,512330,信息科技ETF南方,A,"{'is_start': '2023-01-02', 'is_end': '2025-12-31', 'oos_start': '2025-01-02', 'oos_end': '2026-09-01'}","{'ret_pct': 148.03681976282746, 'excess_pct': 78.17700667871533, 'sharpe': 1.4759510009055783, 'mdd_pct': 15.341770390128694, 'n_days': 727}","{'ret_pct': 97.00791412143587, 'excess_pct': -11.50736972135887, 'sharpe': 1.793440573034336, 'mdd_pct': 22.818603845612838, 'n_days': 403}",47.05882352941176,0.6732967893500392,1.793440573034336,-11.50736972135887,97.00791412143587,295
买3/止2.5,0.03,0.025,yin_or_small_yang,62.06896551724138,29,sz159526,159526,机器人ETF嘉实,B,"{'is_start': '2025-01-02', 'is_end': '2025-12-31', 'oos_start': '2026-01-02', 'oos_end': '2026-09-01'}","{'ret_pct': 42.18141750605484, 'excess_pct': 8.518939947706563, 'sharpe': 2.0412402545564206, 'mdd_pct': 16.724549114364507, 'n_days': 243}","{'ret_pct': 3.8838587177324246, 'excess_pct': 8.504320763937045, 'sharpe': 0.3064007713863485, 'mdd_pct': 15.284477065924696, 'n_days': 160}",62.06896551724138,0.6724353954581049,0.3064007713863485,8.504320763937045,3.8838587177324246,296
买3/止2.5,0.03,0.025,yin_or_small_yang,45.45454545454545,44,sz159783,159783,科创创业50ETF华夏,A,"{'is_start': '2023-01-02', 'is_end': '2025-12-31', 'oos_start': '2025-01-02', 'oos_end': '2026-09-01'}","{'ret_pct': 159.91317786015128, 'excess_pct': 109.66927542112688, 'sharpe': 1.623576587570583, 'mdd_pct': 25.105485428554374, 'n_days': 727}","{'ret_pct': 88.06029307910097, 'excess_pct': -10.485161466353588, 'sharpe': 2.0507749498382717, 'mdd_pct': 22.793884418378486, 'n_days': 403}",45.45454545454545,0.6714173844949098,2.0507749498382717,-10.485161466353588,88.06029307910097,297
买3/止2.5,0.03,0.025,yin_or_small_yang,41.935483870967744,62,sh561160,561160,电池ETF富国,A,"{'is_start': '2023-01-02', 'is_end': '2025-12-31', 'oos_start': '2025-01-02', 'oos_end': '2026-09-01'}","{'ret_pct': 71.70258668931004, 'excess_pct': 57.669889141626115, 'sharpe': 0.8604540596206258, 'mdd_pct': 39.231319521985085, 'n_days': 727}","{'ret_pct': 50.4616085484372, 'excess_pct': -0.8042142363729354, 'sharpe': 1.2802894556675217, 'mdd_pct': 16.250487950214165, 'n_days': 403}",41.935483870967744,0.6712607674236493,1.2802894556675217,-0.8042142363729354,50.4616085484372,298
sym±2.5%仅阴,0.025,0.025,yin_only,53.84615384615385,26,sz159620,159620,中证500成长ETF华夏,A,"{'is_start': '2023-01-02', 'is_end': '2025-12-31', 'oos_start': '2025-01-02', 'oos_end': '2026-09-01'}","{'ret_pct': 25.374474833571515, 'excess_pct': 0.7721418537199654, 'sharpe': 0.5184217708831482, 'mdd_pct': 20.41342930146697, 'n_days': 726}","{'ret_pct': 35.46619068968984, 'excess_pct': -9.40415880298206, 'sharpe': 1.2890760219551622, 'mdd_pct': 15.889569956140681, 'n_days': 402}",53.84615384615385,0.6703993735317151,1.2890760219551622,-9.40415880298206,35.46619068968984,299
买3/止4,0.03,0.04,yin_or_small_yang,66.66666666666666,3,sh512800,512800,银行ETF华宝,A,"{'is_start': '2023-01-02', 'is_end': '2025-12-31', 'oos_start': '2025-01-02', 'oos_end': '2026-09-01'}","{'ret_pct': 31.54918649496523, 'excess_pct': 55.55657338323855, 'sharpe': 0.7508267804939676, 'mdd_pct': 10.314968154030325, 'n_days': 727}","{'ret_pct': -0.23537929900800947, 'excess_pct': 42.63160898493411, 'sharpe': -0.02123920808319893, 'mdd_pct': 6.146140954694779, 'n_days': 403}",66.66666666666666,0.6696162881754111,-0.02123920808319893,42.63160898493411,-0.23537929900800947,300
sym±3%,0.03,0.03,yin_or_small_yang,43.13725490196079,51,sz159792,159792,港股通互联网ETF富国,A,"{'is_start': '2023-01-02', 'is_end': '2025-12-31', 'oos_start': '2025-01-02', 'oos_end': '2026-09-01'}","{'ret_pct': 58.3970459041883, 'excess_pct': 41.96058181579052, 'sharpe': 0.7308250335095307, 'mdd_pct': 33.54705360181913, 'n_days': 727}","{'ret_pct': 15.751713340889895, 'excess_pct': 32.34559980377202, 'sharpe': 0.4840053713090875, 'mdd_pct': 22.14516824664323, 'n_days': 403}",43.13725490196079,0.6692247454972593,0.4840053713090875,32.34559980377202,15.751713340889895,301
买3/止2.5,0.03,0.025,yin_or_small_yang,69.23076923076923,13,sz159922,159922,中证500ETF嘉实,A,"{'is_start': '2023-01-02', 'is_end': '2025-12-31', 'oos_start': '2025-01-02', 'oos_end': '2026-09-01'}","{'ret_pct': 44.81370895937729, 'excess_pct': 95.55432778755373, 'sharpe': 0.9803905186651084, 'mdd_pct': 13.809985896595379, 'n_days': 727}","{'ret_pct': 32.74255636660557, 'excess_pct': -13.08513871684054, 'sharpe': 1.1534304316650754, 'mdd_pct': 13.809985896595379, 'n_days': 403}",69.23076923076923,0.6690681284259985,1.1534304316650754,-13.08513871684054,32.74255636660557,302
买3/止4,0.03,0.04,yin_or_small_yang,100.0,3,sz159288,159288,创业板综ETF银华,B,"{'is_start': '2025-09-26', 'is_end': '2025-12-31', 'oos_start': '2026-01-02', 'oos_end': '2026-09-01'}","{'ret_pct': 1.640112531647997, 'excess_pct': 0.6279667826601498, 'sharpe': 0.33949470035111284, 'mdd_pct': 8.20044859857908, 'n_days': 63}","{'ret_pct': 3.6386863345542197, 'excess_pct': 5.401663807619839, 'sharpe': 0.23271032075670767, 'mdd_pct': 18.08043055912266, 'n_days': 160}",100.0,0.6689115113547377,0.23271032075670767,5.401663807619839,3.6386863345542197,303
sym±2%,0.02,0.02,yin_or_small_yang,42.3728813559322,118,sz159751,159751,港股通科技ETF鹏华,A,"{'is_start': '2023-01-02', 'is_end': '2025-12-31', 'oos_start': '2025-01-02', 'oos_end': '2026-09-01'}","{'ret_pct': 56.767994426101694, 'excess_pct': 21.76799442610171, 'sharpe': 0.7537769620785599, 'mdd_pct': 30.7636553598843, 'n_days': 727}","{'ret_pct': 23.78775339676469, 'excess_pct': 12.200851633540523, 'sharpe': 0.7450797626568579, 'mdd_pct': 19.010425407658126, 'n_days': 403}",42.3728813559322,0.6687548942834769,0.7450797626568579,12.200851633540523,23.78775339676469,304
买2.5/止3.5,0.025,0.035,yin_or_small_yang,46.15384615384615,13,sz159940,159940,金融地产ETF广发,A,"{'is_start': '2023-01-02', 'is_end': '2025-12-31', 'oos_start': '2025-01-02', 'oos_end': '2026-09-01'}","{'ret_pct': 38.82862819112019, 'excess_pct': -2.565707320862387, 'sharpe': 0.7768310893990078, 'mdd_pct': 14.244400247163247, 'n_days': 727}","{'ret_pct': 15.54034885392106, 'excess_pct': 6.594378969067204, 'sharpe': 0.7411316835630166, 'mdd_pct': 9.039280640973569, 'n_days': 403}",46.15384615384615,0.6680501174628035,0.7411316835630166,6.594378969067204,15.54034885392106,305
sym±2.5%仅阴,0.025,0.025,yin_only,43.90243902439025,82,sh516350,516350,芯片ETF易方达,A,"{'is_start': '2023-01-02', 'is_end': '2025-12-31', 'oos_start': '2025-01-02', 'oos_end': '2026-09-01'}","{'ret_pct': 144.03960544762927, 'excess_pct': 61.59685735602622, 'sharpe': 1.5449555815783282, 'mdd_pct': 26.397871783700865, 'n_days': 727}","{'ret_pct': 103.1488024359251, 'excess_pct': -8.65322802092767, 'sharpe': 1.8719885187953826, 'mdd_pct': 29.283817448932105, 'n_days': 403}",43.90243902439025,0.6671104150352387,1.8719885187953826,-8.65322802092767,103.1488024359251,306
sym±2%,0.02,0.02,yin_or_small_yang,43.96551724137931,116,sz159795,159795,智能汽车ETF汇添富,A,"{'is_start': '2023-01-02', 'is_end': '2025-12-31', 'oos_start': '2025-01-02', 'oos_end': '2026-09-01'}","{'ret_pct': 102.58108990873968, 'excess_pct': 60.39358990873966, 'sharpe': 1.2839157505963377, 'mdd_pct': 24.32803262357256, 'n_days': 727}","{'ret_pct': 19.155759819716756, 'excess_pct': 15.638760992049683, 'sharpe': 0.546193613579067, 'mdd_pct': 20.38489319973822, 'n_days': 403}",43.96551724137931,0.6654659357870009,0.546193613579067,15.638760992049683,19.155759819716756,307
sym±3%,0.03,0.03,yin_or_small_yang,57.14285714285714,14,sh563320,563320,通用航空ETF华泰柏瑞,B,"{'is_start': '2025-09-03', 'is_end': '2025-12-31', 'oos_start': '2026-01-02', 'oos_end': '2026-09-01'}","{'ret_pct': 21.580603936895983, 'excess_pct': -0.6176719251729672, 'sharpe': 5.497476324282339, 'mdd_pct': 2.949523600295745, 'n_days': 80}","{'ret_pct': 1.189558050403372, 'excess_pct': 27.861942269957396, 'sharpe': 0.06195267515445119, 'mdd_pct': 21.010175081204853, 'n_days': 160}",57.14285714285714,0.664056382145654,0.06195267515445119,27.861942269957396,1.189558050403372,308
sym±2%,0.02,0.02,yin_or_small_yang,37.93103448275862,29,sz159270,159270,创业板200ETF南方,B,"{'is_start': '2025-07-24', 'is_end': '2025-12-31', 'oos_start': '2026-01-02', 'oos_end': '2026-09-01'}","{'ret_pct': 20.826747298448, 'excess_pct': 7.606071354113997, 'sharpe': 1.8252585228844045, 'mdd_pct': 11.939548004507994, 'n_days': 109}","{'ret_pct': 17.1678655072532, 'excess_pct': 19.72541026428645, 'sharpe': 0.897718629122672, 'mdd_pct': 18.145979719641424, 'n_days': 160}",37.93103448275862,0.6638997650743932,0.897718629122672,19.72541026428645,17.1678655072532,309
sym±3%,0.03,0.03,yin_or_small_yang,66.66666666666666,3,sz159691,159691,港股红利ETF工银,B,"{'is_start': '2025-01-02', 'is_end': '2025-12-31', 'oos_start': '2026-01-02', 'oos_end': '2026-09-01'}","{'ret_pct': 22.893946753122908, 'excess_pct': 4.276435232385591, 'sharpe': 2.1035751235370874, 'mdd_pct': 9.460518686008957, 'n_days': 243}","{'ret_pct': 1.4724028078018092, 'excess_pct': 7.703172038571027, 'sharpe': 0.2813065810138023, 'mdd_pct': 6.34240156707463, 'n_days': 160}",66.66666666666666,0.6638997650743931,0.2813065810138023,7.703172038571027,1.4724028078018092,310
sym±2.5%仅阴,0.025,0.025,yin_only,43.54838709677419,62,sz159806,159806,新能源车ETF国泰,A,"{'is_start': '2023-01-02', 'is_end': '2025-12-31', 'oos_start': '2025-01-02', 'oos_end': '2026-09-01'}","{'ret_pct': 88.86115722219128, 'excess_pct': 76.60220405414722, 'sharpe': 1.262276283048194, 'mdd_pct': 21.90344521198021, 'n_days': 727}","{'ret_pct': 39.685036147121686, 'excess_pct': -1.7149638528782845, 'sharpe': 1.1773154552271283, 'mdd_pct': 19.29290594490789, 'n_days': 403}",43.54838709677419,0.6630383711824588,1.1773154552271283,-1.7149638528782845,39.685036147121686,311
买3/止4,0.03,0.04,yin_or_small_yang,64.70588235294117,17,sz159573,159573,创业板200ETF华夏,B,"{'is_start': '2025-01-02', 'is_end': '2025-12-31', 'oos_start': '2026-01-02', 'oos_end': '2026-09-01'}","{'ret_pct': 38.420103697997575, 'excess_pct': 3.5896729005640466, 'sharpe': 1.8675890891707108, 'mdd_pct': 12.122731665901165, 'n_days': 243}","{'ret_pct': 4.128198245283987, 'excess_pct': 7.417671929494507, 'sharpe': 0.20198321957942977, 'mdd_pct': 21.18152570643548, 'n_days': 160}",64.70588235294117,0.6625685199686766,0.20198321957942977,7.417671929494507,4.128198245283987,312
买3/止2.5,0.03,0.025,yin_or_small_yang,57.14285714285714,21,sh510530,510530,中证500ETF工银,A,"{'is_start': '2023-01-02', 'is_end': '2025-12-31', 'oos_start': '2025-01-02', 'oos_end': '2026-09-01'}","{'ret_pct': 79.05321500315681, 'excess_pct': 46.146811062270125, 'sharpe': 1.6232408698143905, 'mdd_pct': 9.687602556478204, 'n_days': 727}","{'ret_pct': 37.75291462454155, 'excess_pct': -15.202329652875605, 'sharpe': 1.4179342379800677, 'mdd_pct': 8.310809181033175, 'n_days': 403}",57.14285714285714,0.6624902114330462,1.4179342379800677,-15.202329652875605,37.75291462454155,313
买3/止4,0.03,0.04,yin_or_small_yang,45.45454545454545,22,sh588220,588220,科创100ETF鹏华,B,"{'is_start': '2025-01-02', 'is_end': '2025-12-31', 'oos_start': '2026-01-02', 'oos_end': '2026-09-01'}","{'ret_pct': 62.100932952636924, 'excess_pct': 3.729373319609408, 'sharpe': 3.0322096996378565, 'mdd_pct': 7.6637822068082, 'n_days': 243}","{'ret_pct': 25.631384875421894, 'excess_pct': -2.0879133701921155, 'sharpe': 1.233133267743214, 'mdd_pct': 24.15967159470822, 'n_days': 160}",45.45454545454545,0.6623335943617854,1.233133267743214,-2.0879133701921155,25.631384875421894,314
sym±3%,0.03,0.03,yin_or_small_yang,42.857142857142854,7,sz159791,159791,300ESGETF华夏,A,"{'is_start': '2023-01-02', 'is_end': '2025-12-31', 'oos_start': '2025-01-02', 'oos_end': '2026-09-01'}","{'ret_pct': 40.46203662358747, 'excess_pct': 17.151225812776662, 'sharpe': 1.0047240456991644, 'mdd_pct': 12.937479541171415, 'n_days': 724}","{'ret_pct': 22.937542106885655, 'excess_pct': 1.4463140367102056, 'sharpe': 1.1595890222606353, 'mdd_pct': 6.868614378069903, 'n_days': 403}",42.857142857142854,0.6617071260767423,1.1595890222606353,1.4463140367102056,22.937542106885655,315
sym±2%,0.02,0.02,yin_or_small_yang,50.0,2,sh520550,520550,港股红利低波ETF招商,B,"{'is_start': '2025-01-24', 'is_end': '2025-12-31', 'oos_start': '2026-01-02', 'oos_end': '2026-09-01'}","{'ret_pct': 18.819572023865618, 'excess_pct': 0.2452748351105889, 'sharpe': 2.7721123474493417, 'mdd_pct': 2.7444853857695906, 'n_days': 227}","{'ret_pct': 3.0122491555457875, 'excess_pct': 9.949643402584673, 'sharpe': 0.6150209941190214, 'mdd_pct': 4.787080546063949, 'n_days': 160}",50.0,0.6613938919342208,0.6150209941190214,9.949643402584673,3.0122491555457875,316
sym±2%,0.02,0.02,yin_or_small_yang,48.275862068965516,29,sz159602,159602,中国A50ETF南方,A,"{'is_start': '2023-01-02', 'is_end': '2025-12-31', 'oos_start': '2025-01-02', 'oos_end': '2026-09-01'}","{'ret_pct': 59.527796116326456, 'excess_pct': 32.300073344049224, 'sharpe': 1.2419209962140039, 'mdd_pct': 18.355097314527768, 'n_days': 727}","{'ret_pct': 31.798717607176165, 'excess_pct': -5.953807645349073, 'sharpe': 1.3287464927462036, 'mdd_pct': 8.840374048298049, 'n_days': 403}",48.275862068965516,0.6608457321848081,1.3287464927462036,-5.953807645349073,31.798717607176165,317
sym±2%,0.02,0.02,yin_or_small_yang,33.92857142857143,112,sh516660,516660,新能源车ETF华安,A,"{'is_start': '2023-01-02', 'is_end': '2025-12-31', 'oos_start': '2025-01-02', 'oos_end': '2026-09-01'}","{'ret_pct': 119.3442638332844, 'excess_pct': 110.59901668499543, 'sharpe': 1.4349025088700271, 'mdd_pct': 23.442824144576857, 'n_days': 727}","{'ret_pct': 43.01332501723212, 'excess_pct': 5.038641472928298, 'sharpe': 1.1556464255091605, 'mdd_pct': 25.123849461567517, 'n_days': 403}",33.92857142857143,0.6599060297572436,1.1556464255091605,5.038641472928298,43.01332501723212,318
买2.5/止3.5,0.025,0.035,yin_or_small_yang,50.0,2,sh518850,518850,黄金ETF华夏,A,"{'is_start': '2023-01-02', 'is_end': '2025-12-31', 'oos_start': '2025-01-02', 'oos_end': '2026-09-01'}","{'ret_pct': 107.72335849559039, 'excess_pct': -25.676342848361855, 'sharpe': 1.9998720355955442, 'mdd_pct': 11.303434512419875, 'n_days': 727}","{'ret_pct': 45.88454278080927, 'excess_pct': -7.941094825458457, 'sharpe': 1.1386947388241577, 'mdd_pct': 34.209048151866625, 'n_days': 403}",50.0,0.6596711041503523,1.1386947388241577,-7.941094825458457,45.88454278080927,319
sym±2%,0.02,0.02,yin_or_small_yang,55.319148936170215,47,sh588950,588950,科创50ETF景顺,B,"{'is_start': '2025-01-24', 'is_end': '2025-12-31', 'oos_start': '2026-01-02', 'oos_end': '2026-09-01'}","{'ret_pct': 44.89516907066238, 'excess_pct': 5.295169070662382, 'sharpe': 1.598045199410253, 'mdd_pct': 16.03755919506439, 'n_days': 227}","{'ret_pct': 17.654011258012183, 'excess_pct': -3.65633356957402, 'sharpe': 0.8235367135832694, 'mdd_pct': 24.66563015947074, 'n_days': 160}",55.319148936170215,0.6588880187940486,0.8235367135832694,-3.65633356957402,17.654011258012183,320
买2.5/止3.5,0.025,0.035,yin_or_small_yang,47.61904761904761,21,sz159531,159531,中证2000ETF南方,B,"{'is_start': '2025-01-02', 'is_end': '2025-12-31', 'oos_start': '2026-01-02', 'oos_end': '2026-09-01'}","{'ret_pct': 37.048885713904475, 'excess_pct': -3.152119311221149, 'sharpe': 1.8030780062585823, 'mdd_pct': 15.395220454996005, 'n_days': 243}","{'ret_pct': 10.315897506918548, 'excess_pct': 5.59093276784941, 'sharpe': 0.7259652655062666, 'mdd_pct': 18.81992313484654, 'n_days': 160}",47.61904761904761,0.6582615505090055,0.7259652655062666,5.59093276784941,10.315897506918548,321
sym±2%,0.02,0.02,yin_or_small_yang,43.36283185840708,113,sz159939,159939,信息技术ETF广发,A,"{'is_start': '2023-01-02', 'is_end': '2025-12-31', 'oos_start': '2025-01-02', 'oos_end': '2026-09-01'}","{'ret_pct': 32.45747575985145, 'excess_pct': 47.53912801729621, 'sharpe': 0.26863718740081494, 'mdd_pct': 57.85262186801741, 'n_days': 727}","{'ret_pct': 79.542891428528, 'excess_pct': -7.998636810674654, 'sharpe': 1.6647635071338196, 'mdd_pct': 28.488428402514423, 'n_days': 403}",43.36283185840708,0.6575567736883321,1.6647635071338196,-7.998636810674654,79.542891428528,322
买2/止3,0.02,0.03,yin_or_small_yang,50.0,2,sh563770,563770,全指现金流ETF招商,B,"{'is_start': '2025-05-16', 'is_end': '2025-12-31', 'oos_start': '2026-01-02', 'oos_end': '2026-09-01'}","{'ret_pct': 13.278586189299201, 'excess_pct': -10.94873185656322, 'sharpe': 1.978454063263936, 'mdd_pct': 5.308857782489995, 'n_days': 157}","{'ret_pct': 4.913484810498825, 'excess_pct': 9.13996008960568, 'sharpe': 0.5636807635092971, 'mdd_pct': 13.137353041400823, 'n_days': 160}",50.0,0.6574784651527016,0.5636807635092971,9.13996008960568,4.913484810498825,323
sym±2.5%,0.025,0.025,yin_or_small_yang,50.0,32,sz159685,159685,1000增强ETF天弘,B,"{'is_start': '2025-01-02', 'is_end': '2025-12-31', 'oos_start': '2026-01-02', 'oos_end': '2026-09-01'}","{'ret_pct': 31.26693456186185, 'excess_pct': -13.142348138560099, 'sharpe': 2.1394183382477134, 'mdd_pct': 9.459591932273348, 'n_days': 242}","{'ret_pct': 9.13686020641309, 'excess_pct': 1.7427467821488971, 'sharpe': 0.7919162621391742, 'mdd_pct': 11.567230862397315, 'n_days': 160}",50.0,0.6572435395458105,0.7919162621391742,1.7427467821488971,9.13686020641309,324
买2/止2.5,0.02,0.025,yin_or_small_yang,42.857142857142854,7,sz159331,159331,红利港股ETF国泰,B,"{'is_start': '2025-01-02', 'is_end': '2025-12-31', 'oos_start': '2026-01-02', 'oos_end': '2026-09-01'}","{'ret_pct': 15.203012136647631, 'excess_pct': -0.01437916770019676, 'sharpe': 1.0898313287580943, 'mdd_pct': 9.789084145443471, 'n_days': 243}","{'ret_pct': 7.981156900194519, 'excess_pct': 4.674070286021292, 'sharpe': 1.2552301635337937, 'mdd_pct': 4.551869389527797, 'n_days': 160}",42.857142857142854,0.6572435395458105,1.2552301635337937,4.674070286021292,7.981156900194519,325
买2/止3,0.02,0.03,yin_or_small_yang,59.523809523809526,42,sh517520,517520,黄金股ETF永赢,B,"{'is_start': '2025-01-02', 'is_end': '2025-12-31', 'oos_start': '2026-01-02', 'oos_end': '2026-09-01'}","{'ret_pct': 105.1182515506896, 'excess_pct': 16.752600581160493, 'sharpe': 3.8084599317970977, 'mdd_pct': 9.492135816446423, 'n_days': 243}","{'ret_pct': 8.889482280914818, 'excess_pct': 3.4583245867747525, 'sharpe': 0.3204126410260609, 'mdd_pct': 35.603950432392175, 'n_days': 160}",59.523809523809526,0.6555990602975724,0.3204126410260609,3.4583245867747525,8.889482280914818,326
买2/止2.5,0.02,0.025,yin_or_small_yang,58.620689655172406,29,sh588040,588040,科创50ETF鹏华,B,"{'is_start': '2025-04-14', 'is_end': '2025-12-31', 'oos_start': '2026-01-02', 'oos_end': '2026-09-01'}","{'ret_pct': 44.37383969627842, 'excess_pct': 13.32622064865938, 'sharpe': 2.899703382791911, 'mdd_pct': 9.918880516651674, 'n_days': 178}","{'ret_pct': 15.368351229683142, 'excess_pct': -3.7954118365189693, 'sharpe': 0.7667164793603021, 'mdd_pct': 16.414768380441203, 'n_days': 160}",58.620689655172406,0.6552075176194205,0.7667164793603021,-3.7954118365189693,15.368351229683142,327
买2/止3,0.02,0.03,yin_or_small_yang,33.33333333333333,6,sz159332,159332,央企红利ETF富国,B,"{'is_start': '2025-01-02', 'is_end': '2025-12-31', 'oos_start': '2026-01-02', 'oos_end': '2026-09-01'}","{'ret_pct': 15.43960407175302, 'excess_pct': 5.65699537610087, 'sharpe': 1.686264337765854, 'mdd_pct': 6.276712435284059, 'n_days': 243}","{'ret_pct': 11.250825823936129, 'excess_pct': 8.270693373604999, 'sharpe': 1.6553289099850028, 'mdd_pct': 3.4941448811187104, 'n_days': 160}",33.33333333333333,0.653876272513704,1.6553289099850028,8.270693373604999,11.250825823936129,328
买2.5/止3.5,0.025,0.035,yin_or_small_yang,34.375,32,sh512670,512670,国防ETF鹏华,A,"{'is_start': '2023-01-02', 'is_end': '2025-12-31', 'oos_start': '2025-01-02', 'oos_end': '2026-09-01'}","{'ret_pct': 14.436880011156127, 'excess_pct': 15.422641237881207, 'sharpe': 0.1898433557183855, 'mdd_pct': 37.5048050449533, 'n_days': 727}","{'ret_pct': 33.766949613131736, 'excess_pct': 16.649832496014618, 'sharpe': 0.7620383739919979, 'mdd_pct': 23.126997670342885, 'n_days': 403}",34.375,0.6531714956930306,0.7620383739919979,16.649832496014618,33.766949613131736,329
买2/止3,0.02,0.03,yin_or_small_yang,50.0,6,sh517100,517100,沪港深500ETF富国,A,"{'is_start': '2023-01-02', 'is_end': '2025-12-31', 'oos_start': '2025-01-02', 'oos_end': '2026-09-01'}","{'ret_pct': 36.05132492169203, 'excess_pct': -1.298072668669434, 'sharpe': 0.6702735018009676, 'mdd_pct': 21.602730340762268, 'n_days': 727}","{'ret_pct': 24.392091578363573, 'excess_pct': -4.432181493697083, 'sharpe': 1.0530687272853305, 'mdd_pct': 13.839185879546001, 'n_days': 403}",50.0,0.6523101018010963,1.0530687272853305,-4.432181493697083,24.392091578363573,330
买2.5/止3.5,0.025,0.035,yin_or_small_yang,53.84615384615385,13,sz159392,159392,航空ETF富国,B,"{'is_start': '2025-05-14', 'is_end': '2025-12-31', 'oos_start': '2026-01-02', 'oos_end': '2026-09-01'}","{'ret_pct': 21.409408994323176, 'excess_pct': -4.1182291966316065, 'sharpe': 2.085025911315191, 'mdd_pct': 8.209134347696867, 'n_days': 159}","{'ret_pct': 1.237409884217655, 'excess_pct': 26.63049164522394, 'sharpe': 0.06289548472035726, 'mdd_pct': 20.633253486169643, 'n_days': 160}",53.84615384615385,0.6519968676585748,0.06289548472035726,26.63049164522394,1.237409884217655,331
sym±3%,0.03,0.03,yin_or_small_yang,40.909090909090914,44,sh513770,513770,港股互联网ETF华宝,A,"{'is_start': '2023-01-02', 'is_end': '2025-12-31', 'oos_start': '2025-01-02', 'oos_end': '2026-09-01'}","{'ret_pct': 37.31919699764603, 'excess_pct': 78.74131889380855, 'sharpe': 0.4792740645559833, 'mdd_pct': 45.28160193968457, 'n_days': 727}","{'ret_pct': 13.301241239894313, 'excess_pct': 71.29646797020457, 'sharpe': 0.41332507694924664, 'mdd_pct': 29.50862224680644, 'n_days': 403}",40.909090909090914,0.6513703993735317,0.41332507694924664,71.29646797020457,13.301241239894313,332
sym±2%,0.02,0.02,yin_or_small_yang,36.36363636363637,99,sz159793,159793,线上消费ETF平安,A,"{'is_start': '2023-01-02', 'is_end': '2025-12-31', 'oos_start': '2025-01-02', 'oos_end': '2026-09-01'}","{'ret_pct': 50.175165519301615, 'excess_pct': 21.17138241715786, 'sharpe': 0.6910758076201426, 'mdd_pct': 28.486484526094024, 'n_days': 726}","{'ret_pct': 24.719706881886783, 'excess_pct': 25.482095700184104, 'sharpe': 0.6497254784378749, 'mdd_pct': 29.19812704487308, 'n_days': 403}",36.36363636363637,0.6495693030540328,0.6497254784378749,25.482095700184104,24.719706881886783,333
sym±3%,0.03,0.03,yin_or_small_yang,57.14285714285714,21,sh516020,516020,化工ETF华宝,A,"{'is_start': '2023-01-02', 'is_end': '2025-12-31', 'oos_start': '2025-01-02', 'oos_end': '2026-09-01'}","{'ret_pct': 33.436494640166295, 'excess_pct': 21.543911519961693, 'sharpe': 0.6525458339096794, 'mdd_pct': 23.11372652990088, 'n_days': 727}","{'ret_pct': 36.10168750316247, 'excess_pct': -13.729393577918621, 'sharpe': 1.1697982105630178, 'mdd_pct': 13.74715863181476, 'n_days': 403}",57.14285714285714,0.6487079091620986,1.1697982105630178,-13.729393577918621,36.10168750316247,334
sym±2.5%仅阴,0.025,0.025,yin_only,63.63636363636363,11,sz159627,159627,A100ETF华夏,A,"{'is_start': '2023-01-02', 'is_end': '2025-12-31', 'oos_start': '2025-01-02', 'oos_end': '2026-09-01'}","{'ret_pct': 23.907466508233565, 'excess_pct': -2.454401196046586, 'sharpe': 0.6042193443101432, 'mdd_pct': 20.041272084860694, 'n_days': 725}","{'ret_pct': 15.34983707892601, 'excess_pct': -10.889229976467595, 'sharpe': 1.1451547677981773, 'mdd_pct': 5.260986987903927, 'n_days': 402}",63.63636363636363,0.6472200469851214,1.1451547677981773,-10.889229976467595,15.34983707892601,335
sym±2%,0.02,0.02,yin_or_small_yang,45.52238805970149,134,sh561100,561100,消费电子ETF富国,A,"{'is_start': '2023-01-02', 'is_end': '2025-12-31', 'oos_start': '2025-01-02', 'oos_end': '2026-09-01'}","{'ret_pct': 124.1981967610482, 'excess_pct': 35.82610373779238, 'sharpe': 1.4460324664735902, 'mdd_pct': 24.347943588783938, 'n_days': 727}","{'ret_pct': 83.00213898259408, 'excess_pct': -11.815293290668578, 'sharpe': 1.5294542532780142, 'mdd_pct': 21.055622902855298, 'n_days': 403}",45.52238805970149,0.6471417384494911,1.5294542532780142,-11.815293290668578,83.00213898259408,336
买3/止2.5,0.03,0.025,yin_or_small_yang,66.66666666666666,15,sh515590,515590,500等权ETF前海开源,A,"{'is_start': '2023-01-02', 'is_end': '2025-12-31', 'oos_start': '2025-01-02', 'oos_end': '2026-09-01'}","{'ret_pct': 84.46783041536632, 'excess_pct': 53.90045452884149, 'sharpe': 1.7743909810184448, 'mdd_pct': 9.405511892442098, 'n_days': 725}","{'ret_pct': 26.78285250326784, 'excess_pct': -14.089874769459463, 'sharpe': 1.0971154415383413, 'mdd_pct': 14.314932923008872, 'n_days': 401}",66.66666666666666,0.6465935787000783,1.0971154415383413,-14.089874769459463,26.78285250326784,337
sym±3%,0.03,0.03,yin_or_small_yang,55.55555555555556,9,sz159866,159866,日经ETF工银,A,"{'is_start': '2023-01-02', 'is_end': '2025-12-31', 'oos_start': '2025-01-02', 'oos_end': '2026-09-01'}","{'ret_pct': 61.55684596198414, 'excess_pct': -9.926529997095145, 'sharpe': 0.8529532125265983, 'mdd_pct': 25.46557998565204, 'n_days': 727}","{'ret_pct': 39.98910569059979, 'excess_pct': -15.103486901992788, 'sharpe': 1.2187724204948065, 'mdd_pct': 16.2925652411421, 'n_days': 403}",55.55555555555556,0.6465152701644479,1.2187724204948065,-15.103486901992788,39.98910569059979,338
买3/止4,0.03,0.04,yin_or_small_yang,60.0,10,sz159912,159912,深300ETF汇添富,A,"{'is_start': '2023-01-02', 'is_end': '2025-12-31', 'oos_start': '2025-01-02', 'oos_end': '2026-09-01'}","{'ret_pct': 17.886872933936427, 'excess_pct': -5.466420479237222, 'sharpe': 0.3113157281388047, 'mdd_pct': 30.169853926502, 'n_days': 727}","{'ret_pct': 31.082443204443532, 'excess_pct': -9.999428140585696, 'sharpe': 0.8819635740157182, 'mdd_pct': 15.516419652961543, 'n_days': 403}",60.0,0.645497259201253,0.8819635740157182,-9.999428140585696,31.082443204443532,339
sym±2.5%仅阴,0.025,0.025,yin_only,50.0,30,sz159870,159870,化工ETF鹏华,A,"{'is_start': '2023-01-02', 'is_end': '2025-12-31', 'oos_start': '2025-01-02', 'oos_end': '2026-09-01'}","{'ret_pct': 34.6451625973101, 'excess_pct': 26.224109965731166, 'sharpe': 0.7212715232776274, 'mdd_pct': 22.039517401935992, 'n_days': 727}","{'ret_pct': 37.85063138690905, 'excess_pct': -10.014137296364936, 'sharpe': 1.213462137423651, 'mdd_pct': 15.726733597048604, 'n_days': 403}",50.0,0.6439310884886452,1.213462137423651,-10.014137296364936,37.85063138690905,340
买3/止4,0.03,0.04,yin_or_small_yang,33.33333333333333,6,sh515600,515600,央企创新ETF广发,A,"{'is_start': '2023-01-02', 'is_end': '2025-12-31', 'oos_start': '2025-01-02', 'oos_end': '2026-09-01'}","{'ret_pct': 52.111157390026385, 'excess_pct': 16.994100533839074, 'sharpe': 0.9675769815296893, 'mdd_pct': 20.768724133067206, 'n_days': 727}","{'ret_pct': 19.293591106717734, 'excess_pct': 3.326626206511275, 'sharpe': 1.5972557579390545, 'mdd_pct': 4.236708403750056, 'n_days': 403}",33.33333333333333,0.6420516836335161,1.5972557579390545,3.326626206511275,19.293591106717734,341
买3/止2.5,0.03,0.025,yin_or_small_yang,46.666666666666664,15,sh560630,560630,机器人ETF万家,B,"{'is_start': '2025-04-01', 'is_end': '2025-12-31', 'oos_start': '2026-01-02', 'oos_end': '2026-09-01'}","{'ret_pct': 44.05689519183675, 'excess_pct': 27.974420965032643, 'sharpe': 3.847850071613806, 'mdd_pct': 6.779245636385845, 'n_days': 186}","{'ret_pct': 7.134648907810304, 'excess_pct': 10.6280986894697, 'sharpe': 0.5077834556246392, 'mdd_pct': 22.977894271468646, 'n_days': 160}",46.666666666666664,0.641816758026625,0.5077834556246392,10.6280986894697,7.134648907810304,342
买2/止3,0.02,0.03,yin_or_small_yang,62.5,8,sz159500,159500,中证500ETF富国,B,"{'is_start': '2025-08-29', 'is_end': '2025-12-31', 'oos_start': '2026-01-02', 'oos_end': '2026-09-01'}","{'ret_pct': 9.102335549663998, 'excess_pct': 2.0017438336876525, 'sharpe': 1.658146207524616, 'mdd_pct': 8.671524750951576, 'n_days': 83}","{'ret_pct': 6.857606496898239, 'excess_pct': -0.5997160547639435, 'sharpe': 0.4930971726556921, 'mdd_pct': 16.649131318831543, 'n_days': 160}",62.5,0.639780736100235,0.4930971726556921,-0.5997160547639435,6.857606496898239,343
sym±2.5%仅阴,0.025,0.025,yin_only,50.79365079365079,63,sz159665,159665,半导体龙头ETF工银,A,"{'is_start': '2023-01-02', 'is_end': '2025-12-31', 'oos_start': '2025-01-02', 'oos_end': '2026-09-01'}","{'ret_pct': 128.19701868540477, 'excess_pct': 49.93181429856527, 'sharpe': 1.534286026663161, 'mdd_pct': 16.095100422956076, 'n_days': 724}","{'ret_pct': 81.6408829960579, 'excess_pct': -24.89178032052503, 'sharpe': 1.5570171424226975, 'mdd_pct': 16.68769465817983, 'n_days': 403}",50.79365079365079,0.6393108848864526,1.5570171424226975,-24.89178032052503,81.6408829960579,344
买2.5/止3.5,0.025,0.035,yin_or_small_yang,51.724137931034484,29,sz159652,159652,有色ETF汇添富,B,"{'is_start': '2025-01-02', 'is_end': '2025-12-31', 'oos_start': '2026-01-02', 'oos_end': '2026-09-01'}","{'ret_pct': 94.03729739694133, 'excess_pct': -5.0114540893844435, 'sharpe': 3.6121536032472674, 'mdd_pct': 14.082195178336354, 'n_days': 243}","{'ret_pct': 6.022031278460016, 'excess_pct': 8.115054534273957, 'sharpe': 0.243803950417325, 'mdd_pct': 30.127379645208798, 'n_days': 160}",51.724137931034484,0.6393108848864526,0.243803950417325,8.115054534273957,6.022031278460016,345
sym±2.5%,0.025,0.025,yin_or_small_yang,39.130434782608695,23,sh515900,515900,央企创新ETF博时,A,"{'is_start': '2023-01-02', 'is_end': '2025-12-31', 'oos_start': '2025-01-02', 'oos_end': '2026-09-01'}","{'ret_pct': 34.51543143544144, 'excess_pct': -0.6016254207458687, 'sharpe': 0.7481792286529557, 'mdd_pct': 12.709844941990644, 'n_days': 727}","{'ret_pct': 19.214810499651016, 'excess_pct': 4.634342824272753, 'sharpe': 1.0515753127901801, 'mdd_pct': 6.81575396449674, 'n_days': 403}",39.130434782608695,0.6381362568519968,1.0515753127901801,4.634342824272753,19.214810499651016,346
买3/止2.5,0.03,0.025,yin_or_small_yang,48.78048780487805,41,sz159709,159709,物联网ETF工银,A,"{'is_start': '2023-01-02', 'is_end': '2025-12-31', 'oos_start': '2025-01-02', 'oos_end': '2026-09-01'}","{'ret_pct': 141.9187909060455, 'excess_pct': 42.76030563255321, 'sharpe': 1.9326835403900715, 'mdd_pct': 17.039520319825485, 'n_days': 727}","{'ret_pct': 73.00479990636613, 'excess_pct': -21.684465630357053, 'sharpe': 2.0600851619045857, 'mdd_pct': 15.800159874649456, 'n_days': 403}",48.78048780487805,0.6376664056382145,2.0600851619045857,-21.684465630357053,73.00479990636613,347
sym±3%,0.03,0.03,yin_or_small_yang,64.28571428571429,14,sz159982,159982,中证500ETF鹏华,A,"{'is_start': '2023-01-02', 'is_end': '2025-12-31', 'oos_start': '2025-01-02', 'oos_end': '2026-09-01'}","{'ret_pct': 74.46848156047494, 'excess_pct': 36.32269245927182, 'sharpe': 1.265158881104315, 'mdd_pct': 17.091498137004802, 'n_days': 727}","{'ret_pct': 34.03472982552236, 'excess_pct': -18.27514935002845, 'sharpe': 1.1207880941119617, 'mdd_pct': 18.185448362443, 'n_days': 403}",64.28571428571429,0.6370399373531714,1.1207880941119617,-18.27514935002845,34.03472982552236,348
买2/止3,0.02,0.03,yin_or_small_yang,71.42857142857143,7,sh512750,512750,基本面50ETF嘉实,A,"{'is_start': '2023-01-02', 'is_end': '2025-12-31', 'oos_start': '2025-01-02', 'oos_end': '2026-09-01'}","{'ret_pct': 39.439313178065305, 'excess_pct': -0.37377093408422013, 'sharpe': 0.8896673482759373, 'mdd_pct': 11.762499601550259, 'n_days': 727}","{'ret_pct': 5.208746345787052, 'excess_pct': 0.288341135946224, 'sharpe': 0.2823482855963464, 'mdd_pct': 15.608292945453439, 'n_days': 403}",71.42857142857143,0.6364917776037587,0.2823482855963464,0.288341135946224,5.208746345787052,349
买2.5/止3.5,0.025,0.035,yin_or_small_yang,75.0,8,sh512150,512150,富时A50ETF汇安,A,"{'is_start': '2023-01-02', 'is_end': '2025-12-31', 'oos_start': '2025-01-02', 'oos_end': '2026-09-01'}","{'ret_pct': 56.07248880099094, 'excess_pct': 28.739155467657618, 'sharpe': 1.2443242754956179, 'mdd_pct': 11.604496580963575, 'n_days': 727}","{'ret_pct': 13.56346497039318, 'excess_pct': -5.710627645376508, 'sharpe': 0.628867774438047, 'mdd_pct': 8.86930558090584, 'n_days': 403}",75.0,0.6363351605324981,0.628867774438047,-5.710627645376508,13.56346497039318,350
sym±2%,0.02,0.02,yin_or_small_yang,50.0,4,sz159220,159220,港股通红利低波ETF华宝,B,"{'is_start': '2025-05-12', 'is_end': '2025-12-31', 'oos_start': '2026-01-02', 'oos_end': '2026-09-01'}","{'ret_pct': 2.4884472207423958, 'excess_pct': 44.073574422307956, 'sharpe': 0.5471948873726239, 'mdd_pct': 3.9224400207456545, 'n_days': 161}","{'ret_pct': 2.425934111200778, 'excess_pct': 4.435984362457058, 'sharpe': 0.6503746795025829, 'mdd_pct': 4.302320205005694, 'n_days': 160}",50.0,0.6358653093187158,0.6503746795025829,4.435984362457058,2.425934111200778,351
买3/止4,0.03,0.04,yin_or_small_yang,75.0,4,sh561990,561990,沪深300增强ETF招商,A,"{'is_start': '2023-01-02', 'is_end': '2025-12-31', 'oos_start': '2025-01-02', 'oos_end': '2026-09-01'}","{'ret_pct': 64.38822754773943, 'excess_pct': 34.511684337862874, 'sharpe': 1.2346051913490814, 'mdd_pct': 12.047514797162528, 'n_days': 727}","{'ret_pct': 15.891586325782004, 'excess_pct': -7.7926242005337905, 'sharpe': 0.7300425135549758, 'mdd_pct': 9.656338027702327, 'n_days': 403}",75.0,0.6357870007830854,0.7300425135549758,-7.7926242005337905,15.891586325782004,352
sym±2%,0.02,0.02,yin_or_small_yang,47.5,40,sz159680,159680,中证1000增强ETF招商,A,"{'is_start': '2023-01-02', 'is_end': '2025-12-31', 'oos_start': '2025-01-02', 'oos_end': '2026-09-01'}","{'ret_pct': 60.036148243659994, 'excess_pct': 3.6258918334035855, 'sharpe': 1.1348213333306667, 'mdd_pct': 12.504883667589562, 'n_days': 727}","{'ret_pct': 43.264348794042505, 'excess_pct': -12.658516219731595, 'sharpe': 1.543375810510031, 'mdd_pct': 14.606700554150876, 'n_days': 403}",47.5,0.635708692247455,1.543375810510031,-12.658516219731595,43.264348794042505,353
买2/止2.5,0.02,0.025,yin_or_small_yang,44.44444444444444,9,sh510210,510210,上证指数ETF富国,A,"{'is_start': '2023-01-02', 'is_end': '2025-12-31', 'oos_start': '2025-01-02', 'oos_end': '2026-09-01'}","{'ret_pct': 38.2387241592719, 'excess_pct': 28.26089710827413, 'sharpe': 0.7886192269773592, 'mdd_pct': 21.346379101097234, 'n_days': 727}","{'ret_pct': 23.834344659302875, 'excess_pct': -4.251297658077458, 'sharpe': 1.3327185775389285, 'mdd_pct': 8.94083690837013, 'n_days': 403}",44.44444444444444,0.6352388410336727,1.3327185775389285,-4.251297658077458,23.834344659302875,354
买3/止4,0.03,0.04,yin_or_small_yang,55.55555555555556,18,sz159719,159719,国企ETF平安,A,"{'is_start': '2023-01-02', 'is_end': '2025-12-31', 'oos_start': '2025-01-02', 'oos_end': '2026-09-01'}","{'ret_pct': 63.28989928805342, 'excess_pct': 12.585673935940747, 'sharpe': 0.9895282487319675, 'mdd_pct': 18.064921703002224, 'n_days': 726}","{'ret_pct': 6.057771432736514, 'excess_pct': 3.1897025990844874, 'sharpe': 0.30831303875905053, 'mdd_pct': 11.34341048956512, 'n_days': 403}",55.55555555555556,0.6347689898198904,0.30831303875905053,3.1897025990844874,6.057771432736514,355
sym±3%,0.03,0.03,yin_or_small_yang,50.0,22,sh516750,516750,建材ETF富国,A,"{'is_start': '2023-01-02', 'is_end': '2025-12-31', 'oos_start': '2025-01-02', 'oos_end': '2026-09-01'}","{'ret_pct': 19.846321885296803, 'excess_pct': 38.33082245934961, 'sharpe': 0.3528945533480893, 'mdd_pct': 29.888579171465366, 'n_days': 727}","{'ret_pct': 4.738641182301828, 'excess_pct': 12.140215985451452, 'sharpe': 0.22588616872171333, 'mdd_pct': 11.450298811335502, 'n_days': 403}",50.0,0.6347689898198904,0.22588616872171333,12.140215985451452,4.738641182301828,356
买2/止2.5,0.02,0.025,yin_or_small_yang,100.0,2,sh562810,562810,上证指数增强ETF嘉实,B,"{'is_start': '2025-03-13', 'is_end': '2025-12-31', 'oos_start': '2026-01-02', 'oos_end': '2026-09-01'}","{'ret_pct': 19.729620937731184, 'excess_pct': 5.073589033444037, 'sharpe': 3.0308710256564444, 'mdd_pct': 3.730402331733995, 'n_days': 199}","{'ret_pct': 1.653051197402644, 'excess_pct': 0.3632833556141746, 'sharpe': 0.2931464196086785, 'mdd_pct': 6.558988447356207, 'n_days': 160}",100.0,0.6339859044635865,0.2931464196086785,0.3632833556141746,1.653051197402644,357
买2/止3,0.02,0.03,yin_or_small_yang,50.0,14,sh589550,589550,科创价值ETF华夏,B,"{'is_start': '2025-07-28', 'is_end': '2025-12-31', 'oos_start': '2026-01-02', 'oos_end': '2026-09-01'}","{'ret_pct': 18.432919615136, 'excess_pct': 0.0015470661163909938, 'sharpe': 2.147448502828713, 'mdd_pct': 12.756063868590795, 'n_days': 107}","{'ret_pct': 8.807392772335954, 'excess_pct': 2.0604048205287384, 'sharpe': 0.5650019866661457, 'mdd_pct': 17.701249378777405, 'n_days': 160}",50.0,0.6335160532498042,0.5650019866661457,2.0604048205287384,8.807392772335954,358
sym±2.5%,0.025,0.025,yin_or_small_yang,61.53846153846154,13,sh513140,513140,港股通金融ETF华泰柏瑞,A,"{'is_start': '2023-01-02', 'is_end': '2025-12-31', 'oos_start': '2025-01-02', 'oos_end': '2026-09-01'}","{'ret_pct': 62.32553595903683, 'excess_pct': 0.21498319521773368, 'sharpe': 1.2023029486964565, 'mdd_pct': 11.477358487896627, 'n_days': 720}","{'ret_pct': 27.754029319489316, 'excess_pct': -21.512579826326036, 'sharpe': 1.337726164413805, 'mdd_pct': 9.397168005435464, 'n_days': 403}",61.53846153846154,0.6324980422866093,1.337726164413805,-21.512579826326036,27.754029319489316,359
sym±3%,0.03,0.03,yin_or_small_yang,55.55555555555556,9,sz159528,159528,国企改革ETF富国,B,"{'is_start': '2025-01-02', 'is_end': '2025-12-31', 'oos_start': '2026-01-02', 'oos_end': '2026-09-01'}","{'ret_pct': -0.6009287085795512, 'excess_pct': -16.639576051574714, 'sharpe': -0.05816181291015986, 'mdd_pct': 11.539413376562713, 'n_days': 242}","{'ret_pct': 4.454944334748356, 'excess_pct': 1.3503691713496746, 'sharpe': 0.4484472456720348, 'mdd_pct': 9.64059153316532, 'n_days': 160}",55.55555555555556,0.6319498825371965,0.4484472456720348,1.3503691713496746,4.454944334748356,360
买3/止4,0.03,0.04,yin_or_small_yang,50.0,10,sh517160,517160,长江保护ETF南方,A,"{'is_start': '2023-01-02', 'is_end': '2025-12-31', 'oos_start': '2025-01-02', 'oos_end': '2026-09-01'}","{'ret_pct': 44.92708252930666, 'excess_pct': 24.63530534097775, 'sharpe': 0.87792691959519, 'mdd_pct': 21.745082665014227, 'n_days': 724}","{'ret_pct': 30.048264329432016, 'excess_pct': -6.808878527710817, 'sharpe': 0.9223941161802085, 'mdd_pct': 14.584214386660832, 'n_days': 402}",50.0,0.6319498825371965,0.9223941161802085,-6.808878527710817,30.048264329432016,361
买2/止2.5,0.02,0.025,yin_or_small_yang,50.0,12,sh510180,510180,上证180ETF华安,A,"{'is_start': '2023-01-02', 'is_end': '2025-12-31', 'oos_start': '2025-01-02', 'oos_end': '2026-09-01'}","{'ret_pct': 30.77867810554098, 'excess_pct': 12.588973073730703, 'sharpe': 0.6626183544576937, 'mdd_pct': 12.714512618739215, 'n_days': 727}","{'ret_pct': 12.6630345651912, 'excess_pct': 0.24049935392358535, 'sharpe': 0.5702081923140873, 'mdd_pct': 10.818580054734417, 'n_days': 403}",50.0,0.6312451057165231,0.5702081923140873,0.24049935392358535,12.6630345651912,362
sym±2.5%,0.025,0.025,yin_or_small_yang,42.857142857142854,84,sh515230,515230,软件ETF国泰,A,"{'is_start': '2023-01-02', 'is_end': '2025-12-31', 'oos_start': '2025-01-02', 'oos_end': '2026-09-01'}","{'ret_pct': 116.02522029781781, 'excess_pct': 107.41915969175719, 'sharpe': 1.0806014160152, 'mdd_pct': 32.381704568732125, 'n_days': 727}","{'ret_pct': 13.612970081136911, 'excess_pct': 18.317271156405734, 'sharpe': 0.33034321997725824, 'mdd_pct': 34.638196872378714, 'n_days': 403}",42.857142857142854,0.6296789350039155,0.33034321997725824,18.317271156405734,13.612970081136911,363
买2/止3,0.02,0.03,yin_or_small_yang,66.66666666666666,6,sz159379,159379,A500ETF融通,B,"{'is_start': '2025-01-23', 'is_end': '2025-12-31', 'oos_start': '2026-01-02', 'oos_end': '2026-09-01'}","{'ret_pct': 16.350025357673626, 'excess_pct': -13.962159939405925, 'sharpe': 1.3053253152637891, 'mdd_pct': 11.608788894158318, 'n_days': 228}","{'ret_pct': 3.886822711676019, 'excess_pct': 0.16624564257958774, 'sharpe': 0.2962863570479877, 'mdd_pct': 11.20868841183359, 'n_days': 160}",66.66666666666666,0.6290524667188724,0.2962863570479877,0.16624564257958774,3.886822711676019,364
sym±2%,0.02,0.02,yin_or_small_yang,53.125,32,sh515680,515680,央企创新ETF嘉实,A,"{'is_start': '2023-01-02', 'is_end': '2025-12-31', 'oos_start': '2025-01-02', 'oos_end': '2026-09-01'}","{'ret_pct': 41.93068578130252, 'excess_pct': 6.7977954158540115, 'sharpe': 0.9101184972811648, 'mdd_pct': 15.967625315428958, 'n_days': 727}","{'ret_pct': 12.320843079410505, 'excess_pct': -3.5478299712050614, 'sharpe': 0.751086109496647, 'mdd_pct': 7.2036329394421506, 'n_days': 403}",53.125,0.6280344557556773,0.751086109496647,-3.5478299712050614,12.320843079410505,365
买2/止2.5,0.02,0.025,yin_or_small_yang,41.66666666666667,48,sh516220,516220,化工ETF国泰,A,"{'is_start': '2023-01-02', 'is_end': '2025-12-31', 'oos_start': '2025-01-02', 'oos_end': '2026-09-01'}","{'ret_pct': 20.271351989785224, 'excess_pct': 9.552716179797404, 'sharpe': 0.33606313910737856, 'mdd_pct': 35.694624161301746, 'n_days': 727}","{'ret_pct': 45.5796746270907, 'excess_pct': -4.178779479189494, 'sharpe': 1.1914913221588386, 'mdd_pct': 13.610552528260012, 'n_days': 403}",41.66666666666667,0.6268598277212216,1.1914913221588386,-4.178779479189494,45.5796746270907,366
sym±2.5%,0.025,0.025,yin_or_small_yang,48.57142857142857,35,sh515580,515580,科技100ETF华泰柏瑞,A,"{'is_start': '2023-01-02', 'is_end': '2025-12-31', 'oos_start': '2025-01-02', 'oos_end': '2026-09-01'}","{'ret_pct': 71.47556657555263, 'excess_pct': 2.171337380463939, 'sharpe': 1.0449791378875428, 'mdd_pct': 22.25213610920146, 'n_days': 727}","{'ret_pct': 56.4003036486036, 'excess_pct': -18.537039709792367, 'sharpe': 1.5708839815372597, 'mdd_pct': 13.424614560860704, 'n_days': 403}",48.57142857142857,0.6265465935787,1.5708839815372597,-18.537039709792367,56.4003036486036,367
买3/止2.5,0.03,0.025,yin_or_small_yang,100.0,3,sh561320,561320,交运ETF国泰,A,"{'is_start': '2023-01-02', 'is_end': '2025-12-31', 'oos_start': '2025-01-02', 'oos_end': '2026-09-01'}","{'ret_pct': 18.4536552076352, 'excess_pct': 18.042555515959968, 'sharpe': 1.095509715371814, 'mdd_pct': 0.0, 'n_days': 727}","{'ret_pct': 1.0383734267563005, 'excess_pct': 1.670617894617199, 'sharpe': 0.15538377214180293, 'mdd_pct': 3.581314529869717, 'n_days': 403}",100.0,0.6263899765074393,0.15538377214180293,1.670617894617199,1.0383734267563005,368
买3/止2.5,0.03,0.025,yin_or_small_yang,50.0,76,sh516920,516920,芯片ETF汇添富,A,"{'is_start': '2023-01-02', 'is_end': '2025-12-31', 'oos_start': '2025-01-02', 'oos_end': '2026-09-01'}","{'ret_pct': 119.9271179397876, 'excess_pct': 46.31367256163634, 'sharpe': 1.265894808057548, 'mdd_pct': 16.383674679025304, 'n_days': 727}","{'ret_pct': 82.6261128114409, 'excess_pct': -24.32034160245199, 'sharpe': 1.4855925412844162, 'mdd_pct': 18.8064009919366, 'n_days': 403}",50.0,0.6260767423649177,1.4855925412844162,-24.32034160245199,82.6261128114409,369
sym±3%,0.03,0.03,yin_or_small_yang,42.22222222222222,45,sz159857,159857,光伏ETF天弘,A,"{'is_start': '2023-01-02', 'is_end': '2025-12-31', 'oos_start': '2025-01-02', 'oos_end': '2026-09-01'}","{'ret_pct': 20.627381346867146, 'excess_pct': 50.832159503863735, 'sharpe': 0.2648495204942714, 'mdd_pct': 37.10075238769684, 'n_days': 727}","{'ret_pct': 21.85463075272731, 'excess_pct': 7.4315538296503725, 'sharpe': 0.5304101252491187, 'mdd_pct': 28.417419150386348, 'n_days': 403}",42.22222222222222,0.6253719655442443,0.5304101252491187,7.4315538296503725,21.85463075272731,370
买2/止2.5,0.02,0.025,yin_or_small_yang,60.60606060606061,33,sz159326,159326,电网设备ETF华夏,B,"{'is_start': '2025-01-02', 'is_end': '2025-12-31', 'oos_start': '2026-01-02', 'oos_end': '2026-09-01'}","{'ret_pct': 33.40542430176547, 'excess_pct': -4.712003470834759, 'sharpe': 1.7343182559871455, 'mdd_pct': 10.497471683893645, 'n_days': 243}","{'ret_pct': 8.375749571307534, 'excess_pct': -2.3669559989842206, 'sharpe': 0.45576901017081717, 'mdd_pct': 17.479032735585086, 'n_days': 160}",60.60606060606061,0.6250587314017229,0.45576901017081717,-2.3669559989842206,8.375749571307534,371
sym±2.5%仅阴,0.025,0.025,yin_only,45.45454545454545,33,sh510170,510170,大宗商品ETF国联安,A,"{'is_start': '2023-01-02', 'is_end': '2025-12-31', 'oos_start': '2025-01-02', 'oos_end': '2026-09-01'}","{'ret_pct': 21.42002046116429, 'excess_pct': -30.34611839389052, 'sharpe': 0.4514759342875629, 'mdd_pct': 23.643456030852562, 'n_days': 727}","{'ret_pct': 53.06785669536722, 'excess_pct': -13.946032193521681, 'sharpe': 1.5995547527399103, 'mdd_pct': 15.765713067254428, 'n_days': 403}",45.45454545454545,0.624902114330462,1.5995547527399103,-13.946032193521681,53.06785669536722,372
sym±2.5%仅阴,0.025,0.025,yin_only,38.04347826086957,92,sh516010,516010,游戏ETF国泰,A,"{'is_start': '2023-01-02', 'is_end': '2025-12-31', 'oos_start': '2025-01-02', 'oos_end': '2026-09-01'}","{'ret_pct': 136.87004869628225, 'excess_pct': 55.06343292020087, 'sharpe': 1.1276908828595262, 'mdd_pct': 40.31494277613717, 'n_days': 727}","{'ret_pct': 24.16262024935183, 'excess_pct': 11.105625430698971, 'sharpe': 0.611724530124756, 'mdd_pct': 30.722970796051097, 'n_days': 403}",38.04347826086957,0.6248238057948317,0.611724530124756,11.105625430698971,24.16262024935183,373
买2.5/止3.5,0.025,0.035,yin_or_small_yang,40.0,45,sh512980,512980,传媒ETF广发,A,"{'is_start': '2023-01-02', 'is_end': '2025-12-31', 'oos_start': '2025-01-02', 'oos_end': '2026-09-01'}","{'ret_pct': 95.11341780849536, 'excess_pct': 32.83699504426773, 'sharpe': 0.8653000810674584, 'mdd_pct': 41.1716959852356, 'n_days': 727}","{'ret_pct': 23.27587629428365, 'excess_pct': 12.032490050897415, 'sharpe': 0.4744499493903502, 'mdd_pct': 41.18371498068837, 'n_days': 403}",40.0,0.6236491777603759,0.4744499493903502,12.032490050897415,23.27587629428365,374
买2/止2.5,0.02,0.025,yin_or_small_yang,43.18181818181818,44,sh588760,588760,科创人工智能ETF广发,B,"{'is_start': '2025-01-23', 'is_end': '2025-12-31', 'oos_start': '2026-01-02', 'oos_end': '2026-09-01'}","{'ret_pct': -14.15480733367679, 'excess_pct': 13.313423360360364, 'sharpe': -0.27896753802980273, 'mdd_pct': 48.96875334269527, 'n_days': 228}","{'ret_pct': 10.753034943927076, 'excess_pct': 12.166916691999052, 'sharpe': 0.4671208779086425, 'mdd_pct': 18.885120510136034, 'n_days': 160}",43.18181818181818,0.6235708692247455,0.4671208779086425,12.166916691999052,10.753034943927076,375
买3/止4,0.03,0.04,yin_or_small_yang,38.46153846153847,39,sz159994,159994,通信ETF银华,A,"{'is_start': '2023-01-02', 'is_end': '2025-12-31', 'oos_start': '2025-01-02', 'oos_end': '2026-09-01'}","{'ret_pct': 265.9855919905575, 'excess_pct': 86.7063127112782, 'sharpe': 1.7908432557397864, 'mdd_pct': 45.745690915491835, 'n_days': 727}","{'ret_pct': 48.09674782012354, 'excess_pct': 5.413820990855278, 'sharpe': 0.5011804943405688, 'mdd_pct': 57.087928949444255, 'n_days': 403}",38.46153846153847,0.6210649960845732,0.5011804943405688,5.413820990855278,48.09674782012354,376
sym±3%,0.03,0.03,yin_or_small_yang,41.86046511627907,43,sh516150,516150,稀土ETF嘉实,A,"{'is_start': '2023-01-02', 'is_end': '2025-12-31', 'oos_start': '2025-01-02', 'oos_end': '2026-09-01'}","{'ret_pct': 75.99231799342814, 'excess_pct': 16.881594366575484, 'sharpe': 0.9163349420819292, 'mdd_pct': 39.83030969994776, 'n_days': 727}","{'ret_pct': 67.22914814126841, 'excess_pct': -8.770851858731618, 'sharpe': 1.3773501551640142, 'mdd_pct': 17.688994369562305, 'n_days': 403}",41.86046511627907,0.6189506656225529,1.3773501551640142,-8.770851858731618,67.22914814126841,377
买3/止2.5,0.03,0.025,yin_or_small_yang,51.24999999999999,80,sh512760,512760,芯片ETF国泰,A,"{'is_start': '2023-01-02', 'is_end': '2025-12-31', 'oos_start': '2025-01-02', 'oos_end': '2026-09-01'}","{'ret_pct': 151.52374103271745, 'excess_pct': 80.84863554748537, 'sharpe': 1.5327808747976976, 'mdd_pct': 25.51777919741134, 'n_days': 727}","{'ret_pct': 9.075970455076465, 'excess_pct': 4.88602632099826, 'sharpe': 0.11437874366185966, 'mdd_pct': 52.67196792879345, 'n_days': 403}",51.24999999999999,0.6182458888018794,0.11437874366185966,4.88602632099826,9.075970455076465,378
买2/止2.5,0.02,0.025,yin_or_small_yang,41.17647058823529,17,sz159290,159290,创业板综指增强ETF东财,B,"{'is_start': '2025-09-17', 'is_end': '2025-12-31', 'oos_start': '2026-01-02', 'oos_end': '2026-09-01'}","{'ret_pct': 1.1794848630047872, 'excess_pct': -0.1850375541492033, 'sharpe': 0.24967274131859746, 'mdd_pct': 8.440633101526384, 'n_days': 70}","{'ret_pct': 12.936213428157073, 'excess_pct': 3.74296764954547, 'sharpe': 0.864869160566395, 'mdd_pct': 20.013643130694714, 'n_days': 160}",41.17647058823529,0.6160532498042286,0.864869160566395,3.74296764954547,12.936213428157073,379
买2/止3,0.02,0.03,yin_or_small_yang,100.0,4,sh561750,561750,A50ETF博时,B,"{'is_start': '2025-05-30', 'is_end': '2025-12-31', 'oos_start': '2026-01-02', 'oos_end': '2026-09-01'}","{'ret_pct': 6.964196089151997, 'excess_pct': -10.593826110646187, 'sharpe': 0.9901130269342346, 'mdd_pct': 5.431975289993829, 'n_days': 147}","{'ret_pct': 0.3726429320821678, 'excess_pct': 2.469958368323766, 'sharpe': 0.03223911896856781, 'mdd_pct': 10.401814900855811, 'n_days': 160}",100.0,0.6158183241973375,0.03223911896856781,2.469958368323766,0.3726429320821678,380
买3/止2.5,0.03,0.025,yin_or_small_yang,50.90909090909091,55,sh513060,513060,恒生医疗ETF博时,A,"{'is_start': '2023-01-02', 'is_end': '2025-12-31', 'oos_start': '2025-01-02', 'oos_end': '2026-09-01'}","{'ret_pct': 28.217777361645858, 'excess_pct': 32.32961946690901, 'sharpe': 0.4620289368014065, 'mdd_pct': 20.67865855047145, 'n_days': 727}","{'ret_pct': 37.95956324700824, 'excess_pct': -12.696604731994348, 'sharpe': 0.9273065970224033, 'mdd_pct': 18.61165123156585, 'n_days': 403}",50.90909090909091,0.6157400156617072,0.9273065970224033,-12.696604731994348,37.95956324700824,381
sym±2%,0.02,0.02,yin_or_small_yang,46.3768115942029,69,sz159944,159944,材料ETF广发,A,"{'is_start': '2023-01-02', 'is_end': '2025-12-31', 'oos_start': '2025-01-02', 'oos_end': '2026-09-01'}","{'ret_pct': 58.01980403310103, 'excess_pct': 15.341576672792748, 'sharpe': 1.0514219893963113, 'mdd_pct': 24.155592206979225, 'n_days': 727}","{'ret_pct': 56.105461315934015, 'excess_pct': -17.99363778316512, 'sharpe': 1.5564177641302537, 'mdd_pct': 12.517223393932309, 'n_days': 403}",46.3768115942029,0.614487079091621,1.5564177641302537,-17.99363778316512,56.105461315934015,382
买3/止4,0.03,0.04,yin_or_small_yang,75.0,4,sh513190,513190,港股通金融ETF华夏,B,"{'is_start': '2025-01-02', 'is_end': '2025-12-31', 'oos_start': '2026-01-02', 'oos_end': '2026-09-01'}","{'ret_pct': 25.644752921841096, 'excess_pct': -7.411850851743807, 'sharpe': 1.3347863122690395, 'mdd_pct': 13.533946388206708, 'n_days': 243}","{'ret_pct': 2.622333795002385, 'excess_pct': -0.10595128294861311, 'sharpe': 0.21974567093417224, 'mdd_pct': 13.501225626960023, 'n_days': 160}",75.0,0.6143304620203602,0.21974567093417224,-0.10595128294861311,2.622333795002385,383
sym±3%,0.03,0.03,yin_or_small_yang,42.42424242424242,33,sh516590,516590,智能汽车ETF易方达,A,"{'is_start': '2023-01-02', 'is_end': '2025-12-31', 'oos_start': '2025-01-02', 'oos_end': '2026-09-01'}","{'ret_pct': 77.39887190152285, 'excess_pct': 51.396916867309734, 'sharpe': 1.0542536899011572, 'mdd_pct': 23.28834898652149, 'n_days': 727}","{'ret_pct': 22.96795998260346, 'excess_pct': 0.8697456968891579, 'sharpe': 0.7565996218571825, 'mdd_pct': 17.329911727805612, 'n_days': 403}",42.42424242424242,0.613077525450274,0.7565996218571825,0.8697456968891579,22.96795998260346,384
买2.5/止3.5,0.025,0.035,yin_or_small_yang,44.44444444444444,27,sz159933,159933,金融地产ETF国投瑞银,A,"{'is_start': '2023-01-02', 'is_end': '2025-12-31', 'oos_start': '2025-01-02', 'oos_end': '2026-09-01'}","{'ret_pct': 24.11582694528356, 'excess_pct': -19.63417305471644, 'sharpe': 0.4421785599497015, 'mdd_pct': 20.80121268411761, 'n_days': 715}","{'ret_pct': 11.573357791259543, 'excess_pct': 3.048524581474533, 'sharpe': 0.6748542932514456, 'mdd_pct': 7.7139096200994794, 'n_days': 402}",44.44444444444444,0.6129209083790133,0.6748542932514456,3.048524581474533,11.573357791259543,385
买2.5/止3.5,0.025,0.035,yin_or_small_yang,58.333333333333336,12,sz159230,159230,通用航空ETF华夏,B,"{'is_start': '2025-05-30', 'is_end': '2025-12-31', 'oos_start': '2026-01-02', 'oos_end': '2026-09-01'}","{'ret_pct': 26.52546396017279, 'excess_pct': 1.231346313113967, 'sharpe': 2.772569790828398, 'mdd_pct': 7.160137808371935, 'n_days': 147}","{'ret_pct': -2.263053217653943, 'excess_pct': 23.044639090038366, 'sharpe': -0.12608508722609468, 'mdd_pct': 21.24067265653695, 'n_days': 160}",58.333333333333336,0.6122161315583399,-0.12608508722609468,23.044639090038366,-2.263053217653943,386
sym±3%,0.03,0.03,yin_or_small_yang,45.45454545454545,11,sh513970,513970,恒生消费ETF景顺,B,"{'is_start': '2025-01-02', 'is_end': '2025-12-31', 'oos_start': '2026-01-02', 'oos_end': '2026-09-01'}","{'ret_pct': 2.968336268912397, 'excess_pct': -3.9403288364740163, 'sharpe': 0.22837933406023808, 'mdd_pct': 12.129148509043885, 'n_days': 243}","{'ret_pct': 2.1405710610747253, 'excess_pct': 14.640571061074736, 'sharpe': 0.3796513586228007, 'mdd_pct': 7.066189052300665, 'n_days': 160}",45.45454545454545,0.6115113547376665,0.3796513586228007,14.640571061074736,2.1405710610747253,387
sym±2.5%仅阴,0.025,0.025,yin_only,51.35135135135135,37,sh588810,588810,科创芯片ETF富国,B,"{'is_start': '2025-01-09', 'is_end': '2025-12-31', 'oos_start': '2026-01-02', 'oos_end': '2026-09-01'}","{'ret_pct': 101.37942500835204, 'excess_pct': 37.95028724819345, 'sharpe': 2.7150751995439215, 'mdd_pct': 16.6507865499425, 'n_days': 238}","{'ret_pct': 30.002459024892623, 'excess_pct': -18.405184287209273, 'sharpe': 1.3239362152093668, 'mdd_pct': 25.33853088585739, 'n_days': 160}",51.35135135135135,0.6108848864526233,1.3239362152093668,-18.405184287209273,30.002459024892623,388
sym±2.5%,0.025,0.025,yin_or_small_yang,52.83018867924528,53,sh588370,588370,科创50增强ETF南方,A,"{'is_start': '2023-01-02', 'is_end': '2025-12-31', 'oos_start': '2025-01-02', 'oos_end': '2026-09-01'}","{'ret_pct': 82.90020080276565, 'excess_pct': 36.48626637653616, 'sharpe': 0.9011354842024406, 'mdd_pct': 16.838048405001228, 'n_days': 727}","{'ret_pct': 59.556541589446525, 'excess_pct': -29.933904270426083, 'sharpe': 1.2921070297896, 'mdd_pct': 10.920786136299354, 'n_days': 403}",52.83018867924528,0.6102584181675803,1.2921070297896,-29.933904270426083,59.556541589446525,389
买2/止3,0.02,0.03,yin_or_small_yang,45.45454545454545,22,sz159721,159721,深证100ETF永赢,A,"{'is_start': '2023-01-02', 'is_end': '2025-12-31', 'oos_start': '2025-01-02', 'oos_end': '2026-09-01'}","{'ret_pct': 34.25750589271477, 'excess_pct': -6.886148221650679, 'sharpe': 0.52089790517279, 'mdd_pct': 31.83398818419515, 'n_days': 723}","{'ret_pct': 35.89932163938676, 'excess_pct': -6.97720481922925, 'sharpe': 1.0014274660580165, 'mdd_pct': 24.326474968349675, 'n_days': 399}",45.45454545454545,0.6101018010963195,1.0014274660580165,-6.97720481922925,35.89932163938676,390
sym±2.5%仅阴,0.025,0.025,yin_only,55.319148936170215,47,sh588090,588090,科创50ETF华泰柏瑞,A,"{'is_start': '2023-01-02', 'is_end': '2025-12-31', 'oos_start': '2025-01-02', 'oos_end': '2026-09-01'}","{'ret_pct': 96.07085157276462, 'excess_pct': 59.38446104022026, 'sharpe': 1.2452015095852498, 'mdd_pct': 16.6190571549927, 'n_days': 727}","{'ret_pct': 49.78679627054618, 'excess_pct': -25.314418304352635, 'sharpe': 1.0863197248141239, 'mdd_pct': 22.460346092269578, 'n_days': 403}",55.319148936170215,0.6095536413469068,1.0863197248141239,-25.314418304352635,49.78679627054618,391
sym±3%,0.03,0.03,yin_or_small_yang,44.44444444444444,9,sh510850,510850,上证50ETF工银,A,"{'is_start': '2023-01-02', 'is_end': '2025-12-31', 'oos_start': '2025-01-02', 'oos_end': '2026-09-01'}","{'ret_pct': 28.861163597687355, 'excess_pct': 1.3514770883531035, 'sharpe': 0.6645082522595064, 'mdd_pct': 15.934192001684833, 'n_days': 727}","{'ret_pct': 17.657498299688747, 'excess_pct': -2.5357706106744686, 'sharpe': 0.9173536146964134, 'mdd_pct': 10.246164964693572, 'n_days': 403}",44.44444444444444,0.6094753328112765,0.9173536146964134,-2.5357706106744686,17.657498299688747,392
买2/止3,0.02,0.03,yin_or_small_yang,50.0,4,sh518880,518880,黄金ETF华安,A,"{'is_start': '2023-01-02', 'is_end': '2025-12-31', 'oos_start': '2025-01-02', 'oos_end': '2026-09-01'}","{'ret_pct': 84.31126746190425, 'excess_pct': -48.97190284158209, 'sharpe': 1.7677903685119238, 'mdd_pct': 12.36428149838943, 'n_days': 727}","{'ret_pct': 38.19396436578444, 'excess_pct': -14.641906472428715, 'sharpe': 1.09364594029622, 'mdd_pct': 21.41562798711082, 'n_days': 403}",50.0,0.6086922474549726,1.09364594029622,-14.641906472428715,38.19396436578444,393
买3/止4,0.03,0.04,yin_or_small_yang,66.66666666666666,3,sh561200,561200,中证A100ETF工银,B,"{'is_start': '2025-01-02', 'is_end': '2025-12-31', 'oos_start': '2026-01-02', 'oos_end': '2026-09-01'}","{'ret_pct': 21.32722343835256, 'excess_pct': -4.543856701020264, 'sharpe': 1.989305257695204, 'mdd_pct': 5.527087323027924, 'n_days': 240}","{'ret_pct': 1.2578780148930546, 'excess_pct': 1.8668090027144202, 'sharpe': 0.08439187051535545, 'mdd_pct': 9.409604423568263, 'n_days': 160}",66.66666666666666,0.6084573218480814,0.08439187051535545,1.8668090027144202,1.2578780148930546,394
sym±2%,0.02,0.02,yin_or_small_yang,58.333333333333336,12,sh513850,513850,美国50ETF易方达,B,"{'is_start': '2025-01-02', 'is_end': '2025-12-31', 'oos_start': '2026-01-02', 'oos_end': '2026-09-01'}","{'ret_pct': 30.307467708131064, 'excess_pct': 15.3349402356036, 'sharpe': 1.7251125894507655, 'mdd_pct': 8.791626981211987, 'n_days': 243}","{'ret_pct': 5.745444226161456, 'excess_pct': -3.017137182956353, 'sharpe': 0.5200119195820185, 'mdd_pct': 12.925466835485777, 'n_days': 160}",58.333333333333336,0.6083007047768207,0.5200119195820185,-3.017137182956353,5.745444226161456,395
买2.5/止3.5,0.025,0.035,yin_or_small_yang,75.0,4,sh562890,562890,A50ETF嘉实,B,"{'is_start': '2025-01-02', 'is_end': '2025-12-31', 'oos_start': '2026-01-02', 'oos_end': '2026-09-01'}","{'ret_pct': 14.706191363109244, 'excess_pct': -6.432020019004579, 'sharpe': 1.0858865338643826, 'mdd_pct': 10.661893335021432, 'n_days': 243}","{'ret_pct': 1.0750957156328456, 'excess_pct': 0.4924300200756848, 'sharpe': 0.11874570963290824, 'mdd_pct': 7.552018453840647, 'n_days': 160}",75.0,0.6077525450274079,0.11874570963290824,0.4924300200756848,1.0750957156328456,396
sym±2.5%,0.025,0.025,yin_or_small_yang,48.68421052631579,76,sz159618,159618,光伏ETF华安,A,"{'is_start': '2023-01-02', 'is_end': '2025-12-31', 'oos_start': '2025-01-02', 'oos_end': '2026-09-01'}","{'ret_pct': 15.000875083159615, 'excess_pct': 46.664560235216854, 'sharpe': 0.21607132647890856, 'mdd_pct': 26.10547362740656, 'n_days': 727}","{'ret_pct': 13.113051155741706, 'excess_pct': 1.5484253054015564, 'sharpe': 0.3388469967635565, 'mdd_pct': 22.92769990067053, 'n_days': 403}",48.68421052631579,0.6068128425998434,0.3388469967635565,1.5484253054015564,13.113051155741706,397
sym±3%,0.03,0.03,yin_or_small_yang,40.0,15,sz159976,159976,湾创ETF工银,A,"{'is_start': '2023-01-02', 'is_end': '2025-12-31', 'oos_start': '2025-01-02', 'oos_end': '2026-09-01'}","{'ret_pct': 19.865118606340303, 'excess_pct': -16.828429780756494, 'sharpe': 0.39014751018286636, 'mdd_pct': 31.660022218708285, 'n_days': 723}","{'ret_pct': 23.40893000080515, 'excess_pct': -0.6213443605950459, 'sharpe': 1.0275765721602632, 'mdd_pct': 11.276254792788198, 'n_days': 403}",40.0,0.6066562255285826,1.0275765721602632,-0.6213443605950459,23.40893000080515,398
sym±2.5%,0.025,0.025,yin_or_small_yang,75.0,4,sz159225,159225,现金流ETF银华,B,"{'is_start': '2025-04-17', 'is_end': '2025-12-31', 'oos_start': '2026-01-02', 'oos_end': '2026-09-01'}","{'ret_pct': 8.69717108410879, 'excess_pct': -18.6028289158912, 'sharpe': 1.3393411633069296, 'mdd_pct': 6.142023949197039, 'n_days': 175}","{'ret_pct': 0.15204087323930082, 'excess_pct': 2.0270408732393053, 'sharpe': 0.027087274521316956, 'mdd_pct': 9.151635178972716, 'n_days': 160}",75.0,0.6044635865309319,0.027087274521316956,2.0270408732393053,0.15204087323930082,399
sym±3%,0.03,0.03,yin_or_small_yang,51.28205128205128,39,sz159559,159559,机器人ETF景顺,B,"{'is_start': '2025-01-02', 'is_end': '2025-12-31', 'oos_start': '2026-01-02', 'oos_end': '2026-09-01'}","{'ret_pct': 64.42010089523147, 'excess_pct': 25.25994464523145, 'sharpe': 2.60018552443962, 'mdd_pct': 15.479388712386132, 'n_days': 243}","{'ret_pct': -0.11469304188654883, 'excess_pct': 15.590657896264949, 'sharpe': -0.00631366784655961, 'mdd_pct': 25.83632430775221, 'n_days': 160}",51.28205128205128,0.6039937353171495,-0.00631366784655961,15.590657896264949,-0.11469304188654883,400
sym±2.5%,0.025,0.025,yin_or_small_yang,53.333333333333336,15,sh560770,560770,机器人ETF招商,B,"{'is_start': '2025-09-01', 'is_end': '2025-12-31', 'oos_start': '2026-01-02', 'oos_end': '2026-09-01'}","{'ret_pct': 8.497978930204786, 'excess_pct': 8.696786087262442, 'sharpe': 1.9486873667769198, 'mdd_pct': 5.026022511457184, 'n_days': 82}","{'ret_pct': 1.2781698630818017, 'excess_pct': 5.979443124590111, 'sharpe': 0.08359668773543791, 'mdd_pct': 22.18923637436443, 'n_days': 160}",53.333333333333336,0.602662490211433,0.08359668773543791,5.979443124590111,1.2781698630818017,401
sym±2%,0.02,0.02,yin_or_small_yang,46.808510638297875,47,sz159633,159633,中证1000ETF易方达,A,"{'is_start': '2023-01-02', 'is_end': '2025-12-31', 'oos_start': '2025-01-02', 'oos_end': '2026-09-01'}","{'ret_pct': 82.0172886398147, 'excess_pct': 16.650673975228116, 'sharpe': 1.3882834859309645, 'mdd_pct': 17.704469277548927, 'n_days': 727}","{'ret_pct': 30.90881304817279, 'excess_pct': -9.259963323135239, 'sharpe': 1.0736629829387527, 'mdd_pct': 15.001639750148744, 'n_days': 403}",46.808510638297875,0.6025841816758026,1.0736629829387527,-9.259963323135239,30.90881304817279,402
sym±2.5%仅阴,0.025,0.025,yin_only,42.69662921348314,89,sh516000,516000,大数据ETF华夏,A,"{'is_start': '2023-01-02', 'is_end': '2025-12-31', 'oos_start': '2025-01-02', 'oos_end': '2026-09-01'}","{'ret_pct': 113.0184373669024, 'excess_pct': 90.63576588675801, 'sharpe': 1.2536096892010689, 'mdd_pct': 18.866378761076675, 'n_days': 727}","{'ret_pct': 18.828202411939742, 'excess_pct': 4.308296088754759, 'sharpe': 0.5003847176884032, 'mdd_pct': 22.256351893686745, 'n_days': 403}",42.69662921348314,0.6021926389976507,0.5003847176884032,4.308296088754759,18.828202411939742,403
sym±2%,0.02,0.02,yin_or_small_yang,40.0,45,sh561130,561130,国货ETF富国,A,"{'is_start': '2023-01-02', 'is_end': '2025-12-31', 'oos_start': '2025-01-02', 'oos_end': '2026-09-01'}","{'ret_pct': 47.41127137648225, 'excess_pct': 24.10781427020823, 'sharpe': 0.906851037421869, 'mdd_pct': 19.27397289352629, 'n_days': 727}","{'ret_pct': 30.659126373360234, 'excess_pct': -4.490030565679984, 'sharpe': 1.3227006970843105, 'mdd_pct': 9.127406885280609, 'n_days': 403}",40.0,0.6020360219263899,1.3227006970843105,-4.490030565679984,30.659126373360234,404
sym±2.5%,0.025,0.025,yin_or_small_yang,42.857142857142854,14,sz159588,159588,石油ETF景顺,B,"{'is_start': '2025-01-02', 'is_end': '2025-12-31', 'oos_start': '2026-01-02', 'oos_end': '2026-09-01'}","{'ret_pct': 6.804614513833918, 'excess_pct': -7.49569192130397, 'sharpe': 0.7379898075321459, 'mdd_pct': 4.645071916575305, 'n_days': 243}","{'ret_pct': 13.388022914253694, 'excess_pct': -1.4501065821491466, 'sharpe': 1.0051420394367738, 'mdd_pct': 18.374595991091248, 'n_days': 160}",42.857142857142854,0.6014878621769773,1.0051420394367738,-1.4501065821491466,13.388022914253694,405
买2/止3,0.02,0.03,yin_or_small_yang,50.0,30,sz159535,159535,中证2000ETF嘉实,B,"{'is_start': '2025-01-02', 'is_end': '2025-12-31', 'oos_start': '2026-01-02', 'oos_end': '2026-09-01'}","{'ret_pct': 36.13793926939639, 'excess_pct': -2.6593449207103177, 'sharpe': 1.934976251245597, 'mdd_pct': 13.631388710173997, 'n_days': 243}","{'ret_pct': 6.1007021617329515, 'excess_pct': 1.1420244757825326, 'sharpe': 0.39050562618911533, 'mdd_pct': 18.290338534904926, 'n_days': 160}",50.0,0.6000783085356304,0.39050562618911533,1.1420244757825326,6.1007021617329515,406
sym±2%,0.02,0.02,yin_or_small_yang,60.0,20,sh510060,510060,央企ETF工银,A,"{'is_start': '2023-01-02', 'is_end': '2025-12-31', 'oos_start': '2025-01-02', 'oos_end': '2026-09-01'}","{'ret_pct': 22.084924418227803, 'excess_pct': -14.44568782667017, 'sharpe': 0.6818507632906513, 'mdd_pct': 11.243053715834606, 'n_days': 727}","{'ret_pct': 0.6247239053434939, 'excess_pct': -6.595929583966709, 'sharpe': 0.8812344158737985, 'mdd_pct': 0.0, 'n_days': 403}",60.0,0.6,0.8812344158737985,-6.595929583966709,0.6247239053434939,407
买2.5/止3.5,0.025,0.035,yin_or_small_yang,36.0,25,sh512710,512710,军工龙头ETF富国,A,"{'is_start': '2023-01-02', 'is_end': '2025-12-31', 'oos_start': '2025-01-02', 'oos_end': '2026-09-01'}","{'ret_pct': 16.943965358040924, 'excess_pct': 12.827099488186988, 'sharpe': 0.22062910232830488, 'mdd_pct': 31.04096705352789, 'n_days': 727}","{'ret_pct': 20.5140352676904, 'excess_pct': 14.95847971213482, 'sharpe': 0.4247730069465979, 'mdd_pct': 27.01530197976052, 'n_days': 403}",36.0,0.5997650743931088,0.4247730069465979,14.95847971213482,20.5140352676904,408
买3/止2.5,0.03,0.025,yin_or_small_yang,63.63636363636363,11,sz159606,159606,中证500成长ETF易方达,A,"{'is_start': '2023-01-02', 'is_end': '2025-12-31', 'oos_start': '2025-01-02', 'oos_end': '2026-09-01'}","{'ret_pct': 43.863216000997916, 'excess_pct': 6.495413415804016, 'sharpe': 1.3518287211656246, 'mdd_pct': 9.46283351459587, 'n_days': 727}","{'ret_pct': 23.49163608423217, 'excess_pct': -38.508363915767866, 'sharpe': 1.3540934169878023, 'mdd_pct': 8.392237304044404, 'n_days': 403}",63.63636363636363,0.5978856695379796,1.3540934169878023,-38.508363915767866,23.49163608423217,409
买3/止4,0.03,0.04,yin_or_small_yang,42.10526315789473,19,sz159945,159945,能源ETF广发,A,"{'is_start': '2023-01-02', 'is_end': '2025-12-31', 'oos_start': '2025-01-02', 'oos_end': '2026-09-01'}","{'ret_pct': 60.89955120141857, 'excess_pct': 33.852137408315116, 'sharpe': 1.0161381622659966, 'mdd_pct': 20.43470062969496, 'n_days': 727}","{'ret_pct': 27.017633072159587, 'excess_pct': -1.339257387204352, 'sharpe': 0.7815127668027805, 'mdd_pct': 27.494194889960855, 'n_days': 403}",42.10526315789473,0.5967893500391542,0.7815127668027805,-1.339257387204352,27.017633072159587,410
买2.5/止3.5,0.025,0.035,yin_or_small_yang,100.0,2,sh560120,560120,中证500现金流ETF华夏,B,"{'is_start': '2025-08-05', 'is_end': '2025-12-31', 'oos_start': '2026-01-02', 'oos_end': '2026-09-01'}","{'ret_pct': 11.175005626243205, 'excess_pct': -11.978686988527244, 'sharpe': 2.669278548190918, 'mdd_pct': 6.312975920153507, 'n_days': 101}","{'ret_pct': -0.11607809211938713, 'excess_pct': 1.7239219078806212, 'sharpe': -0.0078067296439484615, 'mdd_pct': 25.634909128689742, 'n_days': 160}",100.0,0.5964761158966327,-0.0078067296439484615,1.7239219078806212,-0.11607809211938713,411
买3/止4,0.03,0.04,yin_or_small_yang,75.0,4,sz159812,159812,黄金ETF前海开源,A,"{'is_start': '2023-01-02', 'is_end': '2025-12-31', 'oos_start': '2025-01-02', 'oos_end': '2026-09-01'}","{'ret_pct': 85.54074575974559, 'excess_pct': -45.353360134360315, 'sharpe': 1.7786283659830298, 'mdd_pct': 11.891816980298698, 'n_days': 727}","{'ret_pct': 28.72667569327887, 'excess_pct': -23.774163514508984, 'sharpe': 0.8462381758471593, 'mdd_pct': 20.881567720872408, 'n_days': 403}",75.0,0.5960845732184809,0.8462381758471593,-23.774163514508984,28.72667569327887,412
sym±2%,0.02,0.02,yin_or_small_yang,75.0,4,sz159277,159277,港股通红利ETF富国,B,"{'is_start': '2025-08-14', 'is_end': '2025-12-31', 'oos_start': '2026-01-02', 'oos_end': '2026-09-01'}","{'ret_pct': 4.112312498419213, 'excess_pct': 8.14457056293535, 'sharpe': 1.4386579923962017, 'mdd_pct': 4.171678962419046, 'n_days': 94}","{'ret_pct': 2.1566131661875154, 'excess_pct': -3.106544728549343, 'sharpe': 0.3106964060320412, 'mdd_pct': 8.317980104840906, 'n_days': 160}",75.0,0.59592795614722,0.3106964060320412,-3.106544728549343,2.1566131661875154,413
买3/止4,0.03,0.04,yin_or_small_yang,54.54545454545454,11,sh516730,516730,证券ETF浦银,A,"{'is_start': '2023-01-02', 'is_end': '2025-12-31', 'oos_start': '2025-01-02', 'oos_end': '2026-09-01'}","{'ret_pct': 72.24196210141747, 'excess_pct': 30.564542746578766, 'sharpe': 0.9146721927658829, 'mdd_pct': 26.39292467766462, 'n_days': 727}","{'ret_pct': 3.2984125908070316, 'excess_pct': 2.6966071745583076, 'sharpe': 0.09240787473737873, 'mdd_pct': 23.961292727864304, 'n_days': 403}",54.54545454545454,0.5950665622552858,0.09240787473737873,2.6966071745583076,3.2984125908070316,414
sym±3%,0.03,0.03,yin_or_small_yang,83.33333333333334,6,sh515380,515380,沪深300ETF泰康,A,"{'is_start': '2023-01-02', 'is_end': '2025-12-31', 'oos_start': '2025-01-02', 'oos_end': '2026-09-01'}","{'ret_pct': 45.72090989937108, 'excess_pct': 16.454388475986907, 'sharpe': 1.314449795115571, 'mdd_pct': 11.68112159486705, 'n_days': 727}","{'ret_pct': 11.478904559646175, 'excess_pct': -15.015629052821833, 'sharpe': 0.8087658364029925, 'mdd_pct': 9.583960351369269, 'n_days': 403}",83.33333333333334,0.5944400939702428,0.8087658364029925,-15.015629052821833,11.478904559646175,415
sym±2.5%仅阴,0.025,0.025,yin_only,42.04545454545455,88,sz159739,159739,云计算ETF鹏华,A,"{'is_start': '2023-01-02', 'is_end': '2025-12-31', 'oos_start': '2025-01-02', 'oos_end': '2026-09-01'}","{'ret_pct': 131.26935612463478, 'excess_pct': 35.17656003183865, 'sharpe': 1.264717340316902, 'mdd_pct': 42.1456515161781, 'n_days': 727}","{'ret_pct': 8.355307505203502, 'excess_pct': 27.40292655282256, 'sharpe': 0.10935365822795967, 'mdd_pct': 59.827598063051845, 'n_days': 403}",42.04545454545455,0.59389193422083,0.10935365822795967,27.40292655282256,8.355307505203502,416
买2.5/止3.5,0.025,0.035,yin_or_small_yang,44.44444444444444,9,sz159640,159640,碳中和龙头ETF工银,A,"{'is_start': '2023-01-02', 'is_end': '2025-12-31', 'oos_start': '2025-01-02', 'oos_end': '2026-09-01'}","{'ret_pct': 16.140978341731937, 'excess_pct': -9.802992425624947, 'sharpe': 0.2793769739576964, 'mdd_pct': 33.43501997429612, 'n_days': 727}","{'ret_pct': 25.45681881829358, 'excess_pct': -3.5086984230857645, 'sharpe': 0.756840780428802, 'mdd_pct': 15.277813265288076, 'n_days': 403}",44.44444444444444,0.5931088488645262,0.756840780428802,-3.5086984230857645,25.45681881829358,417
买2/止2.5,0.02,0.025,yin_or_small_yang,50.0,10,sh515890,515890,红利ETF博时,A,"{'is_start': '2023-01-02', 'is_end': '2025-12-31', 'oos_start': '2025-01-02', 'oos_end': '2026-09-01'}","{'ret_pct': 28.365115620357507, 'excess_pct': 14.417317904207417, 'sharpe': 0.7435503745476885, 'mdd_pct': 15.772381273263825, 'n_days': 727}","{'ret_pct': 8.496149360171446, 'excess_pct': -1.3220324580103693, 'sharpe': 0.4888027199442482, 'mdd_pct': 18.094163681564112, 'n_days': 403}",50.0,0.5925606891151135,0.4888027199442482,-1.3220324580103693,8.496149360171446,418
买3/止4,0.03,0.04,yin_or_small_yang,53.84615384615385,13,sh515990,515990,一带一路ETF汇添富,A,"{'is_start': '2023-01-02', 'is_end': '2025-12-31', 'oos_start': '2025-01-02', 'oos_end': '2026-09-01'}","{'ret_pct': 18.452002330930274, 'excess_pct': -8.556544677616749, 'sharpe': 0.42312200103537073, 'mdd_pct': 24.427708031804695, 'n_days': 727}","{'ret_pct': 15.347644183223874, 'excess_pct': -7.368797437109741, 'sharpe': 0.619309493081923, 'mdd_pct': 19.523241584016205, 'n_days': 403}",53.84615384615385,0.5921691464369617,0.619309493081923,-7.368797437109741,15.347644183223874,419
买2/止3,0.02,0.03,yin_or_small_yang,50.0,10,sz159617,159617,中证500价值ETF华夏,A,"{'is_start': '2023-01-02', 'is_end': '2025-12-31', 'oos_start': '2025-01-02', 'oos_end': '2026-09-01'}","{'ret_pct': 35.34793767222373, 'excess_pct': -5.064433461796902, 'sharpe': 0.696928492889607, 'mdd_pct': 21.496118861064485, 'n_days': 726}","{'ret_pct': 15.748768208079444, 'excess_pct': -6.295676236365001, 'sharpe': 0.7499527464304075, 'mdd_pct': 10.712530203556003, 'n_days': 402}",50.0,0.5913860610806578,0.7499527464304075,-6.295676236365001,15.748768208079444,420
买2/止2.5,0.02,0.025,yin_or_small_yang,44.44444444444444,36,sz159712,159712,港股通50ETF国泰,A,"{'is_start': '2023-01-02', 'is_end': '2025-12-31', 'oos_start': '2025-01-02', 'oos_end': '2026-09-01'}","{'ret_pct': 53.70573847680766, 'excess_pct': 14.234955676366631, 'sharpe': 0.7685691087606018, 'mdd_pct': 17.128517052295777, 'n_days': 727}","{'ret_pct': 22.814855568097304, 'excess_pct': -1.883939612625607, 'sharpe': 0.6330651695416846, 'mdd_pct': 26.45843922616781, 'n_days': 403}",44.44444444444444,0.5913077525450274,0.6330651695416846,-1.883939612625607,22.814855568097304,421
sym±3%,0.03,0.03,yin_or_small_yang,53.84615384615385,13,sz159309,159309,油气ETF汇添富,B,"{'is_start': '2025-01-02', 'is_end': '2025-12-31', 'oos_start': '2026-01-02', 'oos_end': '2026-09-01'}","{'ret_pct': 10.59423616441535, 'excess_pct': -8.763941889414873, 'sharpe': 0.7902805197479613, 'mdd_pct': 5.2164604567944135, 'n_days': 243}","{'ret_pct': 13.15323937727888, 'excess_pct': -11.977195405329823, 'sharpe': 0.9282572345075301, 'mdd_pct': 18.466016759384818, 'n_days': 160}",53.84615384615385,0.5910728269381363,0.9282572345075301,-11.977195405329823,13.15323937727888,422
sym±2%,0.02,0.02,yin_or_small_yang,47.368421052631575,76,sz159681,159681,创业板50ETF鹏华,A,"{'is_start': '2023-01-02', 'is_end': '2025-12-31', 'oos_start': '2025-01-02', 'oos_end': '2026-09-01'}","{'ret_pct': 90.40124574769925, 'excess_pct': 40.25049197885504, 'sharpe': 1.034481393256558, 'mdd_pct': 30.697123296525707, 'n_days': 727}","{'ret_pct': 53.84813233568022, 'excess_pct': -21.455065018233782, 'sharpe': 1.2627413679241644, 'mdd_pct': 19.329138436747684, 'n_days': 403}",47.368421052631575,0.5904463586530933,1.2627413679241644,-21.455065018233782,53.84813233568022,423
sym±3%,0.03,0.03,yin_or_small_yang,54.54545454545454,44,sz159880,159880,有色ETF鹏华,A,"{'is_start': '2023-01-02', 'is_end': '2025-12-31', 'oos_start': '2025-01-02', 'oos_end': '2026-09-01'}","{'ret_pct': 102.29359449322692, 'excess_pct': 17.473860147875897, 'sharpe': 1.3457113680942836, 'mdd_pct': 17.183787101475765, 'n_days': 727}","{'ret_pct': 3.3029016006440814, 'excess_pct': 2.3910474973006135, 'sharpe': 0.04314011509108327, 'mdd_pct': 55.24326338240718, 'n_days': 403}",54.54545454545454,0.5893500391542679,0.04314011509108327,2.3910474973006135,3.3029016006440814,424
sym±2.5%仅阴,0.025,0.025,yin_only,40.0,5,sh513390,513390,纳指100ETF博时,B,"{'is_start': '2025-01-02', 'is_end': '2025-12-31', 'oos_start': '2026-01-02', 'oos_end': '2026-09-01'}","{'ret_pct': 20.75566192424001, 'excess_pct': 6.057784950913934, 'sharpe': 1.0857952868722516, 'mdd_pct': 17.484132306334565, 'n_days': 243}","{'ret_pct': 10.140866122780402, 'excess_pct': -3.702399949486157, 'sharpe': 1.552117046819941, 'mdd_pct': 2.9356045158520416, 'n_days': 160}",40.0,0.5888018794048551,1.552117046819941,-3.702399949486157,10.140866122780402,425
买3/止4,0.03,0.04,yin_or_small_yang,38.095238095238095,21,sh513320,513320,港股通新经济ETF易方达,A,"{'is_start': '2023-01-02', 'is_end': '2025-12-31', 'oos_start': '2025-01-02', 'oos_end': '2026-09-01'}","{'ret_pct': 34.96573476743423, 'excess_pct': 8.351253358432295, 'sharpe': 0.42330342452583625, 'mdd_pct': 41.44750418022951, 'n_days': 727}","{'ret_pct': 15.573335392768772, 'excess_pct': 12.029274090086805, 'sharpe': 0.381032907768864, 'mdd_pct': 25.141896962711918, 'n_days': 403}",38.095238095238095,0.5887235708692248,0.381032907768864,12.029274090086805,15.573335392768772,426
买3/止4,0.03,0.04,yin_or_small_yang,50.0,6,sz159965,159965,央视50ETF国联,A,"{'is_start': '2023-01-02', 'is_end': '2025-12-31', 'oos_start': '2025-01-02', 'oos_end': '2026-09-01'}","{'ret_pct': 17.49764462255976, 'excess_pct': -10.280133155218007, 'sharpe': 0.41742148436465043, 'mdd_pct': 13.67989118333991, 'n_days': 727}","{'ret_pct': 11.047399580663697, 'excess_pct': -5.489151164545671, 'sharpe': 0.7697778964585943, 'mdd_pct': 6.213033115445965, 'n_days': 403}",50.0,0.5882537196554425,0.7697778964585943,-5.489151164545671,11.047399580663697,427
买3/止2.5,0.03,0.025,yin_or_small_yang,60.0,5,sh515100,515100,红利低波100ETF景顺,A,"{'is_start': '2023-01-02', 'is_end': '2025-12-31', 'oos_start': '2025-01-02', 'oos_end': '2026-09-01'}","{'ret_pct': 17.332097728728858, 'excess_pct': 23.806917872613745, 'sharpe': 0.910962435738928, 'mdd_pct': 4.84210918629655, 'n_days': 727}","{'ret_pct': 0.0, 'excess_pct': 3.417634996582375, 'sharpe': 0.0, 'mdd_pct': 0.0, 'n_days': 403}",60.0,0.5878230227094754,0.0,3.417634996582375,0.0,428
买2/止3,0.02,0.03,yin_or_small_yang,33.33333333333333,21,sh563150,563150,油气ETF银华,B,"{'is_start': '2025-01-02', 'is_end': '2025-12-31', 'oos_start': '2026-01-02', 'oos_end': '2026-09-01'}","{'ret_pct': 14.584502600356686, 'excess_pct': -3.9181711964347627, 'sharpe': 0.919850019139665, 'mdd_pct': 8.875363981186958, 'n_days': 243}","{'ret_pct': 23.576773854852327, 'excess_pct': -0.6766198103060255, 'sharpe': 1.1770054051253647, 'mdd_pct': 25.165164744892788, 'n_days': 160}",33.33333333333333,0.5868441660140956,1.1770054051253647,-0.6766198103060255,23.576773854852327,429
sym±3%,0.03,0.03,yin_or_small_yang,43.103448275862064,58,sz159855,159855,影视ETF银华,A,"{'is_start': '2023-01-02', 'is_end': '2025-12-31', 'oos_start': '2025-01-02', 'oos_end': '2026-09-01'}","{'ret_pct': 41.508502940425274, 'excess_pct': 31.62478201019272, 'sharpe': 0.4703048393089395, 'mdd_pct': 30.1792441047144, 'n_days': 727}","{'ret_pct': 7.630760244886625, 'excess_pct': 12.66761528174165, 'sharpe': 0.1787258879028424, 'mdd_pct': 27.37237446633365, 'n_days': 403}",43.103448275862064,0.5868441660140955,0.1787258879028424,12.66761528174165,7.630760244886625,430
sym±2%,0.02,0.02,yin_or_small_yang,56.00000000000001,25,sz159800,159800,中证800ETF鹏华,B,"{'is_start': '2025-01-02', 'is_end': '2025-12-31', 'oos_start': '2026-01-02', 'oos_end': '2026-09-01'}","{'ret_pct': 2.95901379310175, 'excess_pct': -21.906818049474275, 'sharpe': 0.22827608772153574, 'mdd_pct': 14.47427716210109, 'n_days': 243}","{'ret_pct': 1.2811873148592667, 'excess_pct': 0.15204123158474303, 'sharpe': 0.16663553120839525, 'mdd_pct': 10.84070086085086, 'n_days': 160}",56.00000000000001,0.584259984338293,0.16663553120839525,0.15204123158474303,1.2811873148592667,431
买2/止3,0.02,0.03,yin_or_small_yang,38.46153846153847,13,sz159231,159231,通用航空ETF华宝,B,"{'is_start': '2025-04-29', 'is_end': '2025-12-31', 'oos_start': '2026-01-02', 'oos_end': '2026-09-01'}","{'ret_pct': -29.590368571967996, 'excess_pct': 2.523452566243389, 'sharpe': -0.6479803014369734, 'mdd_pct': 51.22483888756748, 'n_days': 167}","{'ret_pct': 5.247663961933324, 'excess_pct': 31.648843902936285, 'sharpe': 0.2963112771845944, 'mdd_pct': 17.582544237748877, 'n_days': 160}",38.46153846153847,0.5841816758026624,0.2963112771845944,31.648843902936285,5.247663961933324,432
sym±2%,0.02,0.02,yin_or_small_yang,35.9375,64,sz159787,159787,建材ETF易方达,A,"{'is_start': '2023-01-02', 'is_end': '2025-12-31', 'oos_start': '2025-01-02', 'oos_end': '2026-09-01'}","{'ret_pct': 14.640070542147509, 'excess_pct': 32.2667986527466, 'sharpe': 0.25191760235707694, 'mdd_pct': 32.27802963883787, 'n_days': 727}","{'ret_pct': 10.919984664926208, 'excess_pct': 16.1497786427392, 'sharpe': 0.45502079052426275, 'mdd_pct': 15.021433135263628, 'n_days': 403}",35.9375,0.5841033672670322,0.45502079052426275,16.1497786427392,10.919984664926208,433
买3/止2.5,0.03,0.025,yin_or_small_yang,50.0,16,sz159623,159623,成渝经济圈ETF博时,A,"{'is_start': '2023-01-02', 'is_end': '2025-12-31', 'oos_start': '2025-01-02', 'oos_end': '2026-09-01'}","{'ret_pct': 47.568808644120544, 'excess_pct': 32.18419325950517, 'sharpe': 0.891014516061853, 'mdd_pct': 29.468151568760703, 'n_days': 727}","{'ret_pct': 17.5855550619795, 'excess_pct': -11.268199878731952, 'sharpe': 0.9284100024202209, 'mdd_pct': 6.717052564677573, 'n_days': 403}",50.0,0.5836335160532498,0.9284100024202209,-11.268199878731952,17.5855550619795,434
买3/止2.5,0.03,0.025,yin_or_small_yang,61.53846153846154,13,sh510350,510350,沪深300ETF工银,A,"{'is_start': '2023-01-02', 'is_end': '2025-12-31', 'oos_start': '2025-01-02', 'oos_end': '2026-09-01'}","{'ret_pct': 42.53237165692136, 'excess_pct': 24.042916041423567, 'sharpe': 1.0859435748606185, 'mdd_pct': 9.429269497526471, 'n_days': 727}","{'ret_pct': 14.527894617620385, 'excess_pct': -13.078832419895802, 'sharpe': 0.6982878878146245, 'mdd_pct': 10.562426835804073, 'n_days': 403}",61.53846153846154,0.5833985904463587,0.6982878878146245,-13.078832419895802,14.527894617620385,435
买2/止3,0.02,0.03,yin_or_small_yang,55.172413793103445,29,sh561380,561380,电网设备ETF国泰,B,"{'is_start': '2025-01-02', 'is_end': '2025-12-31', 'oos_start': '2026-01-02', 'oos_end': '2026-09-01'}","{'ret_pct': 68.17502450170242, 'excess_pct': -6.771896942034317, 'sharpe': 3.3844125381924317, 'mdd_pct': 11.797656211125485, 'n_days': 243}","{'ret_pct': -6.012099330036502, 'excess_pct': 50.16700514757544, 'sharpe': -0.294661269039452, 'mdd_pct': 29.03271987285214, 'n_days': 160}",55.172413793103445,0.5832419733750979,-0.294661269039452,50.16700514757544,-6.012099330036502,436
sym±2%,0.02,0.02,yin_or_small_yang,43.333333333333336,120,sh516180,516180,光伏ETF平安,A,"{'is_start': '2023-01-02', 'is_end': '2025-12-31', 'oos_start': '2025-01-02', 'oos_end': '2026-09-01'}","{'ret_pct': 16.85613516026492, 'excess_pct': 47.89961342113448, 'sharpe': 0.2460495164978655, 'mdd_pct': 25.922583078904292, 'n_days': 727}","{'ret_pct': 15.085286211519833, 'excess_pct': 1.948997213161885, 'sharpe': 0.4257279296617199, 'mdd_pct': 17.96951743192371, 'n_days': 403}",43.333333333333336,0.5832419733750979,0.4257279296617199,1.948997213161885,15.085286211519833,437
买3/止4,0.03,0.04,yin_or_small_yang,63.63636363636363,11,sz159303,159303,恒生医疗ETF大成,B,"{'is_start': '2025-01-02', 'is_end': '2025-12-31', 'oos_start': '2026-01-02', 'oos_end': '2026-09-01'}","{'ret_pct': 43.73936767316027, 'excess_pct': -11.720402441782277, 'sharpe': 1.558196520499913, 'mdd_pct': 24.073719334330868, 'n_days': 242}","{'ret_pct': -1.7850039847934207, 'excess_pct': 5.123661120592982, 'sharpe': -0.08089719918237864, 'mdd_pct': 25.19653457566673, 'n_days': 160}",63.63636363636363,0.5821456538762726,-0.08089719918237864,5.123661120592982,-1.7850039847934207,438
买2.5/止3.5,0.025,0.035,yin_or_small_yang,42.857142857142854,14,sz159267,159267,航天ETF华安,B,"{'is_start': '2025-08-01', 'is_end': '2025-12-31', 'oos_start': '2026-01-02', 'oos_end': '2026-09-01'}","{'ret_pct': 20.266103047513617, 'excess_pct': 1.566916055643695, 'sharpe': 2.435455785575355, 'mdd_pct': 7.372135464813034, 'n_days': 103}","{'ret_pct': 1.985480834453024, 'excess_pct': 29.265886239858432, 'sharpe': 0.10129258166438702, 'mdd_pct': 21.56269685378507, 'n_days': 160}",42.857142857142854,0.5813625685199686,0.10129258166438702,29.265886239858432,1.985480834453024,439
sym±2%,0.02,0.02,yin_or_small_yang,37.5,40,sh589200,589200,科创200ETF工银,B,"{'is_start': '2025-08-08', 'is_end': '2025-12-31', 'oos_start': '2026-01-02', 'oos_end': '2026-09-01'}","{'ret_pct': 4.782618430217633, 'excess_pct': -10.404758295620619, 'sharpe': 0.5693288094039706, 'mdd_pct': 10.964483853482665, 'n_days': 98}","{'ret_pct': 15.696873401362588, 'excess_pct': 2.116626487782348, 'sharpe': 0.7744056333606337, 'mdd_pct': 21.916982828536558, 'n_days': 160}",37.5,0.5810493343774472,0.7744056333606337,2.116626487782348,15.696873401362588,440
sym±2.5%,0.025,0.025,yin_or_small_yang,50.0,24,sz159820,159820,中证500ETF天弘,A,"{'is_start': '2023-01-02', 'is_end': '2025-12-31', 'oos_start': '2025-01-02', 'oos_end': '2026-09-01'}","{'ret_pct': 53.15175118264823, 'excess_pct': 20.51576791904988, 'sharpe': 1.1472238509470807, 'mdd_pct': 13.529826610535434, 'n_days': 727}","{'ret_pct': 30.25196721599459, 'excess_pct': -18.723221565019443, 'sharpe': 1.1151816339023495, 'mdd_pct': 15.23348587792599, 'n_days': 403}",50.0,0.5803445575567736,1.1151816339023495,-18.723221565019443,30.25196721599459,441
sym±2%,0.02,0.02,yin_or_small_yang,30.76923076923077,13,sz159545,159545,恒生红利低波ETF易方达,B,"{'is_start': '2025-01-02', 'is_end': '2025-12-31', 'oos_start': '2026-01-02', 'oos_end': '2026-09-01'}","{'ret_pct': 3.1597750353188125, 'excess_pct': -15.25689163134787, 'sharpe': 0.4310950276422855, 'mdd_pct': 7.030007366221691, 'n_days': 243}","{'ret_pct': 4.9503006294062235, 'excess_pct': 12.529247997827287, 'sharpe': 0.8097404693263179, 'mdd_pct': 6.191632288070492, 'n_days': 160}",30.76923076923077,0.5793265465935786,0.8097404693263179,12.529247997827287,4.9503006294062235,442
买2/止2.5,0.02,0.025,yin_or_small_yang,60.0,5,sh561870,561870,现金流全指ETF华富,B,"{'is_start': '2025-05-09', 'is_end': '2025-12-31', 'oos_start': '2026-01-02', 'oos_end': '2026-09-01'}","{'ret_pct': 12.201843853884785, 'excess_pct': -12.548655148111234, 'sharpe': 2.025283034376307, 'mdd_pct': 6.1375401763498205, 'n_days': 162}","{'ret_pct': -0.7754829413123665, 'excess_pct': 4.784485287440598, 'sharpe': -0.08858699234764614, 'mdd_pct': 15.856121590716654, 'n_days': 160}",60.0,0.5788566953797964,-0.08858699234764614,4.784485287440598,-0.7754829413123665,443
买2/止3,0.02,0.03,yin_or_small_yang,58.82352941176471,17,sh515150,515150,一带一路ETF富国,A,"{'is_start': '2023-01-02', 'is_end': '2025-12-31', 'oos_start': '2025-01-02', 'oos_end': '2026-09-01'}","{'ret_pct': 21.40847861820745, 'excess_pct': -11.277033749283728, 'sharpe': 0.4774830404963681, 'mdd_pct': 22.584199855047316, 'n_days': 727}","{'ret_pct': 15.03439710134138, 'excess_pct': -11.302394598578825, 'sharpe': 0.5808877969496762, 'mdd_pct': 18.955932828461776, 'n_days': 403}",58.82352941176471,0.5772122161315584,0.5808877969496762,-11.302394598578825,15.03439710134138,444
sym±3%,0.03,0.03,yin_or_small_yang,48.148148148148145,27,sh513070,513070,港股通消费ETF易方达,A,"{'is_start': '2023-01-02', 'is_end': '2025-12-31', 'oos_start': '2025-01-02', 'oos_end': '2026-09-01'}","{'ret_pct': 66.03547520580754, 'excess_pct': 41.58889195267953, 'sharpe': 1.047258089434805, 'mdd_pct': 20.3800266889405, 'n_days': 727}","{'ret_pct': 4.039361335813685, 'excess_pct': 4.587306541293124, 'sharpe': 0.1430281316002784, 'mdd_pct': 26.84859588454904, 'n_days': 403}",48.148148148148145,0.5760375880971026,0.1430281316002784,4.587306541293124,4.039361335813685,445
sym±2.5%仅阴,0.025,0.025,yin_only,66.66666666666666,6,sz159515,159515,国企红利ETF鹏扬,B,"{'is_start': '2025-01-02', 'is_end': '2025-12-31', 'oos_start': '2026-01-02', 'oos_end': '2026-09-01'}","{'ret_pct': 8.332369238459458, 'excess_pct': 3.2632448144963355, 'sharpe': 1.027644099048644, 'mdd_pct': 6.854665342249088, 'n_days': 243}","{'ret_pct': 1.9704676769193519, 'excess_pct': -5.034786263535995, 'sharpe': 0.40653971221384433, 'mdd_pct': 5.100941159399131, 'n_days': 159}",66.66666666666666,0.5759592795614722,0.40653971221384433,-5.034786263535995,1.9704676769193519,446
买3/止4,0.03,0.04,yin_or_small_yang,66.66666666666666,6,sh510810,510810,上海国企ETF汇添富,A,"{'is_start': '2023-01-02', 'is_end': '2025-12-31', 'oos_start': '2025-01-02', 'oos_end': '2026-09-01'}","{'ret_pct': 13.49310610251071, 'excess_pct': -6.122278512873903, 'sharpe': 0.28581521471305316, 'mdd_pct': 27.409807121607532, 'n_days': 727}","{'ret_pct': -0.003853059167491235, 'excess_pct': 0.23199599743626287, 'sharpe': -0.0001714277497760012, 'mdd_pct': 21.22184591539542, 'n_days': 403}",66.66666666666666,0.5757243539545811,-0.0001714277497760012,0.23199599743626287,-0.003853059167491235,447
sym±2.5%不限前日,0.025,0.025,any,50.0,10,sz159212,159212,深100ETF南方,B,"{'is_start': '2025-04-09', 'is_end': '2025-12-31', 'oos_start': '2026-01-02', 'oos_end': '2026-09-01'}","{'ret_pct': 29.631167354077448, 'excess_pct': -12.264857110754356, 'sharpe': 3.4834763661519843, 'mdd_pct': 4.059710383387383, 'n_days': 181}","{'ret_pct': 3.2534370271862567, 'excess_pct': 0.150475108991599, 'sharpe': 0.30771556345442974, 'mdd_pct': 13.375864359404376, 'n_days': 160}",50.0,0.5750195771339076,0.30771556345442974,0.150475108991599,3.2534370271862567,448
买3/止4,0.03,0.04,yin_or_small_yang,75.0,4,sh510100,510100,上证50ETF易方达,A,"{'is_start': '2023-01-02', 'is_end': '2025-12-31', 'oos_start': '2025-01-02', 'oos_end': '2026-09-01'}","{'ret_pct': 153.93482143657167, 'excess_pct': -19.84456373521857, 'sharpe': 0.6273463202308482, 'mdd_pct': 10.466496996515273, 'n_days': 726}","{'ret_pct': 83.34798291509622, 'excess_pct': -47.06002324348731, 'sharpe': 0.5836785488754689, 'mdd_pct': 14.151623204407848, 'n_days': 403}",75.0,0.5747063429913861,0.5836785488754689,-47.06002324348731,83.34798291509622,449
买2/止2.5,0.02,0.025,yin_or_small_yang,55.55555555555556,9,sh560510,560510,中证A500ETF泰康,B,"{'is_start': '2025-01-02', 'is_end': '2025-12-31', 'oos_start': '2026-01-02', 'oos_end': '2026-09-01'}","{'ret_pct': 22.49020121022145, 'excess_pct': -4.133175413155165, 'sharpe': 1.7801275247141408, 'mdd_pct': 10.85321148598486, 'n_days': 243}","{'ret_pct': 0.7670562966834993, 'excess_pct': 0.6832339999525816, 'sharpe': 0.07531656105275866, 'mdd_pct': 12.947949359892586, 'n_days': 160}",55.55555555555556,0.5744714173844949,0.07531656105275866,0.6832339999525816,0.7670562966834993,450
买2/止3,0.02,0.03,yin_or_small_yang,66.66666666666666,6,sh518800,518800,黄金ETF国泰,A,"{'is_start': '2023-01-02', 'is_end': '2025-12-31', 'oos_start': '2025-01-02', 'oos_end': '2026-09-01'}","{'ret_pct': 54.91214069276851, 'excess_pct': -78.17590802583084, 'sharpe': 1.3410445614500186, 'mdd_pct': 9.801317148666245, 'n_days': 727}","{'ret_pct': 28.604903486826316, 'excess_pct': -33.55634312563978, 'sharpe': 0.8840225853357666, 'mdd_pct': 19.075381823955574, 'n_days': 403}",66.66666666666666,0.5730618637431479,0.8840225853357666,-33.55634312563978,28.604903486826316,451
买2.5/止3.5,0.025,0.035,yin_or_small_yang,55.55555555555556,9,sh510580,510580,中证500ETF易方达,A,"{'is_start': '2023-01-02', 'is_end': '2025-12-31', 'oos_start': '2025-01-02', 'oos_end': '2026-09-01'}","{'ret_pct': 504.6263147292977, 'excess_pct': 61.123489870540595, 'sharpe': 0.4945397062984017, 'mdd_pct': 21.756495588691294, 'n_days': 727}","{'ret_pct': 29.631602646890776, 'excess_pct': -20.583605387542534, 'sharpe': 0.7971225664089605, 'mdd_pct': 19.093539012492013, 'n_days': 403}",55.55555555555556,0.5729835552075178,0.7971225664089605,-20.583605387542534,29.631602646890776,452
买2/止3,0.02,0.03,yin_or_small_yang,55.55555555555556,9,sh512890,512890,红利低波ETF华泰柏瑞,A,"{'is_start': '2023-01-02', 'is_end': '2025-12-31', 'oos_start': '2025-01-02', 'oos_end': '2026-09-01'}","{'ret_pct': 43.946931705335345, 'excess_pct': 0.8812382746784309, 'sharpe': 0.9423142898302543, 'mdd_pct': 13.213487906086153, 'n_days': 727}","{'ret_pct': 4.969578729316204, 'excess_pct': -3.2956347130089547, 'sharpe': 0.26889253378881894, 'mdd_pct': 14.61842532249279, 'n_days': 403}",55.55555555555556,0.5712607674236492,0.26889253378881894,-3.2956347130089547,4.969578729316204,453
sym±2.5%,0.025,0.025,yin_or_small_yang,45.45454545454545,33,sz159568,159568,港股互联网ETF博时,B,"{'is_start': '2025-01-02', 'is_end': '2025-12-31', 'oos_start': '2026-01-02', 'oos_end': '2026-09-01'}","{'ret_pct': 33.81472085746697, 'excess_pct': 10.932105701449156, 'sharpe': 1.5873469971428587, 'mdd_pct': 12.796429840454627, 'n_days': 243}","{'ret_pct': -0.7004946581078308, 'excess_pct': 33.75621655630241, 'sharpe': -0.056190762907960386, 'mdd_pct': 13.521991000788812, 'n_days': 160}",45.45454545454545,0.5711041503523884,-0.056190762907960386,33.75621655630241,-0.7004946581078308,454
sym±3%,0.03,0.03,yin_or_small_yang,53.65853658536586,41,sh588080,588080,科创50ETF易方达,A,"{'is_start': '2023-01-02', 'is_end': '2025-12-31', 'oos_start': '2025-01-02', 'oos_end': '2026-09-01'}","{'ret_pct': 93.54552107298304, 'excess_pct': 57.028108137659615, 'sharpe': 0.9248831733530382, 'mdd_pct': 20.903074488521746, 'n_days': 727}","{'ret_pct': 46.39015183420161, 'excess_pct': -29.12005224743104, 'sharpe': 0.8681638807760379, 'mdd_pct': 21.348755940277574, 'n_days': 403}",53.65853658536586,0.570399373531715,0.8681638807760379,-29.12005224743104,46.39015183420161,455
sym±3%,0.03,0.03,yin_or_small_yang,46.15384615384615,65,sh516700,516700,大数据产业ETF,A,"{'is_start': '2023-01-02', 'is_end': '2025-12-31', 'oos_start': '2025-01-02', 'oos_end': '2026-09-01'}","{'ret_pct': 83.85619874746142, 'excess_pct': 65.79399779052362, 'sharpe': 0.9122796789948724, 'mdd_pct': 41.54160866650409, 'n_days': 727}","{'ret_pct': 10.913418360682181, 'excess_pct': 0.5562755035393163, 'sharpe': 0.27143681286422433, 'mdd_pct': 27.633581106578987, 'n_days': 403}",46.15384615384615,0.570399373531715,0.27143681286422433,0.5562755035393163,10.913418360682181,456
sym±3%,0.03,0.03,yin_or_small_yang,50.0,6,sh560700,560700,央企红利ETF广发,B,"{'is_start': '2025-01-02', 'is_end': '2025-12-31', 'oos_start': '2026-01-02', 'oos_end': '2026-09-01'}","{'ret_pct': -0.4987091532741461, 'excess_pct': -7.998709153274164, 'sharpe': -0.04693331429498869, 'mdd_pct': 9.684516798713428, 'n_days': 243}","{'ret_pct': 5.052449277975901, 'excess_pct': -5.341815954998985, 'sharpe': 0.7639380190110397, 'mdd_pct': 4.023472710670584, 'n_days': 160}",50.0,0.5702427564604542,0.7639380190110397,-5.341815954998985,5.052449277975901,457
sym±2.5%,0.025,0.025,yin_or_small_yang,50.0,24,sh589080,589080,科创综指ETF汇添富,B,"{'is_start': '2025-03-05', 'is_end': '2025-12-31', 'oos_start': '2026-01-02', 'oos_end': '2026-09-01'}","{'ret_pct': 39.8435201064032, 'excess_pct': 9.643520106403194, 'sharpe': 2.890189639296987, 'mdd_pct': 8.304630614092812, 'n_days': 205}","{'ret_pct': 11.2135997948128, 'excess_pct': -6.219634626552196, 'sharpe': 0.6468928620632208, 'mdd_pct': 19.76013003208824, 'n_days': 160}",50.0,0.5701644479248238,0.6468928620632208,-6.219634626552196,11.2135997948128,458
买3/止4,0.03,0.04,yin_or_small_yang,53.333333333333336,15,sh515920,515920,智能消费ETF博时,A,"{'is_start': '2023-01-02', 'is_end': '2025-12-31', 'oos_start': '2025-01-02', 'oos_end': '2026-09-01'}","{'ret_pct': 111.08842161714851, 'excess_pct': 43.501212314822894, 'sharpe': 1.456317066592878, 'mdd_pct': 17.459425964890396, 'n_days': 727}","{'ret_pct': 29.61398987210364, 'excess_pct': -16.209399149376093, 'sharpe': 0.7332659049289145, 'mdd_pct': 18.728677629210257, 'n_days': 403}",53.333333333333336,0.5692247454972592,0.7332659049289145,-16.209399149376093,29.61398987210364,459
sym±2.5%仅阴,0.025,0.025,yin_only,45.3125,64,sz159997,159997,电子ETF天弘,A,"{'is_start': '2023-01-02', 'is_end': '2025-12-31', 'oos_start': '2025-01-02', 'oos_end': '2026-09-01'}","{'ret_pct': 164.40195605337925, 'excess_pct': 77.36067164970952, 'sharpe': 1.7150568646133013, 'mdd_pct': 22.731016108856505, 'n_days': 727}","{'ret_pct': 70.95491238979147, 'excess_pct': -29.885423744662305, 'sharpe': 1.3890612836381457, 'mdd_pct': 34.787893200717676, 'n_days': 403}",45.3125,0.5691464369616288,1.3890612836381457,-29.885423744662305,70.95491238979147,460
sym±2%,0.02,0.02,yin_or_small_yang,43.61702127659575,94,sh588380,588380,科创创业ETF富国,A,"{'is_start': '2023-01-02', 'is_end': '2025-12-31', 'oos_start': '2025-01-02', 'oos_end': '2026-09-01'}","{'ret_pct': 142.1593751693343, 'excess_pct': 90.62958450910888, 'sharpe': 1.355216605671735, 'mdd_pct': 16.88604860664902, 'n_days': 727}","{'ret_pct': 71.49758404765458, 'excess_pct': -26.54163163861989, 'sharpe': 1.4852854947267369, 'mdd_pct': 19.597760090443327, 'n_days': 403}",43.61702127659575,0.5680501174628034,1.4852854947267369,-26.54163163861989,71.49758404765458,461
买3/止2.5,0.03,0.025,yin_or_small_yang,41.66666666666667,12,sh516600,516600,消费服务ETF工银,A,"{'is_start': '2023-01-02', 'is_end': '2025-12-31', 'oos_start': '2025-01-02', 'oos_end': '2026-09-01'}","{'ret_pct': 34.34467485053621, 'excess_pct': 34.03411584432503, 'sharpe': 0.7450215981062576, 'mdd_pct': 17.54732947000972, 'n_days': 727}","{'ret_pct': 7.807879487676406, 'excess_pct': 3.1766616489114163, 'sharpe': 0.5640922521670336, 'mdd_pct': 6.242383014421282, 'n_days': 403}",41.66666666666667,0.5671104150352388,0.5640922521670336,3.1766616489114163,7.807879487676406,462
买2.5/止3.5,0.025,0.035,yin_or_small_yang,45.45454545454545,11,sz159578,159578,深证主板50ETF南方,B,"{'is_start': '2025-01-02', 'is_end': '2025-12-31', 'oos_start': '2026-01-02', 'oos_end': '2026-09-01'}","{'ret_pct': 21.193191761349194, 'excess_pct': 8.633268463170872, 'sharpe': 1.5790452953814391, 'mdd_pct': 7.44837085346669, 'n_days': 242}","{'ret_pct': 3.4776760875559587, 'excess_pct': 2.721373566547536, 'sharpe': 0.3469586493229054, 'mdd_pct': 7.486558083894579, 'n_days': 160}",45.45454545454545,0.5639780736100235,0.3469586493229054,2.721373566547536,3.4776760875559587,463
买3/止2.5,0.03,0.025,yin_or_small_yang,53.84615384615385,13,sz159798,159798,消费ETF易方达,A,"{'is_start': '2023-01-02', 'is_end': '2025-12-31', 'oos_start': '2025-01-02', 'oos_end': '2026-09-01'}","{'ret_pct': 10.667075423038487, 'excess_pct': 17.431781305391425, 'sharpe': 0.4240185342313414, 'mdd_pct': 11.626559728247909, 'n_days': 727}","{'ret_pct': -1.4577743711631008, 'excess_pct': 6.4397709863609265, 'sharpe': -0.10624854474461337, 'mdd_pct': 13.656358524945912, 'n_days': 403}",53.84615384615385,0.5631949882537196,-0.10624854474461337,6.4397709863609265,-1.4577743711631008,464
买2/止3,0.02,0.03,yin_or_small_yang,100.0,2,sz159236,159236,自由现金流ETF工银,B,"{'is_start': '2025-05-16', 'is_end': '2025-12-31', 'oos_start': '2026-01-02', 'oos_end': '2026-09-01'}","{'ret_pct': 8.773327034224, 'excess_pct': -15.354290114330357, 'sharpe': 1.2553380246738786, 'mdd_pct': 6.419162581413074, 'n_days': 157}","{'ret_pct': -1.7045425188696561, 'excess_pct': 1.1731553228569447, 'sharpe': -0.15814921812008154, 'mdd_pct': 21.96507297140763, 'n_days': 160}",100.0,0.5620986687548942,-0.15814921812008154,1.1731553228569447,-1.7045425188696561,465
买2/止3,0.02,0.03,yin_or_small_yang,65.0,20,sh510130,510130,上证中盘ETF易方达,A,"{'is_start': '2023-01-02', 'is_end': '2025-12-31', 'oos_start': '2025-01-02', 'oos_end': '2026-09-01'}","{'ret_pct': 23.76869458336035, 'excess_pct': -13.258384348846299, 'sharpe': 0.50704126851139, 'mdd_pct': 21.94311373487643, 'n_days': 723}","{'ret_pct': 12.72234331487443, 'excess_pct': -15.038234600502243, 'sharpe': 0.5786572841669552, 'mdd_pct': 10.094745001360838, 'n_days': 403}",65.0,0.5603758809710259,0.5786572841669552,-15.038234600502243,12.72234331487443,466
买2/止3,0.02,0.03,yin_or_small_yang,45.45454545454545,33,sh588680,588680,科创100增强ETF广发,B,"{'is_start': '2025-01-02', 'is_end': '2025-12-31', 'oos_start': '2026-01-02', 'oos_end': '2026-09-01'}","{'ret_pct': 52.21546110699178, 'excess_pct': -12.68249807668164, 'sharpe': 2.2001493770149305, 'mdd_pct': 15.802856091269735, 'n_days': 243}","{'ret_pct': 18.555161431462608, 'excess_pct': -9.246666370365197, 'sharpe': 0.9157856137236122, 'mdd_pct': 17.62121978677611, 'n_days': 160}",45.45454545454545,0.5602975724353955,0.9157856137236122,-9.246666370365197,18.555161431462608,467
sym±2%,0.02,0.02,yin_or_small_yang,50.0,60,sh513780,513780,港股创新药ETF景顺,B,"{'is_start': '2025-01-02', 'is_end': '2025-12-31', 'oos_start': '2026-01-02', 'oos_end': '2026-09-01'}","{'ret_pct': 31.085661420057598, 'excess_pct': -34.64101970792506, 'sharpe': 1.029312890046019, 'mdd_pct': 22.91395441179328, 'n_days': 243}","{'ret_pct': 3.434398870867894, 'excess_pct': -0.01600162204646871, 'sharpe': 0.2137310666706547, 'mdd_pct': 14.100710780125414, 'n_days': 160}",50.0,0.5602975724353955,0.2137310666706547,-0.01600162204646871,3.434398870867894,468
sym±3%,0.03,0.03,yin_or_small_yang,47.61904761904761,42,sz159695,159695,通信ETF嘉实,B,"{'is_start': '2025-01-02', 'is_end': '2025-12-31', 'oos_start': '2026-01-02', 'oos_end': '2026-09-01'}","{'ret_pct': 120.66491442894983, 'excess_pct': 29.44581809476395, 'sharpe': 4.639629374127095, 'mdd_pct': 12.599591613965423, 'n_days': 243}","{'ret_pct': -4.184377758464775, 'excess_pct': 53.57197631690771, 'sharpe': -0.1722758283073681, 'mdd_pct': 29.29336992232361, 'n_days': 160}",47.61904761904761,0.5598277212216132,-0.1722758283073681,53.57197631690771,-4.184377758464775,469
sym±2%,0.02,0.02,yin_or_small_yang,44.73684210526316,38,sz159311,159311,数字经济ETF易方达,B,"{'is_start': '2025-07-15', 'is_end': '2025-12-31', 'oos_start': '2026-01-02', 'oos_end': '2026-09-01'}","{'ret_pct': 9.30144891565119, 'excess_pct': -16.245270766257345, 'sharpe': 0.8669019766575567, 'mdd_pct': 10.53972994463297, 'n_days': 116}","{'ret_pct': 10.933748536628563, 'excess_pct': -2.4911179774828263, 'sharpe': 0.5826031557483307, 'mdd_pct': 29.41394972683633, 'n_days': 160}",44.73684210526316,0.5598277212216132,0.5826031557483307,-2.4911179774828263,10.933748536628563,470
sym±3%,0.03,0.03,yin_or_small_yang,40.35087719298245,57,sh515070,515070,人工智能ETF华夏,A,"{'is_start': '2023-01-02', 'is_end': '2025-12-31', 'oos_start': '2025-01-02', 'oos_end': '2026-09-01'}","{'ret_pct': 185.55388143998096, 'excess_pct': 66.16267512656498, 'sharpe': 1.640449888066901, 'mdd_pct': 27.51042300333195, 'n_days': 727}","{'ret_pct': 10.603002255734717, 'excess_pct': 9.616455170532934, 'sharpe': 0.13714384065593108, 'mdd_pct': 52.282534504957376, 'n_days': 403}",40.35087719298245,0.5593578700078309,0.13714384065593108,9.616455170532934,10.603002255734717,471
买2/止3,0.02,0.03,yin_or_small_yang,66.66666666666666,9,sh512700,512700,银行ETF南方,A,"{'is_start': '2023-01-02', 'is_end': '2025-12-31', 'oos_start': '2025-01-02', 'oos_end': '2026-09-01'}","{'ret_pct': 50.586650621238796, 'excess_pct': 9.748954286160227, 'sharpe': 0.9694925702731665, 'mdd_pct': 15.053956660477441, 'n_days': 727}","{'ret_pct': 1.2762584990998693, 'excess_pct': -3.241195299668087, 'sharpe': 0.05379977974001895, 'mdd_pct': 24.5439137327393, 'n_days': 403}",66.66666666666666,0.5589663273296789,0.05379977974001895,-3.241195299668087,1.2762584990998693,472
买2.5/止3.5,0.025,0.035,yin_or_small_yang,66.66666666666666,3,sh513630,513630,港股低波红利ETF摩根,B,"{'is_start': '2025-01-02', 'is_end': '2025-12-31', 'oos_start': '2026-01-02', 'oos_end': '2026-09-01'}","{'ret_pct': 25.26608435886375, 'excess_pct': -1.3112027073822965, 'sharpe': 1.859849627441221, 'mdd_pct': 8.669695398047017, 'n_days': 243}","{'ret_pct': -0.661533238275458, 'excess_pct': 0.02725824575710023, 'sharpe': -0.06670096917835543, 'mdd_pct': 16.188013114326594, 'n_days': 160}",66.66666666666666,0.5588880187940486,-0.06670096917835543,0.02725824575710023,-0.661533238275458,473
买3/止2.5,0.03,0.025,yin_or_small_yang,26.31578947368421,19,sh589820,589820,科创200ETF建信,B,"{'is_start': '2025-09-15', 'is_end': '2025-12-31', 'oos_start': '2026-01-02', 'oos_end': '2026-09-01'}","{'ret_pct': 1.6631509542399892, 'excess_pct': -4.271567146650224, 'sharpe': 0.4237223112524064, 'mdd_pct': 6.481849045760002, 'n_days': 72}","{'ret_pct': 14.358824888892062, 'excess_pct': 1.3075197583790157, 'sharpe': 0.9078534166831803, 'mdd_pct': 14.350339996728712, 'n_days': 160}",26.31578947368421,0.5572435395458105,0.9078534166831803,1.3075197583790157,14.358824888892062,474
sym±2.5%仅阴,0.025,0.025,yin_only,47.91666666666667,48,sz159782,159782,双创50ETF银华,A,"{'is_start': '2023-01-02', 'is_end': '2025-12-31', 'oos_start': '2025-01-02', 'oos_end': '2026-09-01'}","{'ret_pct': 91.24635986716065, 'excess_pct': 40.09504407768696, 'sharpe': 1.3855374340004087, 'mdd_pct': 16.21288451302553, 'n_days': 727}","{'ret_pct': 53.06046968867824, 'excess_pct': -45.4796762967232, 'sharpe': 1.2733465456137427, 'mdd_pct': 25.019253556923637, 'n_days': 403}",47.91666666666667,0.5570086139389193,1.2733465456137427,-45.4796762967232,53.06046968867824,475
买2.5/止3.5,0.025,0.035,yin_or_small_yang,50.0,42,sz159560,159560,芯片50ETF,B,"{'is_start': '2025-01-02', 'is_end': '2025-12-31', 'oos_start': '2026-01-02', 'oos_end': '2026-09-01'}","{'ret_pct': 75.85497077598993, 'excess_pct': 27.28866253226232, 'sharpe': 2.72574092982132, 'mdd_pct': 13.004323211344715, 'n_days': 243}","{'ret_pct': 19.971548948458295, 'excess_pct': -13.938485653617835, 'sharpe': 0.7984074869348572, 'mdd_pct': 26.80771773720464, 'n_days': 160}",50.0,0.5567736883320282,0.7984074869348572,-13.938485653617835,19.971548948458295,476
买2/止2.5,0.02,0.025,yin_or_small_yang,45.45454545454545,11,sh510760,510760,上证指数ETF国泰,A,"{'is_start': '2023-01-02', 'is_end': '2025-12-31', 'oos_start': '2025-01-02', 'oos_end': '2026-09-01'}","{'ret_pct': 30.049493013683094, 'excess_pct': 5.3879843096212205, 'sharpe': 0.768190234057151, 'mdd_pct': 18.297923622613798, 'n_days': 727}","{'ret_pct': 20.608940768817096, 'excess_pct': -11.715277981182904, 'sharpe': 0.9907088693718943, 'mdd_pct': 9.08839923286796, 'n_days': 403}",45.45454545454545,0.5563038371182458,0.9907088693718943,-11.715277981182904,20.608940768817096,477
sym±2.5%,0.025,0.025,yin_or_small_yang,47.76119402985074,67,sh515260,515260,电子ETF华宝,A,"{'is_start': '2023-01-02', 'is_end': '2025-12-31', 'oos_start': '2025-01-02', 'oos_end': '2026-09-01'}","{'ret_pct': 3.322774772104564, 'excess_pct': 6.988463921664689, 'sharpe': 0.030932469334778712, 'mdd_pct': 47.85248405645931, 'n_days': 727}","{'ret_pct': 3.3990220796220605, 'excess_pct': 3.7446441994377078, 'sharpe': 0.04306391954484247, 'mdd_pct': 48.18909129135191, 'n_days': 403}",47.76119402985074,0.5555990602975724,0.04306391954484247,3.7446441994377078,3.3990220796220605,478
sym±2%,0.02,0.02,yin_or_small_yang,41.6,125,sh512220,512220,TMTETF景顺,A,"{'is_start': '2023-01-02', 'is_end': '2025-12-31', 'oos_start': '2025-01-02', 'oos_end': '2026-09-01'}","{'ret_pct': 64.67027170639568, 'excess_pct': -45.06755600896015, 'sharpe': 0.756939913160497, 'mdd_pct': 47.57521427429735, 'n_days': 727}","{'ret_pct': 105.25169195303712, 'excess_pct': -35.438813595668165, 'sharpe': 1.8667111474460258, 'mdd_pct': 23.343656313855867, 'n_days': 403}",41.6,0.553876272513704,1.8667111474460258,-35.438813595668165,105.25169195303712,479
sym±2%,0.02,0.02,yin_or_small_yang,43.269230769230774,104,sh512680,512680,军工ETF广发,A,"{'is_start': '2023-01-02', 'is_end': '2025-12-31', 'oos_start': '2025-01-02', 'oos_end': '2026-09-01'}","{'ret_pct': 58.535371864983766, 'excess_pct': 34.13008552137144, 'sharpe': 0.9188277322148556, 'mdd_pct': 22.358679888454645, 'n_days': 727}","{'ret_pct': 13.888065976063423, 'excess_pct': -0.5933430258935122, 'sharpe': 0.4138020309011267, 'mdd_pct': 25.057602756280485, 'n_days': 403}",43.269230769230774,0.5537979639780736,0.4138020309011267,-0.5933430258935122,13.888065976063423,480
买3/止2.5,0.03,0.025,yin_or_small_yang,42.30769230769231,26,sz159716,159716,深证100ETF华宝,A,"{'is_start': '2023-01-02', 'is_end': '2025-12-31', 'oos_start': '2025-01-02', 'oos_end': '2026-09-01'}","{'ret_pct': 35.127359299224615, 'excess_pct': -10.826001468950984, 'sharpe': 0.7481280359390104, 'mdd_pct': 13.11764643085751, 'n_days': 722}","{'ret_pct': 32.144154661295055, 'excess_pct': -13.858466570683994, 'sharpe': 1.266971883451215, 'mdd_pct': 8.610992812266483, 'n_days': 398}",42.30769230769231,0.552858261550509,1.266971883451215,-13.858466570683994,32.144154661295055,481
买2/止3,0.02,0.03,yin_or_small_yang,66.66666666666666,9,sh516310,516310,银行ETF易方达,A,"{'is_start': '2023-01-02', 'is_end': '2025-12-31', 'oos_start': '2025-01-02', 'oos_end': '2026-09-01'}","{'ret_pct': 54.38790569979015, 'excess_pct': -2.4748393982490597, 'sharpe': 1.0661867777323775, 'mdd_pct': 13.513476037554483, 'n_days': 727}","{'ret_pct': 6.687738881490524, 'excess_pct': -8.729278810169117, 'sharpe': 0.2809317934794139, 'mdd_pct': 19.599000841387216, 'n_days': 403}",66.66666666666666,0.5520751761942052,0.2809317934794139,-8.729278810169117,6.687738881490524,482
买2/止3,0.02,0.03,yin_or_small_yang,47.05882352941176,17,sh513880,513880,日经225ETF华安,A,"{'is_start': '2023-01-02', 'is_end': '2025-12-31', 'oos_start': '2025-01-02', 'oos_end': '2026-09-01'}","{'ret_pct': 56.617334921250006, 'excess_pct': -12.29614596406185, 'sharpe': 0.8899926884374477, 'mdd_pct': 24.38998530927038, 'n_days': 727}","{'ret_pct': 40.20123232403125, 'excess_pct': -19.411286304880782, 'sharpe': 0.901387944603759, 'mdd_pct': 21.969730253075447, 'n_days': 403}",47.05882352941176,0.5512137823022709,0.901387944603759,-19.411286304880782,40.20123232403125,483
买3/止4,0.03,0.04,yin_or_small_yang,57.14285714285714,21,sh517380,517380,创新药ETF天弘,A,"{'is_start': '2023-01-02', 'is_end': '2025-12-31', 'oos_start': '2025-01-02', 'oos_end': '2026-09-01'}","{'ret_pct': 37.17832974412196, 'excess_pct': 31.422934060668716, 'sharpe': 0.46464790037495196, 'mdd_pct': 24.850138424100553, 'n_days': 727}","{'ret_pct': 37.6032446900634, 'excess_pct': -30.838569905597318, 'sharpe': 0.7136296208976173, 'mdd_pct': 34.587523873904814, 'n_days': 403}",57.14285714285714,0.5509788566953798,0.7136296208976173,-30.838569905597318,37.6032446900634,484
sym±3%,0.03,0.03,yin_or_small_yang,31.03448275862069,29,sz159935,159935,中证500ETF景顺,A,"{'is_start': '2023-01-02', 'is_end': '2025-12-31', 'oos_start': '2025-01-02', 'oos_end': '2026-09-01'}","{'ret_pct': 27.658010734268302, 'excess_pct': -2.709063792984189, 'sharpe': 0.5869164908025597, 'mdd_pct': 24.452951303209424, 'n_days': 727}","{'ret_pct': 37.31017349774959, 'excess_pct': -8.334425805386303, 'sharpe': 1.3731999701698605, 'mdd_pct': 14.429417381856602, 'n_days': 403}",31.03448275862069,0.549804228660924,1.3731999701698605,-8.334425805386303,37.31017349774959,485
sym±2%,0.02,0.02,yin_or_small_yang,41.891891891891895,74,sz159885,159885,碳中和ETF鹏华,A,"{'is_start': '2023-01-02', 'is_end': '2025-12-31', 'oos_start': '2025-01-02', 'oos_end': '2026-09-01'}","{'ret_pct': 31.372412434412446, 'excess_pct': 33.48421367664846, 'sharpe': 0.5614529912902844, 'mdd_pct': 22.51346126068452, 'n_days': 727}","{'ret_pct': 16.071960535341855, 'excess_pct': -1.407031061296781, 'sharpe': 0.5244347232493608, 'mdd_pct': 19.91655302034371, 'n_days': 403}",41.891891891891895,0.5496476115896632,0.5244347232493608,-1.407031061296781,16.071960535341855,486
买2.5/止3.5,0.025,0.035,yin_or_small_yang,48.148148148148145,27,sz159572,159572,创业板200ETF易方达,B,"{'is_start': '2025-01-02', 'is_end': '2025-12-31', 'oos_start': '2026-01-02', 'oos_end': '2026-09-01'}","{'ret_pct': 21.645425677118467, 'excess_pct': -13.313175978815295, 'sharpe': 0.825715036383407, 'mdd_pct': 24.61891197652063, 'n_days': 243}","{'ret_pct': 0.8093910921340042, 'excess_pct': 4.043714524477227, 'sharpe': 0.04060143587577752, 'mdd_pct': 20.208838256992223, 'n_days': 160}",48.148148148148145,0.5494126859827722,0.04060143587577752,4.043714524477227,0.8093910921340042,487
sym±2.5%,0.025,0.025,yin_or_small_yang,38.70967741935484,93,sz159852,159852,软件ETF嘉实,A,"{'is_start': '2023-01-02', 'is_end': '2025-12-31', 'oos_start': '2025-01-02', 'oos_end': '2026-09-01'}","{'ret_pct': 42.33468095252637, 'excess_pct': 41.400101513274045, 'sharpe': 0.48447081671361664, 'mdd_pct': 39.747250997927, 'n_days': 727}","{'ret_pct': 7.014439688653651, 'excess_pct': 12.335039961504934, 'sharpe': 0.16690180376203242, 'mdd_pct': 36.89038611248353, 'n_days': 403}",38.70967741935484,0.549177760375881,0.16690180376203242,12.335039961504934,7.014439688653651,488
买2/止2.5,0.02,0.025,yin_or_small_yang,52.94117647058824,17,sz159337,159337,中证500ETF东财,B,"{'is_start': '2025-01-02', 'is_end': '2025-12-31', 'oos_start': '2026-01-02', 'oos_end': '2026-09-01'}","{'ret_pct': 39.44533558859351, 'excess_pct': 2.9853029621661022, 'sharpe': 2.534071464105905, 'mdd_pct': 9.546615555535276, 'n_days': 243}","{'ret_pct': 3.1626053470936055, 'excess_pct': -3.207938194694848, 'sharpe': 0.21714092411712854, 'mdd_pct': 19.340942553000918, 'n_days': 160}",52.94117647058824,0.549177760375881,0.21714092411712854,-3.207938194694848,3.1626053470936055,489
买3/止4,0.03,0.04,yin_or_small_yang,54.54545454545454,11,sh515850,515850,证券ETF富国,A,"{'is_start': '2023-01-02', 'is_end': '2025-12-31', 'oos_start': '2025-01-02', 'oos_end': '2026-09-01'}","{'ret_pct': 121.62616809395965, 'excess_pct': 78.87807649090625, 'sharpe': 1.2893505837454229, 'mdd_pct': 17.672871459633544, 'n_days': 727}","{'ret_pct': 1.1760706339036808, 'excess_pct': -0.8224489811962332, 'sharpe': 0.03181808602467526, 'mdd_pct': 23.533818263989748, 'n_days': 403}",54.54545454545454,0.548159749412686,0.03181808602467526,-0.8224489811962332,1.1760706339036808,490
sym±2.5%仅阴,0.025,0.025,yin_only,53.84615384615385,13,sh512090,512090,MSCIA股ETF易方达,A,"{'is_start': '2023-01-02', 'is_end': '2025-12-31', 'oos_start': '2025-01-02', 'oos_end': '2026-09-01'}","{'ret_pct': 34.73148577923546, 'excess_pct': 5.469740812792526, 'sharpe': 0.7768229186339075, 'mdd_pct': 21.171643588390953, 'n_days': 727}","{'ret_pct': 14.979337972757435, 'excess_pct': -16.803099772983064, 'sharpe': 0.751648357056923, 'mdd_pct': 12.88606098505143, 'n_days': 403}",53.84615384615385,0.5479248238057949,0.751648357056923,-16.803099772983064,14.979337972757435,491
sym±2%,0.02,0.02,yin_or_small_yang,44.927536231884055,69,sz159790,159790,碳中和ETF华夏,A,"{'is_start': '2023-01-02', 'is_end': '2025-12-31', 'oos_start': '2025-01-02', 'oos_end': '2026-09-01'}","{'ret_pct': 40.72002052889896, 'excess_pct': 43.01593889624589, 'sharpe': 0.6789311765370417, 'mdd_pct': 17.747287044845073, 'n_days': 727}","{'ret_pct': 16.12096901163462, 'excess_pct': -4.297879155904628, 'sharpe': 0.5467232817925739, 'mdd_pct': 11.642751337782286, 'n_days': 403}",44.927536231884055,0.5477682067345341,0.5467232817925739,-4.297879155904628,16.12096901163462,492
买2/止2.5,0.02,0.025,yin_or_small_yang,50.0,6,sh510720,510720,红利国企ETF国泰,B,"{'is_start': '2025-01-02', 'is_end': '2025-12-31', 'oos_start': '2026-01-02', 'oos_end': '2026-09-01'}","{'ret_pct': -5.51686305596748, 'excess_pct': -2.5816403839026947, 'sharpe': -0.7860237741962804, 'mdd_pct': 7.802365381358777, 'n_days': 243}","{'ret_pct': 6.866934312914674, 'excess_pct': -7.195565687085326, 'sharpe': 0.6011254469094961, 'mdd_pct': 16.57791237142858, 'n_days': 160}",50.0,0.5474549725920125,0.6011254469094961,-7.195565687085326,6.866934312914674,493
sym±2.5%,0.025,0.025,yin_or_small_yang,45.0,20,sh562550,562550,绿电ETF华夏,B,"{'is_start': '2025-01-02', 'is_end': '2025-12-31', 'oos_start': '2026-01-02', 'oos_end': '2026-09-01'}","{'ret_pct': 6.527515006298201, 'excess_pct': 2.8096885048682463, 'sharpe': 0.7630497362936008, 'mdd_pct': 4.108376245879331, 'n_days': 243}","{'ret_pct': 3.5624958592082923, 'excess_pct': 0.7288578336141383, 'sharpe': 0.3512908009900466, 'mdd_pct': 11.390581734758499, 'n_days': 160}",45.0,0.5469068128425999,0.3512908009900466,0.7288578336141383,3.5624958592082923,494
sym±3%,0.03,0.03,yin_or_small_yang,50.0,14,sh562530,562530,中证1000价值ETF华夏,A,"{'is_start': '2023-01-02', 'is_end': '2025-12-31', 'oos_start': '2025-01-02', 'oos_end': '2026-09-01'}","{'ret_pct': 50.084105009020654, 'excess_pct': 15.283695592439294, 'sharpe': 0.9957460583071502, 'mdd_pct': 17.770624137855272, 'n_days': 727}","{'ret_pct': 8.911256154627623, 'excess_pct': -5.619429765949979, 'sharpe': 0.43746135029213595, 'mdd_pct': 16.488296539767134, 'n_days': 403}",50.0,0.5464369616288175,0.43746135029213595,-5.619429765949979,8.911256154627623,495
买2/止3,0.02,0.03,yin_or_small_yang,80.0,5,sh563680,563680,800现金流ETF汇添富,B,"{'is_start': '2025-05-15', 'is_end': '2025-12-31', 'oos_start': '2026-01-02', 'oos_end': '2026-09-01'}","{'ret_pct': 20.986903604492802, 'excess_pct': -2.1658057551131122, 'sharpe': 2.296719039665553, 'mdd_pct': 5.21286956144964, 'n_days': 158}","{'ret_pct': -2.1421014797017746, 'excess_pct': 1.1300453678640632, 'sharpe': -0.2059881141494305, 'mdd_pct': 21.574301961814, 'n_days': 160}",80.0,0.5459671104150352,-0.2059881141494305,1.1300453678640632,-2.1421014797017746,496
买2/止3,0.02,0.03,yin_or_small_yang,66.66666666666666,6,sh510880,510880,红利ETF华泰柏瑞,A,"{'is_start': '2023-01-02', 'is_end': '2025-12-31', 'oos_start': '2025-01-02', 'oos_end': '2026-09-01'}","{'ret_pct': 30.444599857162814, 'excess_pct': 19.77005187385266, 'sharpe': 0.6986635148626619, 'mdd_pct': 13.457616446115662, 'n_days': 727}","{'ret_pct': 1.9082399553403961, 'excess_pct': -4.496151627459244, 'sharpe': 0.08190877515672919, 'mdd_pct': 14.827483016846688, 'n_days': 403}",66.66666666666666,0.5458104933437745,0.08190877515672919,-4.496151627459244,1.9082399553403961,497
买2/止3,0.02,0.03,yin_or_small_yang,50.0,10,sh517300,517300,沪港深300ETF国寿,A,"{'is_start': '2023-01-02', 'is_end': '2025-12-31', 'oos_start': '2025-01-02', 'oos_end': '2026-09-01'}","{'ret_pct': 48.65146115609256, 'excess_pct': 14.79655361697445, 'sharpe': 0.9604334788120236, 'mdd_pct': 13.187872841892434, 'n_days': 727}","{'ret_pct': 15.565398075173075, 'excess_pct': -11.841019037126355, 'sharpe': 0.648912488803906, 'mdd_pct': 10.358856785065063, 'n_days': 403}",50.0,0.5456538762725137,0.648912488803906,-11.841019037126355,15.565398075173075,498
sym±3%,0.03,0.03,yin_or_small_yang,50.0,2,sz159307,159307,红利低波100ETF博时,B,"{'is_start': '2025-01-02', 'is_end': '2025-12-31', 'oos_start': '2026-01-02', 'oos_end': '2026-09-01'}","{'ret_pct': -5.194037887043645, 'excess_pct': -6.72513836551254, 'sharpe': -0.7327825580199631, 'mdd_pct': 5.194037887043645, 'n_days': 243}","{'ret_pct': 0.0, 'excess_pct': 3.1073446327683607, 'sharpe': 0.0, 'mdd_pct': 0.0, 'n_days': 160}",50.0,0.5451448707909162,0.0,3.1073446327683607,0.0,499
买2.5/止3.5,0.025,0.035,yin_or_small_yang,44.827586206896555,29,sz159810,159810,创业板ETF浦银,A,"{'is_start': '2023-01-02', 'is_end': '2025-12-31', 'oos_start': '2025-01-02', 'oos_end': '2026-09-01'}","{'ret_pct': 62.03635829180711, 'excess_pct': 23.73163726176419, 'sharpe': 0.6288164551581072, 'mdd_pct': 38.771018694038574, 'n_days': 727}","{'ret_pct': 47.94377186959127, 'excess_pct': -20.63113677839896, 'sharpe': 0.9987099906592997, 'mdd_pct': 27.801007527361953, 'n_days': 403}",44.827586206896555,0.5447141738449491,0.9987099906592997,-20.63113677839896,47.94377186959127,500
买2/止2.5,0.02,0.025,yin_or_small_yang,66.66666666666666,3,sh563020,563020,红利低波ETF易方达,B,"{'is_start': '2025-01-02', 'is_end': '2025-12-31', 'oos_start': '2026-01-02', 'oos_end': '2026-09-01'}","{'ret_pct': -1.6702921089876144, 'excess_pct': -5.232412004730458, 'sharpe': -0.4101697133940721, 'mdd_pct': 6.793062568280639, 'n_days': 243}","{'ret_pct': -0.8436229031318576, 'excess_pct': -0.34026719843387454, 'sharpe': -0.11313734196221788, 'mdd_pct': 12.725110197804534, 'n_days': 160}",66.66666666666666,0.5444792482380579,-0.11313734196221788,-0.34026719843387454,-0.8436229031318576,501
买2/止2.5,0.02,0.025,yin_or_small_yang,45.94594594594595,37,sz159218,159218,卫星ETF招商,B,"{'is_start': '2025-05-22', 'is_end': '2025-12-31', 'oos_start': '2026-01-02', 'oos_end': '2026-09-01'}","{'ret_pct': 65.50334636532162, 'excess_pct': -11.37353051155523, 'sharpe': 5.147410551690428, 'mdd_pct': 13.6522822559212, 'n_days': 153}","{'ret_pct': -2.80347078858334, 'excess_pct': 22.636089650977098, 'sharpe': -0.11450490738486824, 'mdd_pct': 28.521943470572964, 'n_days': 160}",45.94594594594595,0.5435395458104934,-0.11450490738486824,22.636089650977098,-2.80347078858334,502
买3/止4,0.03,0.04,yin_or_small_yang,53.84615384615385,26,sz159575,159575,创业板200ETF银华,B,"{'is_start': '2025-01-02', 'is_end': '2025-12-31', 'oos_start': '2026-01-02', 'oos_end': '2026-09-01'}","{'ret_pct': 26.5538205397047, 'excess_pct': -5.618498433714205, 'sharpe': 1.1063139237012416, 'mdd_pct': 21.724203746477478, 'n_days': 241}","{'ret_pct': -1.5386890690606503, 'excess_pct': 2.4343749040033336, 'sharpe': -0.07361813098290872, 'mdd_pct': 28.851264653260642, 'n_days': 160}",53.84615384615385,0.5417384494909946,-0.07361813098290872,2.4343749040033336,-1.5386890690606503,503
sym±2.5%仅阴,0.025,0.025,yin_only,56.25,16,sz159943,159943,深证成指ETF大成,A,"{'is_start': '2023-01-02', 'is_end': '2025-12-31', 'oos_start': '2025-01-02', 'oos_end': '2026-09-01'}","{'ret_pct': 47.839761889709486, 'excess_pct': 18.22640512345288, 'sharpe': 0.9070668187105816, 'mdd_pct': 21.98758369332139, 'n_days': 727}","{'ret_pct': 19.08977030103931, 'excess_pct': -24.37640208079575, 'sharpe': 0.7475621748875394, 'mdd_pct': 17.172794308466667, 'n_days': 403}",56.25,0.5412685982772122,0.7475621748875394,-24.37640208079575,19.08977030103931,504
sym±2.5%仅阴,0.025,0.025,yin_only,63.63636363636363,11,sh515800,515800,中证800ETF汇添富,A,"{'is_start': '2023-01-02', 'is_end': '2025-12-31', 'oos_start': '2025-01-02', 'oos_end': '2026-09-01'}","{'ret_pct': 25.272897321065855, 'excess_pct': 9.668095843688194, 'sharpe': 0.6311968291840364, 'mdd_pct': 16.65090750893885, 'n_days': 727}","{'ret_pct': 11.23316294795702, 'excess_pct': -20.37252810895354, 'sharpe': 0.6402368852218628, 'mdd_pct': 10.701194619327993, 'n_days': 403}",63.63636363636363,0.5407987470634299,0.6402368852218628,-20.37252810895354,11.23316294795702,505
sym±2%,0.02,0.02,yin_or_small_yang,42.10526315789473,76,sz159682,159682,创业板50ETF景顺,A,"{'is_start': '2023-01-02', 'is_end': '2025-12-31', 'oos_start': '2025-01-02', 'oos_end': '2026-09-01'}","{'ret_pct': 62.65443128939523, 'excess_pct': 13.763302257137177, 'sharpe': 0.7854360211645466, 'mdd_pct': 34.093066936647666, 'n_days': 727}","{'ret_pct': 53.426508334447306, 'excess_pct': -22.13152737983843, 'sharpe': 1.2387013268516185, 'mdd_pct': 23.334521818362987, 'n_days': 403}",42.10526315789473,0.5406421299921691,1.2387013268516185,-22.13152737983843,53.426508334447306,506
买3/止2.5,0.03,0.025,yin_or_small_yang,46.808510638297875,47,sh516580,516580,新能源ETF博时,A,"{'is_start': '2023-01-02', 'is_end': '2025-12-31', 'oos_start': '2025-01-02', 'oos_end': '2026-09-01'}","{'ret_pct': 54.83416058656259, 'excess_pct': 68.54696783106452, 'sharpe': 0.8033876342370316, 'mdd_pct': 25.546253501438798, 'n_days': 727}","{'ret_pct': 18.278105489453147, 'excess_pct': -7.980100199824712, 'sharpe': 0.5646007674165363, 'mdd_pct': 17.105043653188257, 'n_days': 403}",46.808510638297875,0.5401722787783869,0.5646007674165363,-7.980100199824712,18.278105489453147,507
sym±2.5%仅阴,0.025,0.025,yin_only,41.17647058823529,17,sz159297,159297,港股通创新药ETF南方,B,"{'is_start': '2025-09-22', 'is_end': '2025-12-31', 'oos_start': '2026-01-02', 'oos_end': '2026-09-01'}","{'ret_pct': -4.6247919995136, 'excess_pct': 16.5599469563097, 'sharpe': -1.1295080726364723, 'mdd_pct': 7.149863839937643, 'n_days': 67}","{'ret_pct': 1.4362452399960368, 'excess_pct': 12.882028372526166, 'sharpe': 0.09290719805261509, 'mdd_pct': 14.37142445248628, 'n_days': 160}",41.17647058823529,0.5396241190289742,0.09290719805261509,12.882028372526166,1.4362452399960368,508
sym±2.5%,0.025,0.025,yin_or_small_yang,54.166666666666664,24,sh589000,589000,科创综指ETF华夏,B,"{'is_start': '2025-03-05', 'is_end': '2025-12-31', 'oos_start': '2026-01-02', 'oos_end': '2026-09-01'}","{'ret_pct': 54.48723548741121, 'excess_pct': 24.01770501788072, 'sharpe': 3.4996826863845523, 'mdd_pct': 10.737605913867965, 'n_days': 205}","{'ret_pct': 7.973829138661892, 'excess_pct': -9.838439893119343, 'sharpe': 0.45820095229099983, 'mdd_pct': 20.627151168479962, 'n_days': 160}",54.166666666666664,0.5389193422083007,0.45820095229099983,-9.838439893119343,7.973829138661892,509
买3/止4,0.03,0.04,yin_or_small_yang,80.0,5,sh517030,517030,沪港深300ETF易方达,A,"{'is_start': '2023-01-02', 'is_end': '2025-12-31', 'oos_start': '2025-01-02', 'oos_end': '2026-09-01'}","{'ret_pct': 60.3479787623163, 'excess_pct': 26.42571727821734, 'sharpe': 1.20821299152159, 'mdd_pct': 11.76248339082333, 'n_days': 727}","{'ret_pct': 9.814541125877652, 'excess_pct': -16.51289250244095, 'sharpe': 0.40868397460719136, 'mdd_pct': 11.76248339082333, 'n_days': 403}",80.0,0.5387627251370399,0.40868397460719136,-16.51289250244095,9.814541125877652,510
sym±2%,0.02,0.02,yin_or_small_yang,37.93103448275862,29,sz159920,159920,恒生ETF华夏,A,"{'is_start': '2023-01-02', 'is_end': '2025-12-31', 'oos_start': '2025-01-02', 'oos_end': '2026-09-01'}","{'ret_pct': 61.43139369416624, 'excess_pct': 23.631926081034017, 'sharpe': 1.0424796728431158, 'mdd_pct': 17.585236576358632, 'n_days': 727}","{'ret_pct': 18.624617283717804, 'excess_pct': -3.897905238804711, 'sharpe': 0.8242932388331001, 'mdd_pct': 15.979315811247396, 'n_days': 403}",37.93103448275862,0.5379013312451058,0.8242932388331001,-3.897905238804711,18.624617283717804,511
sym±2%,0.02,0.02,yin_or_small_yang,41.37931034482759,29,sz159213,159213,机器人ETF汇添富,B,"{'is_start': '2025-04-30', 'is_end': '2025-12-31', 'oos_start': '2026-01-02', 'oos_end': '2026-09-01'}","{'ret_pct': 19.60010004908803, 'excess_pct': 0.5894307959357405, 'sharpe': 2.0920342914474355, 'mdd_pct': 10.736302684785127, 'n_days': 166}","{'ret_pct': 2.370667809117122, 'excess_pct': 8.37547165219159, 'sharpe': 0.16666068964527023, 'mdd_pct': 21.612009923789433, 'n_days': 160}",41.37931034482759,0.535708692247455,0.16666068964527023,8.37547165219159,2.370667809117122,512
sym±2%,0.02,0.02,yin_or_small_yang,42.857142857142854,28,sh563000,563000,中国A50ETF易方达,A,"{'is_start': '2023-01-02', 'is_end': '2025-12-31', 'oos_start': '2025-01-02', 'oos_end': '2026-09-01'}","{'ret_pct': 50.255571003284835, 'excess_pct': 17.417900619146053, 'sharpe': 0.9814002881399604, 'mdd_pct': 23.069213895365582, 'n_days': 727}","{'ret_pct': 25.96303046283104, 'excess_pct': -13.764692309446193, 'sharpe': 1.0748888750491488, 'mdd_pct': 12.889793775393589, 'n_days': 403}",42.857142857142854,0.5353954581049334,1.0748888750491488,-13.764692309446193,25.96303046283104,513
买3/止2.5,0.03,0.025,yin_or_small_yang,52.083333333333336,48,sh588050,588050,科创50ETF工银,A,"{'is_start': '2023-01-02', 'is_end': '2025-12-31', 'oos_start': '2025-01-02', 'oos_end': '2026-09-01'}","{'ret_pct': 61.854262215634506, 'excess_pct': 24.960098021767045, 'sharpe': 0.8508415890831725, 'mdd_pct': 20.02537205120296, 'n_days': 727}","{'ret_pct': 37.83654239962975, 'excess_pct': -37.29036115366979, 'sharpe': 0.7943815986134849, 'mdd_pct': 19.4950346525276, 'n_days': 403}",52.083333333333336,0.5353171495693031,0.7943815986134849,-37.29036115366979,37.83654239962975,514
sym±3%,0.03,0.03,yin_or_small_yang,45.45454545454545,11,sz159272,159272,机器人ETF富国,B,"{'is_start': '2025-09-19', 'is_end': '2025-12-31', 'oos_start': '2026-01-02', 'oos_end': '2026-09-01'}","{'ret_pct': 5.843133576691195, 'excess_pct': 9.200203769977055, 'sharpe': 2.6803799282725866, 'mdd_pct': 0.3001081362050795, 'n_days': 68}","{'ret_pct': -1.6312525226001462, 'excess_pct': 13.713215118318434, 'sharpe': -0.08295156265522201, 'mdd_pct': 28.60954232497017, 'n_days': 160}",45.45454545454545,0.5339075959279561,-0.08295156265522201,13.713215118318434,-1.6312525226001462,515
买2.5/止3.5,0.025,0.035,yin_or_small_yang,47.82608695652174,46,sz159776,159776,港股医药ETF银华,A,"{'is_start': '2023-01-02', 'is_end': '2025-12-31', 'oos_start': '2025-01-02', 'oos_end': '2026-09-01'}","{'ret_pct': 38.180813359641604, 'excess_pct': 44.31974712377732, 'sharpe': 0.4474119023960296, 'mdd_pct': 29.87816641877785, 'n_days': 727}","{'ret_pct': 37.264238546671116, 'excess_pct': -19.616495398283007, 'sharpe': 0.7538880268061842, 'mdd_pct': 32.840817558458454, 'n_days': 403}",47.82608695652174,0.5335160532498042,0.7538880268061842,-19.616495398283007,37.264238546671116,516
sym±2%,0.02,0.02,yin_or_small_yang,43.90243902439025,41,sh561590,561590,中证1000增强ETF华泰柏瑞,A,"{'is_start': '2023-01-02', 'is_end': '2025-12-31', 'oos_start': '2025-01-02', 'oos_end': '2026-09-01'}","{'ret_pct': 70.85130982054511, 'excess_pct': 28.555549737815028, 'sharpe': 1.1017402967735546, 'mdd_pct': 18.64808852456167, 'n_days': 727}","{'ret_pct': 35.29680563358417, 'excess_pct': -22.86435139120919, 'sharpe': 1.200731774116549, 'mdd_pct': 13.51759854543234, 'n_days': 403}",43.90243902439025,0.5329678935003914,1.200731774116549,-22.86435139120919,35.29680563358417,517
买3/止4,0.03,0.04,yin_or_small_yang,46.666666666666664,15,sz159915,159915,创业板ETF易方达,A,"{'is_start': '2023-01-02', 'is_end': '2025-12-31', 'oos_start': '2025-01-02', 'oos_end': '2026-09-01'}","{'ret_pct': 69.28843029487508, 'excess_pct': 30.101012208374428, 'sharpe': 0.7098125530495816, 'mdd_pct': 41.67488947483014, 'n_days': 727}","{'ret_pct': 44.046344944612194, 'excess_pct': -27.127503495209474, 'sharpe': 0.9116973258494572, 'mdd_pct': 27.309510508559075, 'n_days': 403}",46.666666666666664,0.5321064996084575,0.9116973258494572,-27.127503495209474,44.046344944612194,518
买2.5/止3.5,0.025,0.035,yin_or_small_yang,50.0,12,sz159122,159122,创业板新能源ETF富国,B,"{'is_start': '2025-11-03', 'is_end': '2025-12-31', 'oos_start': '2026-01-02', 'oos_end': '2026-09-01'}","{'ret_pct': 0.5485691117983915, 'excess_pct': 6.453331016560304, 'sharpe': 0.14104562881513857, 'mdd_pct': 9.355340350078478, 'n_days': 43}","{'ret_pct': -2.8919651101379173, 'excess_pct': 9.286252711644261, 'sharpe': -0.17320204102901246, 'mdd_pct': 12.404996337365814, 'n_days': 160}",50.0,0.5319498825371964,-0.17320204102901246,9.286252711644261,-2.8919651101379173,519
sym±2%,0.02,0.02,yin_or_small_yang,45.83333333333333,72,sh588320,588320,双创50增强ETF广发,A,"{'is_start': '2023-01-02', 'is_end': '2025-12-31', 'oos_start': '2025-01-02', 'oos_end': '2026-09-01'}","{'ret_pct': 74.49552112219206, 'excess_pct': 28.764412191868196, 'sharpe': 0.8508533214605157, 'mdd_pct': 30.317187590626272, 'n_days': 723}","{'ret_pct': 49.61834322205097, 'excess_pct': -49.124513920806166, 'sharpe': 1.1829901724744294, 'mdd_pct': 22.792617421739394, 'n_days': 403}",45.83333333333333,0.5318715740015661,1.1829901724744294,-49.124513920806166,49.61834322205097,520
sym±2.5%仅阴,0.025,0.025,yin_only,47.05882352941176,34,sh513560,513560,香港科技ETF兴银,B,"{'is_start': '2025-01-02', 'is_end': '2025-12-31', 'oos_start': '2026-01-02', 'oos_end': '2026-09-01'}","{'ret_pct': 63.471413501505246, 'excess_pct': 30.973921024072943, 'sharpe': 2.9535414937404862, 'mdd_pct': 5.801156597846835, 'n_days': 243}","{'ret_pct': -1.7189765914835675, 'excess_pct': 15.665975928604091, 'sharpe': -0.21854268507627644, 'mdd_pct': 10.557483049509175, 'n_days': 160}",47.05882352941176,0.5310884886452623,-0.21854268507627644,15.665975928604091,-1.7189765914835675,521
买2/止3,0.02,0.03,yin_or_small_yang,53.84615384615385,13,sh513800,513800,日本东证指数ETF南方,A,"{'is_start': '2023-01-02', 'is_end': '2025-12-31', 'oos_start': '2025-01-02', 'oos_end': '2026-09-01'}","{'ret_pct': 26.674519373249318, 'excess_pct': -27.280282886637686, 'sharpe': 0.47192391811597384, 'mdd_pct': 23.690239943854998, 'n_days': 727}","{'ret_pct': 19.418327440736817, 'excess_pct': -18.583131348468136, 'sharpe': 0.5486891992679451, 'mdd_pct': 14.940178950273953, 'n_days': 403}",53.84615384615385,0.5291307752545028,0.5486891992679451,-18.583131348468136,19.418327440736817,522
买2.5/止3.5,0.025,0.035,yin_or_small_yang,50.0,4,sz159510,159510,沪深300价值ETF华夏,B,"{'is_start': '2025-01-02', 'is_end': '2025-12-31', 'oos_start': '2026-01-02', 'oos_end': '2026-09-01'}","{'ret_pct': 10.050970457786402, 'excess_pct': -6.829763487167707, 'sharpe': 0.9869667108525653, 'mdd_pct': 7.485679810694967, 'n_days': 243}","{'ret_pct': -0.10411994926190493, 'excess_pct': 1.4523002842011357, 'sharpe': -0.01907548002483456, 'mdd_pct': 5.660942765120391, 'n_days': 160}",50.0,0.5291307752545027,-0.01907548002483456,1.4523002842011357,-0.10411994926190493,523
买3/止4,0.03,0.04,yin_or_small_yang,38.70967741935484,31,sh517770,517770,游戏传媒ETF浦银,A,"{'is_start': '2023-01-02', 'is_end': '2025-12-31', 'oos_start': '2025-01-02', 'oos_end': '2026-09-01'}","{'ret_pct': 32.15033119283677, 'excess_pct': -6.5021510766667845, 'sharpe': 0.36635836395055094, 'mdd_pct': 39.26620434774555, 'n_days': 727}","{'ret_pct': 6.844881434794403, 'excess_pct': 6.844881434794403, 'sharpe': 0.15480784603097256, 'mdd_pct': 33.53851154863439, 'n_days': 403}",38.70967741935484,0.5268598277212215,0.15480784603097256,6.844881434794403,6.844881434794403,524
买2.5/止3.5,0.025,0.035,yin_or_small_yang,35.294117647058826,17,sz159923,159923,中证A100ETF大成,A,"{'is_start': '2023-01-02', 'is_end': '2025-12-31', 'oos_start': '2025-01-02', 'oos_end': '2026-09-01'}","{'ret_pct': 59.054599232501026, 'excess_pct': 32.63950489287839, 'sharpe': 1.083329923252294, 'mdd_pct': 17.597805111353914, 'n_days': 727}","{'ret_pct': 22.79632232438771, 'excess_pct': -4.540538345806297, 'sharpe': 0.8788397955026868, 'mdd_pct': 9.494494172853052, 'n_days': 403}",35.294117647058826,0.525920125293657,0.8788397955026868,-4.540538345806297,22.79632232438771,525
sym±2.5%,0.025,0.025,yin_or_small_yang,46.0,50,sh513090,513090,香港证券ETF易方达,A,"{'is_start': '2023-01-02', 'is_end': '2025-12-31', 'oos_start': '2025-01-02', 'oos_end': '2026-09-01'}","{'ret_pct': 114.21652196497179, 'excess_pct': 23.963476041822773, 'sharpe': 1.220040640614251, 'mdd_pct': 23.642745353209914, 'n_days': 727}","{'ret_pct': 22.27786536709322, 'excess_pct': -10.634415334661163, 'sharpe': 0.5679863061493348, 'mdd_pct': 26.607804774979527, 'n_days': 403}",46.0,0.5249804228660924,0.5679863061493348,-10.634415334661163,22.27786536709322,526
sym±2.5%,0.025,0.025,yin_or_small_yang,50.0,16,sz159335,159335,央企科创ETF融通,B,"{'is_start': '2025-01-02', 'is_end': '2025-12-31', 'oos_start': '2026-01-02', 'oos_end': '2026-09-01'}","{'ret_pct': 11.798291897204138, 'excess_pct': -8.132082341264102, 'sharpe': 0.9346045955530402, 'mdd_pct': 12.228097901714396, 'n_days': 243}","{'ret_pct': 3.7278332850873896, 'excess_pct': -5.001762172684066, 'sharpe': 0.33596890215320213, 'mdd_pct': 7.678670985536029, 'n_days': 160}",50.0,0.5241190289741582,0.33596890215320213,-5.001762172684066,3.7278332850873896,527
买3/止2.5,0.03,0.025,yin_or_small_yang,43.18181818181818,44,sz159808,159808,创100ETF融通,A,"{'is_start': '2023-01-02', 'is_end': '2025-12-31', 'oos_start': '2025-01-02', 'oos_end': '2026-09-01'}","{'ret_pct': 66.07426020283921, 'excess_pct': 26.84523525952857, 'sharpe': 0.7727902309017678, 'mdd_pct': 40.15173767263327, 'n_days': 727}","{'ret_pct': 42.06702687142923, 'excess_pct': -28.830409026006656, 'sharpe': 1.2068675879161561, 'mdd_pct': 12.03794037505922, 'n_days': 403}",43.18181818181818,0.5231793265465936,1.2068675879161561,-28.830409026006656,42.06702687142923,528
sym±2%,0.02,0.02,yin_or_small_yang,59.183673469387756,49,sh588170,588170,科创半导体ETF华夏,B,"{'is_start': '2025-04-08', 'is_end': '2025-12-31', 'oos_start': '2026-01-02', 'oos_end': '2026-09-01'}","{'ret_pct': 79.47726652353278, 'excess_pct': 18.169656662868277, 'sharpe': 4.632327661757723, 'mdd_pct': 7.681507046106272, 'n_days': 182}","{'ret_pct': -20.27040691187998, 'excess_pct': 16.07599005398602, 'sharpe': -0.3137232351019763, 'mdd_pct': 69.56990492959265, 'n_days': 160}",59.183673469387756,0.5228660924040721,-0.3137232351019763,16.07599005398602,-20.27040691187998,529
买2/止3,0.02,0.03,yin_or_small_yang,42.857142857142854,21,sz159960,159960,恒生中国企业ETF平安,A,"{'is_start': '2023-01-02', 'is_end': '2025-12-31', 'oos_start': '2025-01-02', 'oos_end': '2026-09-01'}","{'ret_pct': 29.255658637085947, 'excess_pct': 2.8804823324314803, 'sharpe': 0.4778640638323532, 'mdd_pct': 21.042220338660023, 'n_days': 727}","{'ret_pct': 11.671456192893071, 'excess_pct': -2.5952104737735784, 'sharpe': 0.3851322976251555, 'mdd_pct': 22.58792629611942, 'n_days': 403}",42.857142857142854,0.522866092404072,0.3851322976251555,-2.5952104737735784,11.671456192893071,530
买3/止4,0.03,0.04,yin_or_small_yang,33.33333333333333,12,sh515660,515660,沪深300ETF国联安,A,"{'is_start': '2023-01-02', 'is_end': '2025-12-31', 'oos_start': '2025-01-02', 'oos_end': '2026-09-01'}","{'ret_pct': 43.284475847314496, 'excess_pct': 13.549842143526767, 'sharpe': 0.9302522887335192, 'mdd_pct': 16.981780102530387, 'n_days': 727}","{'ret_pct': 22.78028727613528, 'excess_pct': -4.464832029721524, 'sharpe': 0.8981806344259516, 'mdd_pct': 9.322546495378914, 'n_days': 403}",33.33333333333333,0.522239624119029,0.8981806344259516,-4.464832029721524,22.78028727613528,531
买3/止2.5,0.03,0.025,yin_or_small_yang,42.5,40,sz159973,159973,民企ETF弘毅远方,A,"{'is_start': '2023-01-02', 'is_end': '2025-12-31', 'oos_start': '2025-01-02', 'oos_end': '2026-09-01'}","{'ret_pct': 61.63058532008059, 'excess_pct': 26.05087517515306, 'sharpe': 0.9417536484774204, 'mdd_pct': 21.382931463103926, 'n_days': 721}","{'ret_pct': 32.22224635583375, 'excess_pct': -15.279675242936456, 'sharpe': 0.9698957185225386, 'mdd_pct': 21.872114290511835, 'n_days': 403}",42.5,0.5220830070477681,0.9698957185225386,-15.279675242936456,32.22224635583375,532
买2.5/止3.5,0.025,0.035,yin_or_small_yang,41.02564102564102,39,sh516330,516330,物联网ETF华泰柏瑞,A,"{'is_start': '2023-01-02', 'is_end': '2025-12-31', 'oos_start': '2025-01-02', 'oos_end': '2026-09-01'}","{'ret_pct': 94.31155082192464, 'excess_pct': 27.053867606794583, 'sharpe': 1.0400965033790395, 'mdd_pct': 32.2668147365633, 'n_days': 726}","{'ret_pct': 47.77983918286248, 'excess_pct': -18.330692621099963, 'sharpe': 1.0145176554591446, 'mdd_pct': 25.836892917388266, 'n_days': 402}",41.02564102564102,0.521848081440877,1.0145176554591446,-18.330692621099963,47.77983918286248,533
买2/止3,0.02,0.03,yin_or_small_yang,80.0,5,sz159249,159249,A500增强ETF工银,B,"{'is_start': '2025-07-02', 'is_end': '2025-12-31', 'oos_start': '2026-01-02', 'oos_end': '2026-09-01'}","{'ret_pct': 19.45509660761282, 'excess_pct': -7.144903392387182, 'sharpe': 3.0405685101821174, 'mdd_pct': 5.164656768916409, 'n_days': 125}","{'ret_pct': 1.0382693046101954, 'excess_pct': -8.441140174799287, 'sharpe': 0.07904886898714276, 'mdd_pct': 13.682408201843133, 'n_days': 160}",80.0,0.5207517619420517,0.07904886898714276,-8.441140174799287,1.0382693046101954,534
sym±2.5%仅阴,0.025,0.025,yin_only,44.61538461538462,65,sz159748,159748,创新药ETF富国,A,"{'is_start': '2023-01-02', 'is_end': '2025-12-31', 'oos_start': '2025-01-02', 'oos_end': '2026-09-01'}","{'ret_pct': 40.09834871213273, 'excess_pct': 38.873858916214374, 'sharpe': 0.5786099087012654, 'mdd_pct': 19.717012735461527, 'n_days': 727}","{'ret_pct': 38.79041091088269, 'excess_pct': -21.09442594132458, 'sharpe': 0.8732636407801269, 'mdd_pct': 21.198208378246953, 'n_days': 403}",44.61538461538462,0.5206734534064212,0.8732636407801269,-21.09442594132458,38.79041091088269,535
买2.5/止3.5,0.025,0.035,yin_or_small_yang,54.54545454545454,22,sh560220,560220,中证2000ETF广发,B,"{'is_start': '2025-01-02', 'is_end': '2025-12-31', 'oos_start': '2026-01-02', 'oos_end': '2026-09-01'}","{'ret_pct': 39.351783375286175, 'excess_pct': 2.726663528689798, 'sharpe': 1.819393837544886, 'mdd_pct': 15.620712946038061, 'n_days': 243}","{'ret_pct': -0.6657724147283717, 'excess_pct': -1.2171163154864773, 'sharpe': -0.046506438720888346, 'mdd_pct': 20.58645745123776, 'n_days': 160}",54.54545454545454,0.520203602192639,-0.046506438720888346,-1.2171163154864773,-0.6657724147283717,536
买2.5/止3.5,0.025,0.035,yin_or_small_yang,50.0,18,sh517550,517550,沪港深消费龙头ETF招商,A,"{'is_start': '2023-01-02', 'is_end': '2025-12-31', 'oos_start': '2025-01-02', 'oos_end': '2026-09-01'}","{'ret_pct': 36.51433521938829, 'excess_pct': 45.519074555881176, 'sharpe': 0.56632872999919, 'mdd_pct': 25.210904380026133, 'n_days': 727}","{'ret_pct': -3.4722528544123277, 'excess_pct': 5.468599965395083, 'sharpe': -0.12680164753211148, 'mdd_pct': 28.521389223433445, 'n_days': 403}",50.0,0.519577133907596,-0.12680164753211148,5.468599965395083,-3.4722528544123277,537
买2.5/止3.5,0.025,0.035,yin_or_small_yang,57.14285714285714,21,sz159563,159563,创业板综ETF华夏,B,"{'is_start': '2025-01-02', 'is_end': '2025-12-31', 'oos_start': '2026-01-02', 'oos_end': '2026-09-01'}","{'ret_pct': 33.59723561192496, 'excess_pct': -11.593477489235916, 'sharpe': 1.5648035672690057, 'mdd_pct': 23.18130078531613, 'n_days': 243}","{'ret_pct': -1.0179058594778634, 'excess_pct': -1.9639270058329106, 'sharpe': -0.0610776913576537, 'mdd_pct': 15.74072020635594, 'n_days': 159}",57.14285714285714,0.5194205168363352,-0.0610776913576537,-1.9639270058329106,-1.0179058594778634,538
买2/止3,0.02,0.03,yin_or_small_yang,66.66666666666666,3,sz159393,159393,沪深300ETF万家,B,"{'is_start': '2025-03-10', 'is_end': '2025-12-31', 'oos_start': '2026-01-02', 'oos_end': '2026-09-01'}","{'ret_pct': 257.895040013104, 'excess_pct': -119.07405270873056, 'sharpe': 1.2440138125854496, 'mdd_pct': 8.543607912027895, 'n_days': 202}","{'ret_pct': -1.1673609291219744, 'excess_pct': -3.220327465767414, 'sharpe': -0.10966439708616928, 'mdd_pct': 11.547555998078973, 'n_days': 160}",66.66666666666666,0.5190289741581833,-0.10966439708616928,-3.220327465767414,-1.1673609291219744,539
sym±2.5%,0.025,0.025,yin_or_small_yang,46.93877551020408,49,sh512770,512770,战略新兴ETF华夏,A,"{'is_start': '2023-01-02', 'is_end': '2025-12-31', 'oos_start': '2025-01-02', 'oos_end': '2026-09-01'}","{'ret_pct': 73.41755779829569, 'excess_pct': 39.80786392074467, 'sharpe': 1.0130841495878735, 'mdd_pct': 29.42037785692786, 'n_days': 727}","{'ret_pct': 44.44080717409158, 'excess_pct': -60.69753274685704, 'sharpe': 1.0404178910740358, 'mdd_pct': 23.625663405896436, 'n_days': 403}",46.93877551020408,0.5190289741581833,1.0404178910740358,-60.69753274685704,44.44080717409158,540
sym±2%,0.02,0.02,yin_or_small_yang,43.43434343434344,99,sh588300,588300,科创创业50ETF招商,A,"{'is_start': '2023-01-02', 'is_end': '2025-12-31', 'oos_start': '2025-01-02', 'oos_end': '2026-09-01'}","{'ret_pct': 158.19150075679826, 'excess_pct': 105.94069689827737, 'sharpe': 1.5350613204860468, 'mdd_pct': 20.24533641773133, 'n_days': 727}","{'ret_pct': 55.7978498954979, 'excess_pct': -43.84816780361714, 'sharpe': 1.2061104607949213, 'mdd_pct': 29.094707203756908, 'n_days': 403}",43.43434343434344,0.5184808144087705,1.2061104607949213,-43.84816780361714,55.7978498954979,541
买2.5/止3.5,0.025,0.035,yin_or_small_yang,63.63636363636363,11,sz159630,159630,A100ETF汇添富,A,"{'is_start': '2023-01-02', 'is_end': '2025-12-31', 'oos_start': '2025-01-02', 'oos_end': '2026-09-01'}","{'ret_pct': 27.109060156513976, 'excess_pct': -0.19790782842010657, 'sharpe': 0.5684153271701196, 'mdd_pct': 26.61860203982235, 'n_days': 726}","{'ret_pct': 8.977757336865565, 'excess_pct': -17.738383664989723, 'sharpe': 0.3852217357423369, 'mdd_pct': 16.517482743567403, 'n_days': 403}",63.63636363636363,0.5180109631949883,0.3852217357423369,-17.738383664989723,8.977757336865565,542
sym±2%,0.02,0.02,yin_or_small_yang,100.0,2,sh511770,511770,金鹰增益货币ETF,A,"{'is_start': '2023-01-02', 'is_end': '2025-12-31', 'oos_start': '2025-01-02', 'oos_end': '2026-09-01'}","{'ret_pct': 5.196129813543293, 'excess_pct': 4.765026348711743, 'sharpe': 0.12748052918905375, 'mdd_pct': 14.529718788368362, 'n_days': 544}","{'ret_pct': -3.0922643199287947, 'excess_pct': -3.097264469933303, 'sharpe': -0.12552817486080764, 'mdd_pct': 15.59503060471984, 'n_days': 393}",100.0,0.5180109631949883,-0.12552817486080764,-3.097264469933303,-3.0922643199287947,543
买3/止2.5,0.03,0.025,yin_or_small_yang,60.0,5,sh510950,510950,上证50ETF广发,B,"{'is_start': '2025-01-02', 'is_end': '2025-12-31', 'oos_start': '2026-01-02', 'oos_end': '2026-09-01'}","{'ret_pct': 0.5911147398443672, 'excess_pct': -19.520099347273323, 'sharpe': 0.20100065379168192, 'mdd_pct': 2.5140965779455904, 'n_days': 243}","{'ret_pct': -4.165458858914894, 'excess_pct': 20.230311533834353, 'sharpe': -1.0376987889222589, 'mdd_pct': 4.426549530134327, 'n_days': 160}",60.0,0.5171495693030541,-1.0376987889222589,20.230311533834353,-4.165458858914894,544
买2.5/止3.5,0.025,0.035,yin_or_small_yang,50.0,2,sz159589,159589,红利ETF广发,B,"{'is_start': '2025-01-02', 'is_end': '2025-12-31', 'oos_start': '2026-01-02', 'oos_end': '2026-09-01'}","{'ret_pct': -3.6514074452168033, 'excess_pct': -6.141828901155522, 'sharpe': -0.5938941724562472, 'mdd_pct': 4.5527200369479655, 'n_days': 243}","{'ret_pct': 1.5227696028220494, 'excess_pct': -3.7011109941928355, 'sharpe': 0.16937689697663885, 'mdd_pct': 14.383349055832584, 'n_days': 160}",50.0,0.5168363351605325,0.16937689697663885,-3.7011109941928355,1.5227696028220494,545
买2/止2.5,0.02,0.025,yin_or_small_yang,46.03174603174603,63,sz159566,159566,储能电池ETF易方达,B,"{'is_start': '2025-01-02', 'is_end': '2025-12-31', 'oos_start': '2026-01-02', 'oos_end': '2026-09-01'}","{'ret_pct': 58.27237979542248, 'excess_pct': -4.480341821995879, 'sharpe': 2.394771568770678, 'mdd_pct': 11.972780411546646, 'n_days': 243}","{'ret_pct': -2.597003264546305, 'excess_pct': 11.191232029571342, 'sharpe': -0.14874251354153262, 'mdd_pct': 17.82422561125405, 'n_days': 160}",46.03174603174603,0.5157400156617071,-0.14874251354153262,11.191232029571342,-2.597003264546305,546
买3/止4,0.03,0.04,yin_or_small_yang,37.03703703703704,27,sz159956,159956,创业板ETF建信,A,"{'is_start': '2023-01-02', 'is_end': '2025-12-31', 'oos_start': '2025-01-02', 'oos_end': '2026-09-01'}","{'ret_pct': 59.79829551266078, 'excess_pct': 17.560533274898567, 'sharpe': 0.6326524105930525, 'mdd_pct': 41.50651176248192, 'n_days': 727}","{'ret_pct': 52.65130497200068, 'excess_pct': -17.457390680173198, 'sharpe': 1.1239422972352127, 'mdd_pct': 22.457345316588505, 'n_days': 403}",37.03703703703704,0.5148786217697728,1.1239422972352127,-17.457390680173198,52.65130497200068,547
买2.5/止3.5,0.025,0.035,yin_or_small_yang,45.45454545454545,11,sz159954,159954,恒生中国企业ETF南方,A,"{'is_start': '2023-01-02', 'is_end': '2025-12-31', 'oos_start': '2025-01-02', 'oos_end': '2026-09-01'}","{'ret_pct': 27.593447529130867, 'excess_pct': -11.82563960779861, 'sharpe': 0.39409318864646753, 'mdd_pct': 25.495099881858753, 'n_days': 727}","{'ret_pct': 8.364112064849994, 'excess_pct': -3.606867378922683, 'sharpe': 0.24334786138686798, 'mdd_pct': 25.539330427613617, 'n_days': 403}",45.45454545454545,0.513860610806578,0.24334786138686798,-3.606867378922683,8.364112064849994,548
买2/止3,0.02,0.03,yin_or_small_yang,46.42857142857143,56,sz159895,159895,物联网ETF易方达,A,"{'is_start': '2023-01-02', 'is_end': '2025-12-31', 'oos_start': '2025-01-02', 'oos_end': '2026-09-01'}","{'ret_pct': 133.64012032800892, 'excess_pct': 65.23352692141549, 'sharpe': 1.385414391386302, 'mdd_pct': 15.691076862231391, 'n_days': 722}","{'ret_pct': 40.561362112359944, 'excess_pct': -30.64155404802888, 'sharpe': 0.8718972338013138, 'mdd_pct': 31.564431964795304, 'n_days': 403}",46.42857142857143,0.5137039937353172,0.8718972338013138,-30.64155404802888,40.561362112359944,549
买2/止2.5,0.02,0.025,yin_or_small_yang,62.5,8,sz159352,159352,A500ETF南方,B,"{'is_start': '2025-01-02', 'is_end': '2025-12-31', 'oos_start': '2026-01-02', 'oos_end': '2026-09-01'}","{'ret_pct': 24.395645291780976, 'excess_pct': -3.2224245234141016, 'sharpe': 1.7263685807644689, 'mdd_pct': 9.824413257903263, 'n_days': 243}","{'ret_pct': -1.7037394221669278, 'excess_pct': -2.256662013004207, 'sharpe': -0.14561931948986742, 'mdd_pct': 15.577419005691862, 'n_days': 160}",62.5,0.5135473766640564,-0.14561931948986742,-2.256662013004207,-1.7037394221669278,550
sym±2.5%仅阴,0.025,0.025,yin_only,58.82352941176471,17,sh560100,560100,中证500增强ETF南方,A,"{'is_start': '2023-01-02', 'is_end': '2025-12-31', 'oos_start': '2025-01-02', 'oos_end': '2026-09-01'}","{'ret_pct': 30.339304427925228, 'excess_pct': -6.462448036477866, 'sharpe': 0.8705657709443838, 'mdd_pct': 9.189187492862349, 'n_days': 727}","{'ret_pct': 13.72781732791708, 'excess_pct': -32.51681786521596, 'sharpe': 0.6950502848477433, 'mdd_pct': 16.123078355304465, 'n_days': 403}",58.82352941176471,0.5115896632732968,0.6950502848477433,-32.51681786521596,13.72781732791708,551
sym±2.5%仅阴,0.025,0.025,yin_only,60.0,5,sz159547,159547,红利低波ETF华夏,B,"{'is_start': '2025-01-02', 'is_end': '2025-12-31', 'oos_start': '2026-01-02', 'oos_end': '2026-09-01'}","{'ret_pct': 7.201012575029875, 'excess_pct': 0.6523400086582143, 'sharpe': 0.8912666965613956, 'mdd_pct': 7.529930477637281, 'n_days': 241}","{'ret_pct': -0.737753879944647, 'excess_pct': -2.0666575344297056, 'sharpe': -0.16650264990093366, 'mdd_pct': 4.155264634075129, 'n_days': 160}",60.0,0.5112764291307753,-0.16650264990093366,-2.0666575344297056,-0.737753879944647,552
sym±3%,0.03,0.03,yin_or_small_yang,66.66666666666666,6,sh510310,510310,沪深300ETF易方达,A,"{'is_start': '2023-01-02', 'is_end': '2025-12-31', 'oos_start': '2025-01-02', 'oos_end': '2026-09-01'}","{'ret_pct': 155.73500260446986, 'excess_pct': 9.572840442307665, 'sharpe': 0.6354161068495235, 'mdd_pct': 11.824796623250467, 'n_days': 727}","{'ret_pct': 5.431610338501569, 'excess_pct': -15.698152517880006, 'sharpe': 0.3077617194505907, 'mdd_pct': 8.611691038331603, 'n_days': 403}",66.66666666666666,0.5112764291307752,0.3077617194505907,-15.698152517880006,5.431610338501569,553
买3/止2.5,0.03,0.025,yin_or_small_yang,50.0,20,sh561350,561350,中证500ETF国泰,A,"{'is_start': '2023-01-02', 'is_end': '2025-12-31', 'oos_start': '2025-01-02', 'oos_end': '2026-09-01'}","{'ret_pct': 49.708193977213796, 'excess_pct': 14.885742659917106, 'sharpe': 0.9920541935881653, 'mdd_pct': 15.429889648873441, 'n_days': 727}","{'ret_pct': 19.540486744373364, 'excess_pct': -26.87155029266366, 'sharpe': 0.7824789631480981, 'mdd_pct': 15.429889648873441, 'n_days': 403}",50.0,0.5111981205951448,0.7824789631480981,-26.87155029266366,19.540486744373364,554
sym±2.5%仅阴,0.025,0.025,yin_only,45.09803921568628,51,sz159991,159991,创业板大盘ETF招商,A,"{'is_start': '2023-01-02', 'is_end': '2025-12-31', 'oos_start': '2025-01-02', 'oos_end': '2026-09-01'}","{'ret_pct': 81.61708634972801, 'excess_pct': 29.61708634972799, 'sharpe': 0.9343561811750102, 'mdd_pct': 25.089243807328454, 'n_days': 727}","{'ret_pct': 44.074269233122095, 'excess_pct': -37.39894505259218, 'sharpe': 1.0267898625652911, 'mdd_pct': 16.968239248388052, 'n_days': 403}",45.09803921568628,0.5108848864526234,1.0267898625652911,-37.39894505259218,44.074269233122095,555
买3/止2.5,0.03,0.025,yin_or_small_yang,38.095238095238095,21,sz159827,159827,农业ETF银华,A,"{'is_start': '2023-01-02', 'is_end': '2025-12-31', 'oos_start': '2025-01-02', 'oos_end': '2026-09-01'}","{'ret_pct': 51.99646596991454, 'excess_pct': 51.32382023000423, 'sharpe': 1.327350951914982, 'mdd_pct': 9.179501457410256, 'n_days': 727}","{'ret_pct': 12.704002049491248, 'excess_pct': -3.4851096983597785, 'sharpe': 0.6486689004663556, 'mdd_pct': 9.92376388763142, 'n_days': 403}",38.095238095238095,0.5108065779169929,0.6486689004663556,-3.4851096983597785,12.704002049491248,556
sym±2.5%,0.025,0.025,yin_or_small_yang,48.0,50,sz159948,159948,创业板ETF南方,A,"{'is_start': '2023-01-02', 'is_end': '2025-12-31', 'oos_start': '2025-01-02', 'oos_end': '2026-09-01'}","{'ret_pct': 49.839149350191605, 'excess_pct': 9.32225074184172, 'sharpe': 0.6730941868556619, 'mdd_pct': 25.956105061128397, 'n_days': 725}","{'ret_pct': 35.647802127388275, 'excess_pct': -33.96963559503163, 'sharpe': 0.8387700460241237, 'mdd_pct': 20.329662577295416, 'n_days': 403}",48.0,0.5102584181675803,0.8387700460241237,-33.96963559503163,35.647802127388275,557
sym±2.5%仅阴,0.025,0.025,yin_only,50.0,52,sh588160,588160,科创新材料ETF南方,A,"{'is_start': '2023-01-02', 'is_end': '2025-12-31', 'oos_start': '2025-01-02', 'oos_end': '2026-09-01'}","{'ret_pct': 53.541981279271965, 'excess_pct': 59.73856247585317, 'sharpe': 0.6063932112448063, 'mdd_pct': 25.6375442079137, 'n_days': 727}","{'ret_pct': 35.56643348437667, 'excess_pct': -65.71327401105293, 'sharpe': 0.8262736327502992, 'mdd_pct': 22.15487959183874, 'n_days': 403}",50.0,0.5098668754894283,0.8262736327502992,-65.71327401105293,35.56643348437667,558
sym±2.5%仅阴,0.025,0.025,yin_only,54.166666666666664,24,sh588660,588660,科创创业50ETF兴银,B,"{'is_start': '2025-03-17', 'is_end': '2025-12-31', 'oos_start': '2026-01-02', 'oos_end': '2026-09-01'}","{'ret_pct': 65.97439753452485, 'excess_pct': 9.50498930985082, 'sharpe': 3.6410897043636075, 'mdd_pct': 8.699974498357498, 'n_days': 197}","{'ret_pct': 3.9969431164039504, 'excess_pct': -9.48620295101177, 'sharpe': 0.26670268646257095, 'mdd_pct': 17.565216847765775, 'n_days': 160}",54.166666666666664,0.509397024275646,0.26670268646257095,-9.48620295101177,3.9969431164039504,559
sym±2.5%仅阴,0.025,0.025,yin_only,54.83870967741935,31,sz159279,159279,创业板人工智能ETF华安,B,"{'is_start': '2025-09-29', 'is_end': '2025-12-31', 'oos_start': '2026-01-02', 'oos_end': '2026-09-01'}","{'ret_pct': 23.07429720907841, 'excess_pct': 11.338597011839745, 'sharpe': 5.184667360668314, 'mdd_pct': 3.6930026024852847, 'n_days': 62}","{'ret_pct': 8.063122700572478, 'excess_pct': -13.347023473116248, 'sharpe': 0.3380005618628271, 'mdd_pct': 25.62827132474229, 'n_days': 160}",54.83870967741935,0.5093187157400156,0.3380005618628271,-13.347023473116248,8.063122700572478,560
sym±2%,0.02,0.02,yin_or_small_yang,50.0,6,sz159501,159501,纳指ETF嘉实,B,"{'is_start': '2025-01-02', 'is_end': '2025-12-31', 'oos_start': '2026-01-02', 'oos_end': '2026-09-01'}","{'ret_pct': 35.73199094972479, 'excess_pct': 18.890575484456118, 'sharpe': 2.9399905645963322, 'mdd_pct': 5.044180519874497, 'n_days': 243}","{'ret_pct': 4.995155676990781, 'excess_pct': -11.866280049219593, 'sharpe': 0.5862040197213441, 'mdd_pct': 6.543537780156239, 'n_days': 160}",50.0,0.5092404072043852,0.5862040197213441,-11.866280049219593,4.995155676990781,561
买2.5/止3.5,0.025,0.035,yin_or_small_yang,47.05882352941176,17,sh560690,560690,电信ETF鹏华,B,"{'is_start': '2025-01-02', 'is_end': '2025-12-31', 'oos_start': '2026-01-02', 'oos_end': '2026-09-01'}","{'ret_pct': 53.39903589436403, 'excess_pct': -0.6571263521258288, 'sharpe': 2.265258372414001, 'mdd_pct': 17.629728317997028, 'n_days': 243}","{'ret_pct': 4.960556585177445, 'excess_pct': -4.433081585796716, 'sharpe': 0.30098714789899395, 'mdd_pct': 14.295684557738975, 'n_days': 160}",47.05882352941176,0.5092404072043852,0.30098714789899395,-4.433081585796716,4.960556585177445,562
买2.5/止3.5,0.025,0.035,yin_or_small_yang,57.14285714285714,7,sh512640,512640,金融地产ETF嘉实,A,"{'is_start': '2023-01-02', 'is_end': '2025-12-31', 'oos_start': '2025-01-02', 'oos_end': '2026-09-01'}","{'ret_pct': 49.251662414056874, 'excess_pct': 7.519818838637882, 'sharpe': 0.9669280622360861, 'mdd_pct': 12.474661003551468, 'n_days': 727}","{'ret_pct': 1.63787445820891, 'excess_pct': -6.995219066970914, 'sharpe': 0.07416032126043863, 'mdd_pct': 16.008261016740953, 'n_days': 403}",57.14285714285714,0.509162098668755,0.07416032126043863,-6.995219066970914,1.63787445820891,563
买3/止2.5,0.03,0.025,yin_or_small_yang,44.89795918367347,49,sz159814,159814,创业大盘ETF西部利得,A,"{'is_start': '2023-01-02', 'is_end': '2025-12-31', 'oos_start': '2025-01-02', 'oos_end': '2026-09-01'}","{'ret_pct': 66.26713574863732, 'excess_pct': 17.802223467935562, 'sharpe': 0.9012390492569219, 'mdd_pct': 23.03268257580583, 'n_days': 727}","{'ret_pct': 42.289206208000074, 'excess_pct': -36.85652243521597, 'sharpe': 1.0384182088464853, 'mdd_pct': 21.722920697015923, 'n_days': 403}",44.89795918367347,0.5085356303837119,1.0384182088464853,-36.85652243521597,42.289206208000074,564
sym±2%,0.02,0.02,yin_or_small_yang,42.42424242424242,66,sh510660,510660,医药ETF华夏,A,"{'is_start': '2023-01-02', 'is_end': '2025-12-31', 'oos_start': '2025-01-02', 'oos_end': '2026-09-01'}","{'ret_pct': 30.50316101607262, 'excess_pct': 39.115965894121395, 'sharpe': 0.5616457768848349, 'mdd_pct': 15.700453796571534, 'n_days': 727}","{'ret_pct': 14.61837075214869, 'excess_pct': -5.713985064078118, 'sharpe': 0.5274611045611806, 'mdd_pct': 20.75149814546222, 'n_days': 403}",42.42424242424242,0.5077525450274081,0.5274611045611806,-5.713985064078118,14.61837075214869,565
sym±2%,0.02,0.02,yin_or_small_yang,47.05882352941176,17,sh515080,515080,中证红利ETF招商,A,"{'is_start': '2023-01-02', 'is_end': '2025-12-31', 'oos_start': '2025-01-02', 'oos_end': '2026-09-01'}","{'ret_pct': 27.499852852996256, 'excess_pct': 16.38874174188514, 'sharpe': 0.9382559985554075, 'mdd_pct': 6.164527806851272, 'n_days': 727}","{'ret_pct': 2.626251066037666, 'excess_pct': -3.3868208293871938, 'sharpe': 0.22110446792903443, 'mdd_pct': 13.245178639960798, 'n_days': 403}",47.05882352941176,0.5075959279561473,0.22110446792903443,-3.3868208293871938,2.626251066037666,566
买2.5/止3.5,0.025,0.035,yin_or_small_yang,40.0,15,sh512180,512180,MSCIA股ETF建信,A,"{'is_start': '2023-01-02', 'is_end': '2025-12-31', 'oos_start': '2025-01-02', 'oos_end': '2026-09-01'}","{'ret_pct': 20.08322955623878, 'excess_pct': -1.593071021795911, 'sharpe': 0.4194315925208957, 'mdd_pct': 28.84743944683453, 'n_days': 718}","{'ret_pct': 17.328224080565935, 'excess_pct': -6.85240228505679, 'sharpe': 0.7012252547036743, 'mdd_pct': 13.57878574116399, 'n_days': 402}",40.0,0.5065779169929522,0.7012252547036743,-6.85240228505679,17.328224080565935,567
sym±2.5%仅阴,0.025,0.025,yin_only,46.15384615384615,52,sz159888,159888,智能汽车ETF华夏,A,"{'is_start': '2023-01-02', 'is_end': '2025-12-31', 'oos_start': '2025-01-02', 'oos_end': '2026-09-01'}","{'ret_pct': 62.52895990428862, 'excess_pct': 18.009185892989187, 'sharpe': 0.9602188475362853, 'mdd_pct': 13.667562153028834, 'n_days': 727}","{'ret_pct': 2.506157088970906, 'excess_pct': -0.9903464075326163, 'sharpe': 0.10561559394104793, 'mdd_pct': 14.738335608377561, 'n_days': 403}",46.15384615384615,0.5064996084573218,0.10561559394104793,-0.9903464075326163,2.506157088970906,568
买2/止3,0.02,0.03,yin_or_small_yang,30.76923076923077,13,sz159295,159295,创业综指ETF西部利得,B,"{'is_start': '2025-11-04', 'is_end': '2025-12-31', 'oos_start': '2026-01-02', 'oos_end': '2026-09-01'}","{'ret_pct': 1.2413291923071945, 'excess_pct': -1.0035687668764837, 'sharpe': 0.4648398608324723, 'mdd_pct': 7.112376993817737, 'n_days': 42}","{'ret_pct': 8.17196856261062, 'excess_pct': 3.484468562610621, 'sharpe': 0.4109121372186294, 'mdd_pct': 23.657310979112378, 'n_days': 160}",30.76923076923077,0.5051683633516053,0.4109121372186294,3.484468562610621,8.17196856261062,569
买2/止3,0.02,0.03,yin_or_small_yang,41.935483870967744,31,sz159845,159845,中证1000ETF华夏,A,"{'is_start': '2023-01-02', 'is_end': '2025-12-31', 'oos_start': '2025-01-02', 'oos_end': '2026-09-01'}","{'ret_pct': 47.974968129190486, 'excess_pct': -14.980286813577457, 'sharpe': 0.4792986121257927, 'mdd_pct': 30.49376256125148, 'n_days': 727}","{'ret_pct': 26.03441344070838, 'excess_pct': -10.899089312362367, 'sharpe': 0.699001710528756, 'mdd_pct': 20.231062097950126, 'n_days': 403}",41.935483870967744,0.5049334377447142,0.699001710528756,-10.899089312362367,26.03441344070838,570
sym±2.5%仅阴,0.025,0.025,yin_only,45.23809523809524,42,sz159918,159918,中创400ETF嘉实,A,"{'is_start': '2023-01-02', 'is_end': '2025-12-31', 'oos_start': '2025-01-02', 'oos_end': '2026-09-01'}","{'ret_pct': 17.81160620510032, 'excess_pct': -15.006073352910704, 'sharpe': 0.2851331002019836, 'mdd_pct': 35.888717813443606, 'n_days': 719}","{'ret_pct': 24.660801563169233, 'excess_pct': -18.993154042977633, 'sharpe': 0.793839882147761, 'mdd_pct': 17.197509569896873, 'n_days': 403}",45.23809523809524,0.5047768206734534,0.793839882147761,-18.993154042977633,24.660801563169233,571
sym±3%,0.03,0.03,yin_or_small_yang,37.5,16,sh588140,588140,科创200ETF广发,B,"{'is_start': '2025-10-15', 'is_end': '2025-12-31', 'oos_start': '2026-01-02', 'oos_end': '2026-09-01'}","{'ret_pct': 10.763470076688009, 'excess_pct': 5.83533865985022, 'sharpe': 4.259837913999431, 'mdd_pct': 3.0675480164787716, 'n_days': 56}","{'ret_pct': 11.902974130859167, 'excess_pct': -3.757403227631407, 'sharpe': 0.6831454620580978, 'mdd_pct': 11.866858054160833, 'n_days': 160}",37.5,0.5044635865309319,0.6831454620580978,-3.757403227631407,11.902974130859167,572
买2.5/止3.5,0.025,0.035,yin_or_small_yang,30.76923076923077,13,sh560550,560550,碳中和ETF广发,A,"{'is_start': '2023-01-02', 'is_end': '2025-12-31', 'oos_start': '2025-01-02', 'oos_end': '2026-09-01'}","{'ret_pct': 26.65073635290234, 'excess_pct': -2.413303055964654, 'sharpe': 0.47693105632877597, 'mdd_pct': 28.902046278980965, 'n_days': 727}","{'ret_pct': 25.128467463479897, 'excess_pct': -5.536390067049293, 'sharpe': 0.8214693204065627, 'mdd_pct': 21.605107419675683, 'n_days': 403}",30.76923076923077,0.5043069694596711,0.8214693204065627,-5.536390067049293,25.128467463479897,573
sym±2.5%仅阴,0.025,0.025,yin_only,41.17647058823529,68,sh516290,516290,光伏ETF汇添富,A,"{'is_start': '2023-01-02', 'is_end': '2025-12-31', 'oos_start': '2025-01-02', 'oos_end': '2026-09-01'}","{'ret_pct': 24.2663288208542, 'excess_pct': 54.45280900733438, 'sharpe': 0.3569527312899185, 'mdd_pct': 23.247074793030652, 'n_days': 727}","{'ret_pct': 10.563658581854597, 'excess_pct': -2.536778099368119, 'sharpe': 0.343587114283887, 'mdd_pct': 19.236759918280388, 'n_days': 403}",41.17647058823529,0.5037588097102584,0.343587114283887,-2.536778099368119,10.563658581854597,574
买2.5/止3.5,0.025,0.035,yin_or_small_yang,38.46153846153847,13,sh510370,510370,沪深300ETF兴业,A,"{'is_start': '2023-01-02', 'is_end': '2025-12-31', 'oos_start': '2025-01-02', 'oos_end': '2026-09-01'}","{'ret_pct': 44.40374704460777, 'excess_pct': 19.434050074910814, 'sharpe': 0.9355484756709384, 'mdd_pct': 15.762336491973683, 'n_days': 727}","{'ret_pct': 16.91589786213139, 'excess_pct': -5.227800606655396, 'sharpe': 0.6645734296612177, 'mdd_pct': 13.2397521413679, 'n_days': 403}",38.46153846153847,0.5035238841033672,0.6645734296612177,-5.227800606655396,16.91589786213139,575
买2/止3,0.02,0.03,yin_or_small_yang,33.33333333333333,12,sh512040,512040,价值ETF富国,A,"{'is_start': '2023-01-02', 'is_end': '2025-12-31', 'oos_start': '2025-01-02', 'oos_end': '2026-09-01'}","{'ret_pct': 44.088258122951785, 'excess_pct': 76.24581250272838, 'sharpe': 0.8853049707437487, 'mdd_pct': 18.762530291273684, 'n_days': 727}","{'ret_pct': 20.202972039418743, 'excess_pct': -6.89983169889905, 'sharpe': 0.9013303741021258, 'mdd_pct': 12.933557161948029, 'n_days': 403}",33.33333333333333,0.5032889584964761,0.9013303741021258,-6.89983169889905,20.202972039418743,576
买3/止4,0.03,0.04,yin_or_small_yang,40.0,5,sh518860,518860,上海金ETF建信,A,"{'is_start': '2023-01-02', 'is_end': '2025-12-31', 'oos_start': '2025-01-02', 'oos_end': '2026-09-01'}","{'ret_pct': 116.43464135912893, 'excess_pct': -14.42986198493844, 'sharpe': 1.9730374427706072, 'mdd_pct': 11.431226859202049, 'n_days': 727}","{'ret_pct': 34.543717798752915, 'excess_pct': -18.31199362409277, 'sharpe': 1.0535769707943112, 'mdd_pct': 18.218422874159412, 'n_days': 403}",40.0,0.503054032889585,1.0535769707943112,-18.31199362409277,34.543717798752915,577
sym±2.5%仅阴,0.025,0.025,yin_only,55.00000000000001,20,sz159366,159366,港股医疗ETF永赢,B,"{'is_start': '2025-04-14', 'is_end': '2025-12-31', 'oos_start': '2026-01-02', 'oos_end': '2026-09-01'}","{'ret_pct': 30.10060658416638, 'excess_pct': 2.708486509119478, 'sharpe': 2.5026173254417197, 'mdd_pct': 8.98358800515673, 'n_days': 178}","{'ret_pct': -1.62161014311607, 'excess_pct': -1.3438323653382822, 'sharpe': -0.1350952489476365, 'mdd_pct': 12.965369600319587, 'n_days': 160}",55.00000000000001,0.502662490211433,-0.1350952489476365,-1.3438323653382822,-1.62161014311607,578
买2/止3,0.02,0.03,yin_or_small_yang,60.86956521739131,23,sh515630,515630,证券保险ETF鹏华,A,"{'is_start': '2023-01-02', 'is_end': '2025-12-31', 'oos_start': '2025-01-02', 'oos_end': '2026-09-01'}","{'ret_pct': 79.2389566723473, 'excess_pct': 33.02301318092446, 'sharpe': 0.9713583695524403, 'mdd_pct': 23.25764011831709, 'n_days': 727}","{'ret_pct': -1.6658282602728058, 'excess_pct': -4.295310331985947, 'sharpe': -0.04771123835702391, 'mdd_pct': 23.361304463530164, 'n_days': 403}",60.86956521739131,0.50203602192639,-0.04771123835702391,-4.295310331985947,-1.6658282602728058,579
sym±2.5%,0.025,0.025,yin_or_small_yang,52.17391304347826,23,sh560500,560500,500质量成长ETF鹏扬,A,"{'is_start': '2023-01-02', 'is_end': '2025-12-31', 'oos_start': '2025-01-02', 'oos_end': '2026-09-01'}","{'ret_pct': 50.68158631909032, 'excess_pct': 17.127502433880615, 'sharpe': 1.028038214369561, 'mdd_pct': 16.97806019025071, 'n_days': 727}","{'ret_pct': 20.29346205050131, 'excess_pct': -38.06792964422374, 'sharpe': 0.7362344212333795, 'mdd_pct': 17.619842383172745, 'n_days': 403}",52.17391304347826,0.5019577133907597,0.7362344212333795,-38.06792964422374,20.29346205050131,580
sym±2%,0.02,0.02,yin_or_small_yang,43.47826086956522,23,sz159631,159631,A100ETF招商,A,"{'is_start': '2023-01-02', 'is_end': '2025-12-31', 'oos_start': '2025-01-02', 'oos_end': '2026-09-01'}","{'ret_pct': 30.877281556252445, 'excess_pct': -3.501096822125941, 'sharpe': 0.6975344008616724, 'mdd_pct': 22.202171659801493, 'n_days': 727}","{'ret_pct': 14.366994278726231, 'excess_pct': -13.1381181957114, 'sharpe': 0.8095984969986555, 'mdd_pct': 8.062618899552799, 'n_days': 403}",43.47826086956522,0.5013312451057166,0.8095984969986555,-13.1381181957114,14.366994278726231,581
sym±2%,0.02,0.02,yin_or_small_yang,36.666666666666664,30,sh560050,560050,中国A50ETF汇添富,A,"{'is_start': '2023-01-02', 'is_end': '2025-12-31', 'oos_start': '2025-01-02', 'oos_end': '2026-09-01'}","{'ret_pct': 44.88986799345089, 'excess_pct': 13.422206301908599, 'sharpe': 0.9071941707767082, 'mdd_pct': 28.20396577110391, 'n_days': 727}","{'ret_pct': 25.118772964919156, 'excess_pct': -11.992061406189183, 'sharpe': 1.0480038469098776, 'mdd_pct': 11.846280350993455, 'n_days': 403}",36.666666666666664,0.5011746280344558,1.0480038469098776,-11.992061406189183,25.118772964919156,582
sym±2%,0.02,0.02,yin_or_small_yang,52.459016393442624,61,sh520500,520500,恒生创新药ETF华泰柏瑞,B,"{'is_start': '2025-01-02', 'is_end': '2025-12-31', 'oos_start': '2026-01-02', 'oos_end': '2026-09-01'}","{'ret_pct': 62.96847021911049, 'excess_pct': 4.004739649162325, 'sharpe': 2.103717389069188, 'mdd_pct': 21.378616435075926, 'n_days': 243}","{'ret_pct': -6.370492378726212, 'excess_pct': 6.475235955631508, 'sharpe': -0.35601491347003544, 'mdd_pct': 21.98330481146591, 'n_days': 160}",52.459016393442624,0.5011746280344558,-0.35601491347003544,6.475235955631508,-6.370492378726212,583
买2/止2.5,0.02,0.025,yin_or_small_yang,51.92307692307693,52,sh512290,512290,生物医药ETF国泰,A,"{'is_start': '2023-01-02', 'is_end': '2025-12-31', 'oos_start': '2025-01-02', 'oos_end': '2026-09-01'}","{'ret_pct': 55.55641279205632, 'excess_pct': 73.5891996773022, 'sharpe': 0.8353739349711989, 'mdd_pct': 22.39421301365153, 'n_days': 727}","{'ret_pct': 6.93843293608567, 'excess_pct': -9.822608966519075, 'sharpe': 0.20183436131866708, 'mdd_pct': 25.205962409133708, 'n_days': 403}",51.92307692307693,0.5009397024275646,0.20183436131866708,-9.822608966519075,6.93843293608567,584
sym±2%,0.02,0.02,yin_or_small_yang,40.54054054054054,37,sh560060,560060,碳中和ETF汇添富,A,"{'is_start': '2023-01-02', 'is_end': '2025-12-31', 'oos_start': '2025-01-02', 'oos_end': '2026-09-01'}","{'ret_pct': 36.54676793238609, 'excess_pct': 11.51609308576031, 'sharpe': 0.6958513367621366, 'mdd_pct': 27.12644298295649, 'n_days': 727}","{'ret_pct': 18.33102005663696, 'excess_pct': -8.42760063301822, 'sharpe': 0.7070249432315776, 'mdd_pct': 13.235164552212186, 'n_days': 403}",40.54054054054054,0.5005481597494127,0.7070249432315776,-8.42760063301822,18.33102005663696,585
sym±3%,0.03,0.03,yin_or_small_yang,35.0,40,sz159723,159723,科技龙头ETF汇添富,A,"{'is_start': '2023-01-02', 'is_end': '2025-12-31', 'oos_start': '2025-01-02', 'oos_end': '2026-09-01'}","{'ret_pct': 59.216769442265395, 'excess_pct': 11.177553755990878, 'sharpe': 0.8615941361714771, 'mdd_pct': 37.60911625732294, 'n_days': 726}","{'ret_pct': 31.819840132545597, 'excess_pct': -9.83587603039788, 'sharpe': 0.8595777912980452, 'mdd_pct': 24.42632141747042, 'n_days': 403}",35.0,0.4986687548942834,0.8595777912980452,-9.83587603039788,31.819840132545597,586
买2/止2.5,0.02,0.025,yin_or_small_yang,56.25,48,sh510560,510560,中证500ETF国寿,A,"{'is_start': '2023-01-02', 'is_end': '2025-12-31', 'oos_start': '2025-01-02', 'oos_end': '2026-09-01'}","{'ret_pct': 82.4831914716191, 'excess_pct': 47.68765243816183, 'sharpe': 1.0553180033307412, 'mdd_pct': 18.784315476562618, 'n_days': 664}","{'ret_pct': 17.956511315289436, 'excess_pct': -36.2390237116544, 'sharpe': 0.5407869591880727, 'mdd_pct': 26.79875390587879, 'n_days': 401}",56.25,0.4953797963978074,0.5407869591880727,-36.2390237116544,17.956511315289436,587
sym±2%,0.02,0.02,yin_or_small_yang,44.44444444444444,36,sz159758,159758,红利质量ETF华夏,A,"{'is_start': '2023-01-02', 'is_end': '2025-12-31', 'oos_start': '2025-01-02', 'oos_end': '2026-09-01'}","{'ret_pct': 13.265484194462962, 'excess_pct': -3.098152169173373, 'sharpe': 0.2701186985448709, 'mdd_pct': 21.056683746663364, 'n_days': 727}","{'ret_pct': 15.560473677220777, 'excess_pct': -12.497887714473954, 'sharpe': 0.6444724859134617, 'mdd_pct': 11.006251162639892, 'n_days': 403}",44.44444444444444,0.4952231793265466,0.6444724859134617,-12.497887714473954,15.560473677220777,588
买3/止4,0.03,0.04,yin_or_small_yang,60.0,5,sh563090,563090,上证50增强ETF易方达,B,"{'is_start': '2025-01-02', 'is_end': '2025-12-31', 'oos_start': '2026-01-02', 'oos_end': '2026-09-01'}","{'ret_pct': 26.303887867627274, 'excess_pct': 4.76392685398206, 'sharpe': 1.9802364623361244, 'mdd_pct': 7.798106382601711, 'n_days': 243}","{'ret_pct': 1.3161949599186373, 'excess_pct': -10.480680040081381, 'sharpe': 0.10247188936479934, 'mdd_pct': 10.060823457538682, 'n_days': 160}",60.0,0.4949099451840251,0.10247188936479934,-10.480680040081381,1.3161949599186373,589
sym±2.5%,0.025,0.025,yin_or_small_yang,50.0,12,sh513080,513080,法国ETF华安,A,"{'is_start': '2023-01-02', 'is_end': '2025-12-31', 'oos_start': '2025-01-02', 'oos_end': '2026-09-01'}","{'ret_pct': 13.261278357634954, 'excess_pct': -30.283228458724306, 'sharpe': 0.3470916778394176, 'mdd_pct': 16.42080487613965, 'n_days': 726}","{'ret_pct': 9.188285617312108, 'excess_pct': -10.98656307132271, 'sharpe': 0.27718932587860734, 'mdd_pct': 16.42080487613965, 'n_days': 402}",50.0,0.4947533281127643,0.27718932587860734,-10.98656307132271,9.188285617312108,590
sym±3%,0.03,0.03,yin_or_small_yang,62.5,8,sh513660,513660,恒生ETF华夏,A,"{'is_start': '2023-01-02', 'is_end': '2025-12-31', 'oos_start': '2025-01-02', 'oos_end': '2026-09-01'}","{'ret_pct': 60.284395933946854, 'excess_pct': 17.844925856285833, 'sharpe': 0.9863810078971738, 'mdd_pct': 15.462271536396088, 'n_days': 727}","{'ret_pct': -28.519374382542374, 'excess_pct': 9.438633027914598, 'sharpe': -0.4398363670029674, 'mdd_pct': 58.069638520909585, 'n_days': 403}",62.5,0.4941268598277212,-0.4398363670029674,9.438633027914598,-28.519374382542374,591
sym±2.5%仅阴,0.025,0.025,yin_only,44.827586206896555,87,sz159890,159890,云计算ETF招商,A,"{'is_start': '2023-01-02', 'is_end': '2025-12-31', 'oos_start': '2025-01-02', 'oos_end': '2026-09-01'}","{'ret_pct': 184.1553439579525, 'excess_pct': 85.89346678529898, 'sharpe': 1.6140990266104123, 'mdd_pct': 23.76377722271593, 'n_days': 727}","{'ret_pct': 34.39769958601626, 'excess_pct': -31.673728985412254, 'sharpe': 0.8919930007915541, 'mdd_pct': 29.890821664783275, 'n_days': 403}",44.827586206896555,0.4924040720438528,0.8919930007915541,-31.673728985412254,34.39769958601626,592
买2/止2.5,0.02,0.025,yin_or_small_yang,41.86046511627907,43,sz159541,159541,创业板综ETF万家,B,"{'is_start': '2025-01-02', 'is_end': '2025-12-31', 'oos_start': '2026-01-02', 'oos_end': '2026-09-01'}","{'ret_pct': 39.014697162235755, 'excess_pct': -2.706537636641727, 'sharpe': 1.8261947481465046, 'mdd_pct': 15.212062743950838, 'n_days': 243}","{'ret_pct': 1.281942680554926, 'excess_pct': 1.9902491840964487, 'sharpe': 0.08494306670991773, 'mdd_pct': 17.8796051715554, 'n_days': 160}",41.86046511627907,0.4922474549725921,0.08494306670991773,1.9902491840964487,1.281942680554926,593
sym±2%,0.02,0.02,yin_or_small_yang,40.909090909090914,66,sh516300,516300,中证1000ETF华泰柏瑞,A,"{'is_start': '2023-01-02', 'is_end': '2025-12-31', 'oos_start': '2025-01-02', 'oos_end': '2026-09-01'}","{'ret_pct': 228.05201136714564, 'excess_pct': 21.893653595884643, 'sharpe': 0.6052091719908586, 'mdd_pct': 22.044421819566228, 'n_days': 727}","{'ret_pct': 24.125837360137847, 'excess_pct': -14.73470685754923, 'sharpe': 0.8498451023154409, 'mdd_pct': 22.327340052106614, 'n_days': 403}",40.909090909090914,0.49216914643696164,0.8498451023154409,-14.73470685754923,24.125837360137847,594
sym±2.5%,0.025,0.025,yin_or_small_yang,60.0,10,sz159655,159655,标普500ETF华夏,A,"{'is_start': '2023-01-02', 'is_end': '2025-12-31', 'oos_start': '2025-01-02', 'oos_end': '2026-09-01'}","{'ret_pct': 18.07485270198399, 'excess_pct': -70.39866754723721, 'sharpe': 0.3259719217331023, 'mdd_pct': 23.794492991345994, 'n_days': 727}","{'ret_pct': 5.419612901257964, 'excess_pct': -15.041652622100997, 'sharpe': 0.19272333008916956, 'mdd_pct': 23.210882574856807, 'n_days': 403}",60.0,0.4918559122944401,0.19272333008916956,-15.041652622100997,5.419612901257964,595
sym±2.5%仅阴,0.025,0.025,yin_only,47.61904761904761,21,sh513900,513900,港股通100ETF华安,A,"{'is_start': '2023-01-02', 'is_end': '2025-12-31', 'oos_start': '2025-01-02', 'oos_end': '2026-09-01'}","{'ret_pct': 41.257347108569896, 'excess_pct': 17.904745952500534, 'sharpe': 0.925471970572779, 'mdd_pct': 11.13143106204424, 'n_days': 727}","{'ret_pct': 9.677372936802954, 'excess_pct': -11.298236819294605, 'sharpe': 0.42098356849305035, 'mdd_pct': 23.132633013725755, 'n_days': 403}",47.61904761904761,0.49130775254502734,0.42098356849305035,-11.298236819294605,9.677372936802954,596
sym±3%,0.03,0.03,yin_or_small_yang,57.14285714285714,7,sh560820,560820,中证A50ETF新华,B,"{'is_start': '2025-04-18', 'is_end': '2025-12-31', 'oos_start': '2026-01-02', 'oos_end': '2026-09-01'}","{'ret_pct': 10.067770111091189, 'excess_pct': -8.65732949050242, 'sharpe': 1.0976460622120605, 'mdd_pct': 6.828120609946131, 'n_days': 173}","{'ret_pct': -2.601745519837506, 'excess_pct': -1.0507251116742333, 'sharpe': -0.2320471815522066, 'mdd_pct': 13.738211391567612, 'n_days': 158}",57.14285714285714,0.49107282693813625,-0.2320471815522066,-1.0507251116742333,-2.601745519837506,597
买2/止2.5,0.02,0.025,yin_or_small_yang,37.5,8,sh520890,520890,港股通红利低波ETF华泰柏瑞,B,"{'is_start': '2025-01-02', 'is_end': '2025-12-31', 'oos_start': '2026-01-02', 'oos_end': '2026-09-01'}","{'ret_pct': 13.512995001308802, 'excess_pct': -8.192431355280341, 'sharpe': 1.0076469759145918, 'mdd_pct': 13.364997221052677, 'n_days': 243}","{'ret_pct': 0.7080445280026382, 'excess_pct': 6.302945377860992, 'sharpe': 0.11505047951369844, 'mdd_pct': 8.431813580980041, 'n_days': 160}",37.5,0.49052466718872356,0.11505047951369844,6.302945377860992,0.7080445280026382,598
sym±2%,0.02,0.02,yin_or_small_yang,43.01075268817204,93,sh588390,588390,科创创业ETF博时,A,"{'is_start': '2023-01-02', 'is_end': '2025-12-31', 'oos_start': '2025-01-02', 'oos_end': '2026-09-01'}","{'ret_pct': 64.4753168061192, 'excess_pct': 16.70083609395305, 'sharpe': 0.8405265316652426, 'mdd_pct': 23.116380434673477, 'n_days': 727}","{'ret_pct': 47.70664880864397, 'excess_pct': -49.30827656449038, 'sharpe': 1.0034950259957087, 'mdd_pct': 18.894274432243495, 'n_days': 403}",43.01075268817204,0.48997650743931087,1.0034950259957087,-49.30827656449038,47.70664880864397,599
买2/止3,0.02,0.03,yin_or_small_yang,36.734693877551024,49,sh512970,512970,大湾区ETF平安,A,"{'is_start': '2023-01-02', 'is_end': '2025-12-31', 'oos_start': '2025-01-02', 'oos_end': '2026-09-01'}","{'ret_pct': 22.42360623074191, 'excess_pct': -6.453857351091873, 'sharpe': 0.3943998603263354, 'mdd_pct': 25.979042790092667, 'n_days': 727}","{'ret_pct': 23.019155627320977, 'excess_pct': -7.710011039345698, 'sharpe': 0.7074493674168906, 'mdd_pct': 16.75186133016915, 'n_days': 403}",36.734693877551024,0.48997650743931087,0.7074493674168906,-7.710011039345698,23.019155627320977,600
买2/止2.5,0.02,0.025,yin_or_small_yang,41.66666666666667,12,sh515180,515180,红利ETF易方达,A,"{'is_start': '2023-01-02', 'is_end': '2025-12-31', 'oos_start': '2025-01-02', 'oos_end': '2026-09-01'}","{'ret_pct': 34.842874997270656, 'excess_pct': 22.659718823926433, 'sharpe': 0.8903604117298135, 'mdd_pct': 13.941572065125063, 'n_days': 727}","{'ret_pct': 5.990692765909378, 'excess_pct': -2.6695588995236488, 'sharpe': 0.33673914766460805, 'mdd_pct': 16.595685561377714, 'n_days': 403}",41.66666666666667,0.4896632732967894,0.33673914766460805,-2.6695588995236488,5.990692765909378,601
sym±2%,0.02,0.02,yin_or_small_yang,45.83333333333333,24,sz159601,159601,A50ETF华夏,A,"{'is_start': '2023-01-02', 'is_end': '2025-12-31', 'oos_start': '2025-01-02', 'oos_end': '2026-09-01'}","{'ret_pct': 64.95112509787437, 'excess_pct': 32.36128618833284, 'sharpe': 1.2409424547698307, 'mdd_pct': 18.919207893418523, 'n_days': 727}","{'ret_pct': 18.588382657311353, 'excess_pct': -20.719404734530425, 'sharpe': 0.7515099314482121, 'mdd_pct': 9.843602370782655, 'n_days': 403}",45.83333333333333,0.4894283476898982,0.7515099314482121,-20.719404734530425,18.588382657311353,602
买2.5/止3.5,0.025,0.035,yin_or_small_yang,55.55555555555556,18,sh589890,589890,科创综指ETF景顺,B,"{'is_start': '2025-03-05', 'is_end': '2025-12-31', 'oos_start': '2026-01-02', 'oos_end': '2026-09-01'}","{'ret_pct': 63.28608191317762, 'excess_pct': 33.1353281443334, 'sharpe': 4.075197581904468, 'mdd_pct': 10.05095172346213, 'n_days': 205}","{'ret_pct': 4.599186532707433, 'excess_pct': -13.772732810085687, 'sharpe': 0.24121815429490218, 'mdd_pct': 21.31170377235645, 'n_days': 160}",55.55555555555556,0.48880187940485514,0.24121815429490218,-13.772732810085687,4.599186532707433,603
sym±2.5%仅阴,0.025,0.025,yin_only,47.16981132075472,53,sz159773,159773,创业板科技ETF华泰柏瑞,A,"{'is_start': '2023-01-02', 'is_end': '2025-12-31', 'oos_start': '2025-01-02', 'oos_end': '2026-09-01'}","{'ret_pct': 89.40740485618264, 'excess_pct': 31.368189169908135, 'sharpe': 0.9898077924643164, 'mdd_pct': 23.741829238145982, 'n_days': 727}","{'ret_pct': 32.02494093725177, 'excess_pct': -55.18770274090916, 'sharpe': 0.832050927578458, 'mdd_pct': 22.029501608942926, 'n_days': 403}",47.16981132075472,0.48872357086922474,0.832050927578458,-55.18770274090916,32.02494093725177,604
sym±2%,0.02,0.02,yin_or_small_yang,38.775510204081634,98,sz159949,159949,创业板50ETF华安,A,"{'is_start': '2023-01-02', 'is_end': '2025-12-31', 'oos_start': '2025-01-02', 'oos_end': '2026-09-01'}","{'ret_pct': 73.31748614301203, 'excess_pct': 25.40689333446, 'sharpe': 0.9212489129396563, 'mdd_pct': 25.405121148849, 'n_days': 727}","{'ret_pct': 46.549692584425806, 'excess_pct': -28.287617610801966, 'sharpe': 1.113425082820706, 'mdd_pct': 24.748513673039874, 'n_days': 403}",38.775510204081634,0.4873140172278778,1.113425082820706,-28.287617610801966,46.549692584425806,605
买2/止2.5,0.02,0.025,yin_or_small_yang,50.0,34,sz159385,159385,数字经济ETF富国,B,"{'is_start': '2025-05-30', 'is_end': '2025-12-31', 'oos_start': '2026-01-02', 'oos_end': '2026-09-01'}","{'ret_pct': 36.48157103811196, 'excess_pct': -6.075871519330626, 'sharpe': 2.8084857010582223, 'mdd_pct': 13.228204960302914, 'n_days': 147}","{'ret_pct': 9.384320977619742, 'excess_pct': -16.190780510878234, 'sharpe': 0.486476749317832, 'mdd_pct': 29.689376212377006, 'n_days': 160}",50.0,0.4873140172278778,0.486476749317832,-16.190780510878234,9.384320977619742,606
sym±2%,0.02,0.02,yin_or_small_yang,41.66666666666667,12,sh520830,520830,沙特ETF华泰柏瑞,B,"{'is_start': '2025-01-02', 'is_end': '2025-12-31', 'oos_start': '2026-01-02', 'oos_end': '2026-09-01'}","{'ret_pct': 8.740456873642955, 'excess_pct': 20.92369274108934, 'sharpe': 0.5132246986429692, 'mdd_pct': 13.76715564279113, 'n_days': 242}","{'ret_pct': 1.0248473757438425, 'excess_pct': 0.4723611878985512, 'sharpe': 0.1680818379702527, 'mdd_pct': 9.897711519209729, 'n_days': 160}",41.66666666666667,0.486530931871574,0.1680818379702527,0.4723611878985512,1.0248473757438425,607
买2/止3,0.02,0.03,yin_or_small_yang,43.24324324324324,37,sz159597,159597,创业板成长ETF易方达,B,"{'is_start': '2025-01-02', 'is_end': '2025-12-31', 'oos_start': '2026-01-02', 'oos_end': '2026-09-01'}","{'ret_pct': 82.37248600073809, 'excess_pct': 2.47784157580395, 'sharpe': 3.0653717079577736, 'mdd_pct': 19.460103257948113, 'n_days': 243}","{'ret_pct': -8.264696602999456, 'excess_pct': 53.676311960273615, 'sharpe': -0.3854675739599808, 'mdd_pct': 27.549813812680146, 'n_days': 160}",43.24324324324324,0.4857478465152701,-0.3854675739599808,53.676311960273615,-8.264696602999456,608
买2/止2.5,0.02,0.025,yin_or_small_yang,75.0,8,sz159215,159215,A500ETF平安,B,"{'is_start': '2025-04-07', 'is_end': '2025-12-31', 'oos_start': '2026-01-02', 'oos_end': '2026-09-01'}","{'ret_pct': 28.15177024783997, 'excess_pct': -11.604597415504436, 'sharpe': 3.902112539870198, 'mdd_pct': 4.778904240448734, 'n_days': 183}","{'ret_pct': -2.4336617242237235, 'excess_pct': -4.139088080812869, 'sharpe': -0.24040323912495828, 'mdd_pct': 14.968711984216165, 'n_days': 160}",75.0,0.48559122944400945,-0.24040323912495828,-4.139088080812869,-2.4336617242237235,609
买2/止2.5,0.02,0.025,yin_or_small_yang,45.348837209302324,86,sh588100,588100,科创信息ETF嘉实,A,"{'is_start': '2023-01-02', 'is_end': '2025-12-31', 'oos_start': '2025-01-02', 'oos_end': '2026-09-01'}","{'ret_pct': 87.89937159016372, 'excess_pct': -11.48207170880535, 'sharpe': 0.8524655973904852, 'mdd_pct': 37.16592814428559, 'n_days': 727}","{'ret_pct': -12.80226134428334, 'excess_pct': 15.76916722714522, 'sharpe': -0.12909737233636343, 'mdd_pct': 73.01314849498142, 'n_days': 403}",45.348837209302324,0.485512920908379,-0.12909737233636343,15.76916722714522,-12.80226134428334,610
买2/止2.5,0.02,0.025,yin_or_small_yang,55.55555555555556,9,sh530880,530880,红利国企ETF银河,B,"{'is_start': '2025-01-02', 'is_end': '2025-12-31', 'oos_start': '2026-01-02', 'oos_end': '2026-09-01'}","{'ret_pct': 0.8625196746630426, 'excess_pct': 1.7509698227380466, 'sharpe': 0.08339837925588384, 'mdd_pct': 7.763966282113877, 'n_days': 243}","{'ret_pct': 2.253829268209051, 'excess_pct': -12.472538890994933, 'sharpe': 0.21499229869813602, 'mdd_pct': 10.604779346612814, 'n_days': 160}",55.55555555555556,0.48543461237274865,0.21499229869813602,-12.472538890994933,2.253829268209051,611
sym±2.5%仅阴,0.025,0.025,yin_only,33.33333333333333,12,sz159299,159299,金融科技ETF易方达,B,"{'is_start': '2025-09-11', 'is_end': '2025-12-31', 'oos_start': '2026-01-02', 'oos_end': '2026-09-01'}","{'ret_pct': 2.6495273456896173, 'excess_pct': 12.495087191249464, 'sharpe': 0.8529188226506343, 'mdd_pct': 3.9221271234483934, 'n_days': 74}","{'ret_pct': -0.6489293667576113, 'excess_pct': 23.024106726660634, 'sharpe': -0.04983245272581213, 'mdd_pct': 15.184489571309822, 'n_days': 160}",33.33333333333333,0.4852779953014879,-0.04983245272581213,23.024106726660634,-0.6489293667576113,612
买2/止2.5,0.02,0.025,yin_or_small_yang,75.0,4,sh563760,563760,全指现金流ETF中银,B,"{'is_start': '2025-06-06', 'is_end': '2025-12-31', 'oos_start': '2026-01-02', 'oos_end': '2026-09-01'}","{'ret_pct': 14.091492547190377, 'excess_pct': -8.075006951305095, 'sharpe': 2.333938413730303, 'mdd_pct': 5.402817488032873, 'n_days': 143}","{'ret_pct': -4.490368322321148, 'excess_pct': -1.6285531138174436, 'sharpe': -0.4110842768286829, 'mdd_pct': 22.962986638086356, 'n_days': 160}",75.0,0.48472983555207516,-0.4110842768286829,-1.6285531138174436,-4.490368322321148,613
sym±2.5%仅阴,0.025,0.025,yin_only,44.61538461538462,65,sh513280,513280,恒生生物科技ETF汇添富,A,"{'is_start': '2023-01-02', 'is_end': '2025-12-31', 'oos_start': '2025-01-02', 'oos_end': '2026-09-01'}","{'ret_pct': 34.07478345802364, 'excess_pct': 28.765048944749317, 'sharpe': 0.5437566395166417, 'mdd_pct': 21.77233562448385, 'n_days': 727}","{'ret_pct': 35.246692362333306, 'excess_pct': -32.867080092756524, 'sharpe': 0.8566431018097654, 'mdd_pct': 24.93048893537415, 'n_days': 403}",44.61538461538462,0.48449490994518407,0.8566431018097654,-32.867080092756524,35.246692362333306,614
买2/止3,0.02,0.03,yin_or_small_yang,46.666666666666664,15,sh517900,517900,银行AH优选ETF招商,A,"{'is_start': '2023-01-02', 'is_end': '2025-12-31', 'oos_start': '2025-01-02', 'oos_end': '2026-09-01'}","{'ret_pct': 26.058383424710428, 'excess_pct': -28.104000953501277, 'sharpe': 0.4639299184586744, 'mdd_pct': 20.56472708560898, 'n_days': 727}","{'ret_pct': 10.297646335953381, 'excess_pct': -11.41081761388989, 'sharpe': 0.4180990912137208, 'mdd_pct': 20.59404547275635, 'n_days': 403}",46.666666666666664,0.4841033672670321,0.4180990912137208,-11.41081761388989,10.297646335953381,615
买2.5/止3.5,0.025,0.035,yin_or_small_yang,41.17647058823529,17,sh563230,563230,卫星ETF富国,B,"{'is_start': '2025-09-17', 'is_end': '2025-12-31', 'oos_start': '2026-01-02', 'oos_end': '2026-09-01'}","{'ret_pct': 37.90527370202881, 'excess_pct': -6.616638648568809, 'sharpe': 6.779623206414244, 'mdd_pct': 9.069091699851672, 'n_days': 70}","{'ret_pct': -4.659854179760736, 'excess_pct': 21.194131084807246, 'sharpe': -0.15475483495491765, 'mdd_pct': 36.749984729697424, 'n_days': 160}",41.17647058823529,0.4834768989819891,-0.15475483495491765,21.194131084807246,-4.659854179760736,616
sym±2.5%仅阴,0.025,0.025,yin_only,63.1578947368421,19,sz159903,159903,深成ETF南方,A,"{'is_start': '2023-01-02', 'is_end': '2025-12-31', 'oos_start': '2025-01-02', 'oos_end': '2026-09-01'}","{'ret_pct': 27.373069423455053, 'excess_pct': 1.1423001926858412, 'sharpe': 0.566251322198912, 'mdd_pct': 22.300738086588233, 'n_days': 727}","{'ret_pct': 9.354415402215178, 'excess_pct': -32.25021652499737, 'sharpe': 0.4222018990955893, 'mdd_pct': 18.98344325156308, 'n_days': 403}",63.1578947368421,0.4831636648394675,0.4222018990955893,-32.25021652499737,9.354415402215178,617
买3/止2.5,0.03,0.025,yin_or_small_yang,42.857142857142854,14,sz159625,159625,绿色电力ETF嘉实,A,"{'is_start': '2023-01-02', 'is_end': '2025-12-31', 'oos_start': '2025-01-02', 'oos_end': '2026-09-01'}","{'ret_pct': 14.153756743623669, 'excess_pct': 4.49146781304206, 'sharpe': 0.5307858050169892, 'mdd_pct': 8.19485568242413, 'n_days': 727}","{'ret_pct': 3.8866959304051374, 'excess_pct': -2.8037590205315377, 'sharpe': 0.23458098570839153, 'mdd_pct': 10.945693907108412, 'n_days': 403}",42.857142857142854,0.4830853563038371,0.23458098570839153,-2.8037590205315377,3.8866959304051374,618
买3/止2.5,0.03,0.025,yin_or_small_yang,42.3728813559322,59,sz159906,159906,深成长ETF大成,A,"{'is_start': '2023-01-02', 'is_end': '2025-12-31', 'oos_start': '2025-01-02', 'oos_end': '2026-09-01'}","{'ret_pct': 69.40622692600056, 'excess_pct': 33.77831994925635, 'sharpe': 0.9843653676741909, 'mdd_pct': 27.647784550906675, 'n_days': 727}","{'ret_pct': 43.00481439262296, 'excess_pct': -55.03666026175493, 'sharpe': 1.0855393567195586, 'mdd_pct': 21.710251109323586, 'n_days': 403}",42.3728813559322,0.48144087705559907,1.0855393567195586,-55.03666026175493,43.00481439262296,619
买2/止2.5,0.02,0.025,yin_or_small_yang,50.0,10,sz159357,159357,A500ETF博时,B,"{'is_start': '2025-01-02', 'is_end': '2025-12-31', 'oos_start': '2026-01-02', 'oos_end': '2026-09-01'}","{'ret_pct': 22.595248018566274, 'excess_pct': -5.142725369355958, 'sharpe': 1.6978415061658432, 'mdd_pct': 8.83028278565725, 'n_days': 243}","{'ret_pct': -0.792661311034093, 'excess_pct': -2.363753219910769, 'sharpe': -0.07396253878603955, 'mdd_pct': 14.594492079045962, 'n_days': 160}",50.0,0.48136256851996867,-0.07396253878603955,-2.363753219910769,-0.792661311034093,620
sym±3%,0.03,0.03,yin_or_small_yang,50.0,2,sz159581,159581,红利ETF万家,B,"{'is_start': '2025-01-02', 'is_end': '2025-12-31', 'oos_start': '2026-01-02', 'oos_end': '2026-09-01'}","{'ret_pct': -4.260801774070222, 'excess_pct': -6.792447343690489, 'sharpe': -0.6436556355467381, 'mdd_pct': 4.349252876815635, 'n_days': 243}","{'ret_pct': 0.0, 'excess_pct': -4.095238095238085, 'sharpe': 0.0, 'mdd_pct': 0.0, 'n_days': 160}",50.0,0.48077525450274083,0.0,-4.095238095238085,0.0,621
买2/止3,0.02,0.03,yin_or_small_yang,48.38709677419355,31,sh515010,515010,证券ETF华夏,A,"{'is_start': '2023-01-02', 'is_end': '2025-12-31', 'oos_start': '2025-01-02', 'oos_end': '2026-09-01'}","{'ret_pct': 64.15223747690841, 'excess_pct': 22.765897007999136, 'sharpe': 0.7720168196120135, 'mdd_pct': 21.47767261793091, 'n_days': 727}","{'ret_pct': -0.7759880594262469, 'excess_pct': -1.8085535876232406, 'sharpe': -0.02221763721462334, 'mdd_pct': 25.894718921602834, 'n_days': 403}",48.38709677419355,0.4807361002349255,-0.02221763721462334,-1.8085535876232406,-0.7759880594262469,622
买3/止4,0.03,0.04,yin_or_small_yang,75.0,4,sh513030,513030,德国ETF华安,A,"{'is_start': '2023-01-02', 'is_end': '2025-12-31', 'oos_start': '2025-01-02', 'oos_end': '2026-09-01'}","{'ret_pct': 45.5431586513884, 'excess_pct': -36.55800866378669, 'sharpe': 0.7489064567965079, 'mdd_pct': 17.19825620293125, 'n_days': 726}","{'ret_pct': 7.231597360688036, 'excess_pct': -25.202704160750436, 'sharpe': 0.1903569232745944, 'mdd_pct': 24.860894920355136, 'n_days': 402}",75.0,0.48003132341425214,0.1903569232745944,-25.202704160750436,7.231597360688036,623
买2/止3,0.02,0.03,yin_or_small_yang,28.57142857142857,14,sh510030,510030,价值ETF华宝,A,"{'is_start': '2023-01-02', 'is_end': '2025-12-31', 'oos_start': '2025-01-02', 'oos_end': '2026-09-01'}","{'ret_pct': 45.347654987682475, 'excess_pct': 1.3216809617084593, 'sharpe': 0.9925481874804338, 'mdd_pct': 11.881939716898394, 'n_days': 727}","{'ret_pct': 9.359040770615845, 'excess_pct': -0.12108155354317773, 'sharpe': 0.442258573813374, 'mdd_pct': 16.719065673131205, 'n_days': 403}",28.57142857142857,0.47924823805794825,0.442258573813374,-0.12108155354317773,9.359040770615845,624
买2/止3,0.02,0.03,yin_or_small_yang,57.14285714285714,7,sz159300,159300,沪深300ETF富国,B,"{'is_start': '2025-01-02', 'is_end': '2025-12-31', 'oos_start': '2026-01-02', 'oos_end': '2026-09-01'}","{'ret_pct': 23.0739173147281, 'excess_pct': -2.085888361569509, 'sharpe': 1.7325988355670017, 'mdd_pct': 9.212079621608238, 'n_days': 243}","{'ret_pct': -2.2688234350574987, 'excess_pct': -3.092116607748263, 'sharpe': -0.21596608484715377, 'mdd_pct': 11.693848793764294, 'n_days': 160}",57.14285714285714,0.4780736100234926,-0.21596608484715377,-3.092116607748263,-2.2688234350574987,625
买3/止4,0.03,0.04,yin_or_small_yang,55.55555555555556,9,sh562330,562330,中证500价值ETF银华,B,"{'is_start': '2025-01-02', 'is_end': '2025-12-31', 'oos_start': '2026-01-02', 'oos_end': '2026-09-01'}","{'ret_pct': 14.395461814614352, 'excess_pct': -8.078764989509347, 'sharpe': 0.9631004651087797, 'mdd_pct': 9.38890787793446, 'n_days': 243}","{'ret_pct': -0.7942691922139811, 'excess_pct': -5.544269192213969, 'sharpe': -0.06499914543817192, 'mdd_pct': 14.35192779958312, 'n_days': 160}",55.55555555555556,0.4779953014878622,-0.06499914543817192,-5.544269192213969,-0.7942691922139811,626
买2/止3,0.02,0.03,yin_or_small_yang,33.33333333333333,3,sh563900,563900,300自由现金流ETF摩根,B,"{'is_start': '2025-05-07', 'is_end': '2025-12-31', 'oos_start': '2026-01-02', 'oos_end': '2026-09-01'}","{'ret_pct': 10.64789718630399, 'excess_pct': -6.53184462104457, 'sharpe': 1.6004296917179912, 'mdd_pct': 4.386281232374644, 'n_days': 164}","{'ret_pct': 2.9594731802124574, 'excess_pct': 2.7901251700515717, 'sharpe': 0.2740554584726984, 'mdd_pct': 14.962848295365683, 'n_days': 160}",33.33333333333333,0.4763508222396241,0.2740554584726984,2.7901251700515717,2.9594731802124574,627
买3/止2.5,0.03,0.025,yin_or_small_yang,36.0,25,sh562910,562910,高端制造ETF易方达,A,"{'is_start': '2023-01-02', 'is_end': '2025-12-31', 'oos_start': '2025-01-02', 'oos_end': '2026-09-01'}","{'ret_pct': 12.059630723073234, 'excess_pct': 0.4524878659303724, 'sharpe': 0.23111240961331384, 'mdd_pct': 24.891586799183983, 'n_days': 727}","{'ret_pct': 21.194062142301952, 'excess_pct': -10.49383594687001, 'sharpe': 0.7864635926145115, 'mdd_pct': 12.522897601279636, 'n_days': 403}",36.0,0.47603758809710256,0.7864635926145115,-10.49383594687001,21.194062142301952,628
买2.5/止3.5,0.025,0.035,yin_or_small_yang,47.05882352941176,34,sh512360,512360,MSCIA股ETF平安,A,"{'is_start': '2023-01-02', 'is_end': '2025-12-31', 'oos_start': '2025-01-02', 'oos_end': '2026-09-01'}","{'ret_pct': 5.7125818835849, 'excess_pct': -15.958613768588979, 'sharpe': 0.11527114350870922, 'mdd_pct': 34.31598098879501, 'n_days': 692}","{'ret_pct': 9.73056939533321, 'excess_pct': -13.22025027679794, 'sharpe': 0.41328013409658093, 'mdd_pct': 11.587396176754394, 'n_days': 396}",47.05882352941176,0.4750195771339076,0.41328013409658093,-13.22025027679794,9.73056939533321,629
买2/止3,0.02,0.03,yin_or_small_yang,57.14285714285714,28,sh588770,588770,科创信息ETF摩根,B,"{'is_start': '2025-03-24', 'is_end': '2025-12-31', 'oos_start': '2026-01-02', 'oos_end': '2026-09-01'}","{'ret_pct': 45.14414598394878, 'excess_pct': 7.120193888140406, 'sharpe': 2.062517338474662, 'mdd_pct': 13.491343015091207, 'n_days': 192}","{'ret_pct': 7.350354457128572, 'excess_pct': -22.06953504563387, 'sharpe': 0.2828717710569981, 'mdd_pct': 33.047152520709446, 'n_days': 160}",57.14285714285714,0.47494126859827723,0.2828717710569981,-22.06953504563387,7.350354457128572,630
买2/止3,0.02,0.03,yin_or_small_yang,57.14285714285714,28,sh561780,561780,1000增强ETF博时,B,"{'is_start': '2025-01-02', 'is_end': '2025-12-31', 'oos_start': '2026-01-02', 'oos_end': '2026-09-01'}","{'ret_pct': 49.269380174280265, 'excess_pct': 4.5507227211707, 'sharpe': 3.2358177477730123, 'mdd_pct': 7.536093073205164, 'n_days': 243}","{'ret_pct': -0.8690544576003489, 'excess_pct': -6.751407398776821, 'sharpe': -0.06633415944425146, 'mdd_pct': 21.02752926418292, 'n_days': 160}",57.14285714285714,0.4747063429913861,-0.06633415944425146,-6.751407398776821,-0.8690544576003489,631
sym±2%,0.02,0.02,yin_or_small_yang,42.65734265734265,143,sh561600,561600,消费电子ETF平安,A,"{'is_start': '2023-01-02', 'is_end': '2025-12-31', 'oos_start': '2025-01-02', 'oos_end': '2026-09-01'}","{'ret_pct': 120.68181477368047, 'excess_pct': 43.99559776488282, 'sharpe': 1.455035686120096, 'mdd_pct': 27.17071376809691, 'n_days': 727}","{'ret_pct': -1.777119965583085, 'excess_pct': 4.20791744090071, 'sharpe': -0.022693404702950542, 'mdd_pct': 60.976469003525516, 'n_days': 403}",42.65734265734265,0.4735317149569303,-0.022693404702950542,4.20791744090071,-1.777119965583085,632
买3/止2.5,0.03,0.025,yin_or_small_yang,48.07692307692308,52,sh588010,588010,科创新材料ETF博时,A,"{'is_start': '2023-01-02', 'is_end': '2025-12-31', 'oos_start': '2025-01-02', 'oos_end': '2026-09-01'}","{'ret_pct': 129.87289251465165, 'excess_pct': 137.6637142862632, 'sharpe': 1.3283209240393734, 'mdd_pct': 17.419130785889582, 'n_days': 727}","{'ret_pct': 31.692196339233615, 'excess_pct': -67.01150736447005, 'sharpe': 0.7009653753124184, 'mdd_pct': 24.902000927357726, 'n_days': 403}",48.07692307692308,0.47298355520751767,0.7009653753124184,-67.01150736447005,31.692196339233615,633
sym±2.5%,0.025,0.025,yin_or_small_yang,36.84210526315789,57,sh515200,515200,创新100ETF申万菱信,A,"{'is_start': '2023-01-02', 'is_end': '2025-12-31', 'oos_start': '2025-01-02', 'oos_end': '2026-09-01'}","{'ret_pct': 49.60094565076578, 'excess_pct': 18.067736463925296, 'sharpe': 0.7583394429017059, 'mdd_pct': 19.17800665032079, 'n_days': 727}","{'ret_pct': 42.89038643965342, 'excess_pct': -31.19645022471598, 'sharpe': 1.2039733966748052, 'mdd_pct': 8.701136217501283, 'n_days': 403}",36.84210526315789,0.47274862960062647,1.2039733966748052,-31.19645022471598,42.89038643965342,634
买3/止2.5,0.03,0.025,yin_or_small_yang,40.909090909090914,44,sh513230,513230,港股通消费ETF华夏,A,"{'is_start': '2023-01-02', 'is_end': '2025-12-31', 'oos_start': '2025-01-02', 'oos_end': '2026-09-01'}","{'ret_pct': 45.86117405710664, 'excess_pct': 23.237828690078977, 'sharpe': 0.9244030835575296, 'mdd_pct': 11.890980435171695, 'n_days': 727}","{'ret_pct': 0.5513068320123216, 'excess_pct': 1.5869800195842498, 'sharpe': 0.031734546154340904, 'mdd_pct': 8.083855960790686, 'n_days': 403}",40.909090909090914,0.4725137039937353,0.031734546154340904,1.5869800195842498,0.5513068320123216,635
买3/止4,0.03,0.04,yin_or_small_yang,100.0,2,sh563630,563630,A500增强ETF国联安,B,"{'is_start': '2025-07-01', 'is_end': '2025-12-31', 'oos_start': '2026-01-02', 'oos_end': '2026-09-01'}","{'ret_pct': 12.278313846963185, 'excess_pct': -10.698709130059813, 'sharpe': 1.7394603634466, 'mdd_pct': 6.304804986933443, 'n_days': 126}","{'ret_pct': -3.4649352400275335, 'excess_pct': -5.539955192142454, 'sharpe': -0.2578166465140083, 'mdd_pct': 14.504177665706253, 'n_days': 160}",100.0,0.4711824588880188,-0.2578166465140083,-5.539955192142454,-3.4649352400275335,636
买2/止3,0.02,0.03,yin_or_small_yang,37.5,8,sh510800,510800,上证50ETF建信,A,"{'is_start': '2023-01-02', 'is_end': '2025-12-31', 'oos_start': '2025-01-02', 'oos_end': '2026-09-01'}","{'ret_pct': 34.187118728052, 'excess_pct': 9.49252885021605, 'sharpe': 0.6898456115916206, 'mdd_pct': 17.094615088734876, 'n_days': 727}","{'ret_pct': 11.719635474199919, 'excess_pct': -5.237970510837499, 'sharpe': 0.5224806523542429, 'mdd_pct': 10.44221631847787, 'n_days': 403}",37.5,0.47071260767423645,0.5224806523542429,-5.237970510837499,11.719635474199919,637
买2/止2.5,0.02,0.025,yin_or_small_yang,50.0,10,sz159240,159240,A500增强ETF天弘,B,"{'is_start': '2025-06-17', 'is_end': '2025-12-31', 'oos_start': '2026-01-02', 'oos_end': '2026-09-01'}","{'ret_pct': 9.232404346006406, 'excess_pct': -15.091919978317913, 'sharpe': 1.522068933197304, 'mdd_pct': 5.9891740891289675, 'n_days': 136}","{'ret_pct': -0.74320865579246, 'excess_pct': -3.7471612249624253, 'sharpe': -0.06180588996450054, 'mdd_pct': 10.899370233837026, 'n_days': 159}",50.0,0.4705559906029757,-0.06180588996450054,-3.7471612249624253,-0.74320865579246,638
买3/止2.5,0.03,0.025,yin_or_small_yang,40.0,10,sh512950,512950,央企改革ETF华夏,A,"{'is_start': '2023-01-02', 'is_end': '2025-12-31', 'oos_start': '2025-01-02', 'oos_end': '2026-09-01'}","{'ret_pct': 23.345155673244577, 'excess_pct': -1.6335314537801366, 'sharpe': 0.8146371604594438, 'mdd_pct': 7.47136781255745, 'n_days': 727}","{'ret_pct': 5.714432990202667, 'excess_pct': -8.539130400645046, 'sharpe': 0.7588903450471085, 'mdd_pct': 4.179454894659019, 'n_days': 403}",40.0,0.46922474549725923,0.7588903450471085,-8.539130400645046,5.714432990202667,639
买2.5/止3.5,0.025,0.035,yin_or_small_yang,60.0,10,sz159635,159635,基建ETF华夏,A,"{'is_start': '2023-01-02', 'is_end': '2025-12-31', 'oos_start': '2025-01-02', 'oos_end': '2026-09-01'}","{'ret_pct': 40.90427965041101, 'excess_pct': 19.86306489986869, 'sharpe': 0.6676075190221351, 'mdd_pct': 16.651155305297127, 'n_days': 727}","{'ret_pct': -4.267292723200855, 'excess_pct': -4.167092322399246, 'sharpe': -0.16102735539197988, 'mdd_pct': 18.357085323714305, 'n_days': 403}",60.0,0.46898981989036803,-0.16102735539197988,-4.167092322399246,-4.267292723200855,640
买3/止2.5,0.03,0.025,yin_or_small_yang,60.0,10,sz159377,159377,创业板医药ETF国泰,B,"{'is_start': '2025-04-15', 'is_end': '2025-12-31', 'oos_start': '2026-01-02', 'oos_end': '2026-09-01'}","{'ret_pct': 17.20466048780802, 'excess_pct': 6.060381880842835, 'sharpe': 1.898891691663978, 'mdd_pct': 5.866275427591172, 'n_days': 177}","{'ret_pct': -10.69733273768395, 'excess_pct': 4.837472016136079, 'sharpe': -0.7115072172181796, 'mdd_pct': 17.74695591233666, 'n_days': 159}",60.0,0.46859827721221614,-0.7115072172181796,4.837472016136079,-10.69733273768395,641
买2/止3,0.02,0.03,yin_or_small_yang,35.18518518518518,54,sh516260,516260,物联网ETF华夏,A,"{'is_start': '2023-01-02', 'is_end': '2025-12-31', 'oos_start': '2025-01-02', 'oos_end': '2026-09-01'}","{'ret_pct': 111.79174349147374, 'excess_pct': 35.82052046989095, 'sharpe': 1.208712800883387, 'mdd_pct': 31.956747428717623, 'n_days': 727}","{'ret_pct': 45.638678001808984, 'excess_pct': -22.654004925020274, 'sharpe': 0.9780509432844992, 'mdd_pct': 23.543305104660273, 'n_days': 403}",35.18518518518518,0.46812842599843385,0.9780509432844992,-22.654004925020274,45.638678001808984,642
买3/止4,0.03,0.04,yin_or_small_yang,60.0,20,sh589100,589100,科创芯片ETF国泰,B,"{'is_start': '2025-04-07', 'is_end': '2025-12-31', 'oos_start': '2026-01-02', 'oos_end': '2026-09-01'}","{'ret_pct': 82.96056722486082, 'excess_pct': 14.385931983558933, 'sharpe': 3.9622861777834317, 'mdd_pct': 15.2512429185502, 'n_days': 183}","{'ret_pct': -33.52917657233685, 'excess_pct': 7.591128965537109, 'sharpe': -0.5663741643918299, 'mdd_pct': 63.897524110913054, 'n_days': 160}",60.0,0.4681284259984338,-0.5663741643918299,7.591128965537109,-33.52917657233685,643
买3/止4,0.03,0.04,yin_or_small_yang,35.294117647058826,17,sh512190,512190,浙商之江凤凰ETF,A,"{'is_start': '2023-01-02', 'is_end': '2025-12-31', 'oos_start': '2025-01-02', 'oos_end': '2026-09-01'}","{'ret_pct': 26.502765698952114, 'excess_pct': -23.64216183727974, 'sharpe': 0.4863953451709816, 'mdd_pct': 33.53743681609954, 'n_days': 712}","{'ret_pct': 33.86700417796271, 'excess_pct': -22.93299582203727, 'sharpe': 1.1297407604245326, 'mdd_pct': 10.840096675482258, 'n_days': 403}",35.294117647058826,0.4677368833202819,1.1297407604245326,-22.93299582203727,33.86700417796271,644
sym±2%,0.02,0.02,yin_or_small_yang,52.0,25,sh515760,515760,浙江国资ETF华夏,A,"{'is_start': '2023-01-02', 'is_end': '2025-12-31', 'oos_start': '2025-01-02', 'oos_end': '2026-09-01'}","{'ret_pct': 52.2053132394499, 'excess_pct': 19.061913429383416, 'sharpe': 1.1302188397501884, 'mdd_pct': 15.980484552330287, 'n_days': 727}","{'ret_pct': 3.6652492324746877, 'excess_pct': -14.837332523119118, 'sharpe': 0.2453799798492754, 'mdd_pct': 15.068313845976345, 'n_days': 403}",52.0,0.46742364917776036,0.2453799798492754,-14.837332523119118,3.6652492324746877,645
sym±2.5%仅阴,0.025,0.025,yin_only,44.230769230769226,52,sh588330,588330,双创50ETF华宝,A,"{'is_start': '2023-01-02', 'is_end': '2025-12-31', 'oos_start': '2025-01-02', 'oos_end': '2026-09-01'}","{'ret_pct': 165.98362177123803, 'excess_pct': 113.53264137908113, 'sharpe': 1.6847387487998826, 'mdd_pct': 12.159054025355731, 'n_days': 727}","{'ret_pct': 35.35537133324418, 'excess_pct': -63.38789617124414, 'sharpe': 0.8544011759949134, 'mdd_pct': 27.153761549211698, 'n_days': 403}",44.230769230769226,0.46687548942834767,0.8544011759949134,-63.38789617124414,35.35537133324418,646
sym±2.5%不限前日,0.025,0.025,any,48.484848484848484,33,sh562700,562700,汽车零部件ETF华夏,B,"{'is_start': '2025-01-02', 'is_end': '2025-12-31', 'oos_start': '2026-01-02', 'oos_end': '2026-09-01'}","{'ret_pct': 48.723749184040635, 'excess_pct': 0.5146494744568741, 'sharpe': 2.529780503975497, 'mdd_pct': 10.766308517855682, 'n_days': 243}","{'ret_pct': -7.524490888156244, 'excess_pct': 14.526791163125797, 'sharpe': -0.6616008747459914, 'mdd_pct': 16.90076932942458, 'n_days': 160}",48.484848484848484,0.46609240407204383,-0.6616008747459914,14.526791163125797,-7.524490888156244,647
买2.5/止3.5,0.025,0.035,yin_or_small_yang,34.54545454545455,55,sz159725,159725,线上消费ETF工银,A,"{'is_start': '2023-01-02', 'is_end': '2025-12-31', 'oos_start': '2025-01-02', 'oos_end': '2026-09-01'}","{'ret_pct': 36.82974654272901, 'excess_pct': -0.7998830869006213, 'sharpe': 0.39024835191247526, 'mdd_pct': 48.91410286726612, 'n_days': 727}","{'ret_pct': 5.849835083479382, 'excess_pct': 1.1581460754364947, 'sharpe': 0.12418305244160868, 'mdd_pct': 32.30054595434141, 'n_days': 403}",34.54545454545455,0.4657791699295223,0.12418305244160868,1.1581460754364947,5.849835083479382,648
买2/止3,0.02,0.03,yin_or_small_yang,57.14285714285714,56,sh588890,588890,科创芯片ETF南方,B,"{'is_start': '2025-01-02', 'is_end': '2025-12-31', 'oos_start': '2026-01-02', 'oos_end': '2026-09-01'}","{'ret_pct': 67.37269585428743, 'excess_pct': 0.19809267968425104, 'sharpe': 2.0407409257818885, 'mdd_pct': 18.863227404622407, 'n_days': 243}","{'ret_pct': -41.03130469215991, 'excess_pct': 9.929885006788233, 'sharpe': -0.618353572994573, 'mdd_pct': 67.80376730033046, 'n_days': 160}",57.14285714285714,0.46538762725137045,-0.618353572994573,9.929885006788233,-41.03130469215991,649
买2.5/止3.5,0.025,0.035,yin_or_small_yang,33.33333333333333,12,sz159653,159653,ESG300ETF国联安,B,"{'is_start': '2025-01-02', 'is_end': '2025-12-31', 'oos_start': '2026-01-02', 'oos_end': '2026-09-01'}","{'ret_pct': 17.551996252075174, 'excess_pct': -7.942280542930046, 'sharpe': 1.1726313274341682, 'mdd_pct': 10.307847672427982, 'n_days': 225}","{'ret_pct': 1.307208127182502, 'excess_pct': 3.844033004432912, 'sharpe': 0.15092617927718696, 'mdd_pct': 7.57481124119791, 'n_days': 159}",33.33333333333333,0.46523101018010965,0.15092617927718696,3.844033004432912,1.307208127182502,650
sym±2%,0.02,0.02,yin_or_small_yang,33.33333333333333,3,sz159355,159355,800红利低波ETF华宝,B,"{'is_start': '2025-01-02', 'is_end': '2025-12-31', 'oos_start': '2026-01-02', 'oos_end': '2026-09-01'}","{'ret_pct': 7.105241767744364, 'excess_pct': 5.237001846407097, 'sharpe': 1.4237342827536368, 'mdd_pct': 3.0184713051672807, 'n_days': 243}","{'ret_pct': 1.5790613743555282, 'excess_pct': 0.9040372663516427, 'sharpe': 0.3129935028771876, 'mdd_pct': 6.350262155592235, 'n_days': 160}",33.33333333333333,0.4647611589663273,0.3129935028771876,0.9040372663516427,1.5790613743555282,651
sym±2%,0.02,0.02,yin_or_small_yang,43.47826086956522,23,sz159981,159981,能源化工ETF建信,A,"{'is_start': '2023-01-02', 'is_end': '2025-12-31', 'oos_start': '2025-01-02', 'oos_end': '2026-09-01'}","{'ret_pct': 2.519840647386151, 'excess_pct': 19.022141765071886, 'sharpe': 0.056656294090812034, 'mdd_pct': 20.15497975037689, 'n_days': 727}","{'ret_pct': 6.206514463104318, 'excess_pct': -4.904596648006775, 'sharpe': 0.15120592403499136, 'mdd_pct': 28.27226658473454, 'n_days': 403}",43.47826086956522,0.4639780736100235,0.15120592403499136,-4.904596648006775,6.206514463104318,652
买2/止2.5,0.02,0.025,yin_or_small_yang,53.333333333333336,15,sh515020,515020,银行ETF华夏,A,"{'is_start': '2023-01-02', 'is_end': '2025-12-31', 'oos_start': '2025-01-02', 'oos_end': '2026-09-01'}","{'ret_pct': 38.10757751890947, 'excess_pct': -17.53686692553496, 'sharpe': 0.8439722725213114, 'mdd_pct': 19.39744998357189, 'n_days': 727}","{'ret_pct': 2.482434913843412, 'excess_pct': -13.313909733676166, 'sharpe': 0.13123459422804362, 'mdd_pct': 14.590083656507492, 'n_days': 403}",53.333333333333336,0.4631166797180893,0.13123459422804362,-13.313909733676166,2.482434913843412,653
买2/止3,0.02,0.03,yin_or_small_yang,66.66666666666666,9,sh515290,515290,银行ETF天弘,A,"{'is_start': '2023-01-02', 'is_end': '2025-12-31', 'oos_start': '2025-01-02', 'oos_end': '2026-09-01'}","{'ret_pct': 76.64892732729231, 'excess_pct': 22.5864273272923, 'sharpe': 1.427637156967932, 'mdd_pct': 13.650765632571083, 'n_days': 727}","{'ret_pct': 0.11420953789509358, 'excess_pct': -14.978669719070869, 'sharpe': 0.004764957390588265, 'mdd_pct': 27.401301611345165, 'n_days': 403}",66.66666666666666,0.46311667971808923,0.004764957390588265,-14.978669719070869,0.11420953789509358,654
sym±2.5%仅阴,0.025,0.025,yin_only,39.175257731958766,97,sz159869,159869,游戏ETF华夏,A,"{'is_start': '2023-01-02', 'is_end': '2025-12-31', 'oos_start': '2025-01-02', 'oos_end': '2026-09-01'}","{'ret_pct': 119.04813168402862, 'excess_pct': 34.66913040361892, 'sharpe': 1.024488373056027, 'mdd_pct': 37.952506393813024, 'n_days': 727}","{'ret_pct': 9.177080887833311, 'excess_pct': -3.7725593999364815, 'sharpe': 0.2338289898212989, 'mdd_pct': 33.6617034894383, 'n_days': 403}",39.175257731958766,0.4627251370399373,0.2338289898212989,-3.7725593999364815,9.177080887833311,655
sym±2%,0.02,0.02,yin_or_small_yang,35.294117647058826,17,sh560070,560070,央企红利ETF汇添富,B,"{'is_start': '2025-01-02', 'is_end': '2025-12-31', 'oos_start': '2026-01-02', 'oos_end': '2026-09-01'}","{'ret_pct': 8.203790738177808, 'excess_pct': 0.15335426873064506, 'sharpe': 1.015485890528873, 'mdd_pct': 6.584091475591169, 'n_days': 243}","{'ret_pct': 3.7474106356008674, 'excess_pct': -4.248995474012762, 'sharpe': 0.6911261122884577, 'mdd_pct': 4.58089128375182, 'n_days': 160}",35.294117647058826,0.4627251370399373,0.6911261122884577,-4.248995474012762,3.7474106356008674,656
买2.5/止3.5,0.025,0.035,yin_or_small_yang,50.0,16,sh512900,512900,证券ETF南方,A,"{'is_start': '2023-01-02', 'is_end': '2025-12-31', 'oos_start': '2025-01-02', 'oos_end': '2026-09-01'}","{'ret_pct': 73.70137725033685, 'excess_pct': 34.236883653130796, 'sharpe': 0.8575662581489859, 'mdd_pct': 26.019703913793755, 'n_days': 727}","{'ret_pct': -3.016121534324767, 'excess_pct': -2.8334731324982876, 'sharpe': -0.0853372464243809, 'mdd_pct': 27.3792209271429, 'n_days': 403}",50.0,0.46264682850430694,-0.0853372464243809,-2.8334731324982876,-3.016121534324767,657
买2/止3,0.02,0.03,yin_or_small_yang,50.0,6,sh513730,513730,东南亚科技ETF华泰柏瑞,B,"{'is_start': '2025-01-02', 'is_end': '2025-12-31', 'oos_start': '2026-01-02', 'oos_end': '2026-09-01'}","{'ret_pct': 34.1025394683079, 'excess_pct': 30.749335295431603, 'sharpe': 1.9491855683737354, 'mdd_pct': 7.937051788966254, 'n_days': 243}","{'ret_pct': -7.87334085864625, 'excess_pct': 10.372769466671992, 'sharpe': -0.7101446019871095, 'mdd_pct': 12.693010523582704, 'n_days': 160}",50.0,0.46217697729052465,-0.7101446019871095,10.372769466671992,-7.87334085864625,658
买3/止4,0.03,0.04,yin_or_small_yang,28.57142857142857,7,sz159621,159621,ESGETF国泰,A,"{'is_start': '2023-01-02', 'is_end': '2025-12-31', 'oos_start': '2025-01-02', 'oos_end': '2026-09-01'}","{'ret_pct': -2.5868676548974068, 'excess_pct': -24.23098836249368, 'sharpe': -0.06489116066466674, 'mdd_pct': 24.22793012054074, 'n_days': 724}","{'ret_pct': 14.694744434130325, 'excess_pct': -7.330307757936506, 'sharpe': 0.757288340800794, 'mdd_pct': 8.649000078830305, 'n_days': 401}",28.57142857142857,0.4620203602192639,0.757288340800794,-7.330307757936506,14.694744434130325,659
sym±2.5%仅阴,0.025,0.025,yin_only,46.34146341463415,41,sz159957,159957,创业板ETF华夏,A,"{'is_start': '2023-01-02', 'is_end': '2025-12-31', 'oos_start': '2025-01-02', 'oos_end': '2026-09-01'}","{'ret_pct': 96.15189758616445, 'excess_pct': 55.75055979352233, 'sharpe': 1.0599904207702, 'mdd_pct': 27.2097286792789, 'n_days': 727}","{'ret_pct': 27.452330031741834, 'excess_pct': -42.11288735956251, 'sharpe': 0.6805525893511852, 'mdd_pct': 21.520137272695838, 'n_days': 403}",46.34146341463415,0.46131558339859047,0.6805525893511852,-42.11288735956251,27.452330031741834,660
买3/止4,0.03,0.04,yin_or_small_yang,45.45454545454545,22,sz159778,159778,工业互联网ETF鹏华,A,"{'is_start': '2023-01-02', 'is_end': '2025-12-31', 'oos_start': '2025-01-02', 'oos_end': '2026-09-01'}","{'ret_pct': 72.93331683324031, 'excess_pct': 34.93588422733531, 'sharpe': 0.8863985066571408, 'mdd_pct': 32.06567221443498, 'n_days': 727}","{'ret_pct': 26.30929873606871, 'excess_pct': -29.70093144295942, 'sharpe': 0.5978434063578302, 'mdd_pct': 24.468078669588433, 'n_days': 403}",45.45454545454545,0.46045418950665623,0.5978434063578302,-29.70093144295942,26.30929873606871,661
买3/止4,0.03,0.04,yin_or_small_yang,66.66666666666666,9,sh517330,517330,长江保护ETF易方达,A,"{'is_start': '2023-01-02', 'is_end': '2025-12-31', 'oos_start': '2025-01-02', 'oos_end': '2026-09-01'}","{'ret_pct': 42.96725465392181, 'excess_pct': 22.067783754450907, 'sharpe': 0.9055679375004428, 'mdd_pct': 13.086319137041402, 'n_days': 723}","{'ret_pct': 6.340336656948642, 'excess_pct': -31.28342571928897, 'sharpe': 0.2193163794948674, 'mdd_pct': 18.14194175488194, 'n_days': 402}",66.66666666666666,0.4596711041503524,0.2193163794948674,-31.28342571928897,6.340336656948642,662
sym±2.5%仅阴,0.025,0.025,yin_only,50.0,14,sh560680,560680,消费ETF广发,A,"{'is_start': '2023-01-02', 'is_end': '2025-12-31', 'oos_start': '2025-01-02', 'oos_end': '2026-09-01'}","{'ret_pct': 19.482378726122818, 'excess_pct': 42.57296487177112, 'sharpe': 0.4152413781516977, 'mdd_pct': 20.335382912085965, 'n_days': 727}","{'ret_pct': -9.534915639190068, 'excess_pct': 6.634809131452144, 'sharpe': -0.5148479284423079, 'mdd_pct': 18.83140938558855, 'n_days': 403}",50.0,0.4594361785434612,-0.5148479284423079,6.634809131452144,-9.534915639190068,663
sym±2.5%,0.025,0.025,yin_or_small_yang,42.857142857142854,7,sz159269,159269,港股通科技ETF南方,B,"{'is_start': '2025-07-10', 'is_end': '2025-12-31', 'oos_start': '2026-01-02', 'oos_end': '2026-09-01'}","{'ret_pct': 10.65035766530238, 'excess_pct': 9.53812308491815, 'sharpe': 2.0718345010083503, 'mdd_pct': 3.2346690056948013, 'n_days': 119}","{'ret_pct': -3.9979253294375794, 'excess_pct': 13.807656961226511, 'sharpe': -0.38448634200728943, 'mdd_pct': 13.73172164667661, 'n_days': 160}",42.857142857142854,0.45927956147220045,-0.38448634200728943,13.807656961226511,-3.9979253294375794,664
买2.5/止3.5,0.025,0.035,yin_or_small_yang,57.692307692307686,26,sh588920,588920,科创芯片ETF鹏华,B,"{'is_start': '2025-07-28', 'is_end': '2025-12-31', 'oos_start': '2026-01-02', 'oos_end': '2026-09-01'}","{'ret_pct': 57.29587670594562, 'excess_pct': 12.584338244407185, 'sharpe': 4.764401765901186, 'mdd_pct': 15.101626100695697, 'n_days': 107}","{'ret_pct': -22.639904527297126, 'excess_pct': 4.378531582048076, 'sharpe': -0.445220800586906, 'mdd_pct': 56.34863051599669, 'n_days': 160}",57.692307692307686,0.4588880187940485,-0.445220800586906,4.378531582048076,-22.639904527297126,665
买3/止4,0.03,0.04,yin_or_small_yang,41.66666666666667,12,sh512260,512260,中证500低波动ETF华安,A,"{'is_start': '2023-01-02', 'is_end': '2025-12-31', 'oos_start': '2025-01-02', 'oos_end': '2026-09-01'}","{'ret_pct': 10.293462014790688, 'excess_pct': -18.2879009893818, 'sharpe': 0.19943523283666673, 'mdd_pct': 30.593040646914872, 'n_days': 727}","{'ret_pct': 13.160364185504815, 'excess_pct': -12.473988449498453, 'sharpe': 0.5701440854312265, 'mdd_pct': 14.718729033074363, 'n_days': 403}",41.66666666666667,0.4578700078308536,0.5701440854312265,-12.473988449498453,13.160364185504815,666
sym±3%,0.03,0.03,yin_or_small_yang,45.45454545454545,11,sh510190,510190,上证50ETF华安,A,"{'is_start': '2023-01-02', 'is_end': '2025-12-31', 'oos_start': '2025-01-02', 'oos_end': '2026-09-01'}","{'ret_pct': 25.651314452520158, 'excess_pct': -0.7788914971365912, 'sharpe': 0.6856589645966199, 'mdd_pct': 8.307158723108854, 'n_days': 721}","{'ret_pct': 5.595207626043752, 'excess_pct': -11.502958501248585, 'sharpe': 0.39952938533787935, 'mdd_pct': 10.241373996141723, 'n_days': 403}",45.45454545454545,0.4574001566170713,0.39952938533787935,-11.502958501248585,5.595207626043752,667
买2.5/止3.5,0.025,0.035,yin_or_small_yang,75.0,4,sh561930,561930,沪深300ETF招商,B,"{'is_start': '2025-01-02', 'is_end': '2025-12-31', 'oos_start': '2026-01-02', 'oos_end': '2026-09-01'}","{'ret_pct': 30.51200280632891, 'excess_pct': 4.204948864420199, 'sharpe': 2.9503728095098505, 'mdd_pct': 5.609159229762173, 'n_days': 243}","{'ret_pct': -3.3896023767810535, 'excess_pct': -5.328839610135927, 'sharpe': -0.35201468235362277, 'mdd_pct': 9.02412434528671, 'n_days': 160}",75.0,0.45732184808144083,-0.35201468235362277,-5.328839610135927,-3.3896023767810535,668
买2.5/止3.5,0.025,0.035,yin_or_small_yang,44.0,25,sz159505,159505,国证2000ETF博时,B,"{'is_start': '2025-01-02', 'is_end': '2025-12-31', 'oos_start': '2026-01-02', 'oos_end': '2026-09-01'}","{'ret_pct': 54.89560008769479, 'excess_pct': 5.710264038814962, 'sharpe': 3.1076086070489306, 'mdd_pct': 10.554778169894675, 'n_days': 242}","{'ret_pct': 3.2310067268876974, 'excess_pct': -5.325143005732613, 'sharpe': 0.1788000034249894, 'mdd_pct': 16.854310551782913, 'n_days': 160}",44.0,0.45685199686765854,0.1788000034249894,-5.325143005732613,3.2310067268876974,669
sym±2.5%仅阴,0.025,0.025,yin_only,41.17647058823529,85,sh516630,516630,云计算ETF华夏,A,"{'is_start': '2023-01-02', 'is_end': '2025-12-31', 'oos_start': '2025-01-02', 'oos_end': '2026-09-01'}","{'ret_pct': 155.719606337934, 'excess_pct': 59.19682456335367, 'sharpe': 1.5525713417256843, 'mdd_pct': 29.22137459289108, 'n_days': 727}","{'ret_pct': 33.66162914596564, 'excess_pct': -31.240331638348074, 'sharpe': 0.8350430836062395, 'mdd_pct': 33.27704695656317, 'n_days': 403}",41.17647058823529,0.4549725920125294,0.8350430836062395,-31.240331638348074,33.66162914596564,670
sym±2.5%仅阴,0.025,0.025,yin_only,35.294117647058826,17,sz159670,159670,消费50ETF国联安,B,"{'is_start': '2025-01-02', 'is_end': '2025-12-31', 'oos_start': '2026-01-02', 'oos_end': '2026-09-01'}","{'ret_pct': 4.25836572953453, 'excess_pct': 2.894252403196651, 'sharpe': 0.5213907572554849, 'mdd_pct': 6.09737063856961, 'n_days': 243}","{'ret_pct': -0.803779263244564, 'excess_pct': 9.636343561729854, 'sharpe': -0.09774233974978858, 'mdd_pct': 12.099946910174053, 'n_days': 160}",35.294117647058826,0.4542678151918559,-0.09774233974978858,9.636343561729854,-0.803779263244564,671
买3/止2.5,0.03,0.025,yin_or_small_yang,41.66666666666667,12,sh510990,510990,180ESGETF工银,A,"{'is_start': '2023-01-02', 'is_end': '2025-12-31', 'oos_start': '2025-01-02', 'oos_end': '2026-09-01'}","{'ret_pct': 41.947496547555055, 'excess_pct': 15.618994132096113, 'sharpe': 1.1782429474922946, 'mdd_pct': 10.538321356985215, 'n_days': 727}","{'ret_pct': 10.343937105529655, 'excess_pct': -11.90376931648871, 'sharpe': 0.5751067896974199, 'mdd_pct': 10.576228144529942, 'n_days': 403}",41.66666666666667,0.45395458104933434,0.5751067896974199,-11.90376931648871,10.343937105529655,672
sym±3%,0.03,0.03,yin_or_small_yang,46.93877551020408,49,sz159615,159615,恒生生物科技ETF南方,A,"{'is_start': '2023-01-02', 'is_end': '2025-12-31', 'oos_start': '2025-01-02', 'oos_end': '2026-09-01'}","{'ret_pct': 62.81891089783087, 'excess_pct': 58.120924320649635, 'sharpe': 0.7816874437852934, 'mdd_pct': 24.196165653682222, 'n_days': 727}","{'ret_pct': 26.26817772054435, 'excess_pct': -41.033875065379384, 'sharpe': 0.5655064335266999, 'mdd_pct': 37.35696184500325, 'n_days': 403}",46.93877551020408,0.4532498042286609,0.5655064335266999,-41.033875065379384,26.26817772054435,673
买2.5/止3.5,0.025,0.035,yin_or_small_yang,28.57142857142857,7,sh510600,510600,上证50ETF申万菱信,A,"{'is_start': '2023-01-02', 'is_end': '2025-12-31', 'oos_start': '2025-01-02', 'oos_end': '2026-09-01'}","{'ret_pct': 49.26807499993746, 'excess_pct': 25.983380805587885, 'sharpe': 1.0717436213599694, 'mdd_pct': 10.464193677993606, 'n_days': 727}","{'ret_pct': 12.233505951280165, 'excess_pct': -4.094852257675054, 'sharpe': 0.4753093258967237, 'mdd_pct': 13.90192207862504, 'n_days': 403}",28.57142857142857,0.4530148786217697,0.4753093258967237,-4.094852257675054,12.233505951280165,674
sym±3%,0.03,0.03,yin_or_small_yang,44.44444444444444,9,sh512990,512990,MSCIA股ETF华夏,A,"{'is_start': '2023-01-02', 'is_end': '2025-12-31', 'oos_start': '2025-01-02', 'oos_end': '2026-09-01'}","{'ret_pct': 21.028554748378237, 'excess_pct': -7.514880914587163, 'sharpe': 0.5603601987084694, 'mdd_pct': 12.782012787792596, 'n_days': 727}","{'ret_pct': 12.262585814293159, 'excess_pct': -19.19521469721579, 'sharpe': 0.6104174020260047, 'mdd_pct': 7.4095596910818795, 'n_days': 403}",44.44444444444444,0.45238841033672667,0.6104174020260047,-19.19521469721579,12.262585814293159,675
买2/止3,0.02,0.03,yin_or_small_yang,34.831460674157306,89,sh515050,515050,通信ETF华夏,A,"{'is_start': '2023-01-02', 'is_end': '2025-12-31', 'oos_start': '2025-01-02', 'oos_end': '2026-09-01'}","{'ret_pct': 241.56632763150512, 'excess_pct': 60.2313461729143, 'sharpe': 1.6952943616078124, 'mdd_pct': 34.18084122403078, 'n_days': 727}","{'ret_pct': 0.005600708387532016, 'excess_pct': 4.637753296943403, 'sharpe': 5.393044256084458e-05, 'mdd_pct': 68.55710263499621, 'n_days': 403}",34.831460674157306,0.45168363351605323,5.393044256084458e-05,4.637753296943403,0.005600708387532016,676
买3/止2.5,0.03,0.025,yin_or_small_yang,37.5,40,sz159586,159586,计算机ETF南方,B,"{'is_start': '2025-01-02', 'is_end': '2025-12-31', 'oos_start': '2026-01-02', 'oos_end': '2026-09-01'}","{'ret_pct': 28.600997324952317, 'excess_pct': 8.220562542343671, 'sharpe': 1.6866271316461767, 'mdd_pct': 17.448622584035267, 'n_days': 242}","{'ret_pct': -3.5971559479720527, 'excess_pct': 18.259569198226778, 'sharpe': -0.23585683460412643, 'mdd_pct': 27.252606448802208, 'n_days': 160}",37.5,0.4509788566953798,-0.23585683460412643,18.259569198226778,-3.5971559479720527,677
买2.5/止3.5,0.025,0.035,yin_or_small_yang,46.15384615384615,13,sz159208,159208,航空航天ETF万家,B,"{'is_start': '2025-05-12', 'is_end': '2025-12-31', 'oos_start': '2026-01-02', 'oos_end': '2026-09-01'}","{'ret_pct': 36.481929083808005, 'excess_pct': 5.705502516923076, 'sharpe': 2.8132347441878656, 'mdd_pct': 9.198893040084632, 'n_days': 161}","{'ret_pct': -11.111302826007197, 'excess_pct': 13.941625896646315, 'sharpe': -0.5345294145283103, 'mdd_pct': 33.57068004943581, 'n_days': 160}",46.15384615384615,0.45066562255285825,-0.5345294145283103,13.941625896646315,-11.111302826007197,678
买2/止2.5,0.02,0.025,yin_or_small_yang,58.82352941176471,34,sh588940,588940,科创50ETF富国,B,"{'is_start': '2025-06-03', 'is_end': '2025-12-31', 'oos_start': '2026-01-02', 'oos_end': '2026-09-01'}","{'ret_pct': 55.72395440047681, 'excess_pct': 18.037015218024166, 'sharpe': 3.7118487735280463, 'mdd_pct': 9.729777476212387, 'n_days': 146}","{'ret_pct': -33.66275437956303, 'excess_pct': 5.935026480353741, 'sharpe': -0.6498544754502357, 'mdd_pct': 55.08324958846798, 'n_days': 160}",58.82352941176471,0.45050900548159745,-0.6498544754502357,5.935026480353741,-33.66275437956303,679
sym±2%,0.02,0.02,yin_or_small_yang,37.17948717948718,156,sh516510,516510,云计算ETF易方达,A,"{'is_start': '2023-01-02', 'is_end': '2025-12-31', 'oos_start': '2025-01-02', 'oos_end': '2026-09-01'}","{'ret_pct': 137.4495532460985, 'excess_pct': 37.33121005083224, 'sharpe': 1.1685530266910487, 'mdd_pct': 37.362332023131486, 'n_days': 727}","{'ret_pct': 38.66407435607946, 'excess_pct': -25.119195605897723, 'sharpe': 0.8264536109660303, 'mdd_pct': 31.002888355419923, 'n_days': 403}",37.17948717948718,0.45027407987470636,0.8264536109660303,-25.119195605897723,38.66407435607946,680
sym±2.5%仅阴,0.025,0.025,yin_only,45.0,20,sh516810,516810,农业ETF华夏,A,"{'is_start': '2023-01-02', 'is_end': '2025-12-31', 'oos_start': '2025-01-02', 'oos_end': '2026-09-01'}","{'ret_pct': 41.35070270561971, 'excess_pct': 39.189838359881435, 'sharpe': 0.9809834926725232, 'mdd_pct': 15.249987901705818, 'n_days': 727}","{'ret_pct': 6.253248723310212, 'excess_pct': -11.527906291887358, 'sharpe': 0.3413522168875908, 'mdd_pct': 13.365216184762819, 'n_days': 403}",45.0,0.44972592012529367,0.3413522168875908,-11.527906291887358,6.253248723310212,681
sym±2%,0.02,0.02,yin_or_small_yang,50.0,10,sh512130,512130,全指现金流ETF鹏华,B,"{'is_start': '2025-07-01', 'is_end': '2025-12-31', 'oos_start': '2026-01-02', 'oos_end': '2026-09-01'}","{'ret_pct': 10.835266558022383, 'excess_pct': -10.346999451829841, 'sharpe': 1.8493803405377678, 'mdd_pct': 5.093174432690651, 'n_days': 126}","{'ret_pct': -3.98641056245016, 'excess_pct': 0.07203099599142293, 'sharpe': -0.40353002267086124, 'mdd_pct': 13.071557834843418, 'n_days': 160}",50.0,0.4490211433046202,-0.40353002267086124,0.07203099599142293,-3.98641056245016,682
sym±2.5%仅阴,0.025,0.025,yin_only,25.0,4,sz159101,159101,港股通科技ETF华夏,B,"{'is_start': '2025-09-03', 'is_end': '2025-12-31', 'oos_start': '2026-01-02', 'oos_end': '2026-09-01'}","{'ret_pct': -0.7253191009088056, 'excess_pct': 7.226967181397348, 'sharpe': -0.2891732927297208, 'mdd_pct': 3.619385690431387, 'n_days': 80}","{'ret_pct': -1.6059589322290457, 'excess_pct': 21.86870497676786, 'sharpe': -0.1627128742160176, 'mdd_pct': 15.473875187290698, 'n_days': 160}",25.0,0.4484729835552075,-0.1627128742160176,21.86870497676786,-1.6059589322290457,683
买2/止2.5,0.02,0.025,yin_or_small_yang,47.05882352941176,51,sz159555,159555,中证2000增强ETF银华,B,"{'is_start': '2025-01-02', 'is_end': '2025-12-31', 'oos_start': '2026-01-02', 'oos_end': '2026-09-01'}","{'ret_pct': 48.940648344168224, 'excess_pct': -2.9077804913215886, 'sharpe': 2.8291291365437576, 'mdd_pct': 9.296611293598689, 'n_days': 242}","{'ret_pct': 0.9195879493728354, 'excess_pct': -7.253488973704081, 'sharpe': 0.06014511698975828, 'mdd_pct': 21.50988698284503, 'n_days': 160}",47.05882352941176,0.4476115896632733,0.06014511698975828,-7.253488973704081,0.9195879493728354,684
sym±2%,0.02,0.02,yin_or_small_yang,43.47826086956522,23,sh561180,561180,A100ETF富国,A,"{'is_start': '2023-01-02', 'is_end': '2025-12-31', 'oos_start': '2025-01-02', 'oos_end': '2026-09-01'}","{'ret_pct': 37.8822117744301, 'excess_pct': 9.659555524430097, 'sharpe': 0.8303095930221218, 'mdd_pct': 17.471980864148772, 'n_days': 726}","{'ret_pct': 10.434475195661431, 'excess_pct': -16.644828479386884, 'sharpe': 0.5810706351802947, 'mdd_pct': 8.931183920233632, 'n_days': 402}",43.47826086956522,0.4474549725920125,0.5810706351802947,-16.644828479386884,10.434475195661431,685
sym±2.5%仅阴,0.025,0.025,yin_only,46.15384615384615,26,sh589090,589090,科创AIETF鹏华,B,"{'is_start': '2025-08-27', 'is_end': '2025-12-31', 'oos_start': '2026-01-02', 'oos_end': '2026-09-01'}","{'ret_pct': 9.590124361654407, 'excess_pct': 12.830865102395162, 'sharpe': 1.9229548431007994, 'mdd_pct': 5.34729562923456, 'n_days': 85}","{'ret_pct': -2.180248961212816, 'excess_pct': -1.266172178763092, 'sharpe': -0.11400989974714079, 'mdd_pct': 23.97593550379313, 'n_days': 160}",46.15384615384615,0.4472200469851214,-0.11400989974714079,-1.266172178763092,-2.180248961212816,686
买2/止2.5,0.02,0.025,yin_or_small_yang,54.285714285714285,35,sh589180,589180,科创新材料ETF汇添富,B,"{'is_start': '2025-06-16', 'is_end': '2025-12-31', 'oos_start': '2026-01-02', 'oos_end': '2026-09-01'}","{'ret_pct': 46.05775858992958, 'excess_pct': 2.3391656251054584, 'sharpe': 4.387100964507057, 'mdd_pct': 6.271324950448287, 'n_days': 137}","{'ret_pct': 2.9461662748104134, 'excess_pct': -16.985574339524035, 'sharpe': 0.10736568080033354, 'mdd_pct': 43.03066914186776, 'n_days': 160}",54.285714285714285,0.4469068128425998,0.10736568080033354,-16.985574339524035,2.9461662748104134,687
买2/止3,0.02,0.03,yin_or_small_yang,100.0,1,sz159941,159941,纳指ETF广发,A,"{'is_start': '2023-01-02', 'is_end': '2025-12-31', 'oos_start': '2025-01-02', 'oos_end': '2026-09-01'}","{'ret_pct': 41.85361253164799, 'excess_pct': -93.646387468352, 'sharpe': 1.233077125249507, 'mdd_pct': 6.854154691949665, 'n_days': 727}","{'ret_pct': 67.7678012022624, 'excess_pct': 35.103274717511205, 'sharpe': 1.7580296250457468, 'mdd_pct': 15.013862658556409, 'n_days': 403}",100.0,0.44682850430696963,1.7580296250457468,35.103274717511205,67.7678012022624,688
买3/止4,0.03,0.04,yin_or_small_yang,100.0,2,sz159699,159699,恒生消费ETF广发,B,"{'is_start': '2025-01-02', 'is_end': '2025-12-31', 'oos_start': '2026-01-02', 'oos_end': '2026-09-01'}","{'ret_pct': 3.609766017337024, 'excess_pct': -2.613409948328216, 'sharpe': 0.20144981427794484, 'mdd_pct': 13.386488738005209, 'n_days': 243}","{'ret_pct': -11.544178689831796, 'excess_pct': 0.6314700127630246, 'sharpe': -0.9106310483481315, 'mdd_pct': 23.291466097781854, 'n_days': 160}",100.0,0.4468285043069695,-0.9106310483481315,0.6314700127630246,-11.544178689831796,689
买2/止2.5,0.02,0.025,yin_or_small_yang,50.0,16,sz159925,159925,沪深300ETF南方,A,"{'is_start': '2023-01-02', 'is_end': '2025-12-31', 'oos_start': '2025-01-02', 'oos_end': '2026-09-01'}","{'ret_pct': 142.13612689237047, 'excess_pct': -1.6793867344639182, 'sharpe': 0.6159938193114045, 'mdd_pct': 13.58360848737492, 'n_days': 725}","{'ret_pct': 5.658963861602295, 'excess_pct': -18.435852496824378, 'sharpe': 0.2813376625149407, 'mdd_pct': 13.701033469943614, 'n_days': 403}",50.0,0.44596711041503523,0.2813376625149407,-18.435852496824378,5.658963861602295,690
买2/止2.5,0.02,0.025,yin_or_small_yang,58.333333333333336,12,sz159520,159520,消费龙头ETF工银,B,"{'is_start': '2025-01-02', 'is_end': '2025-12-31', 'oos_start': '2026-01-02', 'oos_end': '2026-09-01'}","{'ret_pct': 3.060901977515651, 'excess_pct': 1.615815272313359, 'sharpe': 0.26394066107226677, 'mdd_pct': 7.654939234480429, 'n_days': 243}","{'ret_pct': -8.65087948189065, 'excess_pct': 3.8844645331894583, 'sharpe': -0.946620075817215, 'mdd_pct': 17.49669765625853, 'n_days': 160}",58.333333333333336,0.44510571652310105,-0.946620075817215,3.8844645331894583,-8.65087948189065,691
买2.5/止3.5,0.025,0.035,yin_or_small_yang,56.81818181818182,44,sh561980,561980,半导体设备ETF招商,B,"{'is_start': '2025-01-02', 'is_end': '2025-12-31', 'oos_start': '2026-01-02', 'oos_end': '2026-09-01'}","{'ret_pct': 79.14619220111715, 'excess_pct': 8.602259146723867, 'sharpe': 2.535036505134948, 'mdd_pct': 15.981101767146267, 'n_days': 243}","{'ret_pct': -59.681678388506334, 'excess_pct': 7.851995554828555, 'sharpe': -0.7062926656349546, 'mdd_pct': 79.3544221704995, 'n_days': 160}",56.81818181818182,0.4449490994518402,-0.7062926656349546,7.851995554828555,-59.681678388506334,692
sym±3%,0.03,0.03,yin_or_small_yang,40.0,35,sz159908,159908,创业板ETF博时,A,"{'is_start': '2023-01-02', 'is_end': '2025-12-31', 'oos_start': '2025-01-02', 'oos_end': '2026-09-01'}","{'ret_pct': 41.56071977994937, 'excess_pct': 2.1710484184470644, 'sharpe': 0.4750069240993727, 'mdd_pct': 29.874379754313342, 'n_days': 727}","{'ret_pct': 34.31425113606848, 'excess_pct': -35.26469623235258, 'sharpe': 0.843345884556811, 'mdd_pct': 19.590757241302313, 'n_days': 403}",40.0,0.44447924823805796,0.843345884556811,-35.26469623235258,34.31425113606848,693
sym±2.5%仅阴,0.025,0.025,yin_only,61.53846153846154,13,sh520600,520600,港股通汽车ETF广发,B,"{'is_start': '2025-01-02', 'is_end': '2025-12-31', 'oos_start': '2026-01-02', 'oos_end': '2026-09-01'}","{'ret_pct': 39.65484217240003, 'excess_pct': 10.304737350597094, 'sharpe': 2.092041805793252, 'mdd_pct': 9.962343467814394, 'n_days': 243}","{'ret_pct': -13.242322905153737, 'excess_pct': 5.351048153860015, 'sharpe': -1.092939114428371, 'mdd_pct': 15.940000586626645, 'n_days': 160}",61.53846153846154,0.443461237274863,-1.092939114428371,5.351048153860015,-13.242322905153737,694
sym±2%,0.02,0.02,yin_or_small_yang,65.21739130434783,23,sh561570,561570,油气ETF华泰柏瑞,B,"{'is_start': '2025-01-02', 'is_end': '2025-12-31', 'oos_start': '2026-01-02', 'oos_end': '2026-09-01'}","{'ret_pct': 23.241291387734584, 'excess_pct': 4.658129170075441, 'sharpe': 2.221539794712626, 'mdd_pct': 5.13370494591795, 'n_days': 242}","{'ret_pct': 1.1523452677976387, 'excess_pct': -22.520413653003057, 'sharpe': 0.06723158940914059, 'mdd_pct': 25.941439769284923, 'n_days': 160}",65.21739130434783,0.4429130775254503,0.06723158940914059,-22.520413653003057,1.1523452677976387,695
sym±2.5%仅阴,0.025,0.025,yin_only,45.45454545454545,55,sz159516,159516,半导体设备ETF国泰,B,"{'is_start': '2025-01-02', 'is_end': '2025-12-31', 'oos_start': '2026-01-02', 'oos_end': '2026-09-01'}","{'ret_pct': 60.38313600742244, 'excess_pct': 0.3208953435220181, 'sharpe': 2.464269716217691, 'mdd_pct': 9.639107076808461, 'n_days': 243}","{'ret_pct': -26.297565801090293, 'excess_pct': 29.48225071267118, 'sharpe': -0.537623440952866, 'mdd_pct': 55.11277088642741, 'n_days': 160}",45.45454545454545,0.44259984338292874,-0.537623440952866,29.48225071267118,-26.297565801090293,696
sym±2.5%,0.025,0.025,yin_or_small_yang,40.0,20,sh589780,589780,科创200ETF富国,B,"{'is_start': '2025-09-26', 'is_end': '2025-12-31', 'oos_start': '2026-01-02', 'oos_end': '2026-09-01'}","{'ret_pct': 8.23740102263999, 'excess_pct': 4.9208181080671265, 'sharpe': 2.7663786292887362, 'mdd_pct': 2.9552262303991994, 'n_days': 63}","{'ret_pct': 7.5707521695475455, 'excess_pct': -8.455489629890131, 'sharpe': 0.4350104659078448, 'mdd_pct': 17.08066889449793, 'n_days': 160}",40.0,0.44212999216914645,0.4350104659078448,-8.455489629890131,7.5707521695475455,697
买2/止2.5,0.02,0.025,yin_or_small_yang,55.00000000000001,20,sz159931,159931,金融地产ETF汇添富,A,"{'is_start': '2023-01-02', 'is_end': '2025-12-31', 'oos_start': '2025-01-02', 'oos_end': '2026-09-01'}","{'ret_pct': 61.991551138947585, 'excess_pct': 23.24845721629567, 'sharpe': 1.1369814812617505, 'mdd_pct': 11.172594510063838, 'n_days': 727}","{'ret_pct': -1.8519250888073824, 'excess_pct': -8.84453452598759, 'sharpe': -0.09581457936508249, 'mdd_pct': 19.770672283264478, 'n_days': 403}",55.00000000000001,0.4417384494909945,-0.09581457936508249,-8.84453452598759,-1.8519250888073824,698
sym±2%,0.02,0.02,yin_or_small_yang,42.62295081967213,61,sh563050,563050,央企科技ETF易方达,B,"{'is_start': '2025-01-02', 'is_end': '2025-12-31', 'oos_start': '2026-01-02', 'oos_end': '2026-09-01'}","{'ret_pct': 29.525044701104484, 'excess_pct': 2.294453739343158, 'sharpe': 1.8862751282810046, 'mdd_pct': 5.67665036413727, 'n_days': 243}","{'ret_pct': 8.072509611435974, 'excess_pct': -12.390123840521293, 'sharpe': 0.47939501386162026, 'mdd_pct': 17.491613955218654, 'n_days': 160}",42.62295081967213,0.4417384494909945,0.47939501386162026,-12.390123840521293,8.072509611435974,699
买2/止3,0.02,0.03,yin_or_small_yang,42.857142857142854,7,sh530380,530380,上证380ETF易方达,B,"{'is_start': '2025-09-30', 'is_end': '2025-12-31', 'oos_start': '2026-01-02', 'oos_end': '2026-09-01'}","{'ret_pct': 3.7799105586751924, 'excess_pct': 3.9759889900477408, 'sharpe': 0.9283848438923659, 'mdd_pct': 7.636473071306115, 'n_days': 61}","{'ret_pct': 2.6783437520340847, 'excess_pct': -6.236384930136474, 'sharpe': 0.20348870704238478, 'mdd_pct': 13.566039039498602, 'n_days': 160}",42.857142857142854,0.4407987470634299,0.20348870704238478,-6.236384930136474,2.6783437520340847,700
买2/止3,0.02,0.03,yin_or_small_yang,37.5,8,sz159905,159905,红利ETF工银,A,"{'is_start': '2023-01-02', 'is_end': '2025-12-31', 'oos_start': '2025-01-02', 'oos_end': '2026-09-01'}","{'ret_pct': 11.92725863173374, 'excess_pct': 18.161024865499975, 'sharpe': 0.2386875446943343, 'mdd_pct': 20.054890624584488, 'n_days': 727}","{'ret_pct': 2.525646821483596, 'excess_pct': -1.1666608708240878, 'sharpe': 0.11089565250160867, 'mdd_pct': 15.714609011669644, 'n_days': 403}",37.5,0.44072043852779946,0.11089565250160867,-1.1666608708240878,2.525646821483596,701
sym±2%,0.02,0.02,yin_or_small_yang,43.44827586206896,145,sz159738,159738,云计算ETF华泰柏瑞,A,"{'is_start': '2023-01-02', 'is_end': '2025-12-31', 'oos_start': '2025-01-02', 'oos_end': '2026-09-01'}","{'ret_pct': 119.57606928234772, 'excess_pct': 0.4027053328643433, 'sharpe': 1.1318439585760742, 'mdd_pct': 36.4689272136286, 'n_days': 727}","{'ret_pct': 33.268055736749844, 'excess_pct': -67.89812502126769, 'sharpe': 0.7108525017992554, 'mdd_pct': 24.690077883444005, 'n_days': 403}",43.44827586206896,0.4402505873140172,0.7108525017992554,-67.89812502126769,33.268055736749844,702
sym±2.5%不限前日,0.025,0.025,any,0.0,2,sh560570,560570,A500红利ETF国联安,B,"{'is_start': '2025-09-18', 'is_end': '2025-12-31', 'oos_start': '2026-01-02', 'oos_end': '2026-09-01'}","{'ret_pct': 2.3140910016932636, 'excess_pct': -0.12493338855064096, 'sharpe': 1.015326758479358, 'mdd_pct': 5.243533681761736, 'n_days': 69}","{'ret_pct': 1.1938678689956905, 'excess_pct': 1.492078604582192, 'sharpe': 0.22923329072931686, 'mdd_pct': 4.488270674127692, 'n_days': 160}",0.0,0.440015661707126,0.22923329072931686,1.492078604582192,1.1938678689956905,703
sym±2%,0.02,0.02,yin_or_small_yang,47.5609756097561,82,sz159567,159567,港股创新药ETF银华,B,"{'is_start': '2025-01-02', 'is_end': '2025-12-31', 'oos_start': '2026-01-02', 'oos_end': '2026-09-01'}","{'ret_pct': 82.69962138421843, 'excess_pct': 102.95548492366406, 'sharpe': 2.7785284888110704, 'mdd_pct': 21.309895834439086, 'n_days': 243}","{'ret_pct': -7.262596726086523, 'excess_pct': 4.241828052674558, 'sharpe': -0.4613093700792084, 'mdd_pct': 20.738016259770376, 'n_days': 160}",47.5609756097561,0.43884103367267036,-0.4613093700792084,4.241828052674558,-7.262596726086523,704
买3/止4,0.03,0.04,yin_or_small_yang,37.142857142857146,35,sh510770,510770,G60创新ETF申万菱信,A,"{'is_start': '2023-01-02', 'is_end': '2025-12-31', 'oos_start': '2025-01-02', 'oos_end': '2026-09-01'}","{'ret_pct': 3.5320897186944533, 'excess_pct': 3.398399879122249, 'sharpe': 0.0476792159336121, 'mdd_pct': 45.270282897544256, 'n_days': 727}","{'ret_pct': 38.91468733567698, 'excess_pct': -29.217180796191137, 'sharpe': 0.8049838590109413, 'mdd_pct': 31.971549662475486, 'n_days': 403}",37.142857142857146,0.43868441660140955,0.8049838590109413,-29.217180796191137,38.91468733567698,705
sym±2.5%仅阴,0.025,0.025,yin_only,40.909090909090914,22,sh589120,589120,科创创新药ETF汇添富,B,"{'is_start': '2025-09-19', 'is_end': '2025-12-31', 'oos_start': '2026-01-02', 'oos_end': '2026-09-01'}","{'ret_pct': -10.070645900617603, 'excess_pct': 6.357925527953835, 'sharpe': -1.860046576354057, 'mdd_pct': 10.070645900617603, 'n_days': 68}","{'ret_pct': -1.954463456647737, 'excess_pct': 2.20738625433492, 'sharpe': -0.1050920106583986, 'mdd_pct': 17.63723625272976, 'n_days': 160}",40.909090909090914,0.4385277995301488,-0.1050920106583986,2.20738625433492,-1.954463456647737,706
sym±2%,0.02,0.02,yin_or_small_yang,46.666666666666664,30,sh512910,512910,A100ETF广发,A,"{'is_start': '2023-01-02', 'is_end': '2025-12-31', 'oos_start': '2025-01-02', 'oos_end': '2026-09-01'}","{'ret_pct': 19.895095307380785, 'excess_pct': 6.4079613233523975, 'sharpe': 0.4443805617903757, 'mdd_pct': 19.03980866075662, 'n_days': 727}","{'ret_pct': 9.037690252227293, 'excess_pct': -23.527440008293723, 'sharpe': 0.5036804836534722, 'mdd_pct': 10.106826302330173, 'n_days': 403}",46.666666666666664,0.4382928739232576,0.5036804836534722,-23.527440008293723,9.037690252227293,707
sym±2.5%,0.025,0.025,yin_or_small_yang,36.95652173913043,46,sz159731,159731,石化ETF华夏,A,"{'is_start': '2023-01-02', 'is_end': '2025-12-31', 'oos_start': '2025-01-02', 'oos_end': '2026-09-01'}","{'ret_pct': 19.319169430499873, 'excess_pct': -1.1532715143820482, 'sharpe': 0.5851676477006111, 'mdd_pct': 17.03649894425653, 'n_days': 726}","{'ret_pct': 24.680680413980348, 'excess_pct': -19.12462932053294, 'sharpe': 0.7533110844013763, 'mdd_pct': 20.353289888662463, 'n_days': 403}",36.95652173913043,0.43821456538762726,0.7533110844013763,-19.12462932053294,24.680680413980348,708
sym±2%,0.02,0.02,yin_or_small_yang,46.51162790697674,43,sz159961,159961,深100ETF方正富邦,A,"{'is_start': '2023-01-02', 'is_end': '2025-12-31', 'oos_start': '2025-01-02', 'oos_end': '2026-09-01'}","{'ret_pct': 62.29622929300089, 'excess_pct': 40.612261588271934, 'sharpe': 1.0773110613613839, 'mdd_pct': 25.93409283134389, 'n_days': 716}","{'ret_pct': 11.93823438302335, 'excess_pct': -25.390958163560477, 'sharpe': 0.4724276096765827, 'mdd_pct': 21.576447058780303, 'n_days': 403}",46.51162790697674,0.4376664056382146,0.4724276096765827,-25.390958163560477,11.93823438302335,709
买2.5/止3.5,0.025,0.035,yin_or_small_yang,44.44444444444444,27,sz159952,159952,创业板ETF广发,A,"{'is_start': '2023-01-02', 'is_end': '2025-12-31', 'oos_start': '2025-01-02', 'oos_end': '2026-09-01'}","{'ret_pct': 69.78751397856419, 'excess_pct': 29.643109646434233, 'sharpe': 0.7128892462708863, 'mdd_pct': 40.619520972514344, 'n_days': 725}","{'ret_pct': 28.43540735123744, 'excess_pct': -41.49976282704456, 'sharpe': 0.5870858044777668, 'mdd_pct': 30.94150427509267, 'n_days': 403}",44.44444444444444,0.4374314800313234,0.5870858044777668,-41.49976282704456,28.43540735123744,710
sym±2.5%,0.025,0.025,yin_or_small_yang,44.44444444444444,9,sh520720,520720,港股汽车ETF国泰,B,"{'is_start': '2025-09-25', 'is_end': '2025-12-31', 'oos_start': '2026-01-02', 'oos_end': '2026-09-01'}","{'ret_pct': 0.26459970247680875, 'excess_pct': 10.697670568618534, 'sharpe': 0.09022995403324097, 'mdd_pct': 5.3664682362178695, 'n_days': 64}","{'ret_pct': -6.527275380962405, 'excess_pct': 12.003426373423565, 'sharpe': -0.6224254563068929, 'mdd_pct': 11.926526871148424, 'n_days': 160}",44.44444444444444,0.4371182458888019,-0.6224254563068929,12.003426373423565,-6.527275380962405,711
买2/止3,0.02,0.03,yin_or_small_yang,50.0,42,sh588070,588070,科创成长ETF万家,B,"{'is_start': '2025-01-02', 'is_end': '2025-12-31', 'oos_start': '2026-01-02', 'oos_end': '2026-09-01'}","{'ret_pct': 53.54421960075073, 'excess_pct': -32.91866249531915, 'sharpe': 1.642212081679811, 'mdd_pct': 20.60098869355187, 'n_days': 243}","{'ret_pct': 6.7881465011767395, 'excess_pct': -21.521309086215787, 'sharpe': 0.24383545692333525, 'mdd_pct': 42.167103592286416, 'n_days': 160}",50.0,0.4361785434612373,0.24383545692333525,-21.521309086215787,6.7881465011767395,712
sym±2.5%仅阴,0.025,0.025,yin_only,45.45454545454545,66,sh513200,513200,港股通医药ETF易方达,A,"{'is_start': '2023-01-02', 'is_end': '2025-12-31', 'oos_start': '2025-01-02', 'oos_end': '2026-09-01'}","{'ret_pct': 58.03035626893791, 'excess_pct': 58.4168296988896, 'sharpe': 0.7991820003846546, 'mdd_pct': 19.00346568504775, 'n_days': 727}","{'ret_pct': 22.578378721699544, 'excess_pct': -38.26499477227636, 'sharpe': 0.5502900509338903, 'mdd_pct': 27.645354742772565, 'n_days': 403}",45.45454545454545,0.4361002349256069,0.5502900509338903,-38.26499477227636,22.578378721699544,713
买2.5/止3.5,0.025,0.035,yin_or_small_yang,36.84210526315789,57,sz159718,159718,港股医药ETF平安,A,"{'is_start': '2023-01-02', 'is_end': '2025-12-31', 'oos_start': '2025-01-02', 'oos_end': '2026-09-01'}","{'ret_pct': 47.61759581027742, 'excess_pct': 51.173151365832986, 'sharpe': 0.5543825997942943, 'mdd_pct': 30.42526022997476, 'n_days': 727}","{'ret_pct': 35.865938523142816, 'excess_pct': -22.687853363982427, 'sharpe': 0.7062599351329855, 'mdd_pct': 40.09041382615373, 'n_days': 403}",36.84210526315789,0.4345340642129992,0.7062599351329855,-22.687853363982427,35.865938523142816,714
sym±2%,0.02,0.02,yin_or_small_yang,50.0,8,sh512250,512250,A50ETF招商,B,"{'is_start': '2025-04-14', 'is_end': '2025-12-31', 'oos_start': '2026-01-02', 'oos_end': '2026-09-01'}","{'ret_pct': 12.826646123375983, 'excess_pct': -6.38904015113382, 'sharpe': 0.9961866697463128, 'mdd_pct': 10.163489533269232, 'n_days': 178}","{'ret_pct': -3.3769948952260265, 'excess_pct': -0.41225130548244726, 'sharpe': -0.5077848926282251, 'mdd_pct': 8.162572631511145, 'n_days': 160}",50.0,0.4339859044635865,-0.5077848926282251,-0.41225130548244726,-3.3769948952260265,715
sym±2.5%,0.025,0.025,yin_or_small_yang,38.46153846153847,52,sh588900,588900,科创100ETF南方,B,"{'is_start': '2025-01-02', 'is_end': '2025-12-31', 'oos_start': '2026-01-02', 'oos_end': '2026-09-01'}","{'ret_pct': 30.778184639580196, 'excess_pct': -30.95591940666258, 'sharpe': 1.3205245293877776, 'mdd_pct': 20.499992433986414, 'n_days': 243}","{'ret_pct': 13.64104071013028, 'excess_pct': -16.199347908884288, 'sharpe': 0.7302327039168058, 'mdd_pct': 18.611061380001605, 'n_days': 160}",38.46153846153847,0.43390759592795614,0.7302327039168058,-16.199347908884288,13.64104071013028,716
买2/止3,0.02,0.03,yin_or_small_yang,51.61290322580645,31,sz159248,159248,人工智能ETF万家,B,"{'is_start': '2025-07-24', 'is_end': '2025-12-31', 'oos_start': '2026-01-02', 'oos_end': '2026-09-01'}","{'ret_pct': 53.665155680313624, 'excess_pct': 4.612314204740308, 'sharpe': 5.261559796144379, 'mdd_pct': 9.949347053031566, 'n_days': 109}","{'ret_pct': 0.7214892649809901, 'excess_pct': -14.255915512294658, 'sharpe': 0.03332725130435529, 'mdd_pct': 25.80327103768244, 'n_days': 160}",51.61290322580645,0.43375097885669534,0.03332725130435529,-14.255915512294658,0.7214892649809901,717
买3/止4,0.03,0.04,yin_or_small_yang,39.130434782608695,23,sz159768,159768,房地产ETF银华,A,"{'is_start': '2023-01-02', 'is_end': '2025-12-31', 'oos_start': '2025-01-02', 'oos_end': '2026-09-01'}","{'ret_pct': -9.618293600861671, 'excess_pct': 26.56667749740423, 'sharpe': -0.129976456451242, 'mdd_pct': 47.54634571763711, 'n_days': 727}","{'ret_pct': -8.256515744762194, 'excess_pct': 14.76506698905077, 'sharpe': -0.2311731309855528, 'mdd_pct': 29.03738007335751, 'n_days': 403}",39.130434782608695,0.43328112764291304,-0.2311731309855528,14.76506698905077,-8.256515744762194,718
买2.5/止3.5,0.025,0.035,yin_or_small_yang,38.095238095238095,21,sh562660,562660,中证2000ETF华夏,B,"{'is_start': '2025-01-02', 'is_end': '2025-12-31', 'oos_start': '2026-01-02', 'oos_end': '2026-09-01'}","{'ret_pct': 21.605948935906483, 'excess_pct': -33.087191858317325, 'sharpe': 1.076399534769116, 'mdd_pct': 19.223744847584356, 'n_days': 243}","{'ret_pct': 4.632072567986989, 'excess_pct': -5.252984903277391, 'sharpe': 0.3225127489050909, 'mdd_pct': 23.750420557799778, 'n_days': 160}",38.095238095238095,0.4330462020360219,0.3225127489050909,-5.252984903277391,4.632072567986989,719
sym±2%,0.02,0.02,yin_or_small_yang,43.05555555555556,72,sh562300,562300,碳中和ETF银华,A,"{'is_start': '2023-01-02', 'is_end': '2025-12-31', 'oos_start': '2025-01-02', 'oos_end': '2026-09-01'}","{'ret_pct': 29.789017687243422, 'excess_pct': 33.65998542917892, 'sharpe': 0.5469923976162293, 'mdd_pct': 24.65086844617712, 'n_days': 727}","{'ret_pct': 6.276425233498051, 'excess_pct': -9.85832653955161, 'sharpe': 0.22719270567228142, 'mdd_pct': 21.62520186207161, 'n_days': 403}",43.05555555555556,0.43249804228660926,0.22719270567228142,-9.85832653955161,6.276425233498051,720
买2.5/止3.5,0.025,0.035,yin_or_small_yang,42.42424242424242,33,sz159858,159858,创新药ETF南方,A,"{'is_start': '2023-01-02', 'is_end': '2025-12-31', 'oos_start': '2025-01-02', 'oos_end': '2026-09-01'}","{'ret_pct': -4.089026126280293, 'excess_pct': 5.3630286682402435, 'sharpe': -0.06216898859450736, 'mdd_pct': 36.54956086471668, 'n_days': 727}","{'ret_pct': 14.328273843964734, 'excess_pct': -14.18954979581013, 'sharpe': 0.3212928116514311, 'mdd_pct': 32.069229983550215, 'n_days': 403}",42.42424242424242,0.43108848864526234,0.3212928116514311,-14.18954979581013,14.328273843964734,721
买3/止2.5,0.03,0.025,yin_or_small_yang,46.15384615384615,26,sz159730,159730,家电ETF博时,A,"{'is_start': '2023-01-02', 'is_end': '2025-12-31', 'oos_start': '2025-01-02', 'oos_end': '2026-09-01'}","{'ret_pct': 35.418453872338304, 'excess_pct': 2.045104532602423, 'sharpe': 0.7246897904349016, 'mdd_pct': 22.739359284919182, 'n_days': 727}","{'ret_pct': -0.6566347918243731, 'excess_pct': -4.924927474751206, 'sharpe': -0.04160806264099978, 'mdd_pct': 10.478124525209676, 'n_days': 402}",46.15384615384615,0.4308535630383712,-0.04160806264099978,-4.924927474751206,-0.6566347918243731,722
sym±3%,0.03,0.03,yin_or_small_yang,42.857142857142854,21,sh563300,563300,中证2000ETF华泰柏瑞,B,"{'is_start': '2025-01-02', 'is_end': '2025-12-31', 'oos_start': '2026-01-02', 'oos_end': '2026-09-01'}","{'ret_pct': 42.861160707094385, 'excess_pct': 6.470333189646695, 'sharpe': 2.526170889560462, 'mdd_pct': 6.9382175472001535, 'n_days': 243}","{'ret_pct': 0.3227225825229496, 'excess_pct': -4.2096515181964556, 'sharpe': 0.03074129974797413, 'mdd_pct': 16.937286940314156, 'n_days': 160}",42.857142857142854,0.4294440093970243,0.03074129974797413,-4.2096515181964556,0.3227225825229496,723
买2/止3,0.02,0.03,yin_or_small_yang,50.0,2,sh563580,563580,自由现金流800ETF万家,B,"{'is_start': '2025-07-25', 'is_end': '2025-12-31', 'oos_start': '2026-01-02', 'oos_end': '2026-09-01'}","{'ret_pct': 8.398415271888005, 'excess_pct': -6.057030272666442, 'sharpe': 1.7006210223693181, 'mdd_pct': 5.167511539103387, 'n_days': 108}","{'ret_pct': -3.7717505893979486, 'excess_pct': -2.3049688810286684, 'sharpe': -0.36541017693295313, 'mdd_pct': 21.83852995245631, 'n_days': 160}",50.0,0.42881754111198117,-0.36541017693295313,-2.3049688810286684,-3.7717505893979486,724
买3/止4,0.03,0.04,yin_or_small_yang,46.15384615384615,39,sh561310,561310,消电ETF国泰,A,"{'is_start': '2023-01-02', 'is_end': '2025-12-31', 'oos_start': '2025-01-02', 'oos_end': '2026-09-01'}","{'ret_pct': 64.53246941200686, 'excess_pct': -20.010117338781768, 'sharpe': 0.724265487871899, 'mdd_pct': 37.03947465912874, 'n_days': 727}","{'ret_pct': -7.062448384656294, 'excess_pct': -0.9743654831018906, 'sharpe': -0.09387434481217043, 'mdd_pct': 62.053003517538194, 'n_days': 403}",46.15384615384615,0.4287392325763509,-0.09387434481217043,-0.9743654831018906,-7.062448384656294,725
sym±3%,0.03,0.03,yin_or_small_yang,36.36363636363637,22,sh588240,588240,科创200ETF鹏华,B,"{'is_start': '2025-02-25', 'is_end': '2025-12-31', 'oos_start': '2026-01-02', 'oos_end': '2026-09-01'}","{'ret_pct': 53.821310366819205, 'excess_pct': 18.29372082180469, 'sharpe': 3.5327176567567533, 'mdd_pct': 8.848216547146205, 'n_days': 211}","{'ret_pct': 7.8927602261871455, 'excess_pct': -7.444241149328712, 'sharpe': 0.434946781356988, 'mdd_pct': 19.801927960373046, 'n_days': 160}",36.36363636363637,0.4285826155050901,0.434946781356988,-7.444241149328712,7.8927602261871455,726
sym±2%,0.02,0.02,yin_or_small_yang,42.857142857142854,35,sh563030,563030,中证500增强ETF易方达,B,"{'is_start': '2025-01-02', 'is_end': '2025-12-31', 'oos_start': '2026-01-02', 'oos_end': '2026-09-01'}","{'ret_pct': 43.03014317474221, 'excess_pct': 2.2777920775635323, 'sharpe': 3.517707084746118, 'mdd_pct': 7.695472963474536, 'n_days': 243}","{'ret_pct': 4.393069640347957, 'excess_pct': -12.54006989453578, 'sharpe': 0.4363902716439977, 'mdd_pct': 8.10343953876902, 'n_days': 160}",42.857142857142854,0.4281127642913078,0.4363902716439977,-12.54006989453578,4.393069640347957,727
买3/止4,0.03,0.04,yin_or_small_yang,38.46153846153847,39,sh516770,516770,游戏ETF华泰柏瑞,A,"{'is_start': '2023-01-02', 'is_end': '2025-12-31', 'oos_start': '2025-01-02', 'oos_end': '2026-09-01'}","{'ret_pct': 77.47399576965057, 'excess_pct': -12.47511364510774, 'sharpe': 0.5888374701813593, 'mdd_pct': 53.18285995813462, 'n_days': 727}","{'ret_pct': 8.716379819078735, 'excess_pct': -6.1941569602453, 'sharpe': 0.17167785271914324, 'mdd_pct': 34.11454362930208, 'n_days': 403}",38.46153846153847,0.4264682850430697,0.17167785271914324,-6.1941569602453,8.716379819078735,728
sym±3%,0.03,0.03,yin_or_small_yang,62.5,8,sh510710,510710,上证50ETF博时,A,"{'is_start': '2023-01-02', 'is_end': '2025-12-31', 'oos_start': '2025-01-02', 'oos_end': '2026-09-01'}","{'ret_pct': 34.091064306736584, 'excess_pct': 6.464145770727136, 'sharpe': 0.8066015714539897, 'mdd_pct': 11.27881875012796, 'n_days': 727}","{'ret_pct': -0.18982227733586043, 'excess_pct': -20.184291303884528, 'sharpe': -0.010869365276552094, 'mdd_pct': 14.751238575978187, 'n_days': 403}",62.5,0.42615505090054817,-0.010869365276552094,-20.184291303884528,-0.18982227733586043,729
sym±2%,0.02,0.02,yin_or_small_yang,42.1875,64,sh512000,512000,券商ETF华宝,A,"{'is_start': '2023-01-02', 'is_end': '2025-12-31', 'oos_start': '2025-01-02', 'oos_end': '2026-09-01'}","{'ret_pct': 42.25111309455782, 'excess_pct': 72.40792853484731, 'sharpe': 0.554524392451728, 'mdd_pct': 22.76457245618101, 'n_days': 727}","{'ret_pct': -16.474856344602706, 'excess_pct': 33.61966161380939, 'sharpe': -0.5438442896759312, 'mdd_pct': 30.266887251086672, 'n_days': 403}",42.1875,0.4256851996867659,-0.5438442896759312,33.61966161380939,-16.474856344602706,730
买2.5/止3.5,0.025,0.035,yin_or_small_yang,50.0,16,sz159841,159841,证券ETF天弘,A,"{'is_start': '2023-01-02', 'is_end': '2025-12-31', 'oos_start': '2025-01-02', 'oos_end': '2026-09-01'}","{'ret_pct': 58.28698161543691, 'excess_pct': 18.642763063975636, 'sharpe': 0.6953950905678027, 'mdd_pct': 23.91703821330109, 'n_days': 727}","{'ret_pct': -4.849547449805347, 'excess_pct': -4.451537499556579, 'sharpe': -0.13345850847217172, 'mdd_pct': 27.616972791006045, 'n_days': 403}",50.0,0.42529365700861393,-0.13345850847217172,-4.451537499556579,-4.849547449805347,731
买2/止2.5,0.02,0.025,yin_or_small_yang,42.857142857142854,14,sh513910,513910,港股通央企红利ETF华夏,B,"{'is_start': '2025-01-02', 'is_end': '2025-12-31', 'oos_start': '2026-01-02', 'oos_end': '2026-09-01'}","{'ret_pct': 11.325097094656922, 'excess_pct': -9.638942691112007, 'sharpe': 0.757773285528365, 'mdd_pct': 12.446594146867184, 'n_days': 243}","{'ret_pct': -1.0288833478614756, 'excess_pct': -0.6517620405076086, 'sharpe': -0.14928081753272235, 'mdd_pct': 9.654872371186574, 'n_days': 160}",42.857142857142854,0.42427564604541895,-0.14928081753272235,-0.6517620405076086,-1.0288833478614756,732
sym±2.5%仅阴,0.025,0.025,yin_only,47.05882352941176,17,sh512600,512600,消费ETF嘉实,A,"{'is_start': '2023-01-02', 'is_end': '2025-12-31', 'oos_start': '2025-01-02', 'oos_end': '2026-09-01'}","{'ret_pct': 4.262148674584876, 'excess_pct': 25.890055651329046, 'sharpe': 0.10827371621018893, 'mdd_pct': 20.01002786514774, 'n_days': 727}","{'ret_pct': -10.077633942611097, 'excess_pct': 5.386283583162111, 'sharpe': -0.5749304425520426, 'mdd_pct': 18.47669874016319, 'n_days': 403}",47.05882352941176,0.4239624119028974,-0.5749304425520426,5.386283583162111,-10.077633942611097,733
买2.5/止3.5,0.025,0.035,yin_or_small_yang,45.0,20,sh589980,589980,科创100ETF汇添富,B,"{'is_start': '2025-05-12', 'is_end': '2025-12-31', 'oos_start': '2026-01-02', 'oos_end': '2026-09-01'}","{'ret_pct': 40.95771170411518, 'excess_pct': -0.20112945472600785, 'sharpe': 2.6399007500187746, 'mdd_pct': 9.093403809100442, 'n_days': 161}","{'ret_pct': 8.56766362694923, 'excess_pct': -19.984248941356775, 'sharpe': 0.40648021943582296, 'mdd_pct': 31.58684178253912, 'n_days': 160}",45.0,0.42357086922474546,0.40648021943582296,-19.984248941356775,8.56766362694923,734
sym±2%,0.02,0.02,yin_or_small_yang,36.734693877551024,98,sh516360,516360,新材料ETF华宝,A,"{'is_start': '2023-01-02', 'is_end': '2025-12-31', 'oos_start': '2025-01-02', 'oos_end': '2026-09-01'}","{'ret_pct': 38.32242409670093, 'excess_pct': 39.47305171176369, 'sharpe': 0.5951813619117253, 'mdd_pct': 32.958864220251115, 'n_days': 727}","{'ret_pct': 28.540999096616048, 'excess_pct': -29.42561698836117, 'sharpe': 0.8158697413786091, 'mdd_pct': 9.88319323727297, 'n_days': 403}",36.734693877551024,0.4232576350822239,0.8158697413786091,-29.42561698836117,28.540999096616048,735
买3/止2.5,0.03,0.025,yin_or_small_yang,35.95505617977528,89,sh516100,516100,金融科技ETF华夏,A,"{'is_start': '2023-01-02', 'is_end': '2025-12-31', 'oos_start': '2025-01-02', 'oos_end': '2026-09-01'}","{'ret_pct': 73.81952096057363, 'excess_pct': 6.7536526971006055, 'sharpe': 0.7582192741075313, 'mdd_pct': 27.56145845826955, 'n_days': 727}","{'ret_pct': -1.4032660497981908, 'excess_pct': 2.0294349438784276, 'sharpe': -0.03512291976279529, 'mdd_pct': 27.56145845826955, 'n_days': 403}",35.95505617977528,0.42247454972592013,-0.03512291976279529,2.0294349438784276,-1.4032660497981908,736
买2/止3,0.02,0.03,yin_or_small_yang,52.63157894736842,19,sh517010,517010,沪港深500ETF易方达,A,"{'is_start': '2023-01-02', 'is_end': '2025-12-31', 'oos_start': '2025-01-02', 'oos_end': '2026-09-01'}","{'ret_pct': 61.69848297865035, 'excess_pct': 25.44398117793005, 'sharpe': 1.1141565278012016, 'mdd_pct': 16.607096948626154, 'n_days': 726}","{'ret_pct': 3.2411085347849644, 'excess_pct': -24.021334904129056, 'sharpe': 0.1261397264358671, 'mdd_pct': 20.73717351327542, 'n_days': 403}",52.63157894736842,0.4220830070477682,0.1261397264358671,-24.021334904129056,3.2411085347849644,737
买2.5/止3.5,0.025,0.035,yin_or_small_yang,50.0,2,sh563800,563800,A500ETF广发,B,"{'is_start': '2025-01-02', 'is_end': '2025-12-31', 'oos_start': '2026-01-02', 'oos_end': '2026-09-01'}","{'ret_pct': 25.565387792495997, 'excess_pct': -3.3620228250554653, 'sharpe': 1.782541763006176, 'mdd_pct': 10.354002681492492, 'n_days': 243}","{'ret_pct': -3.5645552811044867, 'excess_pct': -4.0579763337360575, 'sharpe': -0.2595016664690797, 'mdd_pct': 15.382694851416934, 'n_days': 160}",50.0,0.42192638997650744,-0.2595016664690797,-4.0579763337360575,-3.5645552811044867,738
买2.5/止3.5,0.025,0.035,yin_or_small_yang,50.0,12,sz159298,159298,创业板50ETF大成,B,"{'is_start': '2025-09-08', 'is_end': '2025-12-31', 'oos_start': '2026-01-02', 'oos_end': '2026-09-01'}","{'ret_pct': 9.626399823897614, 'excess_pct': -1.8163862457541526, 'sharpe': 1.384048792224484, 'mdd_pct': 12.210623335053706, 'n_days': 77}","{'ret_pct': -2.616185516030245, 'excess_pct': -6.703142037769383, 'sharpe': -0.1299727216374521, 'mdd_pct': 26.23147717710331, 'n_days': 160}",50.0,0.4215348472983555,-0.1299727216374521,-6.703142037769383,-2.616185516030245,739
买3/止4,0.03,0.04,yin_or_small_yang,25.0,12,sz159916,159916,基本面ETF建信,A,"{'is_start': '2023-01-02', 'is_end': '2025-12-31', 'oos_start': '2025-01-02', 'oos_end': '2026-09-01'}","{'ret_pct': 7.535207234339092, 'excess_pct': -5.850966257514733, 'sharpe': 0.14823546750413827, 'mdd_pct': 30.461052185807358, 'n_days': 725}","{'ret_pct': 7.2802127210571, 'excess_pct': -3.81897147817003, 'sharpe': 0.2944328701237529, 'mdd_pct': 10.93883960502141, 'n_days': 402}",25.0,0.42137823022709475,0.2944328701237529,-3.81897147817003,7.2802127210571,740
买3/止4,0.03,0.04,yin_or_small_yang,40.0,5,sh561900,561900,沪深300ESGETF招商,A,"{'is_start': '2023-01-02', 'is_end': '2025-12-31', 'oos_start': '2025-01-02', 'oos_end': '2026-09-01'}","{'ret_pct': 37.956642806362794, 'excess_pct': 13.244734995863425, 'sharpe': 0.7807246874950813, 'mdd_pct': 15.334451939307382, 'n_days': 727}","{'ret_pct': 8.640951695634014, 'excess_pct': -12.366419311736985, 'sharpe': 0.4278519360591591, 'mdd_pct': 11.329557644617882, 'n_days': 403}",40.0,0.42075176194205166,0.4278519360591591,-12.366419311736985,8.640951695634014,741
sym±3%,0.03,0.03,yin_or_small_yang,50.0,50,sh516880,516880,光伏ETF银华,A,"{'is_start': '2023-01-02', 'is_end': '2025-12-31', 'oos_start': '2025-01-02', 'oos_end': '2026-09-01'}","{'ret_pct': 22.84540435115896, 'excess_pct': 52.149752177245915, 'sharpe': 0.3085287554408524, 'mdd_pct': 35.496077246598745, 'n_days': 727}","{'ret_pct': 0.4947295260301354, 'excess_pct': -13.425270473969842, 'sharpe': 0.013862039296135886, 'mdd_pct': 30.2133367334142, 'n_days': 403}",50.0,0.42028191072826937,0.013862039296135886,-13.425270473969842,0.4947295260301354,742
买3/止2.5,0.03,0.025,yin_or_small_yang,41.0958904109589,73,sz159864,159864,光伏ETF国泰,A,"{'is_start': '2023-01-02', 'is_end': '2025-12-31', 'oos_start': '2025-01-02', 'oos_end': '2026-09-01'}","{'ret_pct': 10.882028557087109, 'excess_pct': 38.42832485338341, 'sharpe': 0.16539800614425232, 'mdd_pct': 31.737702717834793, 'n_days': 727}","{'ret_pct': 6.36429474389919, 'excess_pct': -8.825578673822342, 'sharpe': 0.19419306760795607, 'mdd_pct': 15.959226088295264, 'n_days': 403}",41.0958904109589,0.41902897415818324,0.19419306760795607,-8.825578673822342,6.36429474389919,743
买3/止4,0.03,0.04,yin_or_small_yang,70.0,10,sz159320,159320,电网设备ETF广发,B,"{'is_start': '2025-01-02', 'is_end': '2025-12-31', 'oos_start': '2026-01-02', 'oos_end': '2026-09-01'}","{'ret_pct': 71.68120586113275, 'excess_pct': -3.2659400162456933, 'sharpe': 3.228817766334555, 'mdd_pct': 11.961480192208073, 'n_days': 242}","{'ret_pct': -61.425514571318615, 'excess_pct': 1.8979275651799057, 'sharpe': -0.8827077945972822, 'mdd_pct': 73.30171891852085, 'n_days': 160}",70.0,0.4182458888018794,-0.8827077945972822,1.8979275651799057,-61.425514571318615,744
买3/止2.5,0.03,0.025,yin_or_small_yang,45.09803921568628,51,sh560980,560980,光伏龙头ETF广发,A,"{'is_start': '2023-01-02', 'is_end': '2025-12-31', 'oos_start': '2025-01-02', 'oos_end': '2026-09-01'}","{'ret_pct': 27.096451217564834, 'excess_pct': 51.43226418249574, 'sharpe': 0.4036472273381161, 'mdd_pct': 26.198641980105975, 'n_days': 727}","{'ret_pct': 11.211439787588674, 'excess_pct': -21.49689354574467, 'sharpe': 0.31725397573479736, 'mdd_pct': 26.789454582815964, 'n_days': 403}",45.09803921568628,0.41785434612372746,0.31725397573479736,-21.49689354574467,11.211439787588674,745
买2/止3,0.02,0.03,yin_or_small_yang,54.54545454545454,11,sh512820,512820,银行ETF汇添富,A,"{'is_start': '2023-01-02', 'is_end': '2025-12-31', 'oos_start': '2025-01-02', 'oos_end': '2026-09-01'}","{'ret_pct': 22.098735190242145, 'excess_pct': -9.806460798818929, 'sharpe': 0.46388287785881394, 'mdd_pct': 16.403187614200153, 'n_days': 727}","{'ret_pct': -0.9544704795756087, 'excess_pct': -14.825943833807585, 'sharpe': -0.04407115594010041, 'mdd_pct': 20.07625378600354, 'n_days': 403}",54.54545454545454,0.4173061863743148,-0.04407115594010041,-14.825943833807585,-0.9544704795756087,746
sym±3%,0.03,0.03,yin_or_small_yang,48.78048780487805,41,sh517850,517850,张江ETF汇添富,A,"{'is_start': '2023-01-02', 'is_end': '2025-12-31', 'oos_start': '2025-01-02', 'oos_end': '2026-09-01'}","{'ret_pct': 85.58454932279508, 'excess_pct': 61.8067715450173, 'sharpe': 1.0610080818360816, 'mdd_pct': 16.890542780783345, 'n_days': 727}","{'ret_pct': 14.2953262843315, 'excess_pct': -49.076029862690014, 'sharpe': 0.34020414476511646, 'mdd_pct': 27.999508828936513, 'n_days': 403}",48.78048780487805,0.4170712607674237,0.34020414476511646,-49.076029862690014,14.2953262843315,747
买2/止3,0.02,0.03,yin_or_small_yang,41.66666666666667,12,sh515160,515160,MSCI中国ETF招商,A,"{'is_start': '2023-01-02', 'is_end': '2025-12-31', 'oos_start': '2025-01-02', 'oos_end': '2026-09-01'}","{'ret_pct': 19.046575368495454, 'excess_pct': -8.072068699301127, 'sharpe': 0.40099743023874923, 'mdd_pct': 31.845543757061833, 'n_days': 727}","{'ret_pct': 11.607206296963568, 'excess_pct': -18.09890966808807, 'sharpe': 0.4684129272852601, 'mdd_pct': 16.62186322104785, 'n_days': 403}",41.66666666666667,0.41675802662490213,0.4684129272852601,-18.09890966808807,11.607206296963568,748
sym±3%,0.03,0.03,yin_or_small_yang,55.00000000000001,20,sz159372,159372,创业板50ETF万家,B,"{'is_start': '2025-06-09', 'is_end': '2025-12-31', 'oos_start': '2026-01-02', 'oos_end': '2026-09-01'}","{'ret_pct': 72.88441403232957, 'excess_pct': 6.2177473656628734, 'sharpe': 5.7137490148519205, 'mdd_pct': 8.49551328314675, 'n_days': 142}","{'ret_pct': -3.673551647445661, 'excess_pct': -7.876199891544678, 'sharpe': -0.25569715401507964, 'mdd_pct': 14.43496413205726, 'n_days': 160}",55.00000000000001,0.41566170712607675,-0.25569715401507964,-7.876199891544678,-3.673551647445661,749
买2/止3,0.02,0.03,yin_or_small_yang,60.0,5,sh530800,530800,上证180ETF银华,B,"{'is_start': '2025-01-27', 'is_end': '2025-12-31', 'oos_start': '2026-01-02', 'oos_end': '2026-09-01'}","{'ret_pct': 20.338447289008, 'excess_pct': -1.239974289413606, 'sharpe': 1.7613127801565795, 'mdd_pct': 5.56785086426288, 'n_days': 226}","{'ret_pct': -6.207803430650138, 'excess_pct': -4.109336925403972, 'sharpe': -0.6493558648992895, 'mdd_pct': 11.710682159654706, 'n_days': 160}",60.0,0.41566170712607675,-0.6493558648992895,-4.109336925403972,-6.207803430650138,750
买2.5/止3.5,0.025,0.035,yin_or_small_yang,80.0,5,sh513210,513210,恒生ETF易方达,B,"{'is_start': '2025-01-02', 'is_end': '2025-12-31', 'oos_start': '2026-01-02', 'oos_end': '2026-09-01'}","{'ret_pct': 27.13535499237998, 'excess_pct': 1.2302866094355167, 'sharpe': 1.3923828156894495, 'mdd_pct': 13.814230372477365, 'n_days': 243}","{'ret_pct': -9.30114576014277, 'excess_pct': -3.214189238403641, 'sharpe': -0.8398255480470154, 'mdd_pct': 19.019533521755182, 'n_days': 160}",80.0,0.41542678151918555,-0.8398255480470154,-3.214189238403641,-9.30114576014277,751
买2/止3,0.02,0.03,yin_or_small_yang,39.285714285714285,28,sh512630,512630,卫星ETF广发,B,"{'is_start': '2025-10-22', 'is_end': '2025-12-31', 'oos_start': '2026-01-02', 'oos_end': '2026-09-01'}","{'ret_pct': 41.6398700474176, 'excess_pct': -6.413408641107026, 'sharpe': 16.74628686050495, 'mdd_pct': 7.886534697623116, 'n_days': 51}","{'ret_pct': -10.29907190278867, 'excess_pct': 14.985971692114086, 'sharpe': -0.35941995505471425, 'mdd_pct': 37.588612512899324, 'n_days': 160}",39.285714285714285,0.41527016444792475,-0.35941995505471425,14.985971692114086,-10.29907190278867,752
买2/止2.5,0.02,0.025,yin_or_small_yang,53.333333333333336,30,sz159387,159387,创业板新能源ETF国泰,B,"{'is_start': '2025-06-10', 'is_end': '2025-12-31', 'oos_start': '2026-01-02', 'oos_end': '2026-09-01'}","{'ret_pct': 77.857939094704, 'excess_pct': 15.533289796106772, 'sharpe': 6.386032204779667, 'mdd_pct': 9.45952128508466, 'n_days': 141}","{'ret_pct': -48.10850088947672, 'excess_pct': 8.175323524233434, 'sharpe': -0.9499378193720602, 'mdd_pct': 52.36406150120294, 'n_days': 160}",53.333333333333336,0.41464369616288177,-0.9499378193720602,8.175323524233434,-48.10850088947672,753
sym±2%,0.02,0.02,yin_or_small_yang,26.38888888888889,72,sh516790,516790,医疗ETF华泰柏瑞,A,"{'is_start': '2023-01-02', 'is_end': '2025-12-31', 'oos_start': '2025-01-02', 'oos_end': '2026-09-01'}","{'ret_pct': -7.1085073206286875, 'excess_pct': 18.34368906180027, 'sharpe': -0.1322956555027595, 'mdd_pct': 30.74310952840953, 'n_days': 727}","{'ret_pct': -1.4285651986399306, 'excess_pct': 4.7308550912151475, 'sharpe': -0.05917564292668402, 'mdd_pct': 22.83773604031383, 'n_days': 403}",26.38888888888889,0.4146436961628817,-0.05917564292668402,4.7308550912151475,-1.4285651986399306,754
sym±2%,0.02,0.02,yin_or_small_yang,43.373493975903614,83,sz159847,159847,医疗ETF易方达,A,"{'is_start': '2023-01-02', 'is_end': '2025-12-31', 'oos_start': '2025-01-02', 'oos_end': '2026-09-01'}","{'ret_pct': 3.849689293058556, 'excess_pct': 33.797149888505125, 'sharpe': 0.06733334723197189, 'mdd_pct': 34.168715660981505, 'n_days': 727}","{'ret_pct': 1.7221898273690472, 'excess_pct': -7.981314215757629, 'sharpe': 0.05775610358909672, 'mdd_pct': 17.857998274054154, 'n_days': 403}",43.373493975903614,0.4140172278778387,0.05775610358909672,-7.981314215757629,1.7221898273690472,755
sym±2%,0.02,0.02,yin_or_small_yang,39.83050847457627,118,sh517110,517110,创新药ETF国泰,A,"{'is_start': '2023-01-02', 'is_end': '2025-12-31', 'oos_start': '2025-01-02', 'oos_end': '2026-09-01'}","{'ret_pct': 62.72137342233499, 'excess_pct': 61.72564084765506, 'sharpe': 0.854282954265123, 'mdd_pct': 18.910772903918428, 'n_days': 727}","{'ret_pct': 27.220303283075054, 'excess_pct': -30.9285900770859, 'sharpe': 0.6414395538894134, 'mdd_pct': 19.751598125954438, 'n_days': 403}",39.83050847457627,0.4135473766640564,0.6414395538894134,-30.9285900770859,27.220303283075054,756
sym±2%,0.02,0.02,yin_or_small_yang,0.0,2,sh563690,563690,红利低波ETF永赢,B,"{'is_start': '2025-10-10', 'is_end': '2025-12-31', 'oos_start': '2026-01-02', 'oos_end': '2026-09-01'}","{'ret_pct': -1.2032168797696086, 'excess_pct': -2.992481293288507, 'sharpe': -0.6578080372566087, 'mdd_pct': 6.377954984418621, 'n_days': 59}","{'ret_pct': 0.7527741948917255, 'excess_pct': 0.06784268804240767, 'sharpe': 0.11174793958047616, 'mdd_pct': 8.768181353985016, 'n_days': 160}",0.0,0.41331245105716524,0.11174793958047616,0.06784268804240767,0.7527741948917255,757
买2/止3,0.02,0.03,yin_or_small_yang,23.076923076923077,13,sh515390,515390,沪深300ETF华安,A,"{'is_start': '2023-01-02', 'is_end': '2025-12-31', 'oos_start': '2025-01-02', 'oos_end': '2026-09-01'}","{'ret_pct': 27.551221214453705, 'excess_pct': -0.20543277794173775, 'sharpe': 0.5665100898552792, 'mdd_pct': 15.861825383024042, 'n_days': 727}","{'ret_pct': 15.019770876629511, 'excess_pct': -11.388354700471126, 'sharpe': 0.5810409282184581, 'mdd_pct': 14.495214462055516, 'n_days': 403}",23.076923076923077,0.41323414252153484,0.5810409282184581,-11.388354700471126,15.019770876629511,758
sym±3%,0.03,0.03,yin_or_small_yang,40.0,15,sz159378,159378,通用航空ETF永赢,B,"{'is_start': '2025-01-10', 'is_end': '2025-12-31', 'oos_start': '2026-01-02', 'oos_end': '2026-09-01'}","{'ret_pct': 45.644634757132785, 'excess_pct': 4.911437201124656, 'sharpe': 2.465635483716035, 'mdd_pct': 8.469046446797435, 'n_days': 237}","{'ret_pct': -9.293675094628862, 'excess_pct': 17.220936452056826, 'sharpe': -0.5415901099048895, 'mdd_pct': 28.254638088191232, 'n_days': 160}",40.0,0.4130775254502741,-0.5415901099048895,17.220936452056826,-9.293675094628862,759
买2/止2.5,0.02,0.025,yin_or_small_yang,60.0,20,sz159509,159509,纳指科技ETF景顺,B,"{'is_start': '2025-01-02', 'is_end': '2025-12-31', 'oos_start': '2026-01-02', 'oos_end': '2026-09-01'}","{'ret_pct': 66.28471736988413, 'excess_pct': 25.966089918903755, 'sharpe': 2.8797005026317324, 'mdd_pct': 10.974703435296151, 'n_days': 243}","{'ret_pct': -0.6386492923593279, 'excess_pct': -21.22059195389119, 'sharpe': -0.03855217164279414, 'mdd_pct': 17.339214206510476, 'n_days': 160}",60.0,0.4125293657008614,-0.03855217164279414,-21.22059195389119,-0.6386492923593279,760
买3/止2.5,0.03,0.025,yin_or_small_yang,50.0,14,sh515810,515810,中证800ETF易方达,A,"{'is_start': '2023-01-02', 'is_end': '2025-12-31', 'oos_start': '2025-01-02', 'oos_end': '2026-09-01'}","{'ret_pct': 43.962401276141506, 'excess_pct': 6.325270474453724, 'sharpe': 0.989354141804167, 'mdd_pct': 16.545321100837384, 'n_days': 727}","{'ret_pct': 5.954015503750276, 'excess_pct': -32.347266547531795, 'sharpe': 0.2955727818869411, 'mdd_pct': 16.545321100837384, 'n_days': 403}",50.0,0.4119812059514487,0.2955727818869411,-32.347266547531795,5.954015503750276,761
sym±3%,0.03,0.03,yin_or_small_yang,41.37931034482759,29,sh516320,516320,高端装备ETF华夏,A,"{'is_start': '2023-01-02', 'is_end': '2025-12-31', 'oos_start': '2025-01-02', 'oos_end': '2026-09-01'}","{'ret_pct': 18.16939822946577, 'excess_pct': 7.87366986144826, 'sharpe': 0.3026205697208015, 'mdd_pct': 34.86291809442653, 'n_days': 727}","{'ret_pct': 11.349904585673464, 'excess_pct': -15.785081640221875, 'sharpe': 0.35573994822693594, 'mdd_pct': 26.35084867841908, 'n_days': 403}",41.37931034482759,0.41190289741581837,0.35573994822693594,-15.785081640221875,11.349904585673464,762
买2.5/止3.5,0.025,0.035,yin_or_small_yang,41.66666666666667,48,sz159892,159892,恒生医药ETF华夏,A,"{'is_start': '2023-01-02', 'is_end': '2025-12-31', 'oos_start': '2025-01-02', 'oos_end': '2026-09-01'}","{'ret_pct': 49.517362314284966, 'excess_pct': 42.606219860124185, 'sharpe': 0.5466751987278247, 'mdd_pct': 30.73061712108105, 'n_days': 727}","{'ret_pct': 29.66989196997758, 'excess_pct': -38.61763445708374, 'sharpe': 0.5541985473935646, 'mdd_pct': 39.07378025488663, 'n_days': 403}",41.66666666666667,0.4119028974158183,0.5541985473935646,-38.61763445708374,29.66989196997758,763
买3/止4,0.03,0.04,yin_or_small_yang,54.54545454545454,11,sz159368,159368,创业板新能源ETF华夏,B,"{'is_start': '2025-03-24', 'is_end': '2025-12-31', 'oos_start': '2026-01-02', 'oos_end': '2026-09-01'}","{'ret_pct': 85.90684336688643, 'excess_pct': 36.06037458490077, 'sharpe': 4.7696041091911665, 'mdd_pct': 6.506447242746994, 'n_days': 192}","{'ret_pct': -49.7246877141221, 'excess_pct': 6.496203836110766, 'sharpe': -0.9751417006283631, 'mdd_pct': 55.672580237910395, 'n_days': 160}",54.54545454545454,0.4113547376664056,-0.9751417006283631,6.496203836110766,-49.7246877141221,764
买2/止3,0.02,0.03,yin_or_small_yang,36.666666666666664,30,sh588230,588230,科创200ETF华泰柏瑞,B,"{'is_start': '2025-01-02', 'is_end': '2025-12-31', 'oos_start': '2026-01-02', 'oos_end': '2026-09-01'}","{'ret_pct': 49.44907446756943, 'excess_pct': -15.161315142820172, 'sharpe': 1.9164491160609283, 'mdd_pct': 23.79613360159314, 'n_days': 243}","{'ret_pct': 6.8719331502156145, 'excess_pct': -7.828382307197646, 'sharpe': 0.3009446073158982, 'mdd_pct': 25.991085973364882, 'n_days': 160}",36.666666666666664,0.4111981205951449,0.3009446073158982,-7.828382307197646,6.8719331502156145,765
sym±2.5%仅阴,0.025,0.025,yin_only,45.16129032258064,31,sh562510,562510,旅游ETF华夏,A,"{'is_start': '2023-01-02', 'is_end': '2025-12-31', 'oos_start': '2025-01-02', 'oos_end': '2026-09-01'}","{'ret_pct': 23.080678527126807, 'excess_pct': 49.50087690404293, 'sharpe': 0.6290902025709828, 'mdd_pct': 15.983551093375226, 'n_days': 727}","{'ret_pct': -11.851445720734944, 'excess_pct': 6.7301145629530055, 'sharpe': -0.5810648288712731, 'mdd_pct': 25.501292540741694, 'n_days': 403}",45.16129032258064,0.4107282693813626,-0.5810648288712731,6.7301145629530055,-11.851445720734944,766
sym±3%,0.03,0.03,yin_or_small_yang,60.0,5,sh510360,510360,沪深300ETF广发,A,"{'is_start': '2023-01-02', 'is_end': '2025-12-31', 'oos_start': '2025-01-02', 'oos_end': '2026-09-01'}","{'ret_pct': 31.191783569964638, 'excess_pct': 3.7479023244903154, 'sharpe': 0.7711770040703303, 'mdd_pct': 11.908439512886904, 'n_days': 727}","{'ret_pct': 0.0, 'excess_pct': -26.03800140745951, 'sharpe': 0.0, 'mdd_pct': 0.0, 'n_days': 403}",60.0,0.4106891151135474,0.0,-26.03800140745951,0.0,767
sym±3%,0.03,0.03,yin_or_small_yang,53.191489361702125,47,sh562820,562820,集成电路ETF嘉实,B,"{'is_start': '2025-01-02', 'is_end': '2025-12-31', 'oos_start': '2026-01-02', 'oos_end': '2026-09-01'}","{'ret_pct': 62.969241249957754, 'excess_pct': 12.570834875455787, 'sharpe': 2.2468710950520157, 'mdd_pct': 11.872574733769648, 'n_days': 243}","{'ret_pct': -53.391843296881135, 'excess_pct': 4.648037908040379, 'sharpe': -0.7692521414253902, 'mdd_pct': 73.67309089033387, 'n_days': 160}",53.191489361702125,0.41018010963194984,-0.7692521414253902,4.648037908040379,-53.391843296881135,768
sym±2.5%仅阴,0.025,0.025,yin_only,50.0,10,sz159203,159203,大盘成长ETF博时,B,"{'is_start': '2025-06-30', 'is_end': '2025-12-31', 'oos_start': '2026-01-02', 'oos_end': '2026-09-01'}","{'ret_pct': 7.603371880572807, 'excess_pct': -24.111196999506475, 'sharpe': 1.273103880035633, 'mdd_pct': 3.8502484582009555, 'n_days': 127}","{'ret_pct': -4.470254797594764, 'excess_pct': -3.4468629847292713, 'sharpe': -0.4286110248712433, 'mdd_pct': 11.3280742096323, 'n_days': 159}",50.0,0.4094753328112764,-0.4286110248712433,-3.4468629847292713,-4.470254797594764,769
sym±2%,0.02,0.02,yin_or_small_yang,50.0,12,sh512080,512080,A500ETF中金,B,"{'is_start': '2025-01-21', 'is_end': '2025-12-31', 'oos_start': '2026-01-02', 'oos_end': '2026-09-01'}","{'ret_pct': 33.72109977016642, 'excess_pct': 6.602455702369813, 'sharpe': 3.349603410902761, 'mdd_pct': 4.710317929736252, 'n_days': 230}","{'ret_pct': -3.8417070236513418, 'excess_pct': -4.148926685709697, 'sharpe': -0.3535748838721813, 'mdd_pct': 12.365051662580706, 'n_days': 160}",50.0,0.4090837901331245,-0.3535748838721813,-4.148926685709697,-3.8417070236513418,770
sym±2.5%,0.025,0.025,yin_or_small_yang,50.0,12,sz159985,159985,豆粕ETF华夏,A,"{'is_start': '2023-01-02', 'is_end': '2025-12-31', 'oos_start': '2025-01-02', 'oos_end': '2026-09-01'}","{'ret_pct': 10.842873767396632, 'excess_pct': 14.118308010572811, 'sharpe': 0.25723555368746365, 'mdd_pct': 14.689786982251984, 'n_days': 727}","{'ret_pct': 3.152644227522816, 'excess_pct': -22.105367722504354, 'sharpe': 0.12540654045432678, 'mdd_pct': 14.541535790195148, 'n_days': 403}",50.0,0.40877055599060297,0.12540654045432678,-22.105367722504354,3.152644227522816,771
买3/止2.5,0.03,0.025,yin_or_small_yang,46.34146341463415,41,sz159761,159761,新材料ETF国泰,A,"{'is_start': '2023-01-02', 'is_end': '2025-12-31', 'oos_start': '2025-01-02', 'oos_end': '2026-09-01'}","{'ret_pct': 40.20241179595692, 'excess_pct': 34.37999549319129, 'sharpe': 0.7363953923417483, 'mdd_pct': 27.88396642726152, 'n_days': 727}","{'ret_pct': 12.840288040492576, 'excess_pct': -52.39488578363831, 'sharpe': 0.4519488344520805, 'mdd_pct': 20.29978915366413, 'n_days': 403}",46.34146341463415,0.40877055599060297,0.4519488344520805,-52.39488578363831,12.840288040492576,772
sym±2%,0.02,0.02,yin_or_small_yang,36.496350364963504,137,sz159757,159757,电池ETF景顺,A,"{'is_start': '2023-01-02', 'is_end': '2025-12-31', 'oos_start': '2025-01-02', 'oos_end': '2026-09-01'}","{'ret_pct': 23.87071926999864, 'excess_pct': 0.9540526033319665, 'sharpe': 0.34159224944649597, 'mdd_pct': 36.15931595493846, 'n_days': 727}","{'ret_pct': 24.904450656755152, 'excess_pct': -25.095549343244848, 'sharpe': 0.6459422054190876, 'mdd_pct': 20.75325019209676, 'n_days': 403}",36.496350364963504,0.40853563038371177,0.6459422054190876,-25.095549343244848,24.904450656755152,773
买3/止4,0.03,0.04,yin_or_small_yang,58.333333333333336,12,sz159369,159369,创业板50ETF易方达,B,"{'is_start': '2025-08-21', 'is_end': '2025-12-31', 'oos_start': '2026-01-02', 'oos_end': '2026-09-01'}","{'ret_pct': 25.679888358924785, 'excess_pct': -2.367683494395358, 'sharpe': 3.386446623533156, 'mdd_pct': 8.670446081802618, 'n_days': 89}","{'ret_pct': -5.154481643023246, 'excess_pct': -9.148453007002121, 'sharpe': -0.26377633410311574, 'mdd_pct': 26.10426204045737, 'n_days': 160}",58.333333333333336,0.40814408770555993,-0.26377633410311574,-9.148453007002121,-5.154481643023246,774
买2/止3,0.02,0.03,yin_or_small_yang,40.909090909090914,22,sh588670,588670,科创综指增强ETF嘉实,B,"{'is_start': '2025-06-13', 'is_end': '2025-12-31', 'oos_start': '2026-01-02', 'oos_end': '2026-09-01'}","{'ret_pct': 33.75166048642881, 'excess_pct': -12.073186764080361, 'sharpe': 3.3583746808210257, 'mdd_pct': 14.860561361847346, 'n_days': 138}","{'ret_pct': 6.970528209656801, 'excess_pct': -13.367309628181022, 'sharpe': 0.3537433394386144, 'mdd_pct': 21.407263997420976, 'n_days': 160}",40.909090909090914,0.40767423649177764,0.3537433394386144,-13.367309628181022,6.970528209656801,775
sym±3%,0.03,0.03,yin_or_small_yang,43.75,64,sh516860,516860,金融科技ETF博时,A,"{'is_start': '2023-01-02', 'is_end': '2025-12-31', 'oos_start': '2025-01-02', 'oos_end': '2026-09-01'}","{'ret_pct': 170.3300598213392, 'excess_pct': 106.05247165296606, 'sharpe': 1.3365528506834896, 'mdd_pct': 29.920179700209538, 'n_days': 727}","{'ret_pct': -6.480903534557481, 'excess_pct': -0.573369287982139, 'sharpe': -0.14560423840234932, 'mdd_pct': 36.81497515266617, 'n_days': 403}",43.75,0.4075959279561472,-0.14560423840234932,-0.573369287982139,-6.480903534557481,776
sym±2%,0.02,0.02,yin_or_small_yang,40.14598540145985,137,sz159767,159767,电池龙头ETF兴银,A,"{'is_start': '2023-01-02', 'is_end': '2025-12-31', 'oos_start': '2025-01-02', 'oos_end': '2026-09-01'}","{'ret_pct': 19.60705999571268, 'excess_pct': -0.8915549627360768, 'sharpe': 0.2773259242995127, 'mdd_pct': 39.603941526536026, 'n_days': 727}","{'ret_pct': 20.081359065305126, 'excess_pct': -27.59305953934601, 'sharpe': 0.5374551300650844, 'mdd_pct': 16.87859861396802, 'n_days': 403}",40.14598540145985,0.4075176194205169,0.5374551300650844,-27.59305953934601,20.081359065305126,777
sym±2.5%仅阴,0.025,0.025,yin_only,42.857142857142854,28,sh515560,515560,证券ETF建信,A,"{'is_start': '2023-01-02', 'is_end': '2025-12-31', 'oos_start': '2025-01-02', 'oos_end': '2026-09-01'}","{'ret_pct': 72.08674159745468, 'excess_pct': 30.632659964801647, 'sharpe': 0.991206718870304, 'mdd_pct': 18.603668322574585, 'n_days': 727}","{'ret_pct': -2.4255870652675426, 'excess_pct': -2.822019176268542, 'sharpe': -0.0912934705187244, 'mdd_pct': 27.229465677573728, 'n_days': 403}",42.857142857142854,0.40704776820673455,-0.0912934705187244,-2.822019176268542,-2.4255870652675426,778
买2.5/止3.5,0.025,0.035,yin_or_small_yang,45.16129032258064,31,sz159836,159836,创业板300ETF天弘,A,"{'is_start': '2023-01-02', 'is_end': '2025-12-31', 'oos_start': '2025-01-02', 'oos_end': '2026-09-01'}","{'ret_pct': 46.38432193925248, 'excess_pct': 1.6570492119797535, 'sharpe': 0.5139147614214685, 'mdd_pct': 30.473577464507706, 'n_days': 727}","{'ret_pct': 18.497264958292426, 'excess_pct': -42.46597965514229, 'sharpe': 0.3822107738509216, 'mdd_pct': 27.510676207225913, 'n_days': 403}",45.16129032258064,0.40595144870790917,0.3822107738509216,-42.46597965514229,18.497264958292426,779
sym±2.5%仅阴,0.025,0.025,yin_only,42.857142857142854,7,sh561060,561060,国企红利ETF华安,B,"{'is_start': '2025-01-02', 'is_end': '2025-12-31', 'oos_start': '2026-01-02', 'oos_end': '2026-09-01'}","{'ret_pct': -1.196942398214107, 'excess_pct': -3.949235976195764, 'sharpe': -0.17435347650292557, 'mdd_pct': 4.332993169660126, 'n_days': 243}","{'ret_pct': 0.0, 'excess_pct': -5.808757819481669, 'sharpe': 0.0, 'mdd_pct': 0.0, 'n_days': 160}",42.857142857142854,0.4058339859044636,0.0,-5.808757819481669,0.0,780
sym±2%,0.02,0.02,yin_or_small_yang,0.0,2,sh563700,563700,红利价值ETF易方达,B,"{'is_start': '2025-04-28', 'is_end': '2025-12-31', 'oos_start': '2026-01-02', 'oos_end': '2026-09-01'}","{'ret_pct': -0.46166642330880414, 'excess_pct': -6.367572329214721, 'sharpe': -0.12274974710467677, 'mdd_pct': 6.788842185502341, 'n_days': 168}","{'ret_pct': 1.2609765700360764, 'excess_pct': -1.6746294905699788, 'sharpe': 0.18817156780990413, 'mdd_pct': 7.877981284131607, 'n_days': 160}",0.0,0.4054815974941268,0.18817156780990413,-1.6746294905699788,1.2609765700360764,781
买2.5/止3.5,0.025,0.035,yin_or_small_yang,47.368421052631575,19,sz159532,159532,中证2000ETF易方达,B,"{'is_start': '2025-01-02', 'is_end': '2025-12-31', 'oos_start': '2026-01-02', 'oos_end': '2026-09-01'}","{'ret_pct': 22.33999639754969, 'excess_pct': -23.835376736778663, 'sharpe': 1.1064750701186654, 'mdd_pct': 15.339035927552958, 'n_days': 243}","{'ret_pct': -1.7954958907654528, 'excess_pct': -7.263754847396486, 'sharpe': -0.1149352462868772, 'mdd_pct': 17.634010925330013, 'n_days': 160}",47.368421052631575,0.4052466718872357,-0.1149352462868772,-7.263754847396486,-1.7954958907654528,782
sym±2%,0.02,0.02,yin_or_small_yang,35.714285714285715,14,sz159596,159596,A50ETF华宝,B,"{'is_start': '2025-01-02', 'is_end': '2025-12-31', 'oos_start': '2026-01-02', 'oos_end': '2026-09-01'}","{'ret_pct': 5.052765594572972, 'excess_pct': 45.96185650366388, 'sharpe': 0.4822628372115684, 'mdd_pct': 7.928165534852816, 'n_days': 243}","{'ret_pct': -0.25466259014719217, 'excess_pct': -0.40803682327601454, 'sharpe': -0.034843411773556585, 'mdd_pct': 8.783503301390805, 'n_days': 160}",35.714285714285715,0.40360219263899766,-0.034843411773556585,-0.40803682327601454,-0.25466259014719217,783
买2/止2.5,0.02,0.025,yin_or_small_yang,41.41414141414141,99,sz159777,159777,创科技ETF国联安,A,"{'is_start': '2023-01-02', 'is_end': '2025-12-31', 'oos_start': '2025-01-02', 'oos_end': '2026-09-01'}","{'ret_pct': 78.90130076330199, 'excess_pct': 25.944311515990165, 'sharpe': 0.7515503367606999, 'mdd_pct': 30.093983136544423, 'n_days': 725}","{'ret_pct': 26.37502847594999, 'excess_pct': -53.95041531103226, 'sharpe': 0.5782345717580144, 'mdd_pct': 33.80146733093736, 'n_days': 403}",41.41414141414141,0.40352388410336726,0.5782345717580144,-53.95041531103226,26.37502847594999,784
sym±2%,0.02,0.02,yin_or_small_yang,35.59322033898305,118,sh516270,516270,新能源ETF华安,A,"{'is_start': '2023-01-02', 'is_end': '2025-12-31', 'oos_start': '2025-01-02', 'oos_end': '2026-09-01'}","{'ret_pct': 38.48483628929598, 'excess_pct': 49.84847265293233, 'sharpe': 0.5694515010532478, 'mdd_pct': 33.38824639332504, 'n_days': 727}","{'ret_pct': 12.932768045693855, 'excess_pct': -12.177364112896448, 'sharpe': 0.38210106422527756, 'mdd_pct': 29.274024223695637, 'n_days': 403}",35.59322033898305,0.40344557556773686,0.38210106422527756,-12.177364112896448,12.932768045693855,785
买2/止3,0.02,0.03,yin_or_small_yang,50.0,30,sz159533,159533,中证2000ETF博时,B,"{'is_start': '2025-01-02', 'is_end': '2025-12-31', 'oos_start': '2026-01-02', 'oos_end': '2026-09-01'}","{'ret_pct': 61.500027546650536, 'excess_pct': 4.33234726863143, 'sharpe': 3.325154458099144, 'mdd_pct': 10.043330160050667, 'n_days': 242}","{'ret_pct': -2.0788274479226487, 'excess_pct': -9.623934063559636, 'sharpe': -0.12271013919145288, 'mdd_pct': 25.114949591600865, 'n_days': 160}",50.0,0.40336726703210646,-0.12271013919145288,-9.623934063559636,-2.0788274479226487,786
sym±2%,0.02,0.02,yin_or_small_yang,42.857142857142854,7,sh510980,510980,上证指数ETF汇添富,B,"{'is_start': '2025-01-02', 'is_end': '2025-12-31', 'oos_start': '2026-01-02', 'oos_end': '2026-09-01'}","{'ret_pct': 25.156978978649256, 'excess_pct': 1.5107695923676658, 'sharpe': 2.521073262123717, 'mdd_pct': 6.354507850484447, 'n_days': 243}","{'ret_pct': -0.7209765657549605, 'excess_pct': -2.7368152986563477, 'sharpe': -0.1880947374737802, 'mdd_pct': 4.489912954150865, 'n_days': 160}",42.857142857142854,0.40297572435395457,-0.1880947374737802,-2.7368152986563477,-0.7209765657549605,787
买3/止4,0.03,0.04,yin_or_small_yang,40.0,15,sh588960,588960,科创新能源ETF富国,B,"{'is_start': '2025-02-19', 'is_end': '2025-12-31', 'oos_start': '2026-01-02', 'oos_end': '2026-09-01'}","{'ret_pct': 14.857369450275204, 'excess_pct': -16.522968186268994, 'sharpe': 0.6124849815507623, 'mdd_pct': 18.298890808722344, 'n_days': 215}","{'ret_pct': -8.70328748700473, 'excess_pct': 8.576124277701169, 'sharpe': -0.37790406181463004, 'mdd_pct': 30.672759212667565, 'n_days': 160}",40.0,0.4028191072826938,-0.37790406181463004,8.576124277701169,-8.70328748700473,788
sym±2.5%仅阴,0.025,0.025,yin_only,40.0,5,sh513820,513820,港股通红利ETF汇添富,B,"{'is_start': '2025-01-02', 'is_end': '2025-12-31', 'oos_start': '2026-01-02', 'oos_end': '2026-09-01'}","{'ret_pct': 21.9513802195366, 'excess_pct': 9.219038212101639, 'sharpe': 2.7994443616295577, 'mdd_pct': 2.887692003015152, 'n_days': 243}","{'ret_pct': 0.0, 'excess_pct': -4.063018242122718, 'sharpe': 0.0, 'mdd_pct': 0.0, 'n_days': 160}",40.0,0.40238841033672673,0.0,-4.063018242122718,0.0,789
sym±3%,0.03,0.03,yin_or_small_yang,50.0,22,sz159556,159556,中证2000增强ETF平安,B,"{'is_start': '2025-01-02', 'is_end': '2025-12-31', 'oos_start': '2026-01-02', 'oos_end': '2026-09-01'}","{'ret_pct': 36.905278592850934, 'excess_pct': 3.3547899935024077, 'sharpe': 2.5549097026836027, 'mdd_pct': 6.824604809428103, 'n_days': 243}","{'ret_pct': -4.958485680740443, 'excess_pct': -4.000784164379723, 'sharpe': -0.42024558802011674, 'mdd_pct': 13.484336959559728, 'n_days': 159}",50.0,0.40203602192639,-0.42024558802011674,-4.000784164379723,-4.958485680740443,790
买3/止2.5,0.03,0.025,yin_or_small_yang,40.298507462686565,67,sz159729,159729,互联网ETF汇添富,A,"{'is_start': '2023-01-02', 'is_end': '2025-12-31', 'oos_start': '2025-01-02', 'oos_end': '2026-09-01'}","{'ret_pct': 52.811580141452794, 'excess_pct': 17.66829205698823, 'sharpe': 0.8553302124936194, 'mdd_pct': 19.968159249689833, 'n_days': 727}","{'ret_pct': -3.409693885743048, 'excess_pct': -0.09019181105425211, 'sharpe': -0.13349236545310655, 'mdd_pct': 23.901446983240437, 'n_days': 403}",40.298507462686565,0.4013312451057165,-0.13349236545310655,-0.09019181105425211,-3.409693885743048,791
买3/止4,0.03,0.04,yin_or_small_yang,50.0,2,sh515450,515450,红利低波50ETF南方,A,"{'is_start': '2023-01-02', 'is_end': '2025-12-31', 'oos_start': '2025-01-02', 'oos_end': '2026-09-01'}","{'ret_pct': 23.191335787174715, 'excess_pct': 1.682229108944, 'sharpe': 0.5231045426657253, 'mdd_pct': 17.6946490476788, 'n_days': 727}","{'ret_pct': -4.141301936045194, 'excess_pct': -3.9993572944554407, 'sharpe': -0.4539302970728968, 'mdd_pct': 5.163441706495531, 'n_days': 403}",50.0,0.40109631949882535,-0.4539302970728968,-3.9993572944554407,-4.141301936045194,792
买2.5/止3.5,0.025,0.035,yin_or_small_yang,50.0,2,sh563830,563830,全指现金流ETF博时,B,"{'is_start': '2025-05-22', 'is_end': '2025-12-31', 'oos_start': '2026-01-02', 'oos_end': '2026-09-01'}","{'ret_pct': 5.914677101030397, 'excess_pct': -15.944867903915206, 'sharpe': 0.7256374654337074, 'mdd_pct': 5.969498600447509, 'n_days': 153}","{'ret_pct': -6.3665085416396145, 'excess_pct': -2.0854099955976313, 'sharpe': -0.5806582140967345, 'mdd_pct': 20.242138044808698, 'n_days': 160}",50.0,0.39929522317932653,-0.5806582140967345,-2.0854099955976313,-6.3665085416396145,793
买2/止2.5,0.02,0.025,yin_or_small_yang,41.46341463414634,41,sz159788,159788,港股通100ETF易方达,A,"{'is_start': '2023-01-02', 'is_end': '2025-12-31', 'oos_start': '2025-01-02', 'oos_end': '2026-09-01'}","{'ret_pct': 1.018445518948785, 'excess_pct': -39.108943016083074, 'sharpe': 0.01625422576748105, 'mdd_pct': 26.982838405256548, 'n_days': 727}","{'ret_pct': 4.916511778829058, 'excess_pct': -10.808535302150224, 'sharpe': 0.1450257752112971, 'mdd_pct': 24.076767866091096, 'n_days': 403}",41.46341463414634,0.39890368050117464,0.1450257752112971,-10.808535302150224,4.916511778829058,794
sym±2.5%,0.025,0.025,yin_or_small_yang,22.727272727272727,22,sh510160,510160,产业升级ETF南方,A,"{'is_start': '2023-01-02', 'is_end': '2025-12-31', 'oos_start': '2025-01-02', 'oos_end': '2026-09-01'}","{'ret_pct': 34.308653072147855, 'excess_pct': -0.4552954257062112, 'sharpe': 0.7605891471133068, 'mdd_pct': 17.762680472051716, 'n_days': 727}","{'ret_pct': 3.9218365490408136, 'excess_pct': -4.411496784292535, 'sharpe': 0.25233232813288553, 'mdd_pct': 12.295746403643982, 'n_days': 403}",22.727272727272727,0.39788566953797966,0.25233232813288553,-4.411496784292535,3.9218365490408136,795
买3/止4,0.03,0.04,yin_or_small_yang,75.0,4,sz159318,159318,恒指港股通ETF银华,B,"{'is_start': '2025-01-02', 'is_end': '2025-12-31', 'oos_start': '2026-01-02', 'oos_end': '2026-09-01'}","{'ret_pct': 23.570583285466505, 'excess_pct': -0.790730583146626, 'sharpe': 1.2441985409721854, 'mdd_pct': 8.289237216363043, 'n_days': 243}","{'ret_pct': -9.015574186526687, 'excess_pct': -3.4998148742057644, 'sharpe': -1.0659802916219019, 'mdd_pct': 13.60475058604662, 'n_days': 159}",75.0,0.3967110415035239,-1.0659802916219019,-3.4998148742057644,-9.015574186526687,796
买2.5/止3.5,0.025,0.035,yin_or_small_yang,28.125,32,sz159896,159896,物联网ETF南方,A,"{'is_start': '2023-01-02', 'is_end': '2025-12-31', 'oos_start': '2025-01-02', 'oos_end': '2026-09-01'}","{'ret_pct': 58.540307212887924, 'excess_pct': -10.394604029715595, 'sharpe': 0.6729657447283451, 'mdd_pct': 32.790913810888625, 'n_days': 725}","{'ret_pct': 36.8411332959238, 'excess_pct': -32.49909956306713, 'sharpe': 0.7609957678514311, 'mdd_pct': 32.331823781758764, 'n_days': 403}",28.125,0.3966327329678935,0.7609957678514311,-32.49909956306713,36.8411332959238,797
sym±2.5%仅阴,0.025,0.025,yin_only,60.0,5,sh513950,513950,恒生红利ETF富国,B,"{'is_start': '2025-01-02', 'is_end': '2025-12-31', 'oos_start': '2026-01-02', 'oos_end': '2026-09-01'}","{'ret_pct': 18.044548189036867, 'excess_pct': 1.676261744024064, 'sharpe': 1.808206015402658, 'mdd_pct': 8.008030776561847, 'n_days': 243}","{'ret_pct': -9.629463329490672, 'excess_pct': -1.2168810324899475, 'sharpe': -1.132083498967391, 'mdd_pct': 16.888813063102603, 'n_days': 160}",60.0,0.3964761158966328,-1.132083498967391,-1.2168810324899475,-9.629463329490672,798
买2/止3,0.02,0.03,yin_or_small_yang,56.75675675675676,37,sh563210,563210,专精特新ETF富国,B,"{'is_start': '2025-01-24', 'is_end': '2025-12-31', 'oos_start': '2026-01-02', 'oos_end': '2026-09-01'}","{'ret_pct': 86.33701461352004, 'excess_pct': 36.5852767783661, 'sharpe': 3.82932102228168, 'mdd_pct': 12.62969794404759, 'n_days': 227}","{'ret_pct': 0.6037253016122124, 'excess_pct': -32.19678620733921, 'sharpe': 0.024672460349082447, 'mdd_pct': 37.427433981000036, 'n_days': 160}",56.75675675675676,0.39592795614722004,0.024672460349082447,-32.19678620733921,0.6037253016122124,799
买2/止3,0.02,0.03,yin_or_small_yang,80.0,5,sz159330,159330,沪深300ETF东财,B,"{'is_start': '2025-01-02', 'is_end': '2025-12-31', 'oos_start': '2026-01-02', 'oos_end': '2026-09-01'}","{'ret_pct': 1.8926797716182664, 'excess_pct': -22.320606941668466, 'sharpe': 0.16618482937556323, 'mdd_pct': 8.886162496674855, 'n_days': 243}","{'ret_pct': -7.365575353180464, 'excess_pct': -7.573187809927872, 'sharpe': -0.6953581558183992, 'mdd_pct': 12.152619267718867, 'n_days': 160}",80.0,0.3944400939702428,-0.6953581558183992,-7.573187809927872,-7.365575353180464,800
买3/止4,0.03,0.04,yin_or_small_yang,50.0,14,sz159993,159993,证券ETF鹏华,A,"{'is_start': '2023-01-02', 'is_end': '2025-12-31', 'oos_start': '2025-01-02', 'oos_end': '2026-09-01'}","{'ret_pct': 65.60607935749437, 'excess_pct': 24.226769012666807, 'sharpe': 0.8573506417562581, 'mdd_pct': 19.288796439352353, 'n_days': 727}","{'ret_pct': -5.895560351653595, 'excess_pct': -7.428780113152733, 'sharpe': -0.16725833544793794, 'mdd_pct': 28.50128541414123, 'n_days': 403}",50.0,0.3942051683633516,-0.16725833544793794,-7.428780113152733,-5.895560351653595,801
sym±2%,0.02,0.02,yin_or_small_yang,39.455782312925166,147,sh562880,562880,电池ETF嘉实,A,"{'is_start': '2023-01-02', 'is_end': '2025-12-31', 'oos_start': '2025-01-02', 'oos_end': '2026-09-01'}","{'ret_pct': 45.31075294919291, 'excess_pct': 32.67917400182449, 'sharpe': 0.5562959782007444, 'mdd_pct': 28.334444133435312, 'n_days': 727}","{'ret_pct': 21.47285609969851, 'excess_pct': -29.038391344064273, 'sharpe': 0.5003565896951392, 'mdd_pct': 27.178549544822673, 'n_days': 403}",39.455782312925166,0.39334377447141733,0.5003565896951392,-29.038391344064273,21.47285609969851,802
买3/止4,0.03,0.04,yin_or_small_yang,50.0,26,sz159871,159871,有色ETF银华,A,"{'is_start': '2023-01-02', 'is_end': '2025-12-31', 'oos_start': '2025-01-02', 'oos_end': '2026-09-01'}","{'ret_pct': 54.356986682616125, 'excess_pct': -22.692193645252686, 'sharpe': 0.7405004108961556, 'mdd_pct': 24.29715258331877, 'n_days': 727}","{'ret_pct': -8.230138028211886, 'excess_pct': -7.628332611963129, 'sharpe': -0.10650661563104033, 'mdd_pct': 61.00811155478987, 'n_days': 403}",50.0,0.393265465935787,-0.10650661563104033,-7.628332611963129,-8.230138028211886,803
买3/止4,0.03,0.04,yin_or_small_yang,50.0,4,sz159287,159287,创业板综ETF博时,B,"{'is_start': '2025-08-27', 'is_end': '2025-12-31', 'oos_start': '2026-01-02', 'oos_end': '2026-09-01'}","{'ret_pct': 5.736053306419198, 'excess_pct': -1.5689812444199092, 'sharpe': 0.8777071975644083, 'mdd_pct': 8.616038114228664, 'n_days': 85}","{'ret_pct': -6.3162655604026, 'excess_pct': -7.034398414980669, 'sharpe': -0.18526803744565196, 'mdd_pct': 27.753031861640277, 'n_days': 160}",50.0,0.3917776037588097,-0.18526803744565196,-7.034398414980669,-6.3162655604026,804
买2.5/止3.5,0.025,0.035,yin_or_small_yang,45.0,20,sh510020,510020,超大盘ETF博时,A,"{'is_start': '2023-01-02', 'is_end': '2025-12-31', 'oos_start': '2025-01-02', 'oos_end': '2026-09-01'}","{'ret_pct': 33.43052430964968, 'excess_pct': -2.397611518486144, 'sharpe': 0.6251320593056989, 'mdd_pct': 19.409209624879008, 'n_days': 727}","{'ret_pct': 6.251840023133504, 'excess_pct': -22.520664068519537, 'sharpe': 0.2383775355489069, 'mdd_pct': 20.900404608642, 'n_days': 403}",45.0,0.3917776037588097,0.2383775355489069,-22.520664068519537,6.251840023133504,805
买3/止4,0.03,0.04,yin_or_small_yang,37.5,16,sh513380,513380,恒生科技ETF广发,A,"{'is_start': '2023-01-02', 'is_end': '2025-12-31', 'oos_start': '2025-01-02', 'oos_end': '2026-09-01'}","{'ret_pct': -11.971233708892647, 'excess_pct': 23.224844722479908, 'sharpe': -0.10604389375194491, 'mdd_pct': 49.53500350304614, 'n_days': 727}","{'ret_pct': -26.960763087534556, 'excess_pct': 24.465179874746955, 'sharpe': -0.38903329884776544, 'mdd_pct': 49.53500350304614, 'n_days': 403}",37.5,0.39162098668754886,-0.38903329884776544,24.465179874746955,-26.960763087534556,806
sym±2.5%,0.025,0.025,yin_or_small_yang,60.0,5,sh513870,513870,纳指ETF富国,B,"{'is_start': '2025-01-02', 'is_end': '2025-12-31', 'oos_start': '2026-01-02', 'oos_end': '2026-09-01'}","{'ret_pct': 31.790302304139328, 'excess_pct': 16.927199305443107, 'sharpe': 2.4642463803112475, 'mdd_pct': 6.994169253000915, 'n_days': 243}","{'ret_pct': -1.2026421497036588, 'excess_pct': -16.664827023653228, 'sharpe': -0.26755542878208277, 'mdd_pct': 3.8142922560451487, 'n_days': 160}",60.0,0.3910728269381363,-0.26755542878208277,-16.664827023653228,-1.2026421497036588,807
买2/止3,0.02,0.03,yin_or_small_yang,70.0,10,sz159887,159887,银行ETF富国,A,"{'is_start': '2023-01-02', 'is_end': '2025-12-31', 'oos_start': '2025-01-02', 'oos_end': '2026-09-01'}","{'ret_pct': 47.474277292760014, 'excess_pct': -4.503123837183452, 'sharpe': 1.0124317100834177, 'mdd_pct': 14.84141849422742, 'n_days': 727}","{'ret_pct': -3.995119516272516, 'excess_pct': -18.57139070271321, 'sharpe': -0.18356237212582388, 'mdd_pct': 19.963412617457877, 'n_days': 403}",70.0,0.3909162098668755,-0.18356237212582388,-18.57139070271321,-3.995119516272516,808
买3/止4,0.03,0.04,yin_or_small_yang,25.71428571428571,35,sh515550,515550,中证500ETF国联,A,"{'is_start': '2023-01-02', 'is_end': '2025-12-31', 'oos_start': '2025-01-02', 'oos_end': '2026-09-01'}","{'ret_pct': -2.4977338749610056, 'excess_pct': -33.00087852904906, 'sharpe': -0.0382212280605993, 'mdd_pct': 42.61550274216638, 'n_days': 717}","{'ret_pct': 23.263283792768764, 'excess_pct': -23.408860825144128, 'sharpe': 0.7140136554084572, 'mdd_pct': 16.17038636403577, 'n_days': 403}",25.71428571428571,0.39083790133124513,0.7140136554084572,-23.408860825144128,23.263283792768764,809
买2.5/止3.5,0.025,0.035,yin_or_small_yang,33.33333333333333,15,sh515130,515130,沪深300ETF博时,A,"{'is_start': '2023-01-02', 'is_end': '2025-12-31', 'oos_start': '2025-01-02', 'oos_end': '2026-09-01'}","{'ret_pct': 25.412983388328115, 'excess_pct': -3.6577753499498193, 'sharpe': 0.5429674888851349, 'mdd_pct': 19.440286665182647, 'n_days': 727}","{'ret_pct': 12.81715385919544, 'excess_pct': -15.789811314933932, 'sharpe': 0.523672610267581, 'mdd_pct': 13.523376322068902, 'n_days': 403}",33.33333333333333,0.3897415818324197,0.523672610267581,-15.789811314933932,12.81715385919544,810
买2.5/止3.5,0.025,0.035,yin_or_small_yang,43.75,16,sh560950,560950,中证500增强ETF汇添富,B,"{'is_start': '2025-01-02', 'is_end': '2025-12-31', 'oos_start': '2026-01-02', 'oos_end': '2026-09-01'}","{'ret_pct': 29.32026673824066, 'excess_pct': -1.1315996664744716, 'sharpe': 1.6859911706233537, 'mdd_pct': 8.997293951861796, 'n_days': 243}","{'ret_pct': -1.4979058620022134, 'excess_pct': -4.81404440290124, 'sharpe': -0.1497073263251982, 'mdd_pct': 15.825159413480637, 'n_days': 160}",43.75,0.3894283476898982,-0.1497073263251982,-4.81404440290124,-1.4979058620022134,811
买2/止2.5,0.02,0.025,yin_or_small_yang,37.5,16,sh512550,512550,富时A50ETF嘉实,A,"{'is_start': '2023-01-02', 'is_end': '2025-12-31', 'oos_start': '2025-01-02', 'oos_end': '2026-09-01'}","{'ret_pct': 36.31104942427446, 'excess_pct': 3.3922491316628935, 'sharpe': 0.8178442244702818, 'mdd_pct': 10.726460986464403, 'n_days': 727}","{'ret_pct': 8.42904621650491, 'excess_pct': -13.852832978125962, 'sharpe': 0.3731698582331555, 'mdd_pct': 10.602200392321958, 'n_days': 403}",37.5,0.38903680501174626,0.3731698582331555,-13.852832978125962,8.42904621650491,812
买2/止3,0.02,0.03,yin_or_small_yang,50.0,6,sz159238,159238,沪深300增强ETF景顺,B,"{'is_start': '2025-06-09', 'is_end': '2025-12-31', 'oos_start': '2026-01-02', 'oos_end': '2026-09-01'}","{'ret_pct': 8.049546291404797, 'excess_pct': -15.111487505811906, 'sharpe': 1.2338056375874928, 'mdd_pct': 6.804405827497096, 'n_days': 142}","{'ret_pct': -3.465844899516013, 'excess_pct': -7.348570731528692, 'sharpe': -0.33690144015911644, 'mdd_pct': 9.24232141882615, 'n_days': 160}",50.0,0.38739232576350824,-0.33690144015911644,-7.348570731528692,-3.465844899516013,813
买3/止4,0.03,0.04,yin_or_small_yang,52.38095238095239,21,sz159530,159530,机器人ETF易方达,B,"{'is_start': '2025-01-02', 'is_end': '2025-12-31', 'oos_start': '2026-01-02', 'oos_end': '2026-09-01'}","{'ret_pct': 46.49012949051099, 'excess_pct': 6.011830110528699, 'sharpe': 1.8691849910912706, 'mdd_pct': 14.468479215498508, 'n_days': 243}","{'ret_pct': -16.329862623233016, 'excess_pct': -0.16257173684100934, 'sharpe': -0.7587502120166933, 'mdd_pct': 29.883100920811145, 'n_days': 160}",52.38095238095239,0.38731401722787784,-0.7587502120166933,-0.16257173684100934,-16.329862623233016,814
sym±2%,0.02,0.02,yin_or_small_yang,33.33333333333333,30,sh515650,515650,消费50ETF富国,A,"{'is_start': '2023-01-02', 'is_end': '2025-12-31', 'oos_start': '2025-01-02', 'oos_end': '2026-09-01'}","{'ret_pct': 16.70176837349984, 'excess_pct': 22.22176837349983, 'sharpe': 0.4228442945702769, 'mdd_pct': 20.352869075055004, 'n_days': 727}","{'ret_pct': -3.463328527343734, 'excess_pct': 3.54359188788117, 'sharpe': -0.18116477081853727, 'mdd_pct': 19.114641922679787, 'n_days': 403}",33.33333333333333,0.38700078308535635,-0.18116477081853727,3.54359188788117,-3.463328527343734,815
买2/止3,0.02,0.03,yin_or_small_yang,28.57142857142857,7,sz159251,159251,港股通科技ETF万家,B,"{'is_start': '2025-07-24', 'is_end': '2025-12-31', 'oos_start': '2026-01-02', 'oos_end': '2026-09-01'}","{'ret_pct': 2.9653367598847957, 'excess_pct': 9.49555118483607, 'sharpe': 0.405781480930333, 'mdd_pct': 10.918091470023782, 'n_days': 109}","{'ret_pct': -6.567268871376896, 'excess_pct': 16.223895787257646, 'sharpe': -0.4355482046589219, 'mdd_pct': 15.223031213781402, 'n_days': 160}",28.57142857142857,0.38668754894283475,-0.4355482046589219,16.223895787257646,-6.567268871376896,816
买2/止2.5,0.02,0.025,yin_or_small_yang,44.18604651162791,43,sz159565,159565,汽车零部件ETF易方达,B,"{'is_start': '2025-01-02', 'is_end': '2025-12-31', 'oos_start': '2026-01-02', 'oos_end': '2026-09-01'}","{'ret_pct': 53.74046851067165, 'excess_pct': 5.312795554696791, 'sharpe': 2.3992506270326217, 'mdd_pct': 14.178505391737605, 'n_days': 243}","{'ret_pct': -12.145972095027846, 'excess_pct': 9.286863725867677, 'sharpe': -0.8723541467318017, 'mdd_pct': 20.74823378744688, 'n_days': 160}",44.18604651162791,0.3857478465152701,-0.8723541467318017,9.286863725867677,-12.145972095027846,817
sym±3%,0.03,0.03,yin_or_small_yang,41.37931034482759,58,sh513700,513700,港股通医药ETF鹏华,A,"{'is_start': '2023-01-02', 'is_end': '2025-12-31', 'oos_start': '2025-01-02', 'oos_end': '2026-09-01'}","{'ret_pct': 32.86202103159632, 'excess_pct': 35.084243253818535, 'sharpe': 0.48255941868140995, 'mdd_pct': 25.50143745574308, 'n_days': 727}","{'ret_pct': 19.026431547058607, 'excess_pct': -39.577059724761824, 'sharpe': 0.4548027868776379, 'mdd_pct': 30.638922510742105, 'n_days': 403}",41.37931034482759,0.3853563038371183,0.4548027868776379,-39.577059724761824,19.026431547058607,818
买2/止3,0.02,0.03,yin_or_small_yang,48.148148148148145,27,sz159306,159306,汽车零部件ETF平安,B,"{'is_start': '2025-01-02', 'is_end': '2025-12-31', 'oos_start': '2026-01-02', 'oos_end': '2026-09-01'}","{'ret_pct': 38.54603485172594, 'excess_pct': -6.409890711447417, 'sharpe': 1.7255264306986209, 'mdd_pct': 14.822352012907237, 'n_days': 242}","{'ret_pct': -16.128482384033372, 'excess_pct': 6.182806861123613, 'sharpe': -1.0200405686034362, 'mdd_pct': 21.406489158780417, 'n_days': 160}",48.148148148148145,0.3842599843382929,-1.0200405686034362,6.182806861123613,-16.128482384033372,819
买3/止4,0.03,0.04,yin_or_small_yang,40.0,15,sh512070,512070,证券保险ETF易方达,A,"{'is_start': '2023-01-02', 'is_end': '2025-12-31', 'oos_start': '2025-01-02', 'oos_end': '2026-09-01'}","{'ret_pct': 51.37817606054848, 'excess_pct': -0.8458766577381667, 'sharpe': 0.6727688039812837, 'mdd_pct': 24.926557883818067, 'n_days': 727}","{'ret_pct': -0.40018216787839345, 'excess_pct': -4.939741182145585, 'sharpe': -0.011590874244278836, 'mdd_pct': 24.244518136630933, 'n_days': 403}",40.0,0.3841033672670321,-0.011590874244278836,-4.939741182145585,-0.40018216787839345,820
买2.5/止3.5,0.025,0.035,yin_or_small_yang,42.10526315789473,19,sh589500,589500,科创综指ETF工银,B,"{'is_start': '2025-03-03', 'is_end': '2025-12-31', 'oos_start': '2026-01-02', 'oos_end': '2026-09-01'}","{'ret_pct': 51.169591544000006, 'excess_pct': 16.400360774769233, 'sharpe': 3.21198518768563, 'mdd_pct': 13.29598264568772, 'n_days': 207}","{'ret_pct': 3.790301591431411, 'excess_pct': -14.711901051740359, 'sharpe': 0.1895557234132486, 'mdd_pct': 28.081538501525692, 'n_days': 160}",42.10526315789473,0.38292873923257637,0.1895557234132486,-14.711901051740359,3.790301591431411,821
买2/止3,0.02,0.03,yin_or_small_yang,18.75,16,sz159726,159726,港股通高股息ETF华夏,A,"{'is_start': '2023-01-02', 'is_end': '2025-12-31', 'oos_start': '2025-01-02', 'oos_end': '2026-09-01'}","{'ret_pct': 51.854879730920445, 'excess_pct': -6.702577481793483, 'sharpe': 0.8777989697971259, 'mdd_pct': 16.270216910780068, 'n_days': 727}","{'ret_pct': 15.088356533951174, 'excess_pct': -16.642412696818056, 'sharpe': 0.570488248050728, 'mdd_pct': 14.5485485408125, 'n_days': 403}",18.75,0.38277212216131556,0.570488248050728,-16.642412696818056,15.088356533951174,822
买2.5/止3.5,0.025,0.035,yin_or_small_yang,41.66666666666667,12,sz159241,159241,航空航天ETF天弘,B,"{'is_start': '2025-05-29', 'is_end': '2025-12-31', 'oos_start': '2026-01-02', 'oos_end': '2026-09-01'}","{'ret_pct': 40.64615143497923, 'excess_pct': 4.067980343533797, 'sharpe': 3.3593833615720974, 'mdd_pct': 7.912464272612796, 'n_days': 148}","{'ret_pct': -14.635522309599192, 'excess_pct': 11.216750417673527, 'sharpe': -0.663056675500004, 'mdd_pct': 33.968017595989885, 'n_days': 160}",41.66666666666667,0.3825371965544244,-0.663056675500004,11.216750417673527,-14.635522309599192,823
买2/止2.5,0.02,0.025,yin_or_small_yang,42.5531914893617,47,sh588730,588730,科创人工智能ETF易方达,B,"{'is_start': '2025-01-24', 'is_end': '2025-12-31', 'oos_start': '2026-01-02', 'oos_end': '2026-09-01'}","{'ret_pct': 59.36688491693758, 'excess_pct': 17.561193062178006, 'sharpe': 2.5324838589542207, 'mdd_pct': 12.339624599884068, 'n_days': 227}","{'ret_pct': -3.2967858784328508, 'excess_pct': -3.6274737091206655, 'sharpe': -0.14826336776167665, 'mdd_pct': 23.17279905189047, 'n_days': 160}",42.5531914893617,0.38222396241190293,-0.14826336776167665,-3.6274737091206655,-3.2967858784328508,824
sym±3%,0.03,0.03,yin_or_small_yang,40.816326530612244,49,sz159967,159967,创业板成长ETF华夏,A,"{'is_start': '2023-01-02', 'is_end': '2025-12-31', 'oos_start': '2025-01-02', 'oos_end': '2026-09-01'}","{'ret_pct': 42.90610675298301, 'excess_pct': 30.53861558690527, 'sharpe': 0.4811141658425556, 'mdd_pct': 37.23173712434814, 'n_days': 727}","{'ret_pct': 23.713694919782768, 'excess_pct': -57.20584531010233, 'sharpe': 0.4582904123731477, 'mdd_pct': 22.130980115882604, 'n_days': 403}",40.816326530612244,0.3819890368050118,0.4582904123731477,-57.20584531010233,23.713694919782768,825
买2.5/止3.5,0.025,0.035,yin_or_small_yang,36.84210526315789,38,sh515190,515190,中证500ETF中银证券,A,"{'is_start': '2023-01-02', 'is_end': '2025-12-31', 'oos_start': '2025-01-02', 'oos_end': '2026-09-01'}","{'ret_pct': 22.511423929347817, 'excess_pct': -9.103115377499151, 'sharpe': 0.37022353729876145, 'mdd_pct': 24.566606736814776, 'n_days': 715}","{'ret_pct': 18.813786095451768, 'excess_pct': -30.21103659958373, 'sharpe': 0.5725279831854003, 'mdd_pct': 26.121133142818675, 'n_days': 403}",36.84210526315789,0.38081440877055606,0.5725279831854003,-30.21103659958373,18.813786095451768,826
买2/止3,0.02,0.03,yin_or_small_yang,42.857142857142854,28,sz159848,159848,证券ETF国联安,A,"{'is_start': '2023-01-02', 'is_end': '2025-12-31', 'oos_start': '2025-01-02', 'oos_end': '2026-09-01'}","{'ret_pct': 44.97016362629018, 'excess_pct': 7.058861766490487, 'sharpe': 0.5623024009298381, 'mdd_pct': 21.90944196606388, 'n_days': 727}","{'ret_pct': -4.136104664941509, 'excess_pct': -4.022725980134245, 'sharpe': -0.11576216772727214, 'mdd_pct': 26.339049911358494, 'n_days': 403}",42.857142857142854,0.380814408770556,-0.11576216772727214,-4.022725980134245,-4.136104664941509,827
sym±2%,0.02,0.02,yin_or_small_yang,51.85185185185185,27,sh513810,513810,港股国企ETF华夏,B,"{'is_start': '2025-01-02', 'is_end': '2025-12-31', 'oos_start': '2026-01-02', 'oos_end': '2026-09-01'}","{'ret_pct': 12.103885572945504, 'excess_pct': -15.350102157115831, 'sharpe': 0.9364718794617994, 'mdd_pct': 9.475683395096457, 'n_days': 243}","{'ret_pct': -3.1082676437323875, 'excess_pct': -8.568208296551372, 'sharpe': -0.4652098647598454, 'mdd_pct': 7.947863966126434, 'n_days': 160}",51.85185185185185,0.3806577916992952,-0.4652098647598454,-8.568208296551372,-3.1082676437323875,828
买2/止2.5,0.02,0.025,yin_or_small_yang,45.45454545454545,11,sh513170,513170,恒生央企ETF鹏华,B,"{'is_start': '2025-01-02', 'is_end': '2025-12-31', 'oos_start': '2026-01-02', 'oos_end': '2026-09-01'}","{'ret_pct': 28.925531823386287, 'excess_pct': 2.114540982420454, 'sharpe': 2.2746977823947767, 'mdd_pct': 9.077968710014407, 'n_days': 243}","{'ret_pct': -1.5307285649335367, 'excess_pct': -6.960592818327205, 'sharpe': -0.2069524706773489, 'mdd_pct': 12.315862908191855, 'n_days': 160}",45.45454545454545,0.38057948316366486,-0.2069524706773489,-6.960592818327205,-1.5307285649335367,829
sym±2%,0.02,0.02,yin_or_small_yang,37.5,24,sh512160,512160,MSCI中国A股ETF南方,A,"{'is_start': '2023-01-02', 'is_end': '2025-12-31', 'oos_start': '2025-01-02', 'oos_end': '2026-09-01'}","{'ret_pct': 1.2923554792762193, 'excess_pct': -3.021647349578127, 'sharpe': 0.027097397814059964, 'mdd_pct': 25.791220244660252, 'n_days': 727}","{'ret_pct': 9.76688231118452, 'excess_pct': -22.082432757308634, 'sharpe': 0.5647487524131597, 'mdd_pct': 13.884120387023724, 'n_days': 403}",37.5,0.38057948316366486,0.5647487524131597,-22.082432757308634,9.76688231118452,830
买2/止3,0.02,0.03,yin_or_small_yang,60.0,5,sh563550,563550,A500增强ETF摩根,B,"{'is_start': '2025-05-16', 'is_end': '2025-12-31', 'oos_start': '2026-01-02', 'oos_end': '2026-09-01'}","{'ret_pct': 10.213240482095998, 'excess_pct': -11.919556298588098, 'sharpe': 1.5777013198166303, 'mdd_pct': 5.55467622872623, 'n_days': 157}","{'ret_pct': -6.597154967130658, 'excess_pct': -9.018462473183908, 'sharpe': -0.5571704378934296, 'mdd_pct': 16.13707884852107, 'n_days': 160}",60.0,0.3804228660924041,-0.5571704378934296,-9.018462473183908,-6.597154967130658,831
买2.5/止3.5,0.025,0.035,yin_or_small_yang,38.88888888888889,18,sz159370,159370,创50ETF工银,B,"{'is_start': '2025-01-20', 'is_end': '2025-12-31', 'oos_start': '2026-01-02', 'oos_end': '2026-09-01'}","{'ret_pct': 25.58466211018242, 'excess_pct': -37.522134006322425, 'sharpe': 0.9653071980623344, 'mdd_pct': 29.54940961508008, 'n_days': 231}","{'ret_pct': -0.33317772418193226, 'excess_pct': -4.4586861495160335, 'sharpe': -0.01845781261302825, 'mdd_pct': 18.975503017947617, 'n_days': 160}",38.88888888888889,0.379796397807361,-0.01845781261302825,-4.4586861495160335,-0.33317772418193226,832
买3/止4,0.03,0.04,yin_or_small_yang,50.0,2,sh510040,510040,上证180ETF鹏华,B,"{'is_start': '2025-01-06', 'is_end': '2025-12-31', 'oos_start': '2026-01-02', 'oos_end': '2026-09-01'}","{'ret_pct': 18.7438535589888, 'excess_pct': -4.582506273647201, 'sharpe': 1.9061803330448188, 'mdd_pct': 4.01334726841982, 'n_days': 241}","{'ret_pct': -6.176032078830951, 'excess_pct': -3.513802461526472, 'sharpe': -0.6725037675929848, 'mdd_pct': 10.464733104144852, 'n_days': 160}",50.0,0.3790133124510572,-0.6725037675929848,-3.513802461526472,-6.176032078830951,833
买2/止3,0.02,0.03,yin_or_small_yang,54.54545454545454,33,sh588930,588930,科创人工智能ETF银华,B,"{'is_start': '2025-01-14', 'is_end': '2025-12-31', 'oos_start': '2026-01-02', 'oos_end': '2026-09-01'}","{'ret_pct': 69.95505210448638, 'excess_pct': 21.645873360525037, 'sharpe': 2.4520973699885347, 'mdd_pct': 20.335514334412785, 'n_days': 235}","{'ret_pct': -9.067431019014748, 'excess_pct': -8.06992478460078, 'sharpe': -0.37136773305545223, 'mdd_pct': 28.643297319107617, 'n_days': 160}",54.54545454545454,0.3788566953797964,-0.37136773305545223,-8.06992478460078,-9.067431019014748,834
sym±3%,0.03,0.03,yin_or_small_yang,60.0,5,sh560020,560020,红利ETF汇添富,B,"{'is_start': '2025-01-02', 'is_end': '2025-12-31', 'oos_start': '2026-01-02', 'oos_end': '2026-09-01'}","{'ret_pct': 2.590493970130159, 'excess_pct': 1.748585644592282, 'sharpe': 0.45642366743010926, 'mdd_pct': 3.910367378491175, 'n_days': 243}","{'ret_pct': -4.664459443810398, 'excess_pct': -11.145940925291864, 'sharpe': -0.5258823809875504, 'mdd_pct': 16.30121725799445, 'n_days': 160}",60.0,0.3788566953797964,-0.5258823809875504,-11.145940925291864,-4.664459443810398,835
买3/止2.5,0.03,0.025,yin_or_small_yang,50.0,50,sh515000,515000,科技ETF华宝,A,"{'is_start': '2023-01-02', 'is_end': '2025-12-31', 'oos_start': '2025-01-02', 'oos_end': '2026-09-01'}","{'ret_pct': -10.669418874799174, 'excess_pct': 4.780496235557365, 'sharpe': -0.10718439114713312, 'mdd_pct': 50.18639673293972, 'n_days': 727}","{'ret_pct': -7.350541014804756, 'excess_pct': -10.21450282864723, 'sharpe': -0.09776089414514917, 'mdd_pct': 50.18639673293972, 'n_days': 403}",50.0,0.3788566953797964,-0.09776089414514917,-10.21450282864723,-7.350541014804756,836
买3/止2.5,0.03,0.025,yin_or_small_yang,50.0,4,sz159919,159919,沪深300ETF嘉实,A,"{'is_start': '2023-01-02', 'is_end': '2025-12-31', 'oos_start': '2025-01-02', 'oos_end': '2026-09-01'}","{'ret_pct': 19.606404536910695, 'excess_pct': -2.503385495975728, 'sharpe': 0.7121597565546351, 'mdd_pct': 12.832680656549567, 'n_days': 727}","{'ret_pct': 0.0, 'excess_pct': -22.102897102897124, 'sharpe': 0.0, 'mdd_pct': 0.0, 'n_days': 403}",50.0,0.37858261550509004,0.0,-22.102897102897124,0.0,837
买2/止3,0.02,0.03,yin_or_small_yang,41.17647058823529,17,sz159587,159587,粮食ETF广发,B,"{'is_start': '2025-01-02', 'is_end': '2025-12-31', 'oos_start': '2026-01-02', 'oos_end': '2026-09-01'}","{'ret_pct': 4.599785631371023, 'excess_pct': -14.405542965431817, 'sharpe': 0.2809972027079414, 'mdd_pct': 15.500582601120716, 'n_days': 242}","{'ret_pct': -6.770723499227382, 'excess_pct': 1.389513889496663, 'sharpe': -0.3758777265697354, 'mdd_pct': 29.035997751463537, 'n_days': 159}",41.17647058823529,0.3785434612372749,-0.3758777265697354,1.389513889496663,-6.770723499227382,838
sym±3%,0.03,0.03,yin_or_small_yang,40.0,15,sh562600,562600,医疗器械ETF华夏,B,"{'is_start': '2025-01-02', 'is_end': '2025-12-31', 'oos_start': '2026-01-02', 'oos_end': '2026-09-01'}","{'ret_pct': -6.3420276313590485, 'excess_pct': -6.459952159660931, 'sharpe': -0.4795482259026958, 'mdd_pct': 14.297633714169855, 'n_days': 243}","{'ret_pct': -6.997653805824145, 'excess_pct': 6.658733859374099, 'sharpe': -0.6422318643288714, 'mdd_pct': 15.489316274486631, 'n_days': 160}",40.0,0.37823022709475335,-0.6422318643288714,6.658733859374099,-6.997653805824145,839
买2.5/止3.5,0.025,0.035,yin_or_small_yang,50.0,8,sh517000,517000,沪港深500ETF银华,A,"{'is_start': '2023-01-02', 'is_end': '2025-12-31', 'oos_start': '2025-01-02', 'oos_end': '2026-09-01'}","{'ret_pct': 31.116010781314564, 'excess_pct': -5.747259996165319, 'sharpe': 0.6521561301132183, 'mdd_pct': 16.81609836744994, 'n_days': 727}","{'ret_pct': 0.6489785824045358, 'excess_pct': -26.911071986495582, 'sharpe': 0.027250468809932274, 'mdd_pct': 16.81609836744994, 'n_days': 403}",50.0,0.3768206734534064,0.027250468809932274,-26.911071986495582,0.6489785824045358,840
sym±2%,0.02,0.02,yin_or_small_yang,44.666666666666664,150,sz159851,159851,金融科技ETF华宝,A,"{'is_start': '2023-01-02', 'is_end': '2025-12-31', 'oos_start': '2025-01-02', 'oos_end': '2026-09-01'}","{'ret_pct': 117.18082878450144, 'excess_pct': 132.88659419205612, 'sharpe': 0.7249364709586402, 'mdd_pct': 50.85730017266455, 'n_days': 727}","{'ret_pct': -45.67959886433021, 'excess_pct': 7.614691033180776, 'sharpe': -0.6502991856491566, 'mdd_pct': 54.413447413512706, 'n_days': 403}",44.666666666666664,0.37642913077525453,-0.6502991856491566,7.614691033180776,-45.67959886433021,841
买2/止2.5,0.02,0.025,yin_or_small_yang,55.55555555555556,9,sz159592,159592,A50ETF银华,B,"{'is_start': '2025-01-02', 'is_end': '2025-12-31', 'oos_start': '2026-01-02', 'oos_end': '2026-09-01'}","{'ret_pct': 17.871476052932955, 'excess_pct': -2.3287059306885247, 'sharpe': 1.2922469633464284, 'mdd_pct': 10.638899468350683, 'n_days': 243}","{'ret_pct': -6.812355538319103, 'excess_pct': -6.590462047194823, 'sharpe': -0.6679391229883314, 'mdd_pct': 9.33666310609933, 'n_days': 160}",55.55555555555556,0.3763508222396241,-0.6679391229883314,-6.590462047194823,-6.812355538319103,842
买3/止2.5,0.03,0.025,yin_or_small_yang,47.368421052631575,19,sz159647,159647,中药ETF鹏华,A,"{'is_start': '2023-01-02', 'is_end': '2025-12-31', 'oos_start': '2025-01-02', 'oos_end': '2026-09-01'}","{'ret_pct': 26.777113713435853, 'excess_pct': 36.292039086570185, 'sharpe': 0.5823829282492393, 'mdd_pct': 13.932327612055662, 'n_days': 727}","{'ret_pct': -9.977166872547105, 'excess_pct': -0.04808885836270527, 'sharpe': -0.691606062174384, 'mdd_pct': 10.834148425939482, 'n_days': 403}",47.368421052631575,0.3762725137039937,-0.691606062174384,-0.04808885836270527,-9.977166872547105,843
买2.5/止3.5,0.025,0.035,yin_or_small_yang,47.05882352941176,17,sz159676,159676,创业板增强ETF富国,B,"{'is_start': '2025-01-02', 'is_end': '2025-12-31', 'oos_start': '2026-01-02', 'oos_end': '2026-09-01'}","{'ret_pct': 57.11603320598149, 'excess_pct': -7.44092881933495, 'sharpe': 2.414963677845915, 'mdd_pct': 17.126404606541858, 'n_days': 243}","{'ret_pct': -2.115080475360964, 'excess_pct': -11.398356925872887, 'sharpe': -0.11267081074361357, 'mdd_pct': 20.54708880789181, 'n_days': 160}",47.05882352941176,0.3736883320281911,-0.11267081074361357,-11.398356925872887,-2.115080475360964,844
买2.5/止3.5,0.025,0.035,yin_or_small_yang,44.827586206896555,29,sh512200,512200,房地产ETF南方,A,"{'is_start': '2023-01-02', 'is_end': '2025-12-31', 'oos_start': '2025-01-02', 'oos_end': '2026-09-01'}","{'ret_pct': 183.47204553021297, 'excess_pct': 76.99821632911102, 'sharpe': 0.4237563591543897, 'mdd_pct': 38.772387638415665, 'n_days': 727}","{'ret_pct': -14.69784821480864, 'excess_pct': 0.3925551231607418, 'sharpe': -0.4341996470037543, 'mdd_pct': 30.742540702448164, 'n_days': 403}",44.827586206896555,0.3734534064212999,-0.4341996470037543,0.3925551231607418,-14.69784821480864,845
买3/止4,0.03,0.04,yin_or_small_yang,60.0,5,sz159928,159928,消费ETF汇添富,A,"{'is_start': '2023-01-02', 'is_end': '2025-12-31', 'oos_start': '2025-01-02', 'oos_end': '2026-09-01'}","{'ret_pct': -10.949507261949776, 'excess_pct': 11.684639079513627, 'sharpe': -0.21781914622684503, 'mdd_pct': 34.70846331793658, 'n_days': 727}","{'ret_pct': -20.134412507471634, 'excess_pct': -3.488605248397782, 'sharpe': -0.7892199107683032, 'mdd_pct': 31.422900216304896, 'n_days': 403}",60.0,0.37290524667188724,-0.7892199107683032,-3.488605248397782,-20.134412507471634,846
买3/止4,0.03,0.04,yin_or_small_yang,50.0,6,sh515310,515310,沪深300ETF汇添富,A,"{'is_start': '2023-01-02', 'is_end': '2025-12-31', 'oos_start': '2025-01-02', 'oos_end': '2026-09-01'}","{'ret_pct': 41.93188175423652, 'excess_pct': 14.625608691505931, 'sharpe': 1.0599608980729514, 'mdd_pct': 11.897567165588086, 'n_days': 727}","{'ret_pct': 0.0, 'excess_pct': -24.551971326164846, 'sharpe': 0.0, 'mdd_pct': 0.0, 'n_days': 403}",50.0,0.372239624119029,0.0,-24.551971326164846,0.0,847
买2/止2.5,0.02,0.025,yin_or_small_yang,33.33333333333333,6,sz159549,159549,红利低波ETF天弘,B,"{'is_start': '2025-01-02', 'is_end': '2025-12-31', 'oos_start': '2026-01-02', 'oos_end': '2026-09-01'}","{'ret_pct': 7.890557285922428, 'excess_pct': 2.5255616834598094, 'sharpe': 1.1743849271981637, 'mdd_pct': 5.067837263792185, 'n_days': 243}","{'ret_pct': -1.2324284506169736, 'excess_pct': -0.31576178395033017, 'sharpe': -0.1633646905628161, 'mdd_pct': 12.429647562019653, 'n_days': 160}",33.33333333333333,0.37086922474549733,-0.1633646905628161,-0.31576178395033017,-1.2324284506169736,848
买2.5/止3.5,0.025,0.035,yin_or_small_yang,42.857142857142854,7,sz159350,159350,深证50ETF富国,B,"{'is_start': '2025-01-02', 'is_end': '2025-12-31', 'oos_start': '2026-01-02', 'oos_end': '2026-09-01'}","{'ret_pct': 30.66588281522289, 'excess_pct': -0.5677129853020269, 'sharpe': 1.5781476587963406, 'mdd_pct': 14.762719030466076, 'n_days': 243}","{'ret_pct': -2.597233408025268, 'excess_pct': -4.695594063762987, 'sharpe': -0.16996670346572845, 'mdd_pct': 16.606123443969302, 'n_days': 160}",42.857142857142854,0.3706342991386062,-0.16996670346572845,-4.695594063762987,-2.597233408025268,849
sym±2%,0.02,0.02,yin_or_small_yang,41.17647058823529,34,sz159656,159656,沪深300成长ETF万家,A,"{'is_start': '2023-01-02', 'is_end': '2025-12-31', 'oos_start': '2025-01-02', 'oos_end': '2026-09-01'}","{'ret_pct': 42.69411830372485, 'excess_pct': 32.37279405834997, 'sharpe': 0.786725231389283, 'mdd_pct': 15.7202066754342, 'n_days': 718}","{'ret_pct': 12.081875747037628, 'excess_pct': -35.77614138882528, 'sharpe': 0.4512767661375666, 'mdd_pct': 17.01858495549471, 'n_days': 403}",41.17647058823529,0.3703210649960845,0.4512767661375666,-35.77614138882528,12.081875747037628,850
买2/止2.5,0.02,0.025,yin_or_small_yang,60.0,5,sh562080,562080,300现金流ETF华宝,B,"{'is_start': '2025-04-15', 'is_end': '2025-12-31', 'oos_start': '2026-01-02', 'oos_end': '2026-09-01'}","{'ret_pct': -44.582366198982385, 'excess_pct': -5.335587209884274, 'sharpe': -0.9851455138748287, 'mdd_pct': 49.8596306961794, 'n_days': 177}","{'ret_pct': -6.597336125230358, 'excess_pct': -9.37058245475727, 'sharpe': -0.6427364508788235, 'mdd_pct': 20.880009232832066, 'n_days': 160}",60.0,0.37016444792482384,-0.6427364508788235,-9.37058245475727,-6.597336125230358,851
sym±2%,0.02,0.02,yin_or_small_yang,44.44444444444444,18,sz159211,159211,深证100ETF富国,B,"{'is_start': '2025-04-14', 'is_end': '2025-12-31', 'oos_start': '2026-01-02', 'oos_end': '2026-09-01'}","{'ret_pct': 14.061981642214395, 'excess_pct': -22.01334045887582, 'sharpe': 1.7647307941808257, 'mdd_pct': 5.851429483003523, 'n_days': 178}","{'ret_pct': -2.730964474530173, 'excess_pct': -5.232751465237817, 'sharpe': -0.2442261380609333, 'mdd_pct': 14.320440896909158, 'n_days': 159}",44.44444444444444,0.3700078308535631,-0.2442261380609333,-5.232751465237817,-2.730964474530173,852
买2/止3,0.02,0.03,yin_or_small_yang,48.148148148148145,27,sh588850,588850,科创机械ETF嘉实,B,"{'is_start': '2025-04-24', 'is_end': '2025-12-31', 'oos_start': '2026-01-02', 'oos_end': '2026-09-01'}","{'ret_pct': 28.31695146339839, 'excess_pct': -7.186007116483275, 'sharpe': 2.155697899370747, 'mdd_pct': 11.962343174512158, 'n_days': 170}","{'ret_pct': 2.3876846905747096, 'excess_pct': -29.927656218516212, 'sharpe': 0.08972788252963874, 'mdd_pct': 37.113339988456175, 'n_days': 160}",48.148148148148145,0.36938136256851994,0.08972788252963874,-29.927656218516212,2.3876846905747096,853
买2.5/止3.5,0.025,0.035,yin_or_small_yang,50.0,16,sh512880,512880,证券ETF国泰,A,"{'is_start': '2023-01-02', 'is_end': '2025-12-31', 'oos_start': '2025-01-02', 'oos_end': '2026-09-01'}","{'ret_pct': 82.37333143954852, 'excess_pct': 42.21129440251148, 'sharpe': 0.9140267286035537, 'mdd_pct': 24.019996711515425, 'n_days': 727}","{'ret_pct': -8.28396674349775, 'excess_pct': -8.193550830297035, 'sharpe': -0.23274411211064017, 'mdd_pct': 30.115030923010387, 'n_days': 403}",50.0,0.36922474549725914,-0.23274411211064017,-8.193550830297035,-8.28396674349775,854
买3/止2.5,0.03,0.025,yin_or_small_yang,40.0,20,sh515170,515170,食品饮料ETF华夏,A,"{'is_start': '2023-01-02', 'is_end': '2025-12-31', 'oos_start': '2025-01-02', 'oos_end': '2026-09-01'}","{'ret_pct': 24.502985656857646, 'excess_pct': 50.94593867699187, 'sharpe': 0.47024536175281123, 'mdd_pct': 21.38642272022192, 'n_days': 727}","{'ret_pct': -13.502677634322724, 'excess_pct': 7.216500447869043, 'sharpe': -0.5748580802861569, 'mdd_pct': 27.075379993042723, 'n_days': 403}",40.0,0.3670321064996085,-0.5748580802861569,7.216500447869043,-13.502677634322724,855
买2.5/止3.5,0.025,0.035,yin_or_small_yang,60.60606060606061,33,sz159540,159540,信创ETF易方达,B,"{'is_start': '2025-01-02', 'is_end': '2025-12-31', 'oos_start': '2026-01-02', 'oos_end': '2026-09-01'}","{'ret_pct': 63.858435650271986, 'excess_pct': 23.91181643319016, 'sharpe': 2.3488724231674816, 'mdd_pct': 15.323641437497503, 'n_days': 243}","{'ret_pct': -4.195391258330861, 'excess_pct': -24.146581008178327, 'sharpe': -0.15700502338980243, 'mdd_pct': 29.678092158490376, 'n_days': 160}",60.60606060606061,0.3667188723570869,-0.15700502338980243,-24.146581008178327,-4.195391258330861,856
买2.5/止3.5,0.025,0.035,yin_or_small_yang,50.0,4,sz159362,159362,A500ETF工银,B,"{'is_start': '2025-01-02', 'is_end': '2025-12-31', 'oos_start': '2026-01-02', 'oos_end': '2026-09-01'}","{'ret_pct': 31.201397179852798, 'excess_pct': 1.067238253124227, 'sharpe': 2.3576410205751235, 'mdd_pct': 8.614050048423517, 'n_days': 243}","{'ret_pct': -5.633187353767477, 'excess_pct': -7.732720790781467, 'sharpe': -0.42084694438172554, 'mdd_pct': 13.391583367295501, 'n_days': 160}",50.0,0.36656225528582614,-0.42084694438172554,-7.732720790781467,-5.633187353767477,857
sym±2%,0.02,0.02,yin_or_small_yang,56.81818181818182,44,sh589020,589020,科创半导体设备ETF鹏华,B,"{'is_start': '2025-09-04', 'is_end': '2025-12-31', 'oos_start': '2026-01-02', 'oos_end': '2026-09-01'}","{'ret_pct': 34.33990822243844, 'excess_pct': 1.7335832497012262, 'sharpe': 4.4336468698883, 'mdd_pct': 9.961928511533802, 'n_days': 79}","{'ret_pct': -14.48822673371879, 'excess_pct': -10.563579951929158, 'sharpe': -0.2647992556778103, 'mdd_pct': 57.36215576238246, 'n_days': 160}",56.81818181818182,0.3662490211433046,-0.2647992556778103,-10.563579951929158,-14.48822673371879,858
买2.5/止3.5,0.025,0.035,yin_or_small_yang,43.58974358974359,39,sz159804,159804,创中盘88ETF国寿,A,"{'is_start': '2023-01-02', 'is_end': '2025-12-31', 'oos_start': '2025-01-02', 'oos_end': '2026-09-01'}","{'ret_pct': 64.32475927045331, 'excess_pct': 31.82924760079444, 'sharpe': 0.6310088624850406, 'mdd_pct': 25.294229307219716, 'n_days': 727}","{'ret_pct': 10.8902082933221, 'excess_pct': -40.98880178917106, 'sharpe': 0.25070740824482324, 'mdd_pct': 22.619525262043528, 'n_days': 403}",43.58974358974359,0.3652310101801096,0.25070740824482324,-40.98880178917106,10.8902082933221,859
买3/止2.5,0.03,0.025,yin_or_small_yang,30.0,20,sh561500,561500,漂亮50ETF华泰柏瑞,A,"{'is_start': '2023-01-02', 'is_end': '2025-12-31', 'oos_start': '2025-01-02', 'oos_end': '2026-09-01'}","{'ret_pct': 28.578619961972418, 'excess_pct': 16.98243988011705, 'sharpe': 0.5934839458070486, 'mdd_pct': 14.607321991907673, 'n_days': 727}","{'ret_pct': 10.396444249762915, 'excess_pct': -20.497864693326505, 'sharpe': 0.5860089257900152, 'mdd_pct': 8.69985764340705, 'n_days': 403}",30.0,0.36515270164447927,0.5860089257900152,-20.497864693326505,10.396444249762915,860
买3/止4,0.03,0.04,yin_or_small_yang,50.0,10,sz159553,159553,中证2000增强ETF海富通,B,"{'is_start': '2025-01-02', 'is_end': '2025-12-31', 'oos_start': '2026-01-02', 'oos_end': '2026-09-01'}","{'ret_pct': 52.64288851093839, 'excess_pct': -6.114661100795878, 'sharpe': 2.8070168178546147, 'mdd_pct': 7.199060841528704, 'n_days': 242}","{'ret_pct': -6.590090334676779, 'excess_pct': -6.11034619821622, 'sharpe': -0.5099940846507801, 'mdd_pct': 19.869552494161947, 'n_days': 160}",50.0,0.3649177760375881,-0.5099940846507801,-6.11034619821622,-6.590090334676779,861
买2/止2.5,0.02,0.025,yin_or_small_yang,38.46153846153847,13,sz159302,159302,港股高股息ETF银华,B,"{'is_start': '2025-01-02', 'is_end': '2025-12-31', 'oos_start': '2026-01-02', 'oos_end': '2026-09-01'}","{'ret_pct': 18.637076911784888, 'excess_pct': 2.016323927395547, 'sharpe': 1.7464122784756155, 'mdd_pct': 9.50916202630675, 'n_days': 243}","{'ret_pct': -0.26035731092310943, 'excess_pct': -5.61890735032422, 'sharpe': -0.04800182002511208, 'mdd_pct': 7.443697627644186, 'n_days': 160}",38.46153846153847,0.3647611589663273,-0.04800182002511208,-5.61890735032422,-0.26035731092310943,862
买2/止3,0.02,0.03,yin_or_small_yang,35.714285714285715,56,sh516960,516960,机械ETF国泰,A,"{'is_start': '2023-01-02', 'is_end': '2025-12-31', 'oos_start': '2025-01-02', 'oos_end': '2026-09-01'}","{'ret_pct': -4.3906641552189924, 'excess_pct': -5.830993373325987, 'sharpe': -0.07097575769631928, 'mdd_pct': 41.720839687170475, 'n_days': 727}","{'ret_pct': 6.315852511076225, 'excess_pct': -12.288798651714504, 'sharpe': 0.17883493193500055, 'mdd_pct': 27.164188087687258, 'n_days': 403}",35.714285714285715,0.3646045418950666,0.17883493193500055,-12.288798651714504,6.315852511076225,863
sym±2%,0.02,0.02,yin_or_small_yang,42.857142857142854,21,sh512380,512380,MSCI中国ETF银华,A,"{'is_start': '2023-01-02', 'is_end': '2025-12-31', 'oos_start': '2025-01-02', 'oos_end': '2026-09-01'}","{'ret_pct': 13.735393690437059, 'excess_pct': -9.472008005785005, 'sharpe': 0.33018913466956085, 'mdd_pct': 23.114333832717993, 'n_days': 727}","{'ret_pct': 3.829491182217293, 'excess_pct': -21.422251652794323, 'sharpe': 0.19263792491490409, 'mdd_pct': 15.79144027595607, 'n_days': 403}",42.857142857142854,0.3641346906812843,0.19263792491490409,-21.422251652794323,3.829491182217293,864
买2/止2.5,0.02,0.025,yin_or_small_yang,50.0,10,sh530000,530000,上证50ETF天弘,B,"{'is_start': '2025-01-02', 'is_end': '2025-12-31', 'oos_start': '2026-01-02', 'oos_end': '2026-09-01'}","{'ret_pct': 20.503599424396988, 'excess_pct': 0.9124580274634226, 'sharpe': 1.8498568914076163, 'mdd_pct': 4.797267746764944, 'n_days': 243}","{'ret_pct': -6.873155008584453, 'excess_pct': -3.8133497234662306, 'sharpe': -0.7644075793362004, 'mdd_pct': 10.745062266681272, 'n_days': 160}",50.0,0.3639780736100235,-0.7644075793362004,-3.8133497234662306,-6.873155008584453,865
买2/止3,0.02,0.03,yin_or_small_yang,44.44444444444444,9,sh560810,560810,央企ESGETF融通,B,"{'is_start': '2025-01-02', 'is_end': '2025-12-31', 'oos_start': '2026-01-02', 'oos_end': '2026-09-01'}","{'ret_pct': 30.483573793769647, 'excess_pct': 17.73948335183748, 'sharpe': 1.711101929970832, 'mdd_pct': 10.461564538256251, 'n_days': 243}","{'ret_pct': 0.2703834711869746, 'excess_pct': -15.93123669082923, 'sharpe': 0.020669817309135093, 'mdd_pct': 16.72502857162189, 'n_days': 160}",44.44444444444444,0.36327329678935,0.020669817309135093,-15.93123669082923,0.2703834711869746,866
买3/止4,0.03,0.04,yin_or_small_yang,33.33333333333333,3,sh560330,560330,沪深300价值ETF申万菱信,B,"{'is_start': '2025-01-02', 'is_end': '2025-12-31', 'oos_start': '2026-01-02', 'oos_end': '2026-09-01'}","{'ret_pct': 8.722842127438636, 'excess_pct': -3.280688322693747, 'sharpe': 0.8220515522237494, 'mdd_pct': 7.550846173968873, 'n_days': 243}","{'ret_pct': -2.096520087700915, 'excess_pct': 0.09440322998296446, 'sharpe': -0.2407585389781772, 'mdd_pct': 11.343994738579145, 'n_days': 160}",33.33333333333333,0.36233359436178547,-0.2407585389781772,0.09440322998296446,-2.096520087700915,867
买2/止3,0.02,0.03,yin_or_small_yang,100.0,1,sz159235,159235,中证现金流ETF大成,B,"{'is_start': '2025-04-30', 'is_end': '2025-12-31', 'oos_start': '2026-01-02', 'oos_end': '2026-09-01'}","{'ret_pct': 8.249205845462381, 'excess_pct': -20.43766284140631, 'sharpe': 1.2701991429717092, 'mdd_pct': 5.1976514855681994, 'n_days': 166}","{'ret_pct': 12.770061965379952, 'excess_pct': 15.895061965379952, 'sharpe': 1.7585143308425728, 'mdd_pct': 5.01775413122062, 'n_days': 160}",100.0,0.3618637431480032,1.7585143308425728,15.895061965379952,12.770061965379952,868
sym±2%,0.02,0.02,yin_or_small_yang,50.0,6,sh530080,530080,上证180ETF天弘,B,"{'is_start': '2025-01-23', 'is_end': '2025-12-31', 'oos_start': '2026-01-02', 'oos_end': '2026-09-01'}","{'ret_pct': 24.18745079815361, 'excess_pct': 0.9480141784352867, 'sharpe': 3.1627496831733244, 'mdd_pct': 3.1103338406717196, 'n_days': 228}","{'ret_pct': -5.365571654993562, 'excess_pct': -4.884802424224333, 'sharpe': -0.7203842402058722, 'mdd_pct': 11.150608522069817, 'n_days': 160}",50.0,0.36139389193422083,-0.7203842402058722,-4.884802424224333,-5.365571654993562,869
买2/止3,0.02,0.03,yin_or_small_yang,37.03703703703704,27,sz159706,159706,深证100ETF华安,A,"{'is_start': '2023-01-02', 'is_end': '2025-12-31', 'oos_start': '2025-01-02', 'oos_end': '2026-09-01'}","{'ret_pct': 19.753543793235085, 'excess_pct': -0.4348815095912997, 'sharpe': 0.36161977206217627, 'mdd_pct': 27.98680979947512, 'n_days': 727}","{'ret_pct': 11.998664542903548, 'excess_pct': -23.381452416160784, 'sharpe': 0.37152471004025706, 'mdd_pct': 22.401545399766242, 'n_days': 403}",37.03703703703704,0.36061080657791705,0.37152471004025706,-23.381452416160784,11.998664542903548,870
买2.5/止3.5,0.025,0.035,yin_or_small_yang,50.0,12,sh510680,510680,上证50ETF万家,A,"{'is_start': '2023-01-02', 'is_end': '2025-12-31', 'oos_start': '2025-01-02', 'oos_end': '2026-09-01'}","{'ret_pct': 18.113171214067926, 'excess_pct': -6.598145183160732, 'sharpe': 0.38157457926389804, 'mdd_pct': 23.245179670929016, 'n_days': 727}","{'ret_pct': -1.8507890404456662, 'excess_pct': -20.12996186171596, 'sharpe': -0.08988601680274867, 'mdd_pct': 17.827414784510644, 'n_days': 403}",50.0,0.3600626468285043,-0.08988601680274867,-20.12996186171596,-1.8507890404456662,871
sym±2.5%仅阴,0.025,0.025,yin_only,37.5,8,sz159517,159517,中证800增强ETF银华,B,"{'is_start': '2025-01-02', 'is_end': '2025-12-31', 'oos_start': '2026-01-02', 'oos_end': '2026-09-01'}","{'ret_pct': 7.970453464396687, 'excess_pct': -14.674646440455842, 'sharpe': 1.3954280506902983, 'mdd_pct': 3.415872301137546, 'n_days': 242}","{'ret_pct': -0.6026120643632726, 'excess_pct': -5.1862637068384565, 'sharpe': -0.07214308061851428, 'mdd_pct': 8.245250735742893, 'n_days': 160}",37.5,0.35857478465152703,-0.07214308061851428,-5.1862637068384565,-0.6026120643632726,872
sym±2%,0.02,0.02,yin_or_small_yang,44.642857142857146,56,sh512870,512870,杭州湾区ETF南华,A,"{'is_start': '2023-01-02', 'is_end': '2025-12-31', 'oos_start': '2025-01-02', 'oos_end': '2026-09-01'}","{'ret_pct': 38.123196742566925, 'excess_pct': 38.61168243691446, 'sharpe': 0.577866080805761, 'mdd_pct': 28.41062184404164, 'n_days': 695}","{'ret_pct': 3.662438848396521, 'excess_pct': -26.169864770314888, 'sharpe': 0.10998353582354134, 'mdd_pct': 16.661341263421626, 'n_days': 403}",44.642857142857146,0.35818324197337514,0.10998353582354134,-26.169864770314888,3.662438848396521,873
sym±2.5%,0.025,0.025,yin_or_small_yang,33.33333333333333,3,sz159365,159365,恒指港股通ETF富国,B,"{'is_start': '2025-06-30', 'is_end': '2025-12-31', 'oos_start': '2026-01-02', 'oos_end': '2026-09-01'}","{'ret_pct': -0.644031697103975, 'excess_pct': -4.739935793008076, 'sharpe': -0.229099569575787, 'mdd_pct': 2.897614139529603, 'n_days': 127}","{'ret_pct': -1.9781657995189939, 'excess_pct': 4.107976522578404, 'sharpe': -0.5841372796329556, 'mdd_pct': 3.61667139059475, 'n_days': 160}",33.33333333333333,0.35779169929522325,-0.5841372796329556,4.107976522578404,-1.9781657995189939,874
买2/止2.5,0.02,0.025,yin_or_small_yang,41.66666666666667,12,sh520990,520990,港股央企红利ETF景顺,B,"{'is_start': '2025-01-02', 'is_end': '2025-12-31', 'oos_start': '2026-01-02', 'oos_end': '2026-09-01'}","{'ret_pct': -0.7677868453147885, 'excess_pct': -7.642115524154757, 'sharpe': -0.08403897354449776, 'mdd_pct': 10.668632535995249, 'n_days': 243}","{'ret_pct': -2.224739347224891, 'excess_pct': -4.138133103518937, 'sharpe': -0.2653686944136901, 'mdd_pct': 16.441834900629438, 'n_days': 160}",41.66666666666667,0.357556773688332,-0.2653686944136901,-4.138133103518937,-2.224739347224891,875
sym±2%,0.02,0.02,yin_or_small_yang,35.714285714285715,42,sz159642,159642,碳中和ETF大成,A,"{'is_start': '2023-01-02', 'is_end': '2025-12-31', 'oos_start': '2025-01-02', 'oos_end': '2026-09-01'}","{'ret_pct': 15.401705928733467, 'excess_pct': -10.354037723019882, 'sharpe': 0.3271897943218396, 'mdd_pct': 30.23375790840396, 'n_days': 727}","{'ret_pct': 8.334627873579592, 'excess_pct': -18.179504024132378, 'sharpe': 0.3272887471516615, 'mdd_pct': 20.982235803173488, 'n_days': 403}",35.714285714285715,0.35747846515270165,0.3272887471516615,-18.179504024132378,8.334627873579592,876
sym±2%,0.02,0.02,yin_or_small_yang,50.0,48,sz159316,159316,港股通创新药ETF易方达,B,"{'is_start': '2025-03-26', 'is_end': '2025-12-31', 'oos_start': '2026-01-02', 'oos_end': '2026-09-01'}","{'ret_pct': 25.28061573948801, 'excess_pct': -5.248979276088317, 'sharpe': 1.2342527923964237, 'mdd_pct': 17.041828897933755, 'n_days': 190}","{'ret_pct': -14.320210605369999, 'excess_pct': -1.6409653223511516, 'sharpe': -0.840774919720881, 'mdd_pct': 24.14878452538687, 'n_days': 160}",50.0,0.35653876272513707,-0.840774919720881,-1.6409653223511516,-14.320210605369999,877
sym±2.5%,0.025,0.025,yin_or_small_yang,42.857142857142854,7,sh515300,515300,300红利低波ETF嘉实,A,"{'is_start': '2023-01-02', 'is_end': '2025-12-31', 'oos_start': '2025-01-02', 'oos_end': '2026-09-01'}","{'ret_pct': 38.5897460913835, 'excess_pct': 28.01856109564609, 'sharpe': 1.3953657405454578, 'mdd_pct': 4.38941326008676, 'n_days': 727}","{'ret_pct': -3.2617781050911954, 'excess_pct': 1.1273952672570027, 'sharpe': -0.9590101123839351, 'mdd_pct': 3.2617781050911954, 'n_days': 403}",42.857142857142854,0.35653876272513707,-0.9590101123839351,1.1273952672570027,-3.2617781050911954,878
买2/止2.5,0.02,0.025,yin_or_small_yang,42.857142857142854,7,sh563880,563880,A500ETF汇添富,B,"{'is_start': '2025-01-02', 'is_end': '2025-12-31', 'oos_start': '2026-01-02', 'oos_end': '2026-09-01'}","{'ret_pct': 24.536064876684314, 'excess_pct': -4.035363694744266, 'sharpe': 2.0690436967400343, 'mdd_pct': 9.084960263620523, 'n_days': 243}","{'ret_pct': -3.5068820573028625, 'excess_pct': -4.304330223172082, 'sharpe': -0.28664464621896957, 'mdd_pct': 14.148167596276306, 'n_days': 160}",42.857142857142854,0.35559906029757243,-0.28664464621896957,-4.304330223172082,-3.5068820573028625,879
买2/止3,0.02,0.03,yin_or_small_yang,50.0,2,sz159109,159109,恒生50ETF景顺,B,"{'is_start': '2025-10-10', 'is_end': '2025-12-31', 'oos_start': '2026-01-02', 'oos_end': '2026-09-01'}","{'ret_pct': -4.846470807692793, 'excess_pct': 1.990263886184751, 'sharpe': -1.208714798503874, 'mdd_pct': 8.934576462543763, 'n_days': 59}","{'ret_pct': -12.975772429909538, 'excess_pct': -0.7417298767180451, 'sharpe': -0.9854224269207535, 'mdd_pct': 22.962045789571196, 'n_days': 160}",50.0,0.3554424432263117,-0.9854224269207535,-0.7417298767180451,-12.975772429909538,880
sym±2%,0.02,0.02,yin_or_small_yang,14.285714285714285,7,sz159285,159285,港股通消费ETF华安,B,"{'is_start': '2025-10-20', 'is_end': '2025-12-31', 'oos_start': '2026-01-02', 'oos_end': '2026-09-01'}","{'ret_pct': -5.603284618502391, 'excess_pct': 3.022593014396291, 'sharpe': -2.2562065335946735, 'mdd_pct': 8.299388404936236, 'n_days': 53}","{'ret_pct': -5.1457738245599955, 'excess_pct': 11.014746782815276, 'sharpe': -0.6406586982706091, 'mdd_pct': 12.854074487572154, 'n_days': 160}",14.285714285714285,0.35528582615505094,-0.6406586982706091,11.014746782815276,-5.1457738245599955,881
sym±2.5%不限前日,0.025,0.025,any,33.33333333333333,3,sh520560,520560,香港大盘30ETF华宝,B,"{'is_start': '2025-10-13', 'is_end': '2025-12-31', 'oos_start': '2026-01-02', 'oos_end': '2026-09-01'}","{'ret_pct': -1.4841931788046492, 'excess_pct': 3.188704017457034, 'sharpe': -0.9541894900054037, 'mdd_pct': 2.732023277985851, 'n_days': 58}","{'ret_pct': -3.5002051448276728, 'excess_pct': 8.533873662414083, 'sharpe': -0.7746474272267551, 'mdd_pct': 5.886665446559314, 'n_days': 160}",33.33333333333333,0.35528582615505094,-0.7746474272267551,8.533873662414083,-3.5002051448276728,882
sym±2%,0.02,0.02,yin_or_small_yang,30.434782608695656,69,sz159873,159873,医疗设备ETF天弘,A,"{'is_start': '2023-01-02', 'is_end': '2025-12-31', 'oos_start': '2025-01-02', 'oos_end': '2026-09-01'}","{'ret_pct': 22.804192294057145, 'excess_pct': 47.902231509743444, 'sharpe': 0.4165056503333685, 'mdd_pct': 23.95420318625341, 'n_days': 727}","{'ret_pct': -4.378399936262922, 'excess_pct': 0.9979441497585784, 'sharpe': -0.19057796719261816, 'mdd_pct': 17.4323652531696, 'n_days': 403}",30.434782608695656,0.354894283476899,-0.19057796719261816,0.9979441497585784,-4.378399936262922,883
买2.5/止3.5,0.025,0.035,yin_or_small_yang,33.33333333333333,3,sz159353,159353,中证A500ETF景顺,B,"{'is_start': '2025-01-02', 'is_end': '2025-12-31', 'oos_start': '2026-01-02', 'oos_end': '2026-09-01'}","{'ret_pct': 23.570995078648018, 'excess_pct': -3.942232434579495, 'sharpe': 1.622461500027768, 'mdd_pct': 11.195173431238025, 'n_days': 243}","{'ret_pct': -1.6008392065076649, 'excess_pct': -2.7390505886214944, 'sharpe': -0.11903391403549775, 'mdd_pct': 13.84754345449154, 'n_days': 160}",33.33333333333333,0.354894283476899,-0.11903391403549775,-2.7390505886214944,-1.6008392065076649,884
买2.5/止3.5,0.025,0.035,yin_or_small_yang,33.33333333333333,3,sh512020,512020,A500ETF鹏华,B,"{'is_start': '2025-01-02', 'is_end': '2025-12-31', 'oos_start': '2026-01-02', 'oos_end': '2026-09-01'}","{'ret_pct': 28.05061384696319, 'excess_pct': -0.1414188394515108, 'sharpe': 2.2798592369363395, 'mdd_pct': 6.295953964520306, 'n_days': 243}","{'ret_pct': -1.2811677156778556, 'excess_pct': -2.6061872012585363, 'sharpe': -0.13721897670444733, 'mdd_pct': 11.12143351049173, 'n_days': 160}",33.33333333333333,0.35473766640563825,-0.13721897670444733,-2.6061872012585363,-1.2811677156778556,885
sym±2%,0.02,0.02,yin_or_small_yang,44.73684210526316,76,sz159849,159849,生物科技ETF招商,A,"{'is_start': '2023-01-02', 'is_end': '2025-12-31', 'oos_start': '2025-01-02', 'oos_end': '2026-09-01'}","{'ret_pct': 16.44645116703254, 'excess_pct': 37.007198830583945, 'sharpe': 0.30287808000759886, 'mdd_pct': 29.8676838534755, 'n_days': 727}","{'ret_pct': -1.8066169850436298, 'excess_pct': -13.165191595288615, 'sharpe': -0.06251069790620326, 'mdd_pct': 21.846194027025124, 'n_days': 403}",44.73684210526316,0.35215348472983554,-0.06251069790620326,-13.165191595288615,-1.8066169850436298,886
买2/止3,0.02,0.03,yin_or_small_yang,37.5,8,sz159312,159312,恒指港股通ETF广发,B,"{'is_start': '2025-01-02', 'is_end': '2025-12-31', 'oos_start': '2026-01-02', 'oos_end': '2026-09-01'}","{'ret_pct': 12.757006218558153, 'excess_pct': -11.732789699809153, 'sharpe': 0.5034418931868978, 'mdd_pct': 22.576844783215744, 'n_days': 243}","{'ret_pct': -5.005997670091422, 'excess_pct': 0.269781706407346, 'sharpe': -0.4111678389163784, 'mdd_pct': 18.640891692185278, 'n_days': 160}",37.5,0.35215348472983554,-0.4111678389163784,0.269781706407346,-5.005997670091422,887
sym±2%,0.02,0.02,yin_or_small_yang,29.87012987012987,77,sz159898,159898,医疗器械ETF招商,A,"{'is_start': '2023-01-02', 'is_end': '2025-12-31', 'oos_start': '2025-01-02', 'oos_end': '2026-09-01'}","{'ret_pct': -10.224213048870967, 'excess_pct': 8.096397638151943, 'sharpe': -0.23725542574089056, 'mdd_pct': 22.01590823088928, 'n_days': 727}","{'ret_pct': -3.130778341642504, 'excess_pct': -0.763914436317048, 'sharpe': -0.12667846790568402, 'mdd_pct': 17.397957900130866, 'n_days': 403}",29.87012987012987,0.3507439310884886,-0.12667846790568402,-0.763914436317048,-3.130778341642504,888
买3/止4,0.03,0.04,yin_or_small_yang,45.83333333333333,24,sh515060,515060,房地产ETF华夏,A,"{'is_start': '2023-01-02', 'is_end': '2025-12-31', 'oos_start': '2025-01-02', 'oos_end': '2026-09-01'}","{'ret_pct': 2.219434529371722, 'excess_pct': 25.420293820456585, 'sharpe': 0.0306887646926229, 'mdd_pct': 37.01420881482779, 'n_days': 727}","{'ret_pct': -15.865580871868989, 'excess_pct': -2.1891102836336884, 'sharpe': -0.46183598093004397, 'mdd_pct': 31.624715607956976, 'n_days': 403}",45.83333333333333,0.3502740798747064,-0.46183598093004397,-2.1891102836336884,-15.865580871868989,889
买2/止3,0.02,0.03,yin_or_small_yang,53.84615384615385,13,sh512730,512730,银行ETF鹏华,A,"{'is_start': '2023-01-02', 'is_end': '2025-12-31', 'oos_start': '2025-01-02', 'oos_end': '2026-09-01'}","{'ret_pct': 40.1753601597552, 'excess_pct': -12.489499822177955, 'sharpe': 0.8561596033736936, 'mdd_pct': 14.641426026897275, 'n_days': 727}","{'ret_pct': -4.922384774983357, 'excess_pct': -19.063798916397477, 'sharpe': -0.21843215717075604, 'mdd_pct': 20.993466505289838, 'n_days': 403}",53.84615384615385,0.34949099451840254,-0.21843215717075604,-19.063798916397477,-4.922384774983357,890
sym±3%,0.03,0.03,yin_or_small_yang,33.33333333333333,45,sz159964,159964,创业板ETF平安,A,"{'is_start': '2023-01-02', 'is_end': '2025-12-31', 'oos_start': '2025-01-02', 'oos_end': '2026-09-01'}","{'ret_pct': 10.586888704536147, 'excess_pct': -31.164638790372212, 'sharpe': 0.13538960989754403, 'mdd_pct': 38.13294311013955, 'n_days': 727}","{'ret_pct': 21.517913175671932, 'excess_pct': -49.15480035418449, 'sharpe': 0.523747757981793, 'mdd_pct': 23.526086675387702, 'n_days': 403}",33.33333333333333,0.34886452623335945,0.523747757981793,-49.15480035418449,21.517913175671932,891
买2.5/止3.5,0.025,0.035,yin_or_small_yang,50.0,12,sz159205,159205,创业板ETF东财,B,"{'is_start': '2025-06-12', 'is_end': '2025-12-31', 'oos_start': '2026-01-02', 'oos_end': '2026-09-01'}","{'ret_pct': 47.129001508732784, 'excess_pct': -8.715154335423087, 'sharpe': 4.103861580746198, 'mdd_pct': 11.86780736682409, 'n_days': 139}","{'ret_pct': -6.077689665479047, 'excess_pct': -11.505013433414158, 'sharpe': -0.33402556972710923, 'mdd_pct': 21.933889912595827, 'n_days': 160}",50.0,0.348786217697729,-0.33402556972710923,-11.505013433414158,-6.077689665479047,892
买3/止2.5,0.03,0.025,yin_or_small_yang,42.857142857142854,14,sz159616,159616,农牧ETF建信,A,"{'is_start': '2023-01-02', 'is_end': '2025-12-31', 'oos_start': '2025-01-02', 'oos_end': '2026-09-01'}","{'ret_pct': 29.00758551378577, 'excess_pct': 29.687087212540018, 'sharpe': 0.6158084035055813, 'mdd_pct': 12.122300327029233, 'n_days': 727}","{'ret_pct': 0.7180747332598436, 'excess_pct': -17.238129646302202, 'sharpe': 0.030494315156042052, 'mdd_pct': 9.926954779411668, 'n_days': 403}",42.857142857142854,0.34776820673453407,0.030494315156042052,-17.238129646302202,0.7180747332598436,893
买3/止2.5,0.03,0.025,yin_or_small_yang,60.0,5,sh515330,515330,沪深300ETF天弘,A,"{'is_start': '2023-01-02', 'is_end': '2025-12-31', 'oos_start': '2025-01-02', 'oos_end': '2026-09-01'}","{'ret_pct': 26.971770535773288, 'excess_pct': -0.886058474793483, 'sharpe': 0.8293260937873727, 'mdd_pct': 11.833032309797476, 'n_days': 727}","{'ret_pct': -2.1713585365002563, 'excess_pct': -27.941666659749576, 'sharpe': -0.3184834586012275, 'mdd_pct': 3.857746221340763, 'n_days': 403}",60.0,0.3476898981989037,-0.3184834586012275,-27.941666659749576,-2.1713585365002563,894
买3/止4,0.03,0.04,yin_or_small_yang,60.0,5,sz159291,159291,创业板综增强ETF招商,B,"{'is_start': '2025-09-01', 'is_end': '2025-12-31', 'oos_start': '2026-01-02', 'oos_end': '2026-09-01'}","{'ret_pct': 3.571944647260805, 'excess_pct': -0.09955293728025616, 'sharpe': 0.5885879708813653, 'mdd_pct': 8.948685688976354, 'n_days': 82}","{'ret_pct': -7.639857276699457, 'excess_pct': -15.520292059308149, 'sharpe': -0.46253612795001997, 'mdd_pct': 20.01324782018671, 'n_days': 160}",60.0,0.34667188723570874,-0.46253612795001997,-15.520292059308149,-7.639857276699457,895
买2/止3,0.02,0.03,yin_or_small_yang,40.0,35,sh510010,510010,180治理ETF交银,A,"{'is_start': '2023-01-02', 'is_end': '2025-12-31', 'oos_start': '2025-01-02', 'oos_end': '2026-09-01'}","{'ret_pct': 22.053772990215315, 'excess_pct': -9.757714491375257, 'sharpe': 0.423107221973742, 'mdd_pct': 17.171767700638597, 'n_days': 714}","{'ret_pct': 0.01646296016772908, 'excess_pct': -12.1585528927175, 'sharpe': 0.0006931639323190767, 'mdd_pct': 11.520155969990299, 'n_days': 403}",40.0,0.34643696162881754,0.0006931639323190767,-12.1585528927175,0.01646296016772908,896
sym±2.5%,0.025,0.025,yin_or_small_yang,50.0,28,sh513750,513750,港股通非银ETF广发,B,"{'is_start': '2025-01-02', 'is_end': '2025-12-31', 'oos_start': '2026-01-02', 'oos_end': '2026-09-01'}","{'ret_pct': 57.78968999089271, 'excess_pct': 9.148147484319537, 'sharpe': 2.737332303338768, 'mdd_pct': 9.495131384301803, 'n_days': 243}","{'ret_pct': -13.697584828393229, 'excess_pct': -0.7221933295117893, 'sharpe': -1.198939225305111, 'mdd_pct': 20.104367476932737, 'n_days': 160}",50.0,0.34620203602192634,-1.198939225305111,-0.7221933295117893,-13.697584828393229,897
sym±2%,0.02,0.02,yin_or_small_yang,48.0,50,sz159217,159217,港股通创新药ETF工银,B,"{'is_start': '2025-04-03', 'is_end': '2025-12-31', 'oos_start': '2026-01-02', 'oos_end': '2026-09-01'}","{'ret_pct': 56.88914436129924, 'excess_pct': 35.1965373574082, 'sharpe': 3.328691515728162, 'mdd_pct': 12.201666225909936, 'n_days': 184}","{'ret_pct': -13.705859658825792, 'excess_pct': -2.260076526295663, 'sharpe': -0.7578319542920134, 'mdd_pct': 22.87986415429102, 'n_days': 160}",48.0,0.34604541895066565,-0.7578319542920134,-2.260076526295663,-13.705859658825792,898
sym±3%,0.03,0.03,yin_or_small_yang,48.275862068965516,29,sz159735,159735,港股消费ETF银华,A,"{'is_start': '2023-01-02', 'is_end': '2025-12-31', 'oos_start': '2025-01-02', 'oos_end': '2026-09-01'}","{'ret_pct': 13.307039096377672, 'excess_pct': -3.9602281708896108, 'sharpe': 0.2067588136184557, 'mdd_pct': 25.745127184711436, 'n_days': 727}","{'ret_pct': -9.276533069950476, 'excess_pct': -7.786220104227681, 'sharpe': -0.34371733322668296, 'mdd_pct': 27.237876174431385, 'n_days': 403}",48.275862068965516,0.34565387627251376,-0.34371733322668296,-7.786220104227681,-9.276533069950476,899
买2.5/止3.5,0.025,0.035,yin_or_small_yang,50.0,12,sh510380,510380,沪深300ETF国寿,A,"{'is_start': '2023-01-02', 'is_end': '2025-12-31', 'oos_start': '2025-01-02', 'oos_end': '2026-09-01'}","{'ret_pct': 38.54191275321672, 'excess_pct': 9.241345645466279, 'sharpe': 0.7480409355430229, 'mdd_pct': 19.116189964151953, 'n_days': 709}","{'ret_pct': -1.3064999980172298, 'excess_pct': -28.870602562119785, 'sharpe': -0.0588672745828646, 'mdd_pct': 20.417591634259068, 'n_days': 402}",50.0,0.34526233359436176,-0.0588672745828646,-28.870602562119785,-1.3064999980172298,900
买2/止3,0.02,0.03,yin_or_small_yang,50.0,16,sh510230,510230,金融ETF国泰,A,"{'is_start': '2023-01-02', 'is_end': '2025-12-31', 'oos_start': '2025-01-02', 'oos_end': '2026-09-01'}","{'ret_pct': 41.134936224127316, 'excess_pct': -7.242027126658023, 'sharpe': 0.7648367482243875, 'mdd_pct': 15.27730951510643, 'n_days': 727}","{'ret_pct': -6.664215777990002, 'excess_pct': -11.877485920170095, 'sharpe': -0.3124173919335586, 'mdd_pct': 17.877545575693933, 'n_days': 403}",50.0,0.3444792482380579,-0.3124173919335586,-11.877485920170095,-6.664215777990002,901
sym±2.5%仅阴,0.025,0.025,yin_only,54.54545454545454,11,sh560030,560030,800价值ETF汇添富,B,"{'is_start': '2025-01-02', 'is_end': '2025-12-31', 'oos_start': '2026-01-02', 'oos_end': '2026-09-01'}","{'ret_pct': 21.645024757246766, 'excess_pct': 6.511748746928635, 'sharpe': 3.4515179540842715, 'mdd_pct': 2.2967065798275565, 'n_days': 243}","{'ret_pct': -7.419868625931192, 'excess_pct': -4.977233540809079, 'sharpe': -1.2813909229643432, 'mdd_pct': 9.95950564198761, 'n_days': 159}",54.54545454545454,0.3440093970242757,-1.2813909229643432,-4.977233540809079,-7.419868625931192,902
sym±3%,0.03,0.03,yin_or_small_yang,44.44444444444444,18,sh562580,562580,可选消费ETF华夏,B,"{'is_start': '2025-01-02', 'is_end': '2025-12-31', 'oos_start': '2026-01-02', 'oos_end': '2026-09-01'}","{'ret_pct': 10.923696311909614, 'excess_pct': -0.4201082256122266, 'sharpe': 0.7065163010069564, 'mdd_pct': 10.616324493828099, 'n_days': 243}","{'ret_pct': -10.777981680393356, 'excess_pct': 4.5584815433938, 'sharpe': -1.4982408876057818, 'mdd_pct': 16.453768758829412, 'n_days': 160}",44.44444444444444,0.34369616288175414,-1.4982408876057818,4.5584815433938,-10.777981680393356,903
sym±2%,0.02,0.02,yin_or_small_yang,38.75,80,sz159930,159930,能源ETF汇添富,A,"{'is_start': '2023-01-02', 'is_end': '2025-12-31', 'oos_start': '2025-01-02', 'oos_end': '2026-09-01'}","{'ret_pct': 41.26764591705228, 'excess_pct': 4.154243855196604, 'sharpe': 0.7261836836929582, 'mdd_pct': 19.385315648615652, 'n_days': 727}","{'ret_pct': 7.239345460151569, 'excess_pct': -22.803882205554494, 'sharpe': 0.21769155226034714, 'mdd_pct': 16.719634210436098, 'n_days': 403}",38.75,0.34353954581049334,0.21769155226034714,-22.803882205554494,7.239345460151569,904
买2.5/止3.5,0.025,0.035,yin_or_small_yang,40.0,40,sh560780,560780,半导体设备ETF广发,B,"{'is_start': '2025-01-02', 'is_end': '2025-12-31', 'oos_start': '2026-01-02', 'oos_end': '2026-09-01'}","{'ret_pct': 52.86465224549672, 'excess_pct': -9.312998184302693, 'sharpe': 1.930959686094722, 'mdd_pct': 15.903605433167446, 'n_days': 243}","{'ret_pct': -34.9102868635497, 'excess_pct': 5.690380544681659, 'sharpe': -0.5201577038563323, 'mdd_pct': 72.76524107155176, 'n_days': 160}",40.0,0.3428347689898199,-0.5201577038563323,5.690380544681659,-34.9102868635497,905
买3/止2.5,0.03,0.025,yin_or_small_yang,50.0,4,sh520580,520580,新兴亚洲ETF招商,B,"{'is_start': '2025-02-20', 'is_end': '2025-12-31', 'oos_start': '2026-01-02', 'oos_end': '2026-09-01'}","{'ret_pct': 12.497005780512005, 'excess_pct': 6.408254490522314, 'sharpe': 1.0995311271653478, 'mdd_pct': 6.9905560963889, 'n_days': 214}","{'ret_pct': -9.753044946972157, 'excess_pct': -0.8107372546644633, 'sharpe': -2.1155153938525237, 'mdd_pct': 9.753044946972157, 'n_days': 160}",50.0,0.34236491777603756,-2.1155153938525237,-0.8107372546644633,-9.753044946972157,906
买2.5/止3.5,0.025,0.035,yin_or_small_yang,37.5,8,sh561560,561560,电力ETF华泰柏瑞,A,"{'is_start': '2023-01-02', 'is_end': '2025-12-31', 'oos_start': '2025-01-02', 'oos_end': '2026-09-01'}","{'ret_pct': 18.940165439177136, 'excess_pct': 3.8547764448697333, 'sharpe': 0.395555121470997, 'mdd_pct': 15.040313071699341, 'n_days': 727}","{'ret_pct': -0.3459554407895027, 'excess_pct': -8.607573340961627, 'sharpe': -0.012678548193431224, 'mdd_pct': 18.955987213320746, 'n_days': 403}",37.5,0.341425215348473,-0.012678548193431224,-8.607573340961627,-0.3459554407895027,907
买3/止4,0.03,0.04,yin_or_small_yang,27.27272727272727,11,sh512390,512390,中国低波ETF平安,A,"{'is_start': '2023-01-02', 'is_end': '2025-12-31', 'oos_start': '2025-01-02', 'oos_end': '2026-09-01'}","{'ret_pct': -15.914967536779256, 'excess_pct': -14.606709155748998, 'sharpe': -0.3792314813683312, 'mdd_pct': 30.422058310863985, 'n_days': 707}","{'ret_pct': 3.6251086040920866, 'excess_pct': -12.416167193281268, 'sharpe': 0.2299634365191747, 'mdd_pct': 8.499094950463526, 'n_days': 401}",27.27272727272727,0.3409553641346907,0.2299634365191747,-12.416167193281268,3.6251086040920866,908
买2.5/止3.5,0.025,0.035,yin_or_small_yang,53.57142857142857,28,sh516980,516980,证券先锋ETF华富,A,"{'is_start': '2023-01-02', 'is_end': '2025-12-31', 'oos_start': '2025-01-02', 'oos_end': '2026-09-01'}","{'ret_pct': 8.885188594985882, 'excess_pct': -33.4996992444474, 'sharpe': 0.12455768850289681, 'mdd_pct': 27.379200263643376, 'n_days': 725}","{'ret_pct': -11.956262883486811, 'excess_pct': -12.795032687773865, 'sharpe': -0.34299569433162214, 'mdd_pct': 30.06559914800021, 'n_days': 403}",53.57142857142857,0.34087705559906034,-0.34299569433162214,-12.795032687773865,-11.956262883486811,909
买3/止4,0.03,0.04,yin_or_small_yang,40.0,5,sz159689,159689,消费ETF南方,B,"{'is_start': '2025-01-02', 'is_end': '2025-12-31', 'oos_start': '2026-01-02', 'oos_end': '2026-09-01'}","{'ret_pct': -4.432973831019238, 'excess_pct': -3.1171843573350233, 'sharpe': -0.35757645714318154, 'mdd_pct': 10.629272218215691, 'n_days': 243}","{'ret_pct': -10.606488185651076, 'excess_pct': 5.862550022517565, 'sharpe': -0.882819981332181, 'mdd_pct': 20.039878202783456, 'n_days': 160}",40.0,0.3407987470634299,-0.882819981332181,5.862550022517565,-10.606488185651076,910
买3/止2.5,0.03,0.025,yin_or_small_yang,51.66666666666667,60,sh517120,517120,创新药ETF华泰柏瑞,A,"{'is_start': '2023-01-02', 'is_end': '2025-12-31', 'oos_start': '2025-01-02', 'oos_end': '2026-09-01'}","{'ret_pct': 30.863135436827594, 'excess_pct': 26.16829975607642, 'sharpe': 0.5225301110484288, 'mdd_pct': 13.728592108786808, 'n_days': 727}","{'ret_pct': -1.0604283327648178, 'excess_pct': -60.59432663784959, 'sharpe': -0.026579431937717987, 'mdd_pct': 29.35778637030042, 'n_days': 403}",51.66666666666667,0.34056382145653874,-0.026579431937717987,-60.59432663784959,-1.0604283327648178,911
买2/止3,0.02,0.03,yin_or_small_yang,60.0,10,sz159386,159386,A500ETF永赢,B,"{'is_start': '2025-02-11', 'is_end': '2025-12-31', 'oos_start': '2026-01-02', 'oos_end': '2026-09-01'}","{'ret_pct': 13.218353325251186, 'excess_pct': -13.314309991331719, 'sharpe': 1.3813875917755358, 'mdd_pct': 7.438893481873121, 'n_days': 221}","{'ret_pct': -9.552966341306545, 'excess_pct': -9.630666419006616, 'sharpe': -0.842990136033875, 'mdd_pct': 13.698119627861482, 'n_days': 160}",60.0,0.34009397024275645,-0.842990136033875,-9.630666419006616,-9.552966341306545,912
买2/止3,0.02,0.03,yin_or_small_yang,66.66666666666666,6,sz159226,159226,中证A500增强ETF国泰,B,"{'is_start': '2025-05-29', 'is_end': '2025-12-31', 'oos_start': '2026-01-02', 'oos_end': '2026-09-01'}","{'ret_pct': 16.140227719136014, 'excess_pct': -5.881794302886021, 'sharpe': 2.2302543194598736, 'mdd_pct': 6.177236984959378, 'n_days': 148}","{'ret_pct': -9.282364297015066, 'excess_pct': -12.74173678293623, 'sharpe': -0.773836713993441, 'mdd_pct': 17.542914059741832, 'n_days': 160}",66.66666666666666,0.34001566170712605,-0.773836713993441,-12.74173678293623,-9.282364297015066,913
买2.5/止3.5,0.025,0.035,yin_or_small_yang,45.45454545454545,22,sz159389,159389,数字经济ETF嘉实,B,"{'is_start': '2025-05-30', 'is_end': '2025-12-31', 'oos_start': '2026-01-02', 'oos_end': '2026-09-01'}","{'ret_pct': 29.879763595513587, 'excess_pct': -12.020236404486418, 'sharpe': 2.275846279956627, 'mdd_pct': 15.020186379157108, 'n_days': 147}","{'ret_pct': 0.5171851729386834, 'excess_pct': -27.404010479235218, 'sharpe': 0.02253346758369866, 'mdd_pct': 24.76667721375846, 'n_days': 160}",45.45454545454545,0.3398590446358653,0.02253346758369866,-27.404010479235218,0.5171851729386834,914
买2/止3,0.02,0.03,yin_or_small_yang,28.57142857142857,7,sh563080,563080,中证A50ETF易方达,B,"{'is_start': '2025-01-02', 'is_end': '2025-12-31', 'oos_start': '2026-01-02', 'oos_end': '2026-09-01'}","{'ret_pct': 9.372751251737753, 'excess_pct': -11.326173479445025, 'sharpe': 0.7009204646961585, 'mdd_pct': 13.267094887232044, 'n_days': 243}","{'ret_pct': -1.8877937482822404, 'excess_pct': -2.0329316292691746, 'sharpe': -0.17856396194494487, 'mdd_pct': 7.931353682716036, 'n_days': 160}",28.57142857142857,0.33938919342208296,-0.17856396194494487,-2.0329316292691746,-1.8877937482822404,915
sym±2%,0.02,0.02,yin_or_small_yang,40.0,55,sh515910,515910,质量ETF中金,A,"{'is_start': '2023-01-02', 'is_end': '2025-12-31', 'oos_start': '2025-01-02', 'oos_end': '2026-09-01'}","{'ret_pct': 24.418195579060374, 'excess_pct': 26.660348045428083, 'sharpe': 0.45957732759339776, 'mdd_pct': 24.37460941977614, 'n_days': 727}","{'ret_pct': 6.389150804911403, 'excess_pct': -28.719330457416035, 'sharpe': 0.22868622648727574, 'mdd_pct': 12.828691505467926, 'n_days': 403}",40.0,0.33735317149569305,0.22868622648727574,-28.719330457416035,6.389150804911403,916
sym±2.5%,0.025,0.025,yin_or_small_yang,59.09090909090909,22,sz159936,159936,可选消费ETF广发,A,"{'is_start': '2023-01-02', 'is_end': '2025-12-31', 'oos_start': '2025-01-02', 'oos_end': '2026-09-01'}","{'ret_pct': 65.94214363794894, 'excess_pct': 33.30616037435063, 'sharpe': 1.4294628957991478, 'mdd_pct': 13.59061652397754, 'n_days': 727}","{'ret_pct': -12.073604043766107, 'excess_pct': -11.149579403109012, 'sharpe': -0.6776913997426242, 'mdd_pct': 18.192773598292543, 'n_days': 403}",59.09090909090909,0.3368833202819107,-0.6776913997426242,-11.149579403109012,-12.073604043766107,917
买2/止3,0.02,0.03,yin_or_small_yang,45.45454545454545,11,sh563330,563330,A股ETF华泰柏瑞,B,"{'is_start': '2025-01-02', 'is_end': '2025-12-31', 'oos_start': '2026-01-02', 'oos_end': '2026-09-01'}","{'ret_pct': 29.95554069508113, 'excess_pct': -1.600155108011304, 'sharpe': 1.9809963283620668, 'mdd_pct': 12.628291665791325, 'n_days': 243}","{'ret_pct': -6.292275216786846, 'excess_pct': -6.127762878361486, 'sharpe': -0.4871349442854111, 'mdd_pct': 16.55899183891114, 'n_days': 160}",45.45454545454545,0.335708692247455,-0.4871349442854111,-6.127762878361486,-6.292275216786846,918
买3/止4,0.03,0.04,yin_or_small_yang,41.17647058823529,17,sh517350,517350,沪港深科技ETF广发,A,"{'is_start': '2023-01-02', 'is_end': '2025-12-31', 'oos_start': '2025-01-02', 'oos_end': '2026-09-01'}","{'ret_pct': 31.849123199001085, 'excess_pct': -15.962870318016755, 'sharpe': 0.46433781681625225, 'mdd_pct': 25.746291271250264, 'n_days': 727}","{'ret_pct': 7.6993849826785254, 'excess_pct': -32.66480318120615, 'sharpe': 0.18622169308296962, 'mdd_pct': 25.679753182581265, 'n_days': 403}",41.17647058823529,0.33539545810493343,0.18622169308296962,-32.66480318120615,7.6993849826785254,919
sym±3%,0.03,0.03,yin_or_small_yang,54.54545454545454,22,sh512570,512570,证券ETF易方达,A,"{'is_start': '2023-01-02', 'is_end': '2025-12-31', 'oos_start': '2025-01-02', 'oos_end': '2026-09-01'}","{'ret_pct': 85.35782728474048, 'excess_pct': 43.63288555979874, 'sharpe': 1.0232295402431288, 'mdd_pct': 16.055542673407565, 'n_days': 727}","{'ret_pct': -12.703502727257089, 'excess_pct': -13.428797378209035, 'sharpe': -0.3797220320952643, 'mdd_pct': 29.30648043441433, 'n_days': 403}",54.54545454545454,0.33469068128426,-0.3797220320952643,-13.428797378209035,-12.703502727257089,920
买2/止3,0.02,0.03,yin_or_small_yang,44.44444444444444,9,sh513920,513920,港股通央企红利ETF华安,B,"{'is_start': '2025-01-02', 'is_end': '2025-12-31', 'oos_start': '2026-01-02', 'oos_end': '2026-09-01'}","{'ret_pct': 18.77536467979295, 'excess_pct': -1.9038806032259252, 'sharpe': 1.1574466218974453, 'mdd_pct': 12.798718137549447, 'n_days': 243}","{'ret_pct': -6.3914165070235835, 'excess_pct': -4.094706389084424, 'sharpe': -0.6007424123559408, 'mdd_pct': 20.639936215944154, 'n_days': 160}",44.44444444444444,0.3340642129992169,-0.6007424123559408,-4.094706389084424,-6.3914165070235835,921
sym±2%,0.02,0.02,yin_or_small_yang,40.0,5,sh520960,520960,恒指港股通ETF嘉实,B,"{'is_start': '2025-10-31', 'is_end': '2025-12-31', 'oos_start': '2026-01-02', 'oos_end': '2026-09-01'}","{'ret_pct': -6.261906540422391, 'excess_pct': -2.715807249642255, 'sharpe': -2.5897999428363008, 'mdd_pct': 7.303348993254066, 'n_days': 44}","{'ret_pct': -6.158749252679008, 'excess_pct': 0.1807190499794613, 'sharpe': -0.7455103568117392, 'mdd_pct': 15.726678926606741, 'n_days': 160}",40.0,0.333672670321065,-0.7455103568117392,0.1807190499794613,-6.158749252679008,922
sym±2%,0.02,0.02,yin_or_small_yang,36.36363636363637,66,sz159877,159877,医疗ETF南方,A,"{'is_start': '2023-01-02', 'is_end': '2025-12-31', 'oos_start': '2025-01-02', 'oos_end': '2026-09-01'}","{'ret_pct': 9.566894269060832, 'excess_pct': 39.3567582987271, 'sharpe': 0.17665850630142343, 'mdd_pct': 23.4631940573109, 'n_days': 726}","{'ret_pct': -8.226613136652805, 'excess_pct': -0.32715173629372885, 'sharpe': -0.3159774200575829, 'mdd_pct': 23.410124744831464, 'n_days': 403}",36.36363636363637,0.33116679718089276,-0.3159774200575829,-0.32715173629372885,-8.226613136652805,923
买2/止2.5,0.02,0.025,yin_or_small_yang,41.935483870967744,31,sz159261,159261,创业板新能源ETF鹏华,B,"{'is_start': '2025-07-07', 'is_end': '2025-12-31', 'oos_start': '2026-01-02', 'oos_end': '2026-09-01'}","{'ret_pct': 45.15762306332161, 'excess_pct': -10.35299372130931, 'sharpe': 3.899467337052789, 'mdd_pct': 10.437337903164256, 'n_days': 122}","{'ret_pct': -12.482944142526243, 'excess_pct': 0.4530102011643038, 'sharpe': -0.7032581228196579, 'mdd_pct': 18.488779083514352, 'n_days': 160}",41.935483870967744,0.3300704776820673,-0.7032581228196579,0.4530102011643038,-12.482944142526243,924
sym±2.5%,0.025,0.025,yin_or_small_yang,43.47826086956522,23,sh562350,562350,电力ETF银华,A,"{'is_start': '2023-01-02', 'is_end': '2025-12-31', 'oos_start': '2025-01-02', 'oos_end': '2026-09-01'}","{'ret_pct': 16.28316508746228, 'excess_pct': 5.23053350851492, 'sharpe': 0.5564513600115493, 'mdd_pct': 15.12402770222433, 'n_days': 727}","{'ret_pct': -3.4894050964791146, 'excess_pct': -10.780045490567803, 'sharpe': -0.1771360934717281, 'mdd_pct': 16.72325153791815, 'n_days': 403}",43.47826086956522,0.32983555207517623,-0.1771360934717281,-10.780045490567803,-3.4894050964791146,925
买2/止2.5,0.02,0.025,yin_or_small_yang,25.0,4,sh513830,513830,港股通高股息ETF嘉实,B,"{'is_start': '2025-03-07', 'is_end': '2025-12-31', 'oos_start': '2026-01-02', 'oos_end': '2026-09-01'}","{'ret_pct': 3.527060409241578, 'excess_pct': -11.52777508427787, 'sharpe': 0.5579984427123427, 'mdd_pct': 9.395228102044218, 'n_days': 203}","{'ret_pct': -0.31992441443321473, 'excess_pct': -5.875479969988772, 'sharpe': -0.0396243633400043, 'mdd_pct': 13.180318609427378, 'n_days': 160}",25.0,0.32889584964761154,-0.0396243633400043,-5.875479969988772,-0.31992441443321473,926
sym±2%,0.02,0.02,yin_or_small_yang,40.0,15,sz159661,159661,A100ETF嘉实,B,"{'is_start': '2025-01-02', 'is_end': '2025-12-31', 'oos_start': '2026-01-02', 'oos_end': '2026-09-01'}","{'ret_pct': 18.860185891574254, 'excess_pct': -7.679669180889494, 'sharpe': 2.2177400609740703, 'mdd_pct': 2.842949238868686, 'n_days': 242}","{'ret_pct': -3.9139718308200844, 'excess_pct': -3.773817661233525, 'sharpe': -0.42883227668779145, 'mdd_pct': 12.396314501623984, 'n_days': 160}",40.0,0.3287392325763508,-0.42883227668779145,-3.773817661233525,-3.9139718308200844,927
买2.5/止3.5,0.025,0.035,yin_or_small_yang,33.33333333333333,3,sz159339,159339,A500ETF银华,B,"{'is_start': '2025-01-02', 'is_end': '2025-12-31', 'oos_start': '2026-01-02', 'oos_end': '2026-09-01'}","{'ret_pct': 25.9146353950505, 'excess_pct': -2.9623699525430673, 'sharpe': 1.7930278471744738, 'mdd_pct': 10.256501783122241, 'n_days': 243}","{'ret_pct': -2.6957535232495333, 'excess_pct': -3.348814747739337, 'sharpe': -0.20499128802625152, 'mdd_pct': 13.826479499226208, 'n_days': 160}",33.33333333333333,0.32866092404072045,-0.20499128802625152,-3.348814747739337,-2.6957535232495333,928
买2.5/止3.5,0.025,0.035,yin_or_small_yang,44.44444444444444,18,sz159842,159842,券商ETF银华,A,"{'is_start': '2023-01-02', 'is_end': '2025-12-31', 'oos_start': '2025-01-02', 'oos_end': '2026-09-01'}","{'ret_pct': 50.501434183044644, 'excess_pct': 11.155187209679028, 'sharpe': 0.6120475582426729, 'mdd_pct': 23.74456961114585, 'n_days': 727}","{'ret_pct': -7.767266349525748, 'excess_pct': -8.14894573883872, 'sharpe': -0.22155200253831508, 'mdd_pct': 29.83218161696537, 'n_days': 403}",44.44444444444444,0.32858261550509005,-0.22155200253831508,-8.14894573883872,-7.767266349525748,929
买2/止3,0.02,0.03,yin_or_small_yang,35.294117647058826,17,sz159255,159255,通用航空ETF易方达,B,"{'is_start': '2025-08-04', 'is_end': '2025-12-31', 'oos_start': '2026-01-02', 'oos_end': '2026-09-01'}","{'ret_pct': 8.758699444822394, 'excess_pct': -3.875972445481235, 'sharpe': 1.1428213972813828, 'mdd_pct': 11.491882890996107, 'n_days': 102}","{'ret_pct': -15.475759726419048, 'excess_pct': 10.718779522727706, 'sharpe': -0.8163150774753142, 'mdd_pct': 33.09918685498832, 'n_days': 160}",35.294117647058826,0.3277995301487862,-0.8163150774753142,10.718779522727706,-15.475759726419048,930
sym±2%,0.02,0.02,yin_or_small_yang,36.36363636363637,11,sh560150,560150,红利低波ETF泰康,B,"{'is_start': '2025-01-02', 'is_end': '2025-12-31', 'oos_start': '2026-01-02', 'oos_end': '2026-09-01'}","{'ret_pct': -5.460916092622414, 'excess_pct': -9.646539386525966, 'sharpe': -0.9165809965991298, 'mdd_pct': 6.621979599174399, 'n_days': 243}","{'ret_pct': -2.5444624535862492, 'excess_pct': -2.5444624535862492, 'sharpe': -0.44256851326770624, 'mdd_pct': 5.383344874936213, 'n_days': 160}",36.36363636363637,0.32568519968676585,-0.44256851326770624,-2.5444624535862492,-2.5444624535862492,931
买3/止2.5,0.03,0.025,yin_or_small_yang,35.294117647058826,17,sh512510,512510,中证500ETF华泰柏瑞,A,"{'is_start': '2023-01-02', 'is_end': '2025-12-31', 'oos_start': '2025-01-02', 'oos_end': '2026-09-01'}","{'ret_pct': 63.46509954372883, 'excess_pct': 25.194279454726924, 'sharpe': 1.1645595430028548, 'mdd_pct': 13.569924979532445, 'n_days': 727}","{'ret_pct': 11.378957832340731, 'excess_pct': -41.36689146523269, 'sharpe': 0.39287683418766445, 'mdd_pct': 19.35063014796975, 'n_days': 403}",35.294117647058826,0.32451057165231006,0.39287683418766445,-41.36689146523269,11.378957832340731,932
买2/止2.5,0.02,0.025,yin_or_small_yang,50.0,8,sh563350,563350,A50ETF华泰柏瑞,B,"{'is_start': '2025-01-02', 'is_end': '2025-12-31', 'oos_start': '2026-01-02', 'oos_end': '2026-09-01'}","{'ret_pct': -0.22178236095370396, 'excess_pct': -22.23604261050808, 'sharpe': -0.018719615161899402, 'mdd_pct': 12.676036858268457, 'n_days': 243}","{'ret_pct': -6.9321074704865815, 'excess_pct': -8.002771282049736, 'sharpe': -0.7804698766155967, 'mdd_pct': 8.16539351855744, 'n_days': 160}",50.0,0.3241190289741582,-0.7804698766155967,-8.002771282049736,-6.9321074704865815,933
sym±2%,0.02,0.02,yin_or_small_yang,35.18518518518518,108,sz159824,159824,新能源车ETF博时,A,"{'is_start': '2023-01-02', 'is_end': '2025-12-31', 'oos_start': '2025-01-02', 'oos_end': '2026-09-01'}","{'ret_pct': 40.90119497171418, 'excess_pct': 26.602386539083554, 'sharpe': 0.5630808521050646, 'mdd_pct': 35.45298343366456, 'n_days': 727}","{'ret_pct': 10.334854262088445, 'excess_pct': -30.918409445483388, 'sharpe': 0.30294662127642125, 'mdd_pct': 23.269425495062514, 'n_days': 403}",35.18518518518518,0.32317932654659354,0.30294662127642125,-30.918409445483388,10.334854262088445,934
买2.5/止3.5,0.025,0.035,yin_or_small_yang,42.857142857142854,7,sz159708,159708,红利ETF西部利得,A,"{'is_start': '2023-01-02', 'is_end': '2025-12-31', 'oos_start': '2025-01-02', 'oos_end': '2026-09-01'}","{'ret_pct': 27.137136467205924, 'excess_pct': 11.340617056228707, 'sharpe': 0.5826245109767968, 'mdd_pct': 17.174752061245947, 'n_days': 727}","{'ret_pct': -3.9388559081730445, 'excess_pct': -9.790611434831042, 'sharpe': -0.18969766641840768, 'mdd_pct': 17.268698779149215, 'n_days': 403}",42.857142857142854,0.32286609240407205,-0.18969766641840768,-9.790611434831042,-3.9388559081730445,935
买2.5/止3.5,0.025,0.035,yin_or_small_yang,25.0,4,sh520840,520840,港股通恒生科技ETF华安,B,"{'is_start': '2025-08-25', 'is_end': '2025-12-31', 'oos_start': '2026-01-02', 'oos_end': '2026-09-01'}","{'ret_pct': -3.40873911560321, 'excess_pct': 6.0781921525478015, 'sharpe': -0.8144622834146136, 'mdd_pct': 7.478895693005294, 'n_days': 87}","{'ret_pct': -12.014436808806828, 'excess_pct': 9.465522081223998, 'sharpe': -0.7416958224100131, 'mdd_pct': 18.64661911484071, 'n_days': 160}",25.0,0.32176977290524666,-0.7416958224100131,9.465522081223998,-12.014436808806828,936
sym±2%,0.02,0.02,yin_or_small_yang,48.05194805194805,77,sh516930,516930,生物科技ETF民生加银,A,"{'is_start': '2023-01-02', 'is_end': '2025-12-31', 'oos_start': '2025-01-02', 'oos_end': '2026-09-01'}","{'ret_pct': 6.428069503231493, 'excess_pct': 27.431204299469748, 'sharpe': 0.10993640678788251, 'mdd_pct': 32.908366748789405, 'n_days': 727}","{'ret_pct': -5.590189907137367, 'excess_pct': -16.826144963317148, 'sharpe': -0.18864805232610193, 'mdd_pct': 25.74576540815411, 'n_days': 403}",48.05194805194805,0.3204385277995302,-0.18864805232610193,-16.826144963317148,-5.590189907137367,937
买3/止2.5,0.03,0.025,yin_or_small_yang,48.148148148148145,27,sh560990,560990,科技先锋ETF中金,A,"{'is_start': '2023-01-02', 'is_end': '2025-12-31', 'oos_start': '2025-01-02', 'oos_end': '2026-09-01'}","{'ret_pct': 37.57038355925613, 'excess_pct': 11.018659421325097, 'sharpe': 0.8225452293035754, 'mdd_pct': 12.46837023146351, 'n_days': 727}","{'ret_pct': -0.9648607834759182, 'excess_pct': -39.63152745014259, 'sharpe': -0.03704639462470162, 'mdd_pct': 16.376125025323596, 'n_days': 403}",48.148148148148145,0.32020360219263905,-0.03704639462470162,-39.63152745014259,-0.9648607834759182,938
sym±2%,0.02,0.02,yin_or_small_yang,0.0,3,sz159271,159271,恒生ETF鹏华,B,"{'is_start': '2025-08-11', 'is_end': '2025-12-31', 'oos_start': '2026-01-02', 'oos_end': '2026-09-01'}","{'ret_pct': -4.499322360249602, 'excess_pct': -6.110601312918262, 'sharpe': -0.9413200918018292, 'mdd_pct': 7.038117807768729, 'n_days': 97}","{'ret_pct': -3.3560594853837777, 'excess_pct': 3.3364720374096324, 'sharpe': -0.6701345268638382, 'mdd_pct': 7.931251327350141, 'n_days': 160}",0.0,0.3199686765857479,-0.6701345268638382,3.3364720374096324,-3.3560594853837777,939
买2/止2.5,0.02,0.025,yin_or_small_yang,50.0,8,sz159595,159595,中证A50ETF大成,B,"{'is_start': '2025-01-02', 'is_end': '2025-12-31', 'oos_start': '2026-01-02', 'oos_end': '2026-09-01'}","{'ret_pct': 18.212364340240317, 'excess_pct': -1.8773217584143964, 'sharpe': 1.3413935177089322, 'mdd_pct': 9.761573418958115, 'n_days': 243}","{'ret_pct': -7.953727379244347, 'excess_pct': -7.880787918996346, 'sharpe': -0.8071717666389346, 'mdd_pct': 9.225971051553906, 'n_days': 160}",50.0,0.3198903680501175,-0.8071717666389346,-7.880787918996346,-7.953727379244347,940
买2/止3,0.02,0.03,yin_or_small_yang,50.0,4,sz159229,159229,自由现金流ETF广发,B,"{'is_start': '2025-05-15', 'is_end': '2025-12-31', 'oos_start': '2026-01-02', 'oos_end': '2026-09-01'}","{'ret_pct': 14.0878734010208, 'excess_pct': -7.432363519018704, 'sharpe': 2.0088057787101494, 'mdd_pct': 5.3630731693714235, 'n_days': 158}","{'ret_pct': -8.573060638693041, 'excess_pct': -7.60297171387494, 'sharpe': -0.8078887428303382, 'mdd_pct': 19.914494134478545, 'n_days': 159}",50.0,0.3197337509788567,-0.8078887428303382,-7.60297171387494,-8.573060638693041,941
sym±3%,0.03,0.03,yin_or_small_yang,41.02564102564102,39,sh516380,516380,智能电动车ETF华宝,A,"{'is_start': '2023-01-02', 'is_end': '2025-12-31', 'oos_start': '2025-01-02', 'oos_end': '2026-09-01'}","{'ret_pct': 29.107470230526555, 'excess_pct': 5.798291486565187, 'sharpe': 0.4476254842168401, 'mdd_pct': 36.89932502821852, 'n_days': 727}","{'ret_pct': 0.7329937778399742, 'excess_pct': -21.115745717958355, 'sharpe': 0.024806075627356105, 'mdd_pct': 35.699303402276236, 'n_days': 403}",41.02564102564102,0.3196554424432263,0.024806075627356105,-21.115745717958355,0.7329937778399742,942
买2.5/止3.5,0.025,0.035,yin_or_small_yang,50.0,14,sh515210,515210,钢铁ETF国泰,A,"{'is_start': '2023-01-02', 'is_end': '2025-12-31', 'oos_start': '2025-01-02', 'oos_end': '2026-09-01'}","{'ret_pct': -4.404562881148843, 'excess_pct': -16.105871580148076, 'sharpe': -0.0778450598704481, 'mdd_pct': 33.751914634459666, 'n_days': 727}","{'ret_pct': -10.482037897517916, 'excess_pct': -13.438559636648352, 'sharpe': -0.3315287145182411, 'mdd_pct': 29.00573773681504, 'n_days': 403}",50.0,0.319185591229444,-0.3315287145182411,-13.438559636648352,-10.482037897517916,943
sym±2%,0.02,0.02,yin_or_small_yang,31.958762886597935,97,sh516710,516710,新材料ETF华夏,A,"{'is_start': '2023-01-02', 'is_end': '2025-12-31', 'oos_start': '2025-01-02', 'oos_end': '2026-09-01'}","{'ret_pct': 6.382037744224056, 'excess_pct': 7.25034454596064, 'sharpe': 0.10878563273895125, 'mdd_pct': 39.08100860702639, 'n_days': 727}","{'ret_pct': 14.541906741663757, 'excess_pct': -46.263178004098954, 'sharpe': 0.40507795906770444, 'mdd_pct': 22.16410987560502, 'n_days': 403}",31.958762886597935,0.31902897415818326,0.40507795906770444,-46.263178004098954,14.541906741663757,944
买2.5/止3.5,0.025,0.035,yin_or_small_yang,25.0,4,sh563220,563220,A500ETF富国,B,"{'is_start': '2025-01-02', 'is_end': '2025-12-31', 'oos_start': '2026-01-02', 'oos_end': '2026-09-01'}","{'ret_pct': 25.03759358992117, 'excess_pct': -3.7266847070674096, 'sharpe': 1.7062777946178673, 'mdd_pct': 10.967523121592604, 'n_days': 243}","{'ret_pct': -2.5506579495966797, 'excess_pct': -3.262120400189583, 'sharpe': -0.2016595811293304, 'mdd_pct': 14.66705495296361, 'n_days': 160}",25.0,0.3180109631949883,-0.2016595811293304,-3.262120400189583,-2.5506579495966797,945
买2.5/止3.5,0.025,0.035,yin_or_small_yang,100.0,1,sz159502,159502,标普生物科技ETF嘉实,B,"{'is_start': '2025-01-02', 'is_end': '2025-12-31', 'oos_start': '2026-01-02', 'oos_end': '2026-09-01'}","{'ret_pct': 23.893481292912, 'excess_pct': -6.875749476318795, 'sharpe': 0.9198910314274806, 'mdd_pct': 25.10161870708799, 'n_days': 243}","{'ret_pct': 25.56266109189704, 'excess_pct': 3.5325859039271066, 'sharpe': 1.3434685068353485, 'mdd_pct': 11.220890609180934, 'n_days': 160}",100.0,0.31769772905246674,1.3434685068353485,3.5325859039271066,25.56266109189704,946
买3/止4,0.03,0.04,yin_or_small_yang,50.0,12,sz159373,159373,创业板50ETF嘉实,B,"{'is_start': '2025-02-10', 'is_end': '2025-12-31', 'oos_start': '2026-01-02', 'oos_end': '2026-09-01'}","{'ret_pct': 48.21569730280322, 'excess_pct': -9.566403864511948, 'sharpe': 2.172753732690166, 'mdd_pct': 18.3476539007424, 'n_days': 222}","{'ret_pct': -9.514202717686116, 'excess_pct': -13.049253646385928, 'sharpe': -0.43256513266239005, 'mdd_pct': 30.029552168805516, 'n_days': 160}",50.0,0.31769772905246674,-0.43256513266239005,-13.049253646385928,-9.514202717686116,947
买2/止3,0.02,0.03,yin_or_small_yang,38.0,50,sh562560,562560,信息技术ETF华夏,B,"{'is_start': '2025-01-02', 'is_end': '2025-12-31', 'oos_start': '2026-01-02', 'oos_end': '2026-09-01'}","{'ret_pct': -8.156668146087009, 'excess_pct': -54.25539426073667, 'sharpe': -0.2798572494945956, 'mdd_pct': 28.752457248802088, 'n_days': 243}","{'ret_pct': 2.009082552230379, 'excess_pct': -19.423250254510016, 'sharpe': 0.08418768448737697, 'mdd_pct': 29.603920257536675, 'n_days': 160}",38.0,0.31699295223179325,0.08418768448737697,-19.423250254510016,2.009082552230379,948
买2.5/止3.5,0.025,0.035,yin_or_small_yang,33.33333333333333,3,sh560530,560530,中证A500ETF摩根,B,"{'is_start': '2025-01-02', 'is_end': '2025-12-31', 'oos_start': '2026-01-02', 'oos_end': '2026-09-01'}","{'ret_pct': 20.960030947749253, 'excess_pct': -5.399801688234017, 'sharpe': 1.379762569329839, 'mdd_pct': 12.482142412329766, 'n_days': 243}","{'ret_pct': -3.7540737456920437, 'excess_pct': -3.0241467383927856, 'sharpe': -0.2882543747806916, 'mdd_pct': 14.926686628017105, 'n_days': 160}",33.33333333333333,0.31660140955364136,-0.2882543747806916,-3.0241467383927856,-3.7540737456920437,949
sym±2.5%仅阴,0.025,0.025,yin_only,45.45454545454545,11,sh562850,562850,央企能源ETF嘉实,B,"{'is_start': '2025-01-02', 'is_end': '2025-12-31', 'oos_start': '2026-01-02', 'oos_end': '2026-09-01'}","{'ret_pct': 6.936586550539503, 'excess_pct': -8.136942861225215, 'sharpe': 1.0376170383797305, 'mdd_pct': 5.2712070169054215, 'n_days': 243}","{'ret_pct': -5.349169682027699, 'excess_pct': -6.059509066400248, 'sharpe': -0.7587815198323066, 'mdd_pct': 9.725522702414647, 'n_days': 160}",45.45454545454545,0.31613155833985906,-0.7587815198323066,-6.059509066400248,-5.349169682027699,950
买2.5/止3.5,0.025,0.035,yin_or_small_yang,40.0,5,sh561090,561090,A500增强ETF华安,B,"{'is_start': '2025-07-02', 'is_end': '2025-12-31', 'oos_start': '2026-01-02', 'oos_end': '2026-09-01'}","{'ret_pct': 13.180079785971198, 'excess_pct': -3.752191130363446, 'sharpe': 1.6831625358501519, 'mdd_pct': 6.051444575914755, 'n_days': 125}","{'ret_pct': -3.6804175655838267, 'excess_pct': -7.192123251202542, 'sharpe': -0.24835464081594102, 'mdd_pct': 17.15890800524894, 'n_days': 160}",40.0,0.3158966327329679,-0.24835464081594102,-7.192123251202542,-3.6804175655838267,951
买3/止4,0.03,0.04,yin_or_small_yang,45.45454545454545,11,sh588700,588700,科创医药ETF嘉实,B,"{'is_start': '2025-01-02', 'is_end': '2025-12-31', 'oos_start': '2026-01-02', 'oos_end': '2026-09-01'}","{'ret_pct': 22.3558682583465, 'excess_pct': -5.3947429885972795, 'sharpe': 0.996822497465832, 'mdd_pct': 18.7827217432768, 'n_days': 243}","{'ret_pct': -13.920390392369441, 'excess_pct': -4.201952608536585, 'sharpe': -0.635712285595681, 'mdd_pct': 27.08666672438971, 'n_days': 160}",45.45454545454545,0.3157400156617071,-0.635712285595681,-4.201952608536585,-13.920390392369441,952
买3/止4,0.03,0.04,yin_or_small_yang,40.0,15,sh513040,513040,港股通互联网ETF易方达,B,"{'is_start': '2025-01-02', 'is_end': '2025-12-31', 'oos_start': '2026-01-02', 'oos_end': '2026-09-01'}","{'ret_pct': 34.460934162936205, 'excess_pct': 11.13653738009441, 'sharpe': 1.255575777213884, 'mdd_pct': 24.229892376630257, 'n_days': 243}","{'ret_pct': -25.45810361271721, 'excess_pct': 10.55297671969275, 'sharpe': -1.3936747450671545, 'mdd_pct': 35.29594294172661, 'n_days': 160}",40.0,0.31464369616288174,-1.3936747450671545,10.55297671969275,-25.45810361271721,953
买2/止2.5,0.02,0.025,yin_or_small_yang,45.588235294117645,68,sz159583,159583,通信ETF富国,B,"{'is_start': '2025-01-02', 'is_end': '2025-12-31', 'oos_start': '2026-01-02', 'oos_end': '2026-09-01'}","{'ret_pct': 15.995666529429652, 'excess_pct': 1.2199409357621427, 'sharpe': 0.2797890159455354, 'mdd_pct': 51.51206450996393, 'n_days': 242}","{'ret_pct': -1.7139764990313777, 'excess_pct': -26.80817393686108, 'sharpe': -0.06186229919322448, 'mdd_pct': 42.12127072426989, 'n_days': 160}",45.588235294117645,0.3145653876272514,-0.06186229919322448,-26.80817393686108,-1.7139764990313777,954
买2.5/止3.5,0.025,0.035,yin_or_small_yang,33.33333333333333,3,sz159351,159351,A500ETF嘉实,B,"{'is_start': '2025-01-02', 'is_end': '2025-12-31', 'oos_start': '2026-01-02', 'oos_end': '2026-09-01'}","{'ret_pct': 19.370375106571203, 'excess_pct': -7.366466998691944, 'sharpe': 1.196494313143148, 'mdd_pct': 13.773210620000443, 'n_days': 243}","{'ret_pct': -3.785313829949666, 'excess_pct': -3.2967144814154636, 'sharpe': -0.27997474493217145, 'mdd_pct': 15.063607304762916, 'n_days': 160}",33.33333333333333,0.3142521534847298,-0.27997474493217145,-3.2967144814154636,-3.785313829949666,955
买2.5/止3.5,0.025,0.035,yin_or_small_yang,33.33333333333333,3,sz159338,159338,中证A500ETF国泰,B,"{'is_start': '2025-01-02', 'is_end': '2025-12-31', 'oos_start': '2026-01-02', 'oos_end': '2026-09-01'}","{'ret_pct': 23.946586252053613, 'excess_pct': -4.99509841317316, 'sharpe': 1.561065282432187, 'mdd_pct': 11.772586465102608, 'n_days': 243}","{'ret_pct': -3.467478431960258, 'excess_pct': -3.7956162498437584, 'sharpe': -0.25579762483931684, 'mdd_pct': 15.084470992781451, 'n_days': 160}",33.33333333333333,0.31370399373531715,-0.25579762483931684,-3.7956162498437584,-3.467478431960258,956
买3/止2.5,0.03,0.025,yin_or_small_yang,47.368421052631575,19,sz159901,159901,深证100ETF易方达,A,"{'is_start': '2023-01-02', 'is_end': '2025-12-31', 'oos_start': '2025-01-02', 'oos_end': '2026-09-01'}","{'ret_pct': 31.52124710333155, 'excess_pct': 13.504153086237533, 'sharpe': 0.5991661874755968, 'mdd_pct': 26.083417912265674, 'n_days': 727}","{'ret_pct': -1.2813235138730228, 'excess_pct': -35.321502085301574, 'sharpe': -0.06670437685663598, 'mdd_pct': 18.20090470686636, 'n_days': 403}",47.368421052631575,0.3129992169146437,-0.06670437685663598,-35.321502085301574,-1.2813235138730228,957
买2.5/止3.5,0.025,0.035,yin_or_small_yang,50.0,2,sh516460,516460,现金流ETF800鹏华,B,"{'is_start': '2025-04-28', 'is_end': '2025-12-31', 'oos_start': '2026-01-02', 'oos_end': '2026-09-01'}","{'ret_pct': 10.503956800684788, 'excess_pct': -16.996043199315203, 'sharpe': 1.3831200359626394, 'mdd_pct': 4.505773581759964, 'n_days': 168}","{'ret_pct': -8.625810599646632, 'excess_pct': -7.2028856984608804, 'sharpe': -0.9563914944100647, 'mdd_pct': 18.840079493578298, 'n_days': 160}",50.0,0.3126076742364918,-0.9563914944100647,-7.2028856984608804,-8.625810599646632,958
买3/止2.5,0.03,0.025,yin_or_small_yang,39.130434782608695,23,sz159611,159611,电力ETF广发,A,"{'is_start': '2023-01-02', 'is_end': '2025-12-31', 'oos_start': '2025-01-02', 'oos_end': '2026-09-01'}","{'ret_pct': 20.83120797305469, 'excess_pct': 7.595913855407632, 'sharpe': 0.6128151161687321, 'mdd_pct': 9.347295306259717, 'n_days': 727}","{'ret_pct': -2.4058268724467258, 'excess_pct': -9.882462386465418, 'sharpe': -0.13147363720910568, 'mdd_pct': 17.071594970875903, 'n_days': 403}",39.130434782608695,0.31205951448707914,-0.13147363720910568,-9.882462386465418,-2.4058268724467258,959
sym±2%,0.02,0.02,yin_or_small_yang,50.0,10,sz159260,159260,证券ETF博时,B,"{'is_start': '2025-11-04', 'is_end': '2025-12-31', 'oos_start': '2026-01-02', 'oos_end': '2026-09-01'}","{'ret_pct': 1.3113444280415942, 'excess_pct': 3.9671156231386395, 'sharpe': 1.06176762577298, 'mdd_pct': 2.281541305654733, 'n_days': 42}","{'ret_pct': -14.263423684113608, 'excess_pct': -4.4493740973367455, 'sharpe': -1.0827335903721713, 'mdd_pct': 22.994695992322267, 'n_days': 160}",50.0,0.31174628034455754,-1.0827335903721713,-4.4493740973367455,-14.263423684113608,960
买2/止3,0.02,0.03,yin_or_small_yang,50.0,4,sz159577,159577,美国50ETF汇添富,B,"{'is_start': '2025-01-02', 'is_end': '2025-12-31', 'oos_start': '2026-01-02', 'oos_end': '2026-09-01'}","{'ret_pct': 22.99040625652451, 'excess_pct': 7.817992463421074, 'sharpe': 1.2669766983842896, 'mdd_pct': 8.145001692759656, 'n_days': 243}","{'ret_pct': -6.3011831605184305, 'excess_pct': -14.661946820821258, 'sharpe': -0.5426332329003883, 'mdd_pct': 13.439970600083317, 'n_days': 160}",50.0,0.31088488645262335,-0.5426332329003883,-14.661946820821258,-6.3011831605184305,961
买2/止3,0.02,0.03,yin_or_small_yang,66.66666666666666,3,sz159525,159525,红利低波ETF富国,B,"{'is_start': '2025-01-02', 'is_end': '2025-12-31', 'oos_start': '2026-01-02', 'oos_end': '2026-09-01'}","{'ret_pct': 0.8237186556958154, 'excess_pct': -6.012218844304185, 'sharpe': 0.4264452694087772, 'mdd_pct': 1.0218871720152567, 'n_days': 243}","{'ret_pct': -11.46461582886512, 'excess_pct': -13.202950687053605, 'sharpe': -1.1576960393001992, 'mdd_pct': 16.116171486995533, 'n_days': 160}",66.66666666666666,0.30916209866875494,-1.1576960393001992,-13.202950687053605,-11.46461582886512,962
买2/止3,0.02,0.03,yin_or_small_yang,40.0,5,sh562870,562870,证券ETF嘉实,B,"{'is_start': '2025-07-25', 'is_end': '2025-12-31', 'oos_start': '2026-01-02', 'oos_end': '2026-09-01'}","{'ret_pct': -6.675199566217593, 'excess_pct': -6.186918316217582, 'sharpe': -0.8089418488087391, 'mdd_pct': 14.975387125441763, 'n_days': 108}","{'ret_pct': -10.070426457106517, 'excess_pct': -0.42722491419426767, 'sharpe': -0.7080302427687379, 'mdd_pct': 21.8632857560496, 'n_days': 160}",40.0,0.30908379013312454,-0.7080302427687379,-0.42722491419426767,-10.070426457106517,963
sym±2.5%,0.025,0.025,yin_or_small_yang,47.540983606557376,61,sz159667,159667,工业母机ETF国泰,A,"{'is_start': '2023-01-02', 'is_end': '2025-12-31', 'oos_start': '2025-01-02', 'oos_end': '2026-09-01'}","{'ret_pct': 79.78424518633618, 'excess_pct': 9.151876483227923, 'sharpe': 0.972029704939109, 'mdd_pct': 23.190121350697556, 'n_days': 727}","{'ret_pct': -37.78638804288935, 'excess_pct': -6.790453083539759, 'sharpe': -0.43055552707594014, 'mdd_pct': 70.79610632284596, 'n_days': 403}",47.540983606557376,0.30790916209866875,-0.43055552707594014,-6.790453083539759,-37.78638804288935,964
买3/止2.5,0.03,0.025,yin_or_small_yang,31.57894736842105,19,sh516530,516530,物流ETF银华,A,"{'is_start': '2023-01-02', 'is_end': '2025-12-31', 'oos_start': '2025-01-02', 'oos_end': '2026-09-01'}","{'ret_pct': 40.99953178014435, 'excess_pct': 35.48076798323488, 'sharpe': 1.4091427997333734, 'mdd_pct': 8.093376404554231, 'n_days': 727}","{'ret_pct': 1.526606725617774, 'excess_pct': -15.197333709662828, 'sharpe': 0.0878233758649428, 'mdd_pct': 13.055717957967982, 'n_days': 403}",31.57894736842105,0.30728269381362566,0.0878233758649428,-15.197333709662828,1.526606725617774,965
买2.5/止3.5,0.025,0.035,yin_or_small_yang,37.5,16,sz159688,159688,恒生互联网ETF华安,B,"{'is_start': '2025-01-02', 'is_end': '2025-12-31', 'oos_start': '2026-01-02', 'oos_end': '2026-09-01'}","{'ret_pct': 49.56472370120832, 'excess_pct': 25.811754580068147, 'sharpe': 1.9746304058273043, 'mdd_pct': 12.125004959421638, 'n_days': 243}","{'ret_pct': -20.59590153671237, 'excess_pct': 9.890783495427204, 'sharpe': -1.1801514823681423, 'mdd_pct': 27.87905676897855, 'n_days': 160}",37.5,0.30665622552858257,-1.1801514823681423,9.890783495427204,-20.59590153671237,966
买3/止2.5,0.03,0.025,yin_or_small_yang,34.61538461538461,26,sz159862,159862,食品饮料ETF银华,A,"{'is_start': '2023-01-02', 'is_end': '2025-12-31', 'oos_start': '2025-01-02', 'oos_end': '2026-09-01'}","{'ret_pct': -1.7991004586744963, 'excess_pct': 25.110819723765644, 'sharpe': -0.038081393154394745, 'mdd_pct': 17.758205910769487, 'n_days': 726}","{'ret_pct': -15.916410668061932, 'excess_pct': 5.220615571005126, 'sharpe': -0.765346648308532, 'mdd_pct': 23.09220086534749, 'n_days': 402}",34.61538461538461,0.3064212999216915,-0.765346648308532,5.220615571005126,-15.916410668061932,967
买2/止3,0.02,0.03,yin_or_small_yang,42.857142857142854,7,sh560610,560610,A500ETF招商,B,"{'is_start': '2025-01-02', 'is_end': '2025-12-31', 'oos_start': '2026-01-02', 'oos_end': '2026-09-01'}","{'ret_pct': 20.97054895834254, 'excess_pct': -5.322554489933303, 'sharpe': 1.5098275393830833, 'mdd_pct': 10.155272813699934, 'n_days': 243}","{'ret_pct': -6.564574083627727, 'excess_pct': -6.397350003360158, 'sharpe': -0.5027167316211436, 'mdd_pct': 16.81594809814053, 'n_days': 160}",42.857142857142854,0.3062646828504307,-0.5027167316211436,-6.397350003360158,-6.564574083627727,968
sym±2.5%仅阴,0.025,0.025,yin_only,38.88888888888889,36,sz159766,159766,旅游ETF富国,A,"{'is_start': '2023-01-02', 'is_end': '2025-12-31', 'oos_start': '2025-01-02', 'oos_end': '2026-09-01'}","{'ret_pct': 19.6060923180297, 'excess_pct': 46.327106810783334, 'sharpe': 0.4429364791833344, 'mdd_pct': 17.812843009065105, 'n_days': 727}","{'ret_pct': -16.284487986695307, 'excess_pct': 2.537351093764471, 'sharpe': -0.7929647306003962, 'mdd_pct': 23.57006751536349, 'n_days': 403}",38.88888888888889,0.3059514487079092,-0.7929647306003962,2.537351093764471,-16.284487986695307,969
买3/止2.5,0.03,0.025,yin_or_small_yang,40.0,10,sh510390,510390,沪深300ETF平安,A,"{'is_start': '2023-01-02', 'is_end': '2025-12-31', 'oos_start': '2025-01-02', 'oos_end': '2026-09-01'}","{'ret_pct': 23.827939621320215, 'excess_pct': -5.11024582234878, 'sharpe': 0.6011572505777888, 'mdd_pct': 11.522133314418593, 'n_days': 727}","{'ret_pct': 1.1560236977630645, 'excess_pct': -26.755429622737427, 'sharpe': 0.08274024783808587, 'mdd_pct': 7.503405159519982, 'n_days': 403}",40.0,0.3059514487079092,0.08274024783808587,-26.755429622737427,1.1560236977630645,970
买2/止3,0.02,0.03,yin_or_small_yang,50.0,38,sz159242,159242,创业板人工智能ETF大成,B,"{'is_start': '2025-07-24', 'is_end': '2025-12-31', 'oos_start': '2026-01-02', 'oos_end': '2026-09-01'}","{'ret_pct': 48.7775936889824, 'excess_pct': -19.53226546594717, 'sharpe': 3.5781785818854437, 'mdd_pct': 12.110512557197984, 'n_days': 109}","{'ret_pct': -5.1734303518787605, 'excess_pct': -27.73902801951722, 'sharpe': -0.18920033828378405, 'mdd_pct': 32.8718063090663, 'n_days': 160}",50.0,0.30595144870790913,-0.18920033828378405,-27.73902801951722,-5.1734303518787605,971
买3/止4,0.03,0.04,yin_or_small_yang,50.0,4,sh513530,513530,港股通红利ETF华泰柏瑞,A,"{'is_start': '2023-01-02', 'is_end': '2025-12-31', 'oos_start': '2025-01-02', 'oos_end': '2026-09-01'}","{'ret_pct': 38.94578751279339, 'excess_pct': -16.266567699561826, 'sharpe': 0.7638304511122969, 'mdd_pct': 14.267401849022331, 'n_days': 727}","{'ret_pct': -5.93948542453716, 'excess_pct': -18.648982631241072, 'sharpe': -0.41998929528959, 'mdd_pct': 10.907444760959173, 'n_days': 403}",50.0,0.30595144870790913,-0.41998929528959,-18.648982631241072,-5.93948542453716,972
sym±2%,0.02,0.02,yin_or_small_yang,40.0,15,sh561960,561960,央企回报ETF招商,B,"{'is_start': '2025-01-02', 'is_end': '2025-12-31', 'oos_start': '2026-01-02', 'oos_end': '2026-09-01'}","{'ret_pct': 16.03428193268901, 'excess_pct': 5.522398934517158, 'sharpe': 1.932643691303901, 'mdd_pct': 4.583482730978949, 'n_days': 243}","{'ret_pct': -1.5284991043655105, 'excess_pct': -9.73745432824612, 'sharpe': -0.3037142255886763, 'mdd_pct': 5.703105224626759, 'n_days': 160}",40.0,0.3049334377447142,-0.3037142255886763,-9.73745432824612,-1.5284991043655105,973
sym±2%,0.02,0.02,yin_or_small_yang,48.837209302325576,43,sz159375,159375,创业板50ETF国泰,B,"{'is_start': '2025-01-10', 'is_end': '2025-12-31', 'oos_start': '2026-01-02', 'oos_end': '2026-09-01'}","{'ret_pct': 71.380785535312, 'excess_pct': -2.335846908219821, 'sharpe': 3.550316103950793, 'mdd_pct': 9.422491502890884, 'n_days': 237}","{'ret_pct': -60.823504044657085, 'excess_pct': -2.389422294513146, 'sharpe': -1.0006507010552659, 'mdd_pct': 67.69382185734175, 'n_days': 160}",48.837209302325576,0.3048551292090838,-1.0006507010552659,-2.389422294513146,-60.823504044657085,974
sym±2%,0.02,0.02,yin_or_small_yang,21.428571428571427,14,sz159275,159275,农牧渔ETF华宝,B,"{'is_start': '2025-09-29', 'is_end': '2025-12-31', 'oos_start': '2026-01-02', 'oos_end': '2026-09-01'}","{'ret_pct': -3.017450881542394, 'excess_pct': -1.7161495802410776, 'sharpe': -1.4323742202302296, 'mdd_pct': 4.698650881542388, 'n_days': 62}","{'ret_pct': -7.717998245324376, 'excess_pct': 2.9998986201963618, 'sharpe': -0.6507821568545538, 'mdd_pct': 19.5075915320965, 'n_days': 160}",21.428571428571427,0.3042286609240407,-0.6507821568545538,2.9998986201963618,-7.717998245324376,975
买2.5/止3.5,0.025,0.035,yin_or_small_yang,50.0,6,sh520520,520520,恒生消费ETF华泰柏瑞,B,"{'is_start': '2025-01-02', 'is_end': '2025-12-31', 'oos_start': '2026-01-02', 'oos_end': '2026-09-01'}","{'ret_pct': 0.29791178025071474, 'excess_pct': -5.566899352950072, 'sharpe': 0.014997187730555923, 'mdd_pct': 15.242687727038174, 'n_days': 243}","{'ret_pct': -16.500712342757275, 'excess_pct': -4.081805947947261, 'sharpe': -1.4261840260473213, 'mdd_pct': 24.272419400313062, 'n_days': 160}",50.0,0.3031323414252153,-1.4261840260473213,-4.081805947947261,-16.500712342757275,976
买3/止4,0.03,0.04,yin_or_small_yang,50.0,4,sh512960,512960,央企结构调整ETF博时,A,"{'is_start': '2023-01-02', 'is_end': '2025-12-31', 'oos_start': '2025-01-02', 'oos_end': '2026-09-01'}","{'ret_pct': 15.111696216379222, 'excess_pct': -5.604416315590079, 'sharpe': 0.3792591639934608, 'mdd_pct': 19.11743533668293, 'n_days': 727}","{'ret_pct': -6.692189902388767, 'excess_pct': -21.4118160706131, 'sharpe': -0.2999271239885871, 'mdd_pct': 15.01220882323876, 'n_days': 403}",50.0,0.3029757243539546,-0.2999271239885871,-21.4118160706131,-6.692189902388767,977
sym±2%,0.02,0.02,yin_or_small_yang,38.095238095238095,42,sh561190,561190,碳中和ETF富国,A,"{'is_start': '2023-01-02', 'is_end': '2025-12-31', 'oos_start': '2025-01-02', 'oos_end': '2026-09-01'}","{'ret_pct': 41.24100072635775, 'excess_pct': 11.87982136517838, 'sharpe': 0.8394681690338348, 'mdd_pct': 17.59337630619038, 'n_days': 727}","{'ret_pct': 2.783255292448583, 'excess_pct': -28.23715287081674, 'sharpe': 0.11531520241152454, 'mdd_pct': 24.949912660973116, 'n_days': 403}",38.095238095238095,0.3017227877838684,0.11531520241152454,-28.23715287081674,2.783255292448583,978
买3/止4,0.03,0.04,yin_or_small_yang,43.47826086956522,23,sz159707,159707,地产ETF华宝,A,"{'is_start': '2023-01-02', 'is_end': '2025-12-31', 'oos_start': '2025-01-02', 'oos_end': '2026-09-01'}","{'ret_pct': -1.397844711917906, 'excess_pct': 31.75491801830963, 'sharpe': -0.018375203405212783, 'mdd_pct': 34.32566628041036, 'n_days': 727}","{'ret_pct': -24.741971497382398, 'excess_pct': -2.0515338960858003, 'sharpe': -0.6598384106360408, 'mdd_pct': 38.724853524436064, 'n_days': 403}",43.47826086956522,0.3014878621769773,-0.6598384106360408,-2.0515338960858003,-24.741971497382398,979
sym±2%,0.02,0.02,yin_or_small_yang,38.46153846153847,91,sh562930,562930,软件ETF易方达,B,"{'is_start': '2025-01-02', 'is_end': '2025-12-31', 'oos_start': '2026-01-02', 'oos_end': '2026-09-01'}","{'ret_pct': 38.37144070756935, 'excess_pct': 18.69489084234024, 'sharpe': 1.7677042684891446, 'mdd_pct': 11.681158718228179, 'n_days': 243}","{'ret_pct': -17.139649929872093, 'excess_pct': 4.102180135487387, 'sharpe': -0.9036771205474051, 'mdd_pct': 36.8480769104509, 'n_days': 160}",38.46153846153847,0.30101801096319497,-0.9036771205474051,4.102180135487387,-17.139649929872093,980
sym±2.5%,0.025,0.025,yin_or_small_yang,40.0,20,sz159576,159576,深证100ETF广发,B,"{'is_start': '2025-01-02', 'is_end': '2025-12-31', 'oos_start': '2026-01-02', 'oos_end': '2026-09-01'}","{'ret_pct': 38.41247358433986, 'excess_pct': 7.140388778686123, 'sharpe': 2.941766669428604, 'mdd_pct': 4.958467967490543, 'n_days': 243}","{'ret_pct': -4.354884499582323, 'excess_pct': -6.534541038551933, 'sharpe': -0.4335125646436082, 'mdd_pct': 16.598942952067098, 'n_days': 160}",40.0,0.30015661707126073,-0.4335125646436082,-6.534541038551933,-4.354884499582323,981
买2/止3,0.02,0.03,yin_or_small_yang,33.33333333333333,9,sz159673,159673,沪深300ETF鹏华,B,"{'is_start': '2025-01-02', 'is_end': '2025-12-31', 'oos_start': '2026-01-02', 'oos_end': '2026-09-01'}","{'ret_pct': 22.203343350562132, 'excess_pct': -1.308851771389108, 'sharpe': 1.74674003872219, 'mdd_pct': 8.636385489664534, 'n_days': 243}","{'ret_pct': -3.8867430266936065, 'excess_pct': -4.041902064707581, 'sharpe': -0.3524603948995802, 'mdd_pct': 12.447007043683433, 'n_days': 160}",33.33333333333333,0.29968676585747844,-0.3524603948995802,-4.041902064707581,-3.8867430266936065,982
sym±3%,0.03,0.03,yin_or_small_yang,40.0,5,sz159328,159328,家电ETF易方达,B,"{'is_start': '2025-01-02', 'is_end': '2025-12-31', 'oos_start': '2026-01-02', 'oos_end': '2026-09-01'}","{'ret_pct': 11.273514407184027, 'excess_pct': -5.597651236987765, 'sharpe': 0.802219605948862, 'mdd_pct': 8.689737904430494, 'n_days': 243}","{'ret_pct': -8.606530783610156, 'excess_pct': 0.029047800154936354, 'sharpe': -1.0051329994139575, 'mdd_pct': 13.945627002194616, 'n_days': 160}",40.0,0.2985121378230227,-1.0051329994139575,0.029047800154936354,-8.606530783610156,983
sym±2%,0.02,0.02,yin_or_small_yang,42.857142857142854,21,sz159280,159280,港股通互联网ETF汇添富,B,"{'is_start': '2025-08-18', 'is_end': '2025-12-31', 'oos_start': '2026-01-02', 'oos_end': '2026-09-01'}","{'ret_pct': 1.0551505209280387, 'excess_pct': 12.10222064580796, 'sharpe': 0.2657968070824601, 'mdd_pct': 3.6577660792305067, 'n_days': 92}","{'ret_pct': -24.31172186220284, 'excess_pct': 3.5639258061909587, 'sharpe': -1.6718003942235233, 'mdd_pct': 25.3420041812373, 'n_days': 160}",42.857142857142854,0.2984338292873923,-1.6718003942235233,3.5639258061909587,-24.31172186220284,984
买2/止3,0.02,0.03,yin_or_small_yang,43.90243902439025,41,sh588830,588830,科创新能源ETF鹏华,B,"{'is_start': '2025-01-02', 'is_end': '2025-12-31', 'oos_start': '2026-01-02', 'oos_end': '2026-09-01'}","{'ret_pct': 33.743804570865585, 'excess_pct': 2.622728337681732, 'sharpe': 1.2732247307287674, 'mdd_pct': 13.18595042732994, 'n_days': 243}","{'ret_pct': -19.815868463292542, 'excess_pct': -0.8789913868805819, 'sharpe': -0.8761711384078988, 'mdd_pct': 36.16759568847752, 'n_days': 160}",43.90243902439025,0.29796397807361,-0.8761711384078988,-0.8789913868805819,-19.815868463292542,985
买2/止3,0.02,0.03,yin_or_small_yang,41.935483870967744,31,sh589010,589010,科创人工智能ETF华夏,B,"{'is_start': '2025-04-09', 'is_end': '2025-12-31', 'oos_start': '2026-01-02', 'oos_end': '2026-09-01'}","{'ret_pct': 41.32563326510723, 'excess_pct': -6.328950956641215, 'sharpe': 2.2331011255334, 'mdd_pct': 14.571484614333253, 'n_days': 181}","{'ret_pct': -8.499401245791894, 'excess_pct': -7.5338840044125845, 'sharpe': -0.3390628491358168, 'mdd_pct': 29.937880330725086, 'n_days': 160}",41.935483870967744,0.2977290524667189,-0.3390628491358168,-7.5338840044125845,-8.499401245791894,986
sym±2%,0.02,0.02,yin_or_small_yang,42.25352112676056,71,sh512580,512580,环保ETF广发,A,"{'is_start': '2023-01-02', 'is_end': '2025-12-31', 'oos_start': '2025-01-02', 'oos_end': '2026-09-01'}","{'ret_pct': 23.64236054431428, 'excess_pct': 30.691779148965438, 'sharpe': 0.4001283388296334, 'mdd_pct': 21.96723009752256, 'n_days': 727}","{'ret_pct': -1.2057724926508362, 'excess_pct': -22.872439159317516, 'sharpe': -0.037899369201782725, 'mdd_pct': 17.847683205012377, 'n_days': 403}",42.25352112676056,0.2977290524667189,-0.037899369201782725,-22.872439159317516,-1.2057724926508362,987
sym±2.5%仅阴,0.025,0.025,yin_only,50.847457627118644,59,sz159538,159538,信创ETF富国,B,"{'is_start': '2025-01-02', 'is_end': '2025-12-31', 'oos_start': '2026-01-02', 'oos_end': '2026-09-01'}","{'ret_pct': 45.76199296387517, 'excess_pct': 11.420355953199007, 'sharpe': 1.920468137317357, 'mdd_pct': 11.822872502749815, 'n_days': 243}","{'ret_pct': -47.568858811257954, 'excess_pct': -5.981557223956372, 'sharpe': -0.9242465378776973, 'mdd_pct': 59.6104569043842, 'n_days': 160}",50.847457627118644,0.2974941268598277,-0.9242465378776973,-5.981557223956372,-47.568858811257954,988
sym±2.5%仅阴,0.025,0.025,yin_only,35.294117647058826,17,sh589960,589960,科创新能源ETF易方达,B,"{'is_start': '2025-09-22', 'is_end': '2025-12-31', 'oos_start': '2026-01-02', 'oos_end': '2026-09-01'}","{'ret_pct': 8.895774087779218, 'excess_pct': 7.17512631449988, 'sharpe': 2.2749044919850943, 'mdd_pct': 4.380332873489856, 'n_days': 67}","{'ret_pct': -12.806382251623171, 'excess_pct': 3.747344757089321, 'sharpe': -0.8710147888333554, 'mdd_pct': 20.648927217956036, 'n_days': 160}",35.294117647058826,0.29741581832419733,-0.8710147888333554,3.747344757089321,-12.806382251623171,989
sym±2.5%,0.025,0.025,yin_or_small_yang,50.0,2,sh513110,513110,纳指ETF华泰柏瑞,B,"{'is_start': '2025-01-02', 'is_end': '2025-12-31', 'oos_start': '2026-01-02', 'oos_end': '2026-09-01'}","{'ret_pct': 37.62130186599679, 'excess_pct': 24.295075853203606, 'sharpe': 3.290617665439603, 'mdd_pct': 4.497288445643033, 'n_days': 243}","{'ret_pct': -1.7624402884490409, 'excess_pct': -17.129199805626406, 'sharpe': -0.8006979983915329, 'mdd_pct': 2.542663396436917, 'n_days': 160}",50.0,0.2971808927173062,-0.8006979983915329,-17.129199805626406,-1.7624402884490409,990
买3/止4,0.03,0.04,yin_or_small_yang,100.0,1,sz159276,159276,现金流ETF汇添富,B,"{'is_start': '2025-07-28', 'is_end': '2025-12-31', 'oos_start': '2026-01-02', 'oos_end': '2026-09-01'}","{'ret_pct': 5.370555827439993, 'excess_pct': -8.443257986373819, 'sharpe': 1.2744688738789838, 'mdd_pct': 6.521786537808594, 'n_days': 107}","{'ret_pct': 7.134533635476492, 'excess_pct': 10.188634857116973, 'sharpe': 1.181388827520976, 'mdd_pct': 6.068196594972863, 'n_days': 160}",100.0,0.2968676585747846,1.181388827520976,10.188634857116973,7.134533635476492,991
sym±2%,0.02,0.02,yin_or_small_yang,46.96969696969697,66,sh515960,515960,医药ETF嘉实,A,"{'is_start': '2023-01-02', 'is_end': '2025-12-31', 'oos_start': '2025-01-02', 'oos_end': '2026-09-01'}","{'ret_pct': 12.249313587572042, 'excess_pct': 24.94772628598475, 'sharpe': 0.2557498699377581, 'mdd_pct': 22.584591181347633, 'n_days': 727}","{'ret_pct': -5.157648290836048, 'excess_pct': -22.67177258462134, 'sharpe': -0.18131873963410686, 'mdd_pct': 15.91998956597126, 'n_days': 403}",46.96969696969697,0.2966327329678935,-0.18131873963410686,-22.67177258462134,-5.157648290836048,992
买2/止3,0.02,0.03,yin_or_small_yang,50.0,4,sz159390,159390,中证A50ETF国联,B,"{'is_start': '2025-04-09', 'is_end': '2025-12-31', 'oos_start': '2026-01-02', 'oos_end': '2026-09-01'}","{'ret_pct': 15.303008804921593, 'excess_pct': -6.104325189131952, 'sharpe': 1.8651045030379254, 'mdd_pct': 6.018026832186541, 'n_days': 181}","{'ret_pct': -9.580622867773226, 'excess_pct': -9.101389640936176, 'sharpe': -0.9419765315961038, 'mdd_pct': 11.014169229404057, 'n_days': 160}",50.0,0.29631949882537195,-0.9419765315961038,-9.101389640936176,-9.580622867773226,993
买2.5/止3.5,0.025,0.035,yin_or_small_yang,50.0,2,sz159221,159221,现金流ETF嘉实,B,"{'is_start': '2025-05-13', 'is_end': '2025-12-31', 'oos_start': '2026-01-02', 'oos_end': '2026-09-01'}","{'ret_pct': 13.973692144262406, 'excess_pct': -7.454879284309014, 'sharpe': 1.8671734813186929, 'mdd_pct': 6.172048867990165, 'n_days': 160}","{'ret_pct': -10.92668476291755, 'excess_pct': -7.43358971823841, 'sharpe': -1.141287058646692, 'mdd_pct': 23.837969249873513, 'n_days': 160}",50.0,0.2949882537196554,-1.141287058646692,-7.43358971823841,-10.92668476291755,994
买2/止3,0.02,0.03,yin_or_small_yang,50.0,4,sh563600,563600,A500增强ETF易方达,B,"{'is_start': '2025-09-26', 'is_end': '2025-12-31', 'oos_start': '2026-01-02', 'oos_end': '2026-09-01'}","{'ret_pct': 2.1471524295423983, 'excess_pct': -1.246061143311894, 'sharpe': 0.7294347151308369, 'mdd_pct': 4.940581131788813, 'n_days': 63}","{'ret_pct': -10.440724043694294, 'excess_pct': -9.87254222551246, 'sharpe': -0.8402307866929846, 'mdd_pct': 16.829863509274844, 'n_days': 160}",50.0,0.29467501957713393,-0.8402307866929846,-9.87254222551246,-10.440724043694294,995
sym±3%,0.03,0.03,yin_or_small_yang,50.0,16,sh560260,560260,医疗ETF广发,B,"{'is_start': '2025-01-02', 'is_end': '2025-12-31', 'oos_start': '2026-01-02', 'oos_end': '2026-09-01'}","{'ret_pct': 11.94918611953888, 'excess_pct': 4.77034480971521, 'sharpe': 0.639128775628734, 'mdd_pct': 17.428930483110083, 'n_days': 243}","{'ret_pct': -13.018865781805754, 'excess_pct': -9.224222924662893, 'sharpe': -0.8245548082135984, 'mdd_pct': 25.81901742272149, 'n_days': 160}",50.0,0.29444009397024273,-0.8245548082135984,-9.224222924662893,-13.018865781805754,996
sym±2.5%,0.025,0.025,yin_or_small_yang,100.0,1,sh511970,511970,国寿货币ETF,A,"{'is_start': '2023-01-02', 'is_end': '2025-12-31', 'oos_start': '2025-01-02', 'oos_end': '2026-09-01'}","{'ret_pct': 13.882014976665413, 'excess_pct': 13.834997580228725, 'sharpe': 0.49673807869363723, 'mdd_pct': 3.235068479597236, 'n_days': 471}","{'ret_pct': 13.775241926553106, 'excess_pct': 13.830212242582451, 'sharpe': 0.828257390162317, 'mdd_pct': 3.235068479597236, 'n_days': 389}",100.0,0.29310884886452615,0.828257390162317,13.830212242582451,13.775241926553106,997
买3/止4,0.03,0.04,yin_or_small_yang,57.14285714285714,7,sh561120,561120,家电ETF富国,A,"{'is_start': '2023-01-02', 'is_end': '2025-12-31', 'oos_start': '2025-01-02', 'oos_end': '2026-09-01'}","{'ret_pct': 27.22305367602569, 'excess_pct': -30.683658496898072, 'sharpe': 0.47954043460749435, 'mdd_pct': 20.487732243181355, 'n_days': 727}","{'ret_pct': -12.849206898687793, 'excess_pct': -21.367094462571956, 'sharpe': -0.5927308206443513, 'mdd_pct': 19.513337700532485, 'n_days': 403}",57.14285714285714,0.2921691464369617,-0.5927308206443513,-21.367094462571956,-12.849206898687793,998
sym±3%,0.03,0.03,yin_or_small_yang,50.0,2,sh563520,563520,沪深300ETF永赢,B,"{'is_start': '2025-01-02', 'is_end': '2025-12-31', 'oos_start': '2026-01-02', 'oos_end': '2026-09-01'}","{'ret_pct': 27.94890968179842, 'excess_pct': 3.1860013572462513, 'sharpe': 2.565069673170833, 'mdd_pct': 6.108870824018753, 'n_days': 243}","{'ret_pct': -8.568604731747964, 'excess_pct': -8.402767252477672, 'sharpe': -1.2509448912054462, 'mdd_pct': 11.636824257625255, 'n_days': 160}",50.0,0.29169929522317933,-1.2509448912054462,-8.402767252477672,-8.568604731747964,999
买2/止2.5,0.02,0.025,yin_or_small_yang,32.69230769230769,52,sh562380,562380,央企科技ETF银华,B,"{'is_start': '2025-01-02', 'is_end': '2025-12-31', 'oos_start': '2026-01-02', 'oos_end': '2026-09-01'}","{'ret_pct': 20.697826315858524, 'excess_pct': -5.414585862127421, 'sharpe': 1.0356322376840281, 'mdd_pct': 11.29914605383464, 'n_days': 243}","{'ret_pct': 0.27636974798375125, 'excess_pct': -16.102156184682293, 'sharpe': 0.01540830028960369, 'mdd_pct': 19.98256050990699, 'n_days': 160}",32.69230769230769,0.2905246671887236,0.01540830028960369,-16.102156184682293,0.27636974798375125,1000
sym±2%,0.02,0.02,yin_or_small_yang,32.432432432432435,37,sz159639,159639,碳中和ETF南方,A,"{'is_start': '2023-01-02', 'is_end': '2025-12-31', 'oos_start': '2025-01-02', 'oos_end': '2026-09-01'}","{'ret_pct': 31.413111115829896, 'excess_pct': 2.789032491751289, 'sharpe': 0.582127704306647, 'mdd_pct': 25.607030745141902, 'n_days': 727}","{'ret_pct': 3.933248974650172, 'excess_pct': -25.781812083694454, 'sharpe': 0.14403692058421055, 'mdd_pct': 14.667137556707576, 'n_days': 403}",32.432432432432435,0.28958496476115897,0.14403692058421055,-25.781812083694454,3.933248974650172,1001
买2/止3,0.02,0.03,yin_or_small_yang,40.0,10,sz159672,159672,消费ETF博时,B,"{'is_start': '2025-01-02', 'is_end': '2025-12-31', 'oos_start': '2026-01-02', 'oos_end': '2026-09-01'}","{'ret_pct': -2.520684072750745, 'excess_pct': -0.9417367043296987, 'sharpe': -0.19172738098424782, 'mdd_pct': 10.563405056067909, 'n_days': 243}","{'ret_pct': -14.754690169012541, 'excess_pct': 1.8899597649372666, 'sharpe': -1.2064094429916858, 'mdd_pct': 22.941254535826193, 'n_days': 160}",40.0,0.2892717306186374,-1.2064094429916858,1.8899597649372666,-14.754690169012541,1002
sym±2%,0.02,0.02,yin_or_small_yang,29.411764705882355,17,sz159329,159329,沙特ETF南方,B,"{'is_start': '2025-01-02', 'is_end': '2025-12-31', 'oos_start': '2026-01-02', 'oos_end': '2026-09-01'}","{'ret_pct': 10.3346631407498, 'excess_pct': 21.757702830972434, 'sharpe': 0.4933431477322957, 'mdd_pct': 15.754693201272552, 'n_days': 239}","{'ret_pct': -3.3085406170435427, 'excess_pct': -3.4171182500511432, 'sharpe': -0.4936835918953954, 'mdd_pct': 12.707416195776988, 'n_days': 160}",29.411764705882355,0.288566953797964,-0.4936835918953954,-3.4171182500511432,-3.3085406170435427,1003
sym±2%,0.02,0.02,yin_or_small_yang,40.74074074074074,54,sh563010,563010,电信ETF易方达,B,"{'is_start': '2025-01-02', 'is_end': '2025-12-31', 'oos_start': '2026-01-02', 'oos_end': '2026-09-01'}","{'ret_pct': 59.51475688760428, 'excess_pct': 5.1077056055529795, 'sharpe': 2.9425001909204167, 'mdd_pct': 11.445892138932813, 'n_days': 243}","{'ret_pct': -2.942378671052781, 'excess_pct': -13.827424449282688, 'sharpe': -0.19744330723451417, 'mdd_pct': 21.737382485941946, 'n_days': 160}",40.74074074074074,0.28692247454972597,-0.19744330723451417,-13.827424449282688,-2.942378671052781,1004
买3/止4,0.03,0.04,yin_or_small_yang,57.89473684210527,19,sz159371,159371,创业板50ETF富国,B,"{'is_start': '2025-02-12', 'is_end': '2025-12-31', 'oos_start': '2026-01-02', 'oos_end': '2026-09-01'}","{'ret_pct': 87.64419901465278, 'excess_pct': 31.443411613078013, 'sharpe': 3.1861506419266363, 'mdd_pct': 10.562946782104198, 'n_days': 220}","{'ret_pct': -15.83807713863309, 'excess_pct': -19.512296367047067, 'sharpe': -0.6547168535336955, 'mdd_pct': 36.75417310891298, 'n_days': 160}",57.89473684210527,0.2862960062646829,-0.6547168535336955,-19.512296367047067,-15.83807713863309,1005
买2/止2.5,0.02,0.025,yin_or_small_yang,40.0,5,sh530050,530050,上证50ETF东财,B,"{'is_start': '2025-01-02', 'is_end': '2025-12-31', 'oos_start': '2026-01-02', 'oos_end': '2026-09-01'}","{'ret_pct': 0.5189075053790626, 'excess_pct': -19.179584956932484, 'sharpe': 0.05663545806166694, 'mdd_pct': 9.229411627404115, 'n_days': 243}","{'ret_pct': -6.333535844438187, 'excess_pct': -4.446743391607999, 'sharpe': -0.6695578129158027, 'mdd_pct': 10.220309441888443, 'n_days': 160}",40.0,0.28598277212216133,-0.6695578129158027,-4.446743391607999,-6.333535844438187,1006
买3/止4,0.03,0.04,yin_or_small_yang,50.0,14,sh563200,563200,中证2000ETF富国,B,"{'is_start': '2025-01-02', 'is_end': '2025-12-31', 'oos_start': '2026-01-02', 'oos_end': '2026-09-01'}","{'ret_pct': 50.418753500195294, 'excess_pct': 3.014248113319674, 'sharpe': 2.648495751131545, 'mdd_pct': 15.723784268385687, 'n_days': 243}","{'ret_pct': -12.091222675925462, 'excess_pct': -13.269233147129667, 'sharpe': -0.6869802650432435, 'mdd_pct': 30.708539462379512, 'n_days': 160}",50.0,0.2852779953014879,-0.6869802650432435,-13.269233147129667,-12.091222675925462,1007
买2/止3,0.02,0.03,yin_or_small_yang,45.45454545454545,55,sh513360,513360,教育ETF博时,A,"{'is_start': '2023-01-02', 'is_end': '2025-12-31', 'oos_start': '2025-01-02', 'oos_end': '2026-09-01'}","{'ret_pct': -1.8330243683900682, 'excess_pct': -3.156275786159457, 'sharpe': -0.02249776072314078, 'mdd_pct': 39.22888605233169, 'n_days': 726}","{'ret_pct': -15.265026422605278, 'excess_pct': -10.655807985731514, 'sharpe': -0.4151483875896915, 'mdd_pct': 38.224670999647856, 'n_days': 402}",45.45454545454545,0.2837118245888802,-0.4151483875896915,-10.655807985731514,-15.265026422605278,1008
sym±2.5%,0.025,0.025,yin_or_small_yang,46.666666666666664,75,sz159546,159546,集成电路ETF国泰,B,"{'is_start': '2025-01-02', 'is_end': '2025-12-31', 'oos_start': '2026-01-02', 'oos_end': '2026-09-01'}","{'ret_pct': 104.49338069613528, 'excess_pct': 54.04293024568483, 'sharpe': 3.5909410375315516, 'mdd_pct': 15.39076980417562, 'n_days': 243}","{'ret_pct': -62.336742629040074, 'excess_pct': -4.09959677384596, 'sharpe': -0.8582924050173527, 'mdd_pct': 71.27729208750314, 'n_days': 160}",46.666666666666664,0.2827721221613156,-0.8582924050173527,-4.09959677384596,-62.336742629040074,1009
sym±2%,0.02,0.02,yin_or_small_yang,43.58974358974359,39,sh588840,588840,科创50ETF万家,B,"{'is_start': '2025-03-10', 'is_end': '2025-12-31', 'oos_start': '2026-01-02', 'oos_end': '2026-09-01'}","{'ret_pct': 32.68897878761601, 'excess_pct': 9.467634914098213, 'sharpe': 1.707171531922668, 'mdd_pct': 13.318047591235194, 'n_days': 202}","{'ret_pct': -3.3415819516137257, 'excess_pct': -23.38784255300156, 'sharpe': -0.1490902715473985, 'mdd_pct': 24.216671854009164, 'n_days': 160}",43.58974358974359,0.2816758026624902,-0.1490902715473985,-23.38784255300156,-3.3415819516137257,1010
买2/止3,0.02,0.03,yin_or_small_yang,37.5,8,sh561880,561880,A100ETF华富,B,"{'is_start': '2025-01-24', 'is_end': '2025-12-31', 'oos_start': '2026-01-02', 'oos_end': '2026-09-01'}","{'ret_pct': 0.38041705010236626, 'excess_pct': -25.86708793991759, 'sharpe': 0.0292882207317682, 'mdd_pct': 12.13750883821395, 'n_days': 227}","{'ret_pct': -5.7836043072647225, 'excess_pct': -4.620813609590302, 'sharpe': -0.5572012427004065, 'mdd_pct': 15.985322194698758, 'n_days': 160}",37.5,0.28159749412685986,-0.5572012427004065,-4.620813609590302,-5.7836043072647225,1011
sym±2.5%,0.025,0.025,yin_or_small_yang,50.0,32,sh588720,588720,科创50ETF中银,B,"{'is_start': '2025-04-15', 'is_end': '2025-12-31', 'oos_start': '2026-01-02', 'oos_end': '2026-09-01'}","{'ret_pct': 43.05780939438721, 'excess_pct': 8.998403453793145, 'sharpe': 2.107848679902987, 'mdd_pct': 16.52021839598533, 'n_days': 177}","{'ret_pct': -6.79997989611384, 'excess_pct': -28.243716626474768, 'sharpe': -0.35141622708350473, 'mdd_pct': 19.45173304191946, 'n_days': 160}",50.0,0.28104933437744717,-0.35141622708350473,-28.243716626474768,-6.79997989611384,1012
买3/止2.5,0.03,0.025,yin_or_small_yang,23.076923076923077,13,sh563670,563670,金融科技ETF鹏华,B,"{'is_start': '2025-10-14', 'is_end': '2025-12-31', 'oos_start': '2026-01-02', 'oos_end': '2026-09-01'}","{'ret_pct': 1.317520353049595, 'excess_pct': 5.099032958091598, 'sharpe': 0.47999830114121783, 'mdd_pct': 4.374079646950402, 'n_days': 57}","{'ret_pct': -16.386632777037104, 'excess_pct': 8.992976767431458, 'sharpe': -1.1311054639208167, 'mdd_pct': 23.683074986427975, 'n_days': 160}",23.076923076923077,0.28081440877055597,-1.1311054639208167,8.992976767431458,-16.386632777037104,1013
sym±2%,0.02,0.02,yin_or_small_yang,36.36363636363637,55,sh510550,510550,中证500ETF方正富邦,A,"{'is_start': '2023-01-02', 'is_end': '2025-12-31', 'oos_start': '2025-01-02', 'oos_end': '2026-09-01'}","{'ret_pct': 25.201730085359397, 'excess_pct': -4.189930885248948, 'sharpe': 0.5004399026586837, 'mdd_pct': 17.519287638000293, 'n_days': 727}","{'ret_pct': 3.956019777202191, 'excess_pct': -44.23500771917985, 'sharpe': 0.15020463206702803, 'mdd_pct': 17.559535651704373, 'n_days': 403}",36.36363636363637,0.2806577916992952,0.15020463206702803,-44.23500771917985,3.956019777202191,1014
买2/止3,0.02,0.03,yin_or_small_yang,45.45454545454545,11,sh560180,560180,沪深300ESGETF南方,B,"{'is_start': '2025-01-02', 'is_end': '2025-12-31', 'oos_start': '2026-01-02', 'oos_end': '2026-09-01'}","{'ret_pct': 9.6807618950548, 'excess_pct': -9.97300592571915, 'sharpe': 0.7622935416097143, 'mdd_pct': 8.74806243762719, 'n_days': 243}","{'ret_pct': -8.551238902061886, 'excess_pct': -8.718462982329456, 'sharpe': -0.7858899734595384, 'mdd_pct': 13.067706448732409, 'n_days': 160}",45.45454545454545,0.27963978073610024,-0.7858899734595384,-8.718462982329456,-8.551238902061886,1015
买3/止4,0.03,0.04,yin_or_small_yang,50.0,6,sz159323,159323,港股通汽车ETF华夏,B,"{'is_start': '2025-01-08', 'is_end': '2025-12-31', 'oos_start': '2026-01-02', 'oos_end': '2026-09-01'}","{'ret_pct': 53.92597097536003, 'excess_pct': 23.660122304603373, 'sharpe': 2.2528381537131916, 'mdd_pct': 16.63114029128939, 'n_days': 239}","{'ret_pct': -23.999183721001405, 'excess_pct': -5.190406291534323, 'sharpe': -1.4495393033062989, 'mdd_pct': 28.36141081745621, 'n_days': 160}",50.0,0.27948316366483944,-1.4495393033062989,-5.190406291534323,-23.999183721001405,1016
sym±2.5%仅阴,0.025,0.025,yin_only,40.909090909090914,22,sh589800,589800,科创综指ETF易方达,B,"{'is_start': '2025-03-04', 'is_end': '2025-12-31', 'oos_start': '2026-01-02', 'oos_end': '2026-09-01'}","{'ret_pct': 55.13079291146556, 'excess_pct': 23.248201818348164, 'sharpe': 3.562116188460024, 'mdd_pct': 12.20101852467973, 'n_days': 206}","{'ret_pct': -2.0781262101233877, 'excess_pct': -21.02705293107084, 'sharpe': -0.11020515294587524, 'mdd_pct': 23.688505464597842, 'n_days': 160}",40.909090909090914,0.27854346123727486,-0.11020515294587524,-21.02705293107084,-2.0781262101233877,1017
买3/止4,0.03,0.04,yin_or_small_yang,43.333333333333336,30,sz159537,159537,信创ETF国泰,B,"{'is_start': '2025-01-02', 'is_end': '2025-12-31', 'oos_start': '2026-01-02', 'oos_end': '2026-09-01'}","{'ret_pct': 30.81680700197291, 'excess_pct': -2.9030859507478652, 'sharpe': 1.0410595696456202, 'mdd_pct': 23.897887521538653, 'n_days': 243}","{'ret_pct': -44.113285675040444, 'excess_pct': -2.707534876318391, 'sharpe': -0.8028177164877544, 'mdd_pct': 60.74052376441313, 'n_days': 160}",43.333333333333336,0.2769772905246672,-0.8028177164877544,-2.707534876318391,-44.113285675040444,1018
sym±3%,0.03,0.03,yin_or_small_yang,36.84210526315789,19,sz159968,159968,中证500ETF博时,A,"{'is_start': '2023-01-02', 'is_end': '2025-12-31', 'oos_start': '2025-01-02', 'oos_end': '2026-09-01'}","{'ret_pct': 55.7267613044683, 'excess_pct': 18.924217216581617, 'sharpe': 0.8545413365611568, 'mdd_pct': 17.253747762590834, 'n_days': 727}","{'ret_pct': 3.4021178597340995, 'excess_pct': -49.66149984768309, 'sharpe': 0.12563847305175854, 'mdd_pct': 16.328163270058994, 'n_days': 403}",36.84210526315789,0.27619420516836335,0.12563847305175854,-49.66149984768309,3.4021178597340995,1019
sym±2%,0.02,0.02,yin_or_small_yang,30.76923076923077,39,sh562990,562990,碳中和ETF易方达,A,"{'is_start': '2023-01-02', 'is_end': '2025-12-31', 'oos_start': '2025-01-02', 'oos_end': '2026-09-01'}","{'ret_pct': 28.3575148413739, 'excess_pct': 0.04869131196214482, 'sharpe': 0.6176738988235161, 'mdd_pct': 20.297357390006276, 'n_days': 727}","{'ret_pct': 2.80293139405301, 'excess_pct': -28.44706860594699, 'sharpe': 0.13938302682057477, 'mdd_pct': 17.243694689000844, 'n_days': 403}",30.76923076923077,0.2758809710258418,0.13938302682057477,-28.44706860594699,2.80293139405301,1020
买2/止3,0.02,0.03,yin_or_small_yang,42.857142857142854,14,sh562000,562000,A100ETF华宝,A,"{'is_start': '2023-01-02', 'is_end': '2025-12-31', 'oos_start': '2025-01-02', 'oos_end': '2026-09-01'}","{'ret_pct': -27.551412051033196, 'excess_pct': 7.723313223692088, 'sharpe': -0.3189869806356698, 'mdd_pct': 50.37523772076962, 'n_days': 727}","{'ret_pct': -38.957278657141416, 'excess_pct': -3.968077793210526, 'sharpe': -0.6349371460454261, 'mdd_pct': 50.83577781259274, 'n_days': 403}",42.857142857142854,0.27556773688332026,-0.6349371460454261,-3.968077793210526,-38.957278657141416,1021
买2.5/止3.5,0.025,0.035,yin_or_small_yang,45.0,20,sh516200,516200,证券ETF华安,A,"{'is_start': '2023-01-02', 'is_end': '2025-12-31', 'oos_start': '2025-01-02', 'oos_end': '2026-09-01'}","{'ret_pct': 58.036627837806186, 'excess_pct': 20.015173725768065, 'sharpe': 0.703287941670154, 'mdd_pct': 25.76812944106065, 'n_days': 727}","{'ret_pct': -13.060618649549504, 'excess_pct': -12.588920536341929, 'sharpe': -0.38080080491030127, 'mdd_pct': 28.233756871856553, 'n_days': 403}",45.0,0.27525450274079877,-0.38080080491030127,-12.588920536341929,-13.060618649549504,1022
买2/止3,0.02,0.03,yin_or_small_yang,25.0,4,sz159223,159223,现金流ETF永赢,B,"{'is_start': '2025-07-03', 'is_end': '2025-12-31', 'oos_start': '2026-01-02', 'oos_end': '2026-09-01'}","{'ret_pct': 12.741051771884804, 'excess_pct': -5.205109743568849, 'sharpe': 2.014743285529465, 'mdd_pct': 6.212403466072647, 'n_days': 124}","{'ret_pct': -5.9875094611484325, 'excess_pct': -2.794232150224063, 'sharpe': -0.5415858202554671, 'mdd_pct': 25.891281290620494, 'n_days': 160}",25.0,0.2747846515270164,-0.5415858202554671,-2.794232150224063,-5.9875094611484325,1023
买2/止3,0.02,0.03,yin_or_small_yang,33.33333333333333,6,sz159593,159593,中证A50ETF平安,B,"{'is_start': '2025-01-02', 'is_end': '2025-12-31', 'oos_start': '2026-01-02', 'oos_end': '2026-09-01'}","{'ret_pct': 18.176739720398217, 'excess_pct': -2.200280028255275, 'sharpe': 1.3377226440077452, 'mdd_pct': 9.907203288932587, 'n_days': 243}","{'ret_pct': -5.129997349616455, 'excess_pct': -4.6929980779485625, 'sharpe': -0.4761442084982335, 'mdd_pct': 10.052732899645012, 'n_days': 160}",33.33333333333333,0.2736883320281911,-0.4761442084982335,-4.6929980779485625,-5.129997349616455,1024
买2/止2.5,0.02,0.025,yin_or_small_yang,37.5,16,sz159666,159666,交通运输ETF华夏,B,"{'is_start': '2025-01-02', 'is_end': '2025-12-31', 'oos_start': '2026-01-02', 'oos_end': '2026-09-01'}","{'ret_pct': 0.20433556503209882, 'excess_pct': -5.374176831662125, 'sharpe': 0.01785439809138088, 'mdd_pct': 6.508294940676773, 'n_days': 243}","{'ret_pct': -6.5386905255091605, 'excess_pct': -3.002344749477725, 'sharpe': -0.8303718230842689, 'mdd_pct': 11.411035259171133, 'n_days': 160}",37.5,0.27337509788566955,-0.8303718230842689,-3.002344749477725,-6.5386905255091605,1025
sym±2.5%仅阴,0.025,0.025,yin_only,0.0,2,sh520940,520940,港股通恒生ETF华安,B,"{'is_start': '2025-06-09', 'is_end': '2025-12-31', 'oos_start': '2026-01-02', 'oos_end': '2026-09-01'}","{'ret_pct': -3.3866300814720196, 'excess_pct': -6.548685417440403, 'sharpe': -1.3584089308620917, 'mdd_pct': 4.356391484158284, 'n_days': 142}","{'ret_pct': -6.338844764856432, 'excess_pct': -0.2754119290355179, 'sharpe': -0.7284615925811464, 'mdd_pct': 13.151452139955866, 'n_days': 160}",0.0,0.27282693813625686,-0.7284615925811464,-0.2754119290355179,-6.338844764856432,1026
买3/止2.5,0.03,0.025,yin_or_small_yang,38.46153846153847,65,sz159786,159786,VRETF银华,A,"{'is_start': '2023-01-02', 'is_end': '2025-12-31', 'oos_start': '2025-01-02', 'oos_end': '2026-09-01'}","{'ret_pct': 99.89270286825655, 'excess_pct': 30.990263843866316, 'sharpe': 1.4247103289691696, 'mdd_pct': 14.248715543218026, 'n_days': 727}","{'ret_pct': 1.151722054117199, 'excess_pct': -40.85796317590706, 'sharpe': 0.03637886947480476, 'mdd_pct': 26.3941889541385, 'n_days': 403}",38.46153846153847,0.2712607674236492,0.03637886947480476,-40.85796317590706,1.151722054117199,1027
买2/止2.5,0.02,0.025,yin_or_small_yang,50.0,6,sh530580,530580,上证180ETF南方,B,"{'is_start': '2025-01-08', 'is_end': '2025-12-31', 'oos_start': '2026-01-02', 'oos_end': '2026-09-01'}","{'ret_pct': 19.20715417934722, 'excess_pct': -4.272929678095139, 'sharpe': 1.667008426244261, 'mdd_pct': 6.637415533277336, 'n_days': 239}","{'ret_pct': -11.580104080527676, 'excess_pct': -9.912047366599385, 'sharpe': -1.2700660479341863, 'mdd_pct': 14.237048461523916, 'n_days': 160}",50.0,0.2711824588880188,-1.2700660479341863,-9.912047366599385,-11.580104080527676,1028
买2/止2.5,0.02,0.025,yin_or_small_yang,44.827586206896555,29,sz159692,159692,证券ETF东财,B,"{'is_start': '2025-01-02', 'is_end': '2025-12-31', 'oos_start': '2026-01-02', 'oos_end': '2026-09-01'}","{'ret_pct': 9.308982190324521, 'excess_pct': -2.171883034301114, 'sharpe': 0.491669374461384, 'mdd_pct': 14.540006577229214, 'n_days': 243}","{'ret_pct': -14.803427042703078, 'excess_pct': -4.972172457229853, 'sharpe': -0.9664494552768255, 'mdd_pct': 24.909435441933713, 'n_days': 160}",44.827586206896555,0.27039937353171495,-0.9664494552768255,-4.972172457229853,-14.803427042703078,1029
买3/止4,0.03,0.04,yin_or_small_yang,50.0,4,sh561300,561300,沪深300增强ETF国泰,A,"{'is_start': '2023-01-02', 'is_end': '2025-12-31', 'oos_start': '2025-01-02', 'oos_end': '2026-09-01'}","{'ret_pct': 17.318462340942474, 'excess_pct': -15.702928033389085, 'sharpe': 0.4165623798791156, 'mdd_pct': 12.329049676402837, 'n_days': 727}","{'ret_pct': -6.241882518586039, 'excess_pct': -40.948499247674675, 'sharpe': -0.32977256984030856, 'mdd_pct': 17.551117745159605, 'n_days': 403}",50.0,0.26977290524667186,-0.32977256984030856,-40.948499247674675,-6.241882518586039,1030
买3/止4,0.03,0.04,yin_or_small_yang,33.33333333333333,3,sh517080,517080,沪港深500ETF汇添富,A,"{'is_start': '2023-01-02', 'is_end': '2025-12-31', 'oos_start': '2025-01-02', 'oos_end': '2026-09-01'}","{'ret_pct': 22.820226010791657, 'excess_pct': -11.979773989208304, 'sharpe': 0.5491172803077597, 'mdd_pct': 11.117693539502083, 'n_days': 727}","{'ret_pct': 0.6153495996259473, 'excess_pct': -26.220093438348723, 'sharpe': 0.04648224630316818, 'mdd_pct': 11.117693539502083, 'n_days': 403}",33.33333333333333,0.26938136256852,0.04648224630316818,-26.220093438348723,0.6153495996259473,1031
买2/止3,0.02,0.03,yin_or_small_yang,38.095238095238095,21,sz159150,159150,深证50ETF易方达,B,"{'is_start': '2025-01-02', 'is_end': '2025-12-31', 'oos_start': '2026-01-02', 'oos_end': '2026-09-01'}","{'ret_pct': 30.92301600621297, 'excess_pct': -1.371356288159319, 'sharpe': 1.896235977880485, 'mdd_pct': 9.802124746390717, 'n_days': 243}","{'ret_pct': -5.778347860742439, 'excess_pct': -8.547182374586615, 'sharpe': -0.43487552150982767, 'mdd_pct': 18.901424750388074, 'n_days': 160}",38.095238095238095,0.26703210649960846,-0.43487552150982767,-8.547182374586615,-5.778347860742439,1032
买2/止3,0.02,0.03,yin_or_small_yang,50.0,4,sh512060,512060,A100ETF天弘,B,"{'is_start': '2025-07-18', 'is_end': '2025-12-31', 'oos_start': '2026-01-02', 'oos_end': '2026-09-01'}","{'ret_pct': 6.030366459571179, 'excess_pct': -11.39537611468624, 'sharpe': 1.0105808103102876, 'mdd_pct': 5.518381507403003, 'n_days': 113}","{'ret_pct': -12.796410747113674, 'excess_pct': -11.974042326061042, 'sharpe': -1.0126873373185095, 'mdd_pct': 17.534072331449458, 'n_days': 160}",50.0,0.2667188723570869,-1.0126873373185095,-11.974042326061042,-12.796410747113674,1033
sym±2.5%仅阴,0.025,0.025,yin_only,38.46153846153847,78,sz159899,159899,软件ETF招商,A,"{'is_start': '2023-01-02', 'is_end': '2025-12-31', 'oos_start': '2025-01-02', 'oos_end': '2026-09-01'}","{'ret_pct': 53.80993152549753, 'excess_pct': 39.43334119470873, 'sharpe': 0.7109074541583107, 'mdd_pct': 22.129830873044842, 'n_days': 727}","{'ret_pct': -9.620525759386588, 'excess_pct': -8.529120575211955, 'sharpe': -0.3024667529742028, 'mdd_pct': 38.39230422953772, 'n_days': 403}",38.46153846153847,0.26656225528582617,-0.3024667529742028,-8.529120575211955,-9.620525759386588,1034
买2/止3,0.02,0.03,yin_or_small_yang,33.33333333333333,3,sh530180,530180,上证180ETF易方达,B,"{'is_start': '2025-01-02', 'is_end': '2025-12-31', 'oos_start': '2026-01-02', 'oos_end': '2026-09-01'}","{'ret_pct': 21.952992425872008, 'excess_pct': -1.1318937024923805, 'sharpe': 1.9164248472831789, 'mdd_pct': 6.232041310326419, 'n_days': 243}","{'ret_pct': -5.2550793133107065, 'excess_pct': -5.089790057112364, 'sharpe': -0.508355200925788, 'mdd_pct': 12.355926375030668, 'n_days': 160}",33.33333333333333,0.2662490211433046,-0.508355200925788,-5.089790057112364,-5.2550793133107065,1035
sym±2%,0.02,0.02,yin_or_small_yang,47.368421052631575,57,sz159929,159929,医药ETF汇添富,A,"{'is_start': '2023-01-02', 'is_end': '2025-12-31', 'oos_start': '2025-01-02', 'oos_end': '2026-09-01'}","{'ret_pct': 10.863419539543528, 'excess_pct': 29.867669691334665, 'sharpe': 0.22527354079266543, 'mdd_pct': 20.684765992459266, 'n_days': 727}","{'ret_pct': -11.530072352898113, 'excess_pct': -18.326188857752502, 'sharpe': -0.4450238960538863, 'mdd_pct': 28.983248291694675, 'n_days': 403}",47.368421052631575,0.2660924040720439,-0.4450238960538863,-18.326188857752502,-11.530072352898113,1036
sym±2%,0.02,0.02,yin_or_small_yang,46.51162790697674,86,sz159570,159570,港股通创新药ETF汇添富,B,"{'is_start': '2025-01-02', 'is_end': '2025-12-31', 'oos_start': '2026-01-02', 'oos_end': '2026-09-01'}","{'ret_pct': 103.04394431222876, 'excess_pct': 40.159532859418555, 'sharpe': 3.689995778058323, 'mdd_pct': 15.467780937731334, 'n_days': 243}","{'ret_pct': -18.1453108811684, 'excess_pct': -6.276777710139772, 'sharpe': -1.0046409913408956, 'mdd_pct': 23.17934603625926, 'n_days': 160}",46.51162790697674,0.2654659357870008,-1.0046409913408956,-6.276777710139772,-18.1453108811684,1037
sym±2.5%不限前日,0.025,0.025,any,32.18390804597701,87,sz159998,159998,计算机ETF天弘,A,"{'is_start': '2023-01-02', 'is_end': '2025-12-31', 'oos_start': '2025-01-02', 'oos_end': '2026-09-01'}","{'ret_pct': 54.39546116596132, 'excess_pct': 34.46748997748594, 'sharpe': 0.648385920797286, 'mdd_pct': 36.693259643076395, 'n_days': 727}","{'ret_pct': -0.23631570401555502, 'excess_pct': -19.545016538342143, 'sharpe': -0.006160113026525069, 'mdd_pct': 38.35257302083901, 'n_days': 403}",32.18390804597701,0.26523101018010964,-0.006160113026525069,-19.545016538342143,-0.23631570401555502,1038
sym±2%,0.02,0.02,yin_or_small_yang,42.10526315789473,76,sh512120,512120,医药ETF华安,A,"{'is_start': '2023-01-02', 'is_end': '2025-12-31', 'oos_start': '2025-01-02', 'oos_end': '2026-09-01'}","{'ret_pct': 7.434030562666183, 'excess_pct': 20.818351786375555, 'sharpe': 0.151426610333951, 'mdd_pct': 21.09135916758874, 'n_days': 727}","{'ret_pct': -4.815699089193015, 'excess_pct': -20.142332255022154, 'sharpe': -0.17311181717481822, 'mdd_pct': 21.8361435296353, 'n_days': 403}",42.10526315789473,0.2649177760375881,-0.17311181717481822,-20.142332255022154,-4.815699089193015,1039
sym±2.5%,0.025,0.025,yin_or_small_yang,39.39393939393939,33,sz159679,159679,中证1000增强ETF国泰,B,"{'is_start': '2025-01-02', 'is_end': '2025-12-31', 'oos_start': '2026-01-02', 'oos_end': '2026-09-01'}","{'ret_pct': 15.311080656993713, 'excess_pct': -22.21580106343637, 'sharpe': 1.0136213569336765, 'mdd_pct': 14.570141511456104, 'n_days': 243}","{'ret_pct': -6.839182720216175, 'excess_pct': -7.6820945976108, 'sharpe': -0.5527006959913875, 'mdd_pct': 15.84731126033303, 'n_days': 160}",39.39393939393939,0.26452623335943615,-0.5527006959913875,-7.6820945976108,-6.839182720216175,1040
sym±2%,0.02,0.02,yin_or_small_yang,43.0,100,sh516800,516800,智能制造ETF华宝,A,"{'is_start': '2023-01-02', 'is_end': '2025-12-31', 'oos_start': '2025-01-02', 'oos_end': '2026-09-01'}","{'ret_pct': 56.71304788314517, 'excess_pct': 70.54747054109724, 'sharpe': 0.4699461044769793, 'mdd_pct': 48.70721178903642, 'n_days': 727}","{'ret_pct': -17.39628676221804, 'excess_pct': -12.088229890180138, 'sharpe': -0.2473577720870975, 'mdd_pct': 51.25831489971807, 'n_days': 403}",43.0,0.2638997650743931,-0.2473577720870975,-12.088229890180138,-17.39628676221804,1041
买2.5/止3.5,0.025,0.035,yin_or_small_yang,52.63157894736842,19,sh515090,515090,可持续发展ETF博时,A,"{'is_start': '2023-01-02', 'is_end': '2025-12-31', 'oos_start': '2025-01-02', 'oos_end': '2026-09-01'}","{'ret_pct': 27.269701494571642, 'excess_pct': 7.552636949920878, 'sharpe': 0.559988262673724, 'mdd_pct': 14.536614986948248, 'n_days': 726}","{'ret_pct': -12.361426369039386, 'excess_pct': -30.42649486219009, 'sharpe': -0.489118286924262, 'mdd_pct': 17.65805750317757, 'n_days': 402}",52.63157894736842,0.26374314800313237,-0.489118286924262,-30.42649486219009,-12.361426369039386,1042
买3/止2.5,0.03,0.025,yin_or_small_yang,43.47826086956522,23,sh562900,562900,农业ETF易方达,A,"{'is_start': '2023-01-02', 'is_end': '2025-12-31', 'oos_start': '2025-01-02', 'oos_end': '2026-09-01'}","{'ret_pct': 34.08098463236087, 'excess_pct': 47.24746994248057, 'sharpe': 0.7932413054733434, 'mdd_pct': 9.64269039052903, 'n_days': 727}","{'ret_pct': -11.890967915865913, 'excess_pct': -10.644430519744018, 'sharpe': -0.5629182982663753, 'mdd_pct': 19.133884069475148, 'n_days': 403}",43.47826086956522,0.26241190289741584,-0.5629182982663753,-10.644430519744018,-11.890967915865913,1043
sym±2.5%,0.025,0.025,yin_or_small_yang,50.0,2,sz159659,159659,纳斯达克100ETF招商,B,"{'is_start': '2025-01-02', 'is_end': '2025-12-31', 'oos_start': '2026-01-02', 'oos_end': '2026-09-01'}","{'ret_pct': 31.703298868454375, 'excess_pct': 17.614742226706248, 'sharpe': 2.441455371586426, 'mdd_pct': 7.13449181257978, 'n_days': 243}","{'ret_pct': -2.6258013663597812, 'excess_pct': -19.350540042317988, 'sharpe': -1.188206815473533, 'mdd_pct': 2.674136251258752, 'n_days': 160}",50.0,0.26233359436178544,-1.188206815473533,-19.350540042317988,-2.6258013663597812,1044
sym±2%,0.02,0.02,yin_or_small_yang,42.3728813559322,59,sz159305,159305,储能电池ETF广发,B,"{'is_start': '2025-01-02', 'is_end': '2025-12-31', 'oos_start': '2026-01-02', 'oos_end': '2026-09-01'}","{'ret_pct': 83.16369910207683, 'excess_pct': 23.64604191000103, 'sharpe': 3.7324090857121037, 'mdd_pct': 8.380754495206233, 'n_days': 242}","{'ret_pct': -57.2283548025045, 'excess_pct': -0.7158614479058727, 'sharpe': -1.1056265854771878, 'mdd_pct': 59.597340229530694, 'n_days': 160}",42.3728813559322,0.26217697729052464,-1.1056265854771878,-0.7158614479058727,-57.2283548025045,1045
买3/止2.5,0.03,0.025,yin_or_small_yang,50.0,20,sz159529,159529,标普消费ETF景顺,B,"{'is_start': '2025-01-02', 'is_end': '2025-12-31', 'oos_start': '2026-01-02', 'oos_end': '2026-09-01'}","{'ret_pct': 11.642325656493725, 'excess_pct': 22.95454285106384, 'sharpe': 0.510911370593455, 'mdd_pct': 16.705960436675504, 'n_days': 239}","{'ret_pct': -14.696329228787752, 'excess_pct': -8.895023935096646, 'sharpe': -1.7707880124672426, 'mdd_pct': 20.046456315239823, 'n_days': 160}",50.0,0.2620986687548943,-1.7707880124672426,-8.895023935096646,-14.696329228787752,1046
买3/止2.5,0.03,0.025,yin_or_small_yang,31.57894736842105,19,sz159103,159103,金融科技ETF汇添富,B,"{'is_start': '2025-09-10', 'is_end': '2025-12-31', 'oos_start': '2026-01-02', 'oos_end': '2026-09-01'}","{'ret_pct': -0.988400689113611, 'excess_pct': 5.815723022226593, 'sharpe': -0.23773582713706745, 'mdd_pct': 9.869681282219943, 'n_days': 75}","{'ret_pct': -19.778396783899687, 'excess_pct': 5.441867533280931, 'sharpe': -1.258230744680468, 'mdd_pct': 28.490810634288476, 'n_days': 160}",31.57894736842105,0.26178543461237275,-1.258230744680468,5.441867533280931,-19.778396783899687,1047
买2/止3,0.02,0.03,yin_or_small_yang,46.15384615384615,26,sh562970,562970,光伏ETF易方达,B,"{'is_start': '2025-01-02', 'is_end': '2025-12-31', 'oos_start': '2026-01-02', 'oos_end': '2026-09-01'}","{'ret_pct': 25.129517773786848, 'excess_pct': -7.840179195910135, 'sharpe': 0.9744275899300994, 'mdd_pct': 18.78885157349497, 'n_days': 243}","{'ret_pct': -19.054219612639645, 'excess_pct': -6.745145039414126, 'sharpe': -0.9715385649798389, 'mdd_pct': 34.23140470872489, 'n_days': 160}",46.15384615384615,0.26131558339859046,-0.9715385649798389,-6.745145039414126,-19.054219612639645,1048
买3/止4,0.03,0.04,yin_or_small_yang,50.0,16,sz159536,159536,中证2000ETF汇添富,B,"{'is_start': '2025-01-02', 'is_end': '2025-12-31', 'oos_start': '2026-01-02', 'oos_end': '2026-09-01'}","{'ret_pct': 41.05892019583208, 'excess_pct': 1.3544866982951191, 'sharpe': 2.3662174798610316, 'mdd_pct': 7.895945574886443, 'n_days': 243}","{'ret_pct': -15.925353157949584, 'excess_pct': -14.6753531579496, 'sharpe': -0.7715829686754438, 'mdd_pct': 33.91274843193538, 'n_days': 160}",50.0,0.2610806577916993,-0.7715829686754438,-14.6753531579496,-15.925353157949584,1049
sym±2%,0.02,0.02,yin_or_small_yang,33.33333333333333,6,sh520620,520620,恒生消费ETF嘉实,B,"{'is_start': '2025-08-19', 'is_end': '2025-12-31', 'oos_start': '2026-01-02', 'oos_end': '2026-09-01'}","{'ret_pct': -4.542230865648012, 'excess_pct': 5.833263205498229, 'sharpe': -1.2927401843065234, 'mdd_pct': 7.181181350349053, 'n_days': 91}","{'ret_pct': -10.39409693049258, 'excess_pct': 1.983753232373875, 'sharpe': -1.6162800178586914, 'mdd_pct': 14.895223504823063, 'n_days': 160}",33.33333333333333,0.26084573218480817,-1.6162800178586914,1.983753232373875,-10.39409693049258,1050
买2.5/止3.5,0.025,0.035,yin_or_small_yang,33.33333333333333,12,sz159910,159910,基本面120ETF嘉实,A,"{'is_start': '2023-01-02', 'is_end': '2025-12-31', 'oos_start': '2025-01-02', 'oos_end': '2026-09-01'}","{'ret_pct': 9.531082434248273, 'excess_pct': -8.871695343529495, 'sharpe': 0.1870087332940684, 'mdd_pct': 23.627478634918585, 'n_days': 727}","{'ret_pct': -1.4722399345941328, 'excess_pct': -18.195789422648744, 'sharpe': -0.06436459928447825, 'mdd_pct': 14.120460494076603, 'n_days': 403}",33.33333333333333,0.2605324980422866,-0.06436459928447825,-18.195789422648744,-1.4722399345941328,1051
sym±3%,0.03,0.03,yin_or_small_yang,40.0,5,sh561000,561000,沪深300增强ETF华安,A,"{'is_start': '2023-01-02', 'is_end': '2025-12-31', 'oos_start': '2025-01-02', 'oos_end': '2026-09-01'}","{'ret_pct': 28.044827883977575, 'excess_pct': -0.2570589084752726, 'sharpe': 0.6883709123154687, 'mdd_pct': 11.760670514513894, 'n_days': 721}","{'ret_pct': -1.9071773602159947, 'excess_pct': -26.648475572821837, 'sharpe': -0.09912128914561126, 'mdd_pct': 12.20484667350632, 'n_days': 403}",40.0,0.2605324980422866,-0.09912128914561126,-26.648475572821837,-1.9071773602159947,1052
sym±2%,0.02,0.02,yin_or_small_yang,0.0,2,sz159117,159117,港股通红利低波ETF鹏华,B,"{'is_start': '2025-10-17', 'is_end': '2025-12-31', 'oos_start': '2026-01-02', 'oos_end': '2026-09-01'}","{'ret_pct': -6.425728681561605, 'excess_pct': -8.137712568772082, 'sharpe': -3.5078429532962483, 'mdd_pct': 6.425728681561605, 'n_days': 54}","{'ret_pct': -4.288803514356221, 'excess_pct': -4.288803514356221, 'sharpe': -0.5119953034676977, 'mdd_pct': 16.08935861890084, 'n_days': 160}",0.0,0.2586530931871574,-0.5119953034676977,-4.288803514356221,-4.288803514356221,1053
sym±2.5%不限前日,0.025,0.025,any,37.878787878787875,66,sh516780,516780,稀土ETF华泰柏瑞,A,"{'is_start': '2023-01-02', 'is_end': '2025-12-31', 'oos_start': '2025-01-02', 'oos_end': '2026-09-01'}","{'ret_pct': 88.62857453995416, 'excess_pct': 25.538842810074406, 'sharpe': 1.0205817591118573, 'mdd_pct': 30.027507474988347, 'n_days': 727}","{'ret_pct': -17.957074254795092, 'excess_pct': -7.343130446262315, 'sharpe': -0.24234328056506318, 'mdd_pct': 62.32199549798894, 'n_days': 403}",37.878787878787875,0.2572435395458105,-0.24234328056506318,-7.343130446262315,-17.957074254795092,1054
买3/止2.5,0.03,0.025,yin_or_small_yang,52.0,25,sh562390,562390,中药ETF银华,A,"{'is_start': '2023-01-02', 'is_end': '2025-12-31', 'oos_start': '2025-01-02', 'oos_end': '2026-09-01'}","{'ret_pct': 38.56833656894647, 'excess_pct': 49.03562628857266, 'sharpe': 0.8460501609308615, 'mdd_pct': 14.017185373294694, 'n_days': 727}","{'ret_pct': -22.33329108960891, 'excess_pct': -11.10880129369054, 'sharpe': -1.3717679174740838, 'mdd_pct': 26.949256678043387, 'n_days': 403}",52.0,0.25700861393891933,-1.3717679174740838,-11.10880129369054,-22.33329108960891,1055
买2/止2.5,0.02,0.025,yin_or_small_yang,46.42857142857143,28,sh516130,516130,消费龙头ETF华宝,A,"{'is_start': '2023-01-02', 'is_end': '2025-12-31', 'oos_start': '2025-01-02', 'oos_end': '2026-09-01'}","{'ret_pct': -7.4529635314947935, 'excess_pct': 0.002657770280334759, 'sharpe': -0.16833711403472654, 'mdd_pct': 29.828086147664003, 'n_days': 727}","{'ret_pct': -18.71914531367249, 'excess_pct': -7.7087826193719895, 'sharpe': -0.9619138899268665, 'mdd_pct': 21.527653542867263, 'n_days': 403}",46.42857142857143,0.25653876272513704,-0.9619138899268665,-7.7087826193719895,-18.71914531367249,1056
买3/止2.5,0.03,0.025,yin_or_small_yang,29.411764705882355,34,sh515860,515860,科技ETF嘉实,A,"{'is_start': '2023-01-02', 'is_end': '2025-12-31', 'oos_start': '2025-01-02', 'oos_end': '2026-09-01'}","{'ret_pct': 58.68282392155455, 'excess_pct': 4.638706274495739, 'sharpe': 1.1367705749548305, 'mdd_pct': 16.64872785608271, 'n_days': 727}","{'ret_pct': 4.407582761767759, 'excess_pct': -86.25908390489892, 'sharpe': 0.16042475290467115, 'mdd_pct': 24.294694132929006, 'n_days': 403}",29.411764705882355,0.25606891151135475,0.16042475290467115,-86.25908390489892,4.407582761767759,1057
买2/止3,0.02,0.03,yin_or_small_yang,46.42857142857143,28,sh589560,589560,科创人工智能ETF汇添富,B,"{'is_start': '2025-09-05', 'is_end': '2025-12-31', 'oos_start': '2026-01-02', 'oos_end': '2026-09-01'}","{'ret_pct': -0.3981016113503988, 'excess_pct': 0.1287687785336944, 'sharpe': -0.04804349175619579, 'mdd_pct': 13.994427473613891, 'n_days': 78}","{'ret_pct': -15.428938419087789, 'excess_pct': -13.103357023738958, 'sharpe': -0.6555194555095548, 'mdd_pct': 28.299734241405783, 'n_days': 160}",46.42857142857143,0.25497259201252936,-0.6555194555095548,-13.103357023738958,-15.428938419087789,1058
sym±2.5%仅阴,0.025,0.025,yin_only,30.76923076923077,26,sz159883,159883,医疗器械ETF永赢,A,"{'is_start': '2023-01-02', 'is_end': '2025-12-31', 'oos_start': '2025-01-02', 'oos_end': '2026-09-01'}","{'ret_pct': -2.865894699386329, 'excess_pct': 21.74710839658891, 'sharpe': -0.05603146159080816, 'mdd_pct': 30.462108250554053, 'n_days': 727}","{'ret_pct': -11.006928367539503, 'excess_pct': -4.27008626227634, 'sharpe': -0.4326118367434513, 'mdd_pct': 21.71885672630143, 'n_days': 403}",30.76923076923077,0.2546593578700078,-0.4326118367434513,-4.27008626227634,-11.006928367539503,1059
买2/止2.5,0.02,0.025,yin_or_small_yang,37.5,16,sh512530,512530,沪深300红利ETF建信,A,"{'is_start': '2023-01-02', 'is_end': '2025-12-31', 'oos_start': '2025-01-02', 'oos_end': '2026-09-01'}","{'ret_pct': 3.168718790055114, 'excess_pct': -33.814039830634535, 'sharpe': 0.11210453281335774, 'mdd_pct': 14.772019151497705, 'n_days': 727}","{'ret_pct': -3.0976984124629015, 'excess_pct': -15.707867903988305, 'sharpe': -0.2306803216306993, 'mdd_pct': 15.572829432862967, 'n_days': 403}",37.5,0.2541111981205951,-0.2306803216306993,-15.707867903988305,-3.0976984124629015,1060
买2.5/止3.5,0.025,0.035,yin_or_small_yang,37.142857142857146,35,sh588500,588500,科创100增强ETF易方达,B,"{'is_start': '2025-01-02', 'is_end': '2025-12-31', 'oos_start': '2026-01-02', 'oos_end': '2026-09-01'}","{'ret_pct': 42.062771814398744, 'excess_pct': -21.0994123746803, 'sharpe': 1.6310821229852, 'mdd_pct': 28.17546429555806, 'n_days': 243}","{'ret_pct': -1.0065754648588499, 'excess_pct': -28.16049608441351, 'sharpe': -0.040169948518735635, 'mdd_pct': 34.622176453827414, 'n_days': 160}",37.142857142857146,0.2539545810493344,-0.040169948518735635,-28.16049608441351,-1.0065754648588499,1061
买2.5/止3.5,0.025,0.035,yin_or_small_yang,31.914893617021278,47,sh562590,562590,半导体设备ETF华夏,B,"{'is_start': '2025-01-02', 'is_end': '2025-12-31', 'oos_start': '2026-01-02', 'oos_end': '2026-09-01'}","{'ret_pct': 64.3515019492298, 'excess_pct': 3.916289288497822, 'sharpe': 2.3086042616204154, 'mdd_pct': 17.89265908814446, 'n_days': 243}","{'ret_pct': -40.54009090313626, 'excess_pct': -0.15547551852086627, 'sharpe': -0.5802163194067511, 'mdd_pct': 77.80647103896318, 'n_days': 160}",31.914893617021278,0.2539545810493344,-0.5802163194067511,-0.15547551852086627,-40.54009090313626,1062
sym±2.5%,0.025,0.025,yin_or_small_yang,25.0,4,sh520920,520920,恒生科技ETF天弘,B,"{'is_start': '2025-09-30', 'is_end': '2025-12-31', 'oos_start': '2026-01-02', 'oos_end': '2026-09-01'}","{'ret_pct': -2.0444982100928044, 'excess_pct': 13.01455690801745, 'sharpe': -1.5852448322413801, 'mdd_pct': 2.1522982100928068, 'n_days': 61}","{'ret_pct': -17.96796050876178, 'excess_pct': 5.152129277994668, 'sharpe': -1.3838324041377172, 'mdd_pct': 23.01518155559814, 'n_days': 160}",25.0,0.253876272513704,-1.3838324041377172,5.152129277994668,-17.96796050876178,1063
买3/止4,0.03,0.04,yin_or_small_yang,37.5,8,sh561700,561700,电力ETF博时,A,"{'is_start': '2023-01-02', 'is_end': '2025-12-31', 'oos_start': '2025-01-02', 'oos_end': '2026-09-01'}","{'ret_pct': 11.331092736349447, 'excess_pct': -0.48999352563136966, 'sharpe': 0.27418353373665927, 'mdd_pct': 15.026616336040133, 'n_days': 727}","{'ret_pct': -5.222551424212185, 'excess_pct': -13.720575139627243, 'sharpe': -0.23283288726214443, 'mdd_pct': 24.67987993692713, 'n_days': 403}",37.5,0.2523884103367267,-0.23283288726214443,-13.720575139627243,-5.222551424212185,1064
sym±2.5%,0.025,0.025,yin_or_small_yang,33.33333333333333,9,sz159333,159333,港股央企红利ETF万家,B,"{'is_start': '2025-01-02', 'is_end': '2025-12-31', 'oos_start': '2026-01-02', 'oos_end': '2026-09-01'}","{'ret_pct': 23.235279273627608, 'excess_pct': 2.376910174915171, 'sharpe': 3.0066886460555713, 'mdd_pct': 2.498611316114885, 'n_days': 243}","{'ret_pct': -5.371185788607303, 'excess_pct': -3.2435262141392034, 'sharpe': -0.9165249761829346, 'mdd_pct': 9.85750823957563, 'n_days': 160}",33.33333333333333,0.25223179326546596,-0.9165249761829346,-3.2435262141392034,-5.371185788607303,1065
买2/止3,0.02,0.03,yin_or_small_yang,50.0,24,sh589300,589300,科创综指ETF嘉实,B,"{'is_start': '2025-04-17', 'is_end': '2025-12-31', 'oos_start': '2026-01-02', 'oos_end': '2026-09-01'}","{'ret_pct': 41.08086511814082, 'excess_pct': -1.134703744134626, 'sharpe': 1.9342725860479746, 'mdd_pct': 12.08157335274269, 'n_days': 175}","{'ret_pct': -10.561412986230101, 'excess_pct': -29.00933674388837, 'sharpe': -0.5097764411789544, 'mdd_pct': 35.64795032402594, 'n_days': 160}",50.0,0.25207517619420516,-0.5097764411789544,-29.00933674388837,-10.561412986230101,1066
sym±2%,0.02,0.02,yin_or_small_yang,33.33333333333333,15,sh520860,520860,港股通科技ETF富国,B,"{'is_start': '2025-07-25', 'is_end': '2025-12-31', 'oos_start': '2026-01-02', 'oos_end': '2026-09-01'}","{'ret_pct': 5.21702221983682, 'excess_pct': 13.467519237729466, 'sharpe': 0.9875705632742143, 'mdd_pct': 7.183711049041119, 'n_days': 108}","{'ret_pct': -14.953468290014493, 'excess_pct': 2.5283215122747773, 'sharpe': -1.6374567425763977, 'mdd_pct': 17.42674388782106, 'n_days': 160}",33.33333333333333,0.2517619420516836,-1.6374567425763977,2.5283215122747773,-14.953468290014493,1067
sym±2.5%,0.025,0.025,yin_or_small_yang,44.642857142857146,56,sh516080,516080,创新药ETF易方达,A,"{'is_start': '2023-01-02', 'is_end': '2025-12-31', 'oos_start': '2025-01-02', 'oos_end': '2026-09-01'}","{'ret_pct': 17.447408086702197, 'excess_pct': 21.81422031377642, 'sharpe': 0.28874890349932425, 'mdd_pct': 27.579962671309953, 'n_days': 727}","{'ret_pct': -5.861628123526441, 'excess_pct': -35.49833940459719, 'sharpe': -0.17288445640785421, 'mdd_pct': 24.374906261433182, 'n_days': 403}",44.642857142857146,0.25074393108848864,-0.17288445640785421,-35.49833940459719,-5.861628123526441,1068
sym±3%,0.03,0.03,yin_or_small_yang,40.0,5,sz159591,159591,A50ETF富国,B,"{'is_start': '2025-01-02', 'is_end': '2025-12-31', 'oos_start': '2026-01-02', 'oos_end': '2026-09-01'}","{'ret_pct': 23.01259417859216, 'excess_pct': 2.0361023160243796, 'sharpe': 2.185561352203966, 'mdd_pct': 5.869189995756474, 'n_days': 243}","{'ret_pct': -6.225316914441336, 'excess_pct': -7.029410481692777, 'sharpe': -0.8851548417688859, 'mdd_pct': 9.254578095741106, 'n_days': 160}",40.0,0.24980422866092405,-0.8851548417688859,-7.029410481692777,-6.225316914441336,1069
买3/止2.5,0.03,0.025,yin_or_small_yang,42.857142857142854,35,sh516070,516070,低碳ETF易方达,A,"{'is_start': '2023-01-02', 'is_end': '2025-12-31', 'oos_start': '2025-01-02', 'oos_end': '2026-09-01'}","{'ret_pct': 30.030532486493055, 'excess_pct': 24.73138718734773, 'sharpe': 0.5878658450177485, 'mdd_pct': 20.33279154362021, 'n_days': 727}","{'ret_pct': -3.9740646486301157, 'excess_pct': -30.41850909307454, 'sharpe': -0.17238007751547768, 'mdd_pct': 21.25545533657547, 'n_days': 403}",42.857142857142854,0.24972592012529365,-0.17238007751547768,-30.41850909307454,-3.9740646486301157,1070
买3/止2.5,0.03,0.025,yin_or_small_yang,38.46153846153847,52,sh561010,561010,软件ETF华安,B,"{'is_start': '2025-01-02', 'is_end': '2025-12-31', 'oos_start': '2026-01-02', 'oos_end': '2026-09-01'}","{'ret_pct': 25.781326521857007, 'excess_pct': 5.383836982108047, 'sharpe': 1.228445849731592, 'mdd_pct': 12.500873156650316, 'n_days': 243}","{'ret_pct': -24.522130689769295, 'excess_pct': 0.7312476886090842, 'sharpe': -1.544099422210461, 'mdd_pct': 35.52450665826565, 'n_days': 160}",38.46153846153847,0.24964761158966325,-1.544099422210461,0.7312476886090842,-24.522130689769295,1071
买2/止3,0.02,0.03,yin_or_small_yang,43.47826086956522,23,sz159512,159512,汽车ETF广发,B,"{'is_start': '2025-01-02', 'is_end': '2025-12-31', 'oos_start': '2026-01-02', 'oos_end': '2026-09-01'}","{'ret_pct': 13.883965933079967, 'excess_pct': 7.1482146377432, 'sharpe': 0.8727598079993368, 'mdd_pct': 7.552516350464766, 'n_days': 243}","{'ret_pct': -30.8507832921471, 'excess_pct': -2.1119824651312555, 'sharpe': -2.5371602110753524, 'mdd_pct': 31.396643189881722, 'n_days': 160}",43.47826086956522,0.2494126859827721,-2.5371602110753524,-2.1119824651312555,-30.8507832921471,1072
买2/止3,0.02,0.03,yin_or_small_yang,37.03703703703704,27,sz159678,159678,500增强ETF博时,B,"{'is_start': '2025-01-02', 'is_end': '2025-12-31', 'oos_start': '2026-01-02', 'oos_end': '2026-09-01'}","{'ret_pct': 25.774211674058645, 'excess_pct': -18.419005181028727, 'sharpe': 1.4162465912350353, 'mdd_pct': 15.934510611530028, 'n_days': 243}","{'ret_pct': -4.7698347346158965, 'excess_pct': -13.28194546125947, 'sharpe': -0.3043930239682563, 'mdd_pct': 20.36120379725824, 'n_days': 160}",37.03703703703704,0.24745497259201252,-0.3043930239682563,-13.28194546125947,-4.7698347346158965,1073
sym±3%,0.03,0.03,yin_or_small_yang,14.285714285714285,7,sz159239,159239,港股通汽车ETF富国,B,"{'is_start': '2025-05-28', 'is_end': '2025-12-31', 'oos_start': '2026-01-02', 'oos_end': '2026-09-01'}","{'ret_pct': 9.304904481456, 'excess_pct': 6.342698148463154, 'sharpe': 1.6127399851600055, 'mdd_pct': 5.786067438524356, 'n_days': 149}","{'ret_pct': -17.917380086952072, 'excess_pct': 6.142025853641975, 'sharpe': -2.501815846182177, 'mdd_pct': 17.917380086952072, 'n_days': 160}",14.285714285714285,0.24729835552075174,-2.501815846182177,6.142025853641975,-17.917380086952072,1074
sym±2%,0.02,0.02,yin_or_small_yang,40.0,25,sz159210,159210,港股通汽车ETF汇添富,B,"{'is_start': '2025-06-04', 'is_end': '2025-12-31', 'oos_start': '2026-01-02', 'oos_end': '2026-09-01'}","{'ret_pct': 9.854764736748844, 'excess_pct': 8.35025119612698, 'sharpe': 1.2238344998586845, 'mdd_pct': 6.051063097172182, 'n_days': 145}","{'ret_pct': -18.8503458630236, 'excess_pct': -0.40853126736284295, 'sharpe': -1.7858662987341773, 'mdd_pct': 20.46255322191035, 'n_days': 160}",40.0,0.24722004698512137,-1.7858662987341773,-0.40853126736284295,-18.8503458630236,1075
买2/止3,0.02,0.03,yin_or_small_yang,40.0,5,sh560380,560380,A100ETF南方,B,"{'is_start': '2025-01-02', 'is_end': '2025-12-31', 'oos_start': '2026-01-02', 'oos_end': '2026-09-01'}","{'ret_pct': 27.20776894937922, 'excess_pct': -0.1965743805070197, 'sharpe': 2.1556646350325726, 'mdd_pct': 7.063196994278586, 'n_days': 243}","{'ret_pct': -8.216572334664562, 'excess_pct': -8.296000452218198, 'sharpe': -0.707108323101264, 'mdd_pct': 13.578170892846664, 'n_days': 160}",40.0,0.2470634299138606,-0.707108323101264,-8.296000452218198,-8.216572334664562,1076
sym±2%,0.02,0.02,yin_or_small_yang,100.0,1,sh511580,511580,国债政金债ETF招商,A,"{'is_start': '2023-01-02', 'is_end': '2025-12-31', 'oos_start': '2025-01-02', 'oos_end': '2026-09-01'}","{'ret_pct': 4.894332346742392, 'excess_pct': -3.111281436888035, 'sharpe': 1.1411228480444016, 'mdd_pct': 1.9186676532576108, 'n_days': 721}","{'ret_pct': 7.060580565284025, 'excess_pct': 5.086302901683082, 'sharpe': 0.8915540105135186, 'mdd_pct': 0.40307493180533616, 'n_days': 403}",100.0,0.24675019577133916,0.8915540105135186,5.086302901683082,7.060580565284025,1077
sym±2.5%,0.025,0.025,yin_or_small_yang,40.0,15,sh516830,516830,沪深300ESGETF富国,A,"{'is_start': '2023-01-02', 'is_end': '2025-12-31', 'oos_start': '2025-01-02', 'oos_end': '2026-09-01'}","{'ret_pct': 24.266854700511043, 'excess_pct': -6.134180228337581, 'sharpe': 0.5287855275586908, 'mdd_pct': 15.661094730683878, 'n_days': 727}","{'ret_pct': -2.7626567788713197, 'excess_pct': -29.4130235270376, 'sharpe': -0.11938089947583436, 'mdd_pct': 13.762298676138041, 'n_days': 403}",40.0,0.24526233359436178,-0.11938089947583436,-29.4130235270376,-2.7626567788713197,1078
sym±2.5%,0.025,0.025,yin_or_small_yang,40.0,5,sh561770,561770,A100ETF博时,B,"{'is_start': '2025-06-24', 'is_end': '2025-12-31', 'oos_start': '2026-01-02', 'oos_end': '2026-09-01'}","{'ret_pct': 5.441639819171207, 'excess_pct': -16.934597804591167, 'sharpe': 0.9053719925453302, 'mdd_pct': 5.557121227057071, 'n_days': 131}","{'ret_pct': -8.262243006969284, 'excess_pct': -7.312124242123685, 'sharpe': -0.8072625683524975, 'mdd_pct': 12.661012580365549, 'n_days': 160}",40.0,0.24502740798747066,-0.8072625683524975,-7.312124242123685,-8.262243006969284,1079
sym±2%,0.02,0.02,yin_or_small_yang,33.33333333333333,9,sh563660,563660,A500ETF银河,B,"{'is_start': '2025-04-02', 'is_end': '2025-12-31', 'oos_start': '2026-01-02', 'oos_end': '2026-09-01'}","{'ret_pct': 30.920593458188804, 'excess_pct': 5.542949953657072, 'sharpe': 4.198518923069319, 'mdd_pct': 3.4242267290727435, 'n_days': 185}","{'ret_pct': -6.259873510615144, 'excess_pct': -4.923395523193763, 'sharpe': -0.7531972858443111, 'mdd_pct': 13.11879208917115, 'n_days': 160}",33.33333333333333,0.2447141738449491,-0.7531972858443111,-4.923395523193763,-6.259873510615144,1080
买2/止3,0.02,0.03,yin_or_small_yang,41.17647058823529,34,sh516110,516110,汽车ETF国泰,A,"{'is_start': '2023-01-02', 'is_end': '2025-12-31', 'oos_start': '2025-01-02', 'oos_end': '2026-09-01'}","{'ret_pct': 35.62465753249153, 'excess_pct': -10.497791447100305, 'sharpe': 0.5175211941296189, 'mdd_pct': 17.58988024345195, 'n_days': 727}","{'ret_pct': -17.227517752061793, 'excess_pct': -7.8474198727795805, 'sharpe': -0.5707220060986467, 'mdd_pct': 31.80358258503816, 'n_days': 403}",41.17647058823529,0.24440093970242757,-0.5707220060986467,-7.8474198727795805,-17.227517752061793,1081
买3/止4,0.03,0.04,yin_or_small_yang,40.0,10,sh589720,589720,科创创新药ETF国泰,B,"{'is_start': '2025-08-01', 'is_end': '2025-12-31', 'oos_start': '2026-01-02', 'oos_end': '2026-09-01'}","{'ret_pct': -23.52823558438719, 'excess_pct': -12.752807588415392, 'sharpe': -1.7528580601907164, 'mdd_pct': 27.43023976461121, 'n_days': 103}","{'ret_pct': -13.188840948255686, 'excess_pct': -9.235849495264226, 'sharpe': -0.4941488909469528, 'mdd_pct': 28.698369595203456, 'n_days': 160}",40.0,0.2436178543461237,-0.4941488909469528,-9.235849495264226,-13.188840948255686,1082
买2.5/止3.5,0.025,0.035,yin_or_small_yang,34.78260869565217,23,sz159657,159657,疫苗ETF鹏华,B,"{'is_start': '2025-01-02', 'is_end': '2025-12-31', 'oos_start': '2026-01-02', 'oos_end': '2026-09-01'}","{'ret_pct': -1.1687574813383783, 'excess_pct': -4.872461185042076, 'sharpe': -0.06261678560462478, 'mdd_pct': 14.997649392541012, 'n_days': 243}","{'ret_pct': -14.019790346772243, 'excess_pct': -2.7415948580504335, 'sharpe': -0.8105757282181312, 'mdd_pct': 26.341731979396332, 'n_days': 160}",34.78260869565217,0.24236491777603758,-0.8105757282181312,-2.7415948580504335,-14.019790346772243,1083
买2/止3,0.02,0.03,yin_or_small_yang,42.857142857142854,7,sz159359,159359,A500ETF华安,B,"{'is_start': '2025-01-02', 'is_end': '2025-12-31', 'oos_start': '2026-01-02', 'oos_end': '2026-09-01'}","{'ret_pct': 26.11030571439441, 'excess_pct': -2.3291193369402876, 'sharpe': 1.7550669480127892, 'mdd_pct': 11.84873735441202, 'n_days': 243}","{'ret_pct': -9.830627550239978, 'excess_pct': -10.065185798871722, 'sharpe': -0.7947286064153133, 'mdd_pct': 16.6297507794958, 'n_days': 160}",42.857142857142854,0.2418950665622553,-0.7947286064153133,-10.065185798871722,-9.830627550239978,1084
sym±2.5%仅阴,0.025,0.025,yin_only,30.0,20,sz159697,159697,石油ETF鹏华,B,"{'is_start': '2025-01-02', 'is_end': '2025-12-31', 'oos_start': '2026-01-02', 'oos_end': '2026-09-01'}","{'ret_pct': 14.02505388901385, 'excess_pct': -1.0088937346525153, 'sharpe': 1.4811897323699916, 'mdd_pct': 4.521458711345483, 'n_days': 243}","{'ret_pct': -1.9938613039683029, 'excess_pct': -16.20705927351147, 'sharpe': -0.1567297621536243, 'mdd_pct': 18.876199810668272, 'n_days': 160}",30.0,0.24072043852779954,-0.1567297621536243,-16.20705927351147,-1.9938613039683029,1085
买3/止2.5,0.03,0.025,yin_or_small_yang,41.66666666666667,48,sz159839,159839,生物医药ETF汇添富,A,"{'is_start': '2023-01-02', 'is_end': '2025-12-31', 'oos_start': '2025-01-02', 'oos_end': '2026-09-01'}","{'ret_pct': 4.588640151602275, 'excess_pct': 41.29076781117674, 'sharpe': 0.08994261870522546, 'mdd_pct': 25.15917793974618, 'n_days': 727}","{'ret_pct': -8.268384308040755, 'excess_pct': -18.571414611071056, 'sharpe': -0.26647573444030126, 'mdd_pct': 20.47735819836156, 'n_days': 403}",41.66666666666667,0.240407204385278,-0.26647573444030126,-18.571414611071056,-8.268384308040755,1086
买3/止4,0.03,0.04,yin_or_small_yang,50.0,2,sh510320,510320,沪深300ETF中金,B,"{'is_start': '2025-04-25', 'is_end': '2025-12-31', 'oos_start': '2026-01-02', 'oos_end': '2026-09-01'}","{'ret_pct': 13.570637741855961, 'excess_pct': -11.129362258144049, 'sharpe': 1.6295959551517665, 'mdd_pct': 5.9313277729276965, 'n_days': 169}","{'ret_pct': -13.94918360573606, 'excess_pct': -13.238844221363532, 'sharpe': -1.6135646359044526, 'mdd_pct': 15.166662393441687, 'n_days': 160}",50.0,0.24017227877838684,-1.6135646359044526,-13.238844221363532,-13.94918360573606,1087
sym±2.5%仅阴,0.025,0.025,yin_only,26.31578947368421,19,sz159286,159286,港股通创新药ETF鹏华,B,"{'is_start': '2025-09-02', 'is_end': '2025-12-31', 'oos_start': '2026-01-02', 'oos_end': '2026-09-01'}","{'ret_pct': -6.872924364560006, 'excess_pct': 13.721135041380585, 'sharpe': -1.2463996008131262, 'mdd_pct': 8.742578214613905, 'n_days': 81}","{'ret_pct': -12.969763576484217, 'excess_pct': -1.9638464167209158, 'sharpe': -0.7733270865412807, 'mdd_pct': 23.148431235467747, 'n_days': 160}",26.31578947368421,0.23970242756460453,-0.7733270865412807,-1.9638464167209158,-12.969763576484217,1088
买2/止3,0.02,0.03,yin_or_small_yang,37.5,8,sz159360,159360,A500ETF天弘,B,"{'is_start': '2025-01-02', 'is_end': '2025-12-31', 'oos_start': '2026-01-02', 'oos_end': '2026-09-01'}","{'ret_pct': 27.419467870085555, 'excess_pct': -1.908434370240311, 'sharpe': 2.0897163707989175, 'mdd_pct': 8.404905277043895, 'n_days': 243}","{'ret_pct': -6.954734002932628, 'excess_pct': -8.96090684243882, 'sharpe': -0.6138372365488431, 'mdd_pct': 13.131188383554493, 'n_days': 160}",37.5,0.23946750195771338,-0.6138372365488431,-8.96090684243882,-6.954734002932628,1089
买3/止4,0.03,0.04,yin_or_small_yang,33.33333333333333,3,sz159202,159202,恒生互联网ETF万家,B,"{'is_start': '2025-04-16', 'is_end': '2025-12-31', 'oos_start': '2026-01-02', 'oos_end': '2026-09-01'}","{'ret_pct': 22.151212690454415, 'excess_pct': 7.6871127945126645, 'sharpe': 1.5364886316397355, 'mdd_pct': 8.381834948525979, 'n_days': 176}","{'ret_pct': -27.524766886455144, 'excess_pct': 2.8494715817780936, 'sharpe': -1.5142810200518348, 'mdd_pct': 31.350656040783164, 'n_days': 160}",33.33333333333333,0.23923257635082223,-1.5142810200518348,2.8494715817780936,-27.524766886455144,1090
买2/止2.5,0.02,0.025,yin_or_small_yang,40.50632911392405,79,sz159835,159835,创新药ETF建信,A,"{'is_start': '2023-01-02', 'is_end': '2025-12-31', 'oos_start': '2025-01-02', 'oos_end': '2026-09-01'}","{'ret_pct': 30.91771139054447, 'excess_pct': 42.61839166265332, 'sharpe': 0.5016458377611084, 'mdd_pct': 23.493606740469495, 'n_days': 727}","{'ret_pct': -4.756908854333631, 'excess_pct': -29.3315780414792, 'sharpe': -0.13516310855673905, 'mdd_pct': 31.13612931293335, 'n_days': 403}",40.50632911392405,0.23719655442443224,-0.13516310855673905,-29.3315780414792,-4.756908854333631,1091
买2/止3,0.02,0.03,yin_or_small_yang,40.35087719298245,57,sz159527,159527,云计算ETF广发,B,"{'is_start': '2025-01-02', 'is_end': '2025-12-31', 'oos_start': '2026-01-02', 'oos_end': '2026-09-01'}","{'ret_pct': 62.22621630284242, 'excess_pct': 3.4070832684627277, 'sharpe': 2.0482029924833927, 'mdd_pct': 21.623014520943883, 'n_days': 242}","{'ret_pct': -69.64095678962093, 'excess_pct': -2.837864474932445, 'sharpe': -0.975015080039777, 'mdd_pct': 76.71400364071779, 'n_days': 160}",40.35087719298245,0.23688332028191073,-0.975015080039777,-2.837864474932445,-69.64095678962093,1092
sym±2%,0.02,0.02,yin_or_small_yang,37.5,16,sh560350,560350,中证A50ETF摩根,B,"{'is_start': '2025-01-02', 'is_end': '2025-12-31', 'oos_start': '2026-01-02', 'oos_end': '2026-09-01'}","{'ret_pct': 2.888139883188945, 'excess_pct': -14.46723201763751, 'sharpe': 0.3700163672346429, 'mdd_pct': 5.156663758257995, 'n_days': 243}","{'ret_pct': -7.5530153509575815, 'excess_pct': -4.4972475893074515, 'sharpe': -1.081952402848732, 'mdd_pct': 9.69311136300599, 'n_days': 160}",37.5,0.23375097885669538,-1.081952402848732,-4.4972475893074515,-7.5530153509575815,1093
sym±3%,0.03,0.03,yin_or_small_yang,44.0,25,sh562860,562860,疫苗ETF嘉实,B,"{'is_start': '2025-01-02', 'is_end': '2025-12-31', 'oos_start': '2026-01-02', 'oos_end': '2026-09-01'}","{'ret_pct': 10.59429816923676, 'excess_pct': -3.7638099388713773, 'sharpe': 0.6658649968754167, 'mdd_pct': 10.733347760247424, 'n_days': 243}","{'ret_pct': -16.3268800069186, 'excess_pct': -9.33686574158338, 'sharpe': -0.8883781907099141, 'mdd_pct': 24.465883367087148, 'n_days': 160}",44.0,0.23281127642913077,-0.8883781907099141,-9.33686574158338,-16.3268800069186,1094
买2/止3,0.02,0.03,yin_or_small_yang,47.22222222222222,36,sh589700,589700,科创成长ETF南方,B,"{'is_start': '2025-06-05', 'is_end': '2025-12-31', 'oos_start': '2026-01-02', 'oos_end': '2026-09-01'}","{'ret_pct': 61.27602097332161, 'excess_pct': -1.0780646297912355, 'sharpe': 4.373769649950187, 'mdd_pct': 17.258856570446934, 'n_days': 144}","{'ret_pct': -10.231174754549011, 'excess_pct': -40.93705710749017, 'sharpe': -0.3684586625007303, 'mdd_pct': 40.058390454697076, 'n_days': 160}",47.22222222222222,0.23116679718089272,-0.3684586625007303,-40.93705710749017,-10.231174754549011,1095
买3/止4,0.03,0.04,yin_or_small_yang,43.75,16,sh560360,560360,软件ETF万家,B,"{'is_start': '2025-01-02', 'is_end': '2025-12-31', 'oos_start': '2026-01-02', 'oos_end': '2026-09-01'}","{'ret_pct': 5.607375802554748, 'excess_pct': -14.108712525520971, 'sharpe': 0.1922930788481587, 'mdd_pct': 26.788835890715077, 'n_days': 243}","{'ret_pct': -25.942140757810815, 'excess_pct': -5.789566059781581, 'sharpe': -1.1882826455227689, 'mdd_pct': 39.668528821423344, 'n_days': 160}",43.75,0.23116679718089272,-1.1882826455227689,-5.789566059781581,-25.942140757810815,1096
买2/止3,0.02,0.03,yin_or_small_yang,33.33333333333333,9,sh561230,561230,中证A50ETF工银,B,"{'is_start': '2025-01-02', 'is_end': '2025-12-31', 'oos_start': '2026-01-02', 'oos_end': '2026-09-01'}","{'ret_pct': -0.7206392826922481, 'excess_pct': -20.3356713633522, 'sharpe': -0.06421778494977949, 'mdd_pct': 11.775311849574422, 'n_days': 243}","{'ret_pct': -7.179701759036594, 'excess_pct': -7.030113127772564, 'sharpe': -0.6584554095926991, 'mdd_pct': 9.790483585310827, 'n_days': 160}",33.33333333333333,0.23085356303837118,-0.6584554095926991,-7.030113127772564,-7.179701759036594,1097
买2/止3,0.02,0.03,yin_or_small_yang,43.58974358974359,39,sz159382,159382,创业板人工智能ETF南方,B,"{'is_start': '2025-05-09', 'is_end': '2025-12-31', 'oos_start': '2026-01-02', 'oos_end': '2026-09-01'}","{'ret_pct': 87.32543259595518, 'excess_pct': -22.60505399788795, 'sharpe': 4.383325618037826, 'mdd_pct': 12.406637159008927, 'n_days': 162}","{'ret_pct': -8.199618401182196, 'excess_pct': -29.670882768998275, 'sharpe': -0.2735789583510971, 'mdd_pct': 36.802165645181496, 'n_days': 160}",43.58974358974359,0.23007047768206734,-0.2735789583510971,-29.670882768998275,-8.199618401182196,1098
sym±2%,0.02,0.02,yin_or_small_yang,34.92063492063492,63,sh516900,516900,食品饮料ETF华安,A,"{'is_start': '2023-01-02', 'is_end': '2025-12-31', 'oos_start': '2025-01-02', 'oos_end': '2026-09-01'}","{'ret_pct': -9.136292637189703, 'excess_pct': 19.17025866070894, 'sharpe': -0.17951896677743331, 'mdd_pct': 37.72986324741082, 'n_days': 726}","{'ret_pct': -22.28409650060099, 'excess_pct': -0.6840965006009831, 'sharpe': -1.0244759595195536, 'mdd_pct': 28.151186851021638, 'n_days': 403}",34.92063492063492,0.22999216914643694,-1.0244759595195536,-0.6840965006009831,-22.28409650060099,1099
买2.5/止3.5,0.025,0.035,yin_or_small_yang,100.0,1,sh513500,513500,标普500ETF博时,A,"{'is_start': '2023-01-02', 'is_end': '2025-12-31', 'oos_start': '2025-01-02', 'oos_end': '2026-09-01'}","{'ret_pct': 34.5942505661792, 'excess_pct': -59.965749433820775, 'sharpe': 1.1719715982597625, 'mdd_pct': 5.152601337796026, 'n_days': 727}","{'ret_pct': 22.81773663767361, 'excess_pct': -1.4149706458811657, 'sharpe': 0.8775621718780922, 'mdd_pct': 18.0599544961634, 'n_days': 403}",100.0,0.22897415818324196,0.8775621718780922,-1.4149706458811657,22.81773663767361,1100
买2/止2.5,0.02,0.025,yin_or_small_yang,46.666666666666664,30,sz159542,159542,工程机械ETF大成,B,"{'is_start': '2025-01-02', 'is_end': '2025-12-31', 'oos_start': '2026-01-02', 'oos_end': '2026-09-01'}","{'ret_pct': 27.869483928183204, 'excess_pct': -9.351118598541806, 'sharpe': 1.2252555646123324, 'mdd_pct': 14.134599539327365, 'n_days': 242}","{'ret_pct': -18.334308577560478, 'excess_pct': -11.864547677419836, 'sharpe': -1.0190018552247706, 'mdd_pct': 28.194708049344786, 'n_days': 160}",46.666666666666664,0.2284259984338293,-1.0190018552247706,-11.864547677419836,-18.334308577560478,1101
买3/止4,0.03,0.04,yin_or_small_yang,44.44444444444444,9,sh588690,588690,科创增强ETF银华,B,"{'is_start': '2025-08-29', 'is_end': '2025-12-31', 'oos_start': '2026-01-02', 'oos_end': '2026-09-01'}","{'ret_pct': 7.535347848192009, 'excess_pct': 2.8910790734884673, 'sharpe': 1.9516203212161398, 'mdd_pct': 3.9935077931687935, 'n_days': 83}","{'ret_pct': -9.388097474483914, 'excess_pct': -22.475655078170565, 'sharpe': -0.4946601212076159, 'mdd_pct': 33.57769616633707, 'n_days': 160}",44.44444444444444,0.22819107282693812,-0.4946601212076159,-22.475655078170565,-9.388097474483914,1102
买3/止4,0.03,0.04,yin_or_small_yang,47.05882352941176,17,sh560590,560590,中证1000增强ETF鹏华,B,"{'is_start': '2025-01-02', 'is_end': '2025-12-31', 'oos_start': '2026-01-02', 'oos_end': '2026-09-01'}","{'ret_pct': 22.62398257041509, 'excess_pct': -13.68780450182825, 'sharpe': 1.206283335059867, 'mdd_pct': 19.093854438199397, 'n_days': 243}","{'ret_pct': -13.144356623275632, 'excess_pct': -14.443946226558834, 'sharpe': -1.0581115862137738, 'mdd_pct': 23.799146121903814, 'n_days': 160}",47.05882352941176,0.22811276429130778,-1.0581115862137738,-14.443946226558834,-13.144356623275632,1103
买2/止3,0.02,0.03,yin_or_small_yang,38.095238095238095,21,sz159686,159686,A100ETF易方达,B,"{'is_start': '2025-01-02', 'is_end': '2025-12-31', 'oos_start': '2026-01-02', 'oos_end': '2026-09-01'}","{'ret_pct': 22.02371457885459, 'excess_pct': -4.2025116473715975, 'sharpe': 1.79896394497251, 'mdd_pct': 9.597045446505447, 'n_days': 243}","{'ret_pct': -8.548583409934674, 'excess_pct': -8.39318325453453, 'sharpe': -0.7659195454251556, 'mdd_pct': 16.534501455303985, 'n_days': 160}",38.095238095238095,0.22803445575567738,-0.7659195454251556,-8.39318325453453,-8.548583409934674,1104
买3/止2.5,0.03,0.025,yin_or_small_yang,47.82608695652174,46,sz159992,159992,创新药ETF银华,A,"{'is_start': '2023-01-02', 'is_end': '2025-12-31', 'oos_start': '2025-01-02', 'oos_end': '2026-09-01'}","{'ret_pct': 8.12942456699519, 'excess_pct': 20.192916630487247, 'sharpe': 0.1567986220958465, 'mdd_pct': 17.49588340782512, 'n_days': 727}","{'ret_pct': -12.690257510949998, 'excess_pct': -37.57980095719448, 'sharpe': -0.40535457107000733, 'mdd_pct': 22.791952378304547, 'n_days': 403}",47.82608695652174,0.22787783868441658,-0.40535457107000733,-37.57980095719448,-12.690257510949998,1105
买2.5/止3.5,0.025,0.035,yin_or_small_yang,53.333333333333336,15,sh510650,510650,金融地产ETF华夏,A,"{'is_start': '2023-01-02', 'is_end': '2025-12-31', 'oos_start': '2025-01-02', 'oos_end': '2026-09-01'}","{'ret_pct': 48.37684478934597, 'excess_pct': -9.254599825253315, 'sharpe': 1.108097252323987, 'mdd_pct': 11.971309644800165, 'n_days': 727}","{'ret_pct': -15.721890137654182, 'excess_pct': -27.806020156774636, 'sharpe': -0.9434054341555623, 'mdd_pct': 25.506674660115138, 'n_days': 403}",53.333333333333336,0.22545027407987472,-0.9434054341555623,-27.806020156774636,-15.721890137654182,1106
买2/止2.5,0.02,0.025,yin_or_small_yang,16.666666666666664,6,sz159268,159268,港股通消费ETF汇添富,B,"{'is_start': '2025-07-21', 'is_end': '2025-12-31', 'oos_start': '2026-01-02', 'oos_end': '2026-09-01'}","{'ret_pct': -8.458244914483192, 'excess_pct': 0.839480110244784, 'sharpe': -1.2886372497386966, 'mdd_pct': 13.047876073218179, 'n_days': 112}","{'ret_pct': -15.65996207365009, 'excess_pct': 0.5562541425661269, 'sharpe': -1.4581291465957937, 'mdd_pct': 26.66951565421496, 'n_days': 160}",16.666666666666664,0.2245105716523101,-1.4581291465957937,0.5562541425661269,-15.65996207365009,1107
买3/止2.5,0.03,0.025,yin_or_small_yang,45.23809523809524,42,sz159837,159837,生物科技ETF易方达,A,"{'is_start': '2023-01-02', 'is_end': '2025-12-31', 'oos_start': '2025-01-02', 'oos_end': '2026-09-01'}","{'ret_pct': 27.513173955100733, 'excess_pct': 45.4533732906489, 'sharpe': 0.49738448654149003, 'mdd_pct': 16.71019108422528, 'n_days': 727}","{'ret_pct': -12.463190383242996, 'excess_pct': -27.77641544124763, 'sharpe': -0.40072641182108254, 'mdd_pct': 25.553766469937912, 'n_days': 403}",45.23809523809524,0.22427564604541894,-0.40072641182108254,-27.77641544124763,-12.463190383242996,1108
sym±2.5%仅阴,0.025,0.025,yin_only,41.66666666666667,24,sh513990,513990,港股通ETF招商,A,"{'is_start': '2023-01-02', 'is_end': '2025-12-31', 'oos_start': '2025-01-02', 'oos_end': '2026-09-01'}","{'ret_pct': 22.804561076945017, 'excess_pct': -19.030957397429216, 'sharpe': 0.5059541822648437, 'mdd_pct': 21.882603661066458, 'n_days': 727}","{'ret_pct': -5.351580341940743, 'excess_pct': -30.547548986957572, 'sharpe': -0.24475421928965102, 'mdd_pct': 21.882603661066458, 'n_days': 403}",41.66666666666667,0.22341425215348473,-0.24475421928965102,-30.547548986957572,-5.351580341940743,1109
sym±2.5%,0.025,0.025,yin_or_small_yang,45.0,60,sh515120,515120,创新药ETF广发,A,"{'is_start': '2023-01-02', 'is_end': '2025-12-31', 'oos_start': '2025-01-02', 'oos_end': '2026-09-01'}","{'ret_pct': -4.351647600496966, 'excess_pct': 6.6170133681639935, 'sharpe': -0.07739841280567462, 'mdd_pct': 26.046975653939786, 'n_days': 727}","{'ret_pct': -10.286780158654185, 'excess_pct': -35.53332848212558, 'sharpe': -0.2806279485632312, 'mdd_pct': 26.04821033809047, 'n_days': 403}",45.0,0.22333594361785436,-0.2806279485632312,-35.53332848212558,-10.286780158654185,1110
买2.5/止3.5,0.025,0.035,yin_or_small_yang,30.434782608695656,23,sh589520,589520,科创人工智能ETF华宝,B,"{'is_start': '2025-03-13', 'is_end': '2025-12-31', 'oos_start': '2026-01-02', 'oos_end': '2026-09-01'}","{'ret_pct': -21.662183443696005, 'excess_pct': 16.388131021712805, 'sharpe': -0.43536641570601514, 'mdd_pct': 52.213720263991426, 'n_days': 199}","{'ret_pct': -10.425109659891174, 'excess_pct': -8.809600774592285, 'sharpe': -0.4037720219037373, 'mdd_pct': 29.519400975829903, 'n_days': 160}",30.434782608695656,0.2227094753328113,-0.4037720219037373,-8.809600774592285,-10.425109659891174,1111
买3/止2.5,0.03,0.025,yin_or_small_yang,39.285714285714285,28,sz159891,159891,医疗ETF建信,A,"{'is_start': '2023-01-02', 'is_end': '2025-12-31', 'oos_start': '2025-01-02', 'oos_end': '2026-09-01'}","{'ret_pct': -1.0110683939612675, 'excess_pct': 29.282091215159245, 'sharpe': -0.025344732858549844, 'mdd_pct': 19.468248380231877, 'n_days': 727}","{'ret_pct': -16.098329345298435, 'excess_pct': -6.900216137751281, 'sharpe': -0.8146358120838247, 'mdd_pct': 19.83947971384992, 'n_days': 403}",39.285714285714285,0.2208300704776821,-0.8146358120838247,-6.900216137751281,-16.098329345298435,1112
sym±2%,0.02,0.02,yin_or_small_yang,52.27272727272727,44,sh513350,513350,标普油气ETF富国,B,"{'is_start': '2025-01-02', 'is_end': '2025-12-31', 'oos_start': '2026-01-02', 'oos_end': '2026-09-01'}","{'ret_pct': 30.75685369325951, 'excess_pct': 41.348456746694616, 'sharpe': 1.7229349404987098, 'mdd_pct': 5.936965133263117, 'n_days': 242}","{'ret_pct': -17.027060221396873, 'excess_pct': -58.07418064024505, 'sharpe': -0.6181865554973489, 'mdd_pct': 47.481772112503194, 'n_days': 160}",52.27272727272727,0.22051683633516053,-0.6181865554973489,-58.07418064024505,-17.027060221396873,1113
买2/止3,0.02,0.03,yin_or_small_yang,100.0,1,sz159399,159399,现金流ETF国泰,B,"{'is_start': '2025-02-27', 'is_end': '2025-12-31', 'oos_start': '2026-01-02', 'oos_end': '2026-09-01'}","{'ret_pct': 20.176694555673613, 'excess_pct': 6.061386404580183, 'sharpe': 2.311855686437141, 'mdd_pct': 5.153066073016522, 'n_days': 209}","{'ret_pct': 3.55945790276877, 'excess_pct': 15.811399231500445, 'sharpe': 0.3914500924521606, 'mdd_pct': 11.095558427804797, 'n_days': 160}",100.0,0.21989036805011752,0.3914500924521606,15.811399231500445,3.55945790276877,1114
sym±2%,0.02,0.02,yin_or_small_yang,30.0,10,sz159245,159245,港股通消费ETF富国,B,"{'is_start': '2025-06-19', 'is_end': '2025-12-31', 'oos_start': '2026-01-02', 'oos_end': '2026-09-01'}","{'ret_pct': -6.228077683737599, 'excess_pct': -3.0932814454930906, 'sharpe': -1.1325175703063166, 'mdd_pct': 11.113086669501682, 'n_days': 134}","{'ret_pct': -16.381152048348724, 'excess_pct': 0.07183940464273775, 'sharpe': -1.8641071623556897, 'mdd_pct': 18.233873671146895, 'n_days': 160}",30.0,0.21957713390759595,-1.8641071623556897,0.07183940464273775,-16.381152048348724,1115
买2/止2.5,0.02,0.025,yin_or_small_yang,27.586206896551722,29,sz159256,159256,创业板软件ETF华夏,B,"{'is_start': '2025-08-04', 'is_end': '2025-12-31', 'oos_start': '2026-01-02', 'oos_end': '2026-09-01'}","{'ret_pct': 5.392712320796789, 'excess_pct': 7.771304986802718, 'sharpe': 0.6073368802249317, 'mdd_pct': 15.227764173417569, 'n_days': 102}","{'ret_pct': -19.558186999740524, 'excess_pct': -2.0385019603704535, 'sharpe': -0.833818272472648, 'mdd_pct': 36.37111902089241, 'n_days': 160}",27.586206896551722,0.21902897415818326,-0.833818272472648,-2.0385019603704535,-19.558186999740524,1116
买2/止3,0.02,0.03,yin_or_small_yang,40.625,32,sh510090,510090,责任ETF建信,A,"{'is_start': '2023-01-02', 'is_end': '2025-12-31', 'oos_start': '2025-01-02', 'oos_end': '2026-09-01'}","{'ret_pct': 9.245819819402247, 'excess_pct': -11.626454323899946, 'sharpe': 0.17212686032205474, 'mdd_pct': 21.087217396110514, 'n_days': 695}","{'ret_pct': -9.906245929495528, 'excess_pct': -15.914476382170417, 'sharpe': -0.49530742420784857, 'mdd_pct': 22.185040188219617, 'n_days': 402}",40.625,0.2187157400156617,-0.49530742420784857,-15.914476382170417,-9.906245929495528,1117
sym±2.5%不限前日,0.025,0.025,any,33.33333333333333,3,sh512240,512240,A50ETF鹏华,B,"{'is_start': '2025-04-07', 'is_end': '2025-12-31', 'oos_start': '2026-01-02', 'oos_end': '2026-09-01'}","{'ret_pct': 24.63340912797176, 'excess_pct': -1.9821439936054368, 'sharpe': 3.088187392777723, 'mdd_pct': 3.4080473524423893, 'n_days': 183}","{'ret_pct': -8.95843820906973, 'excess_pct': -6.922814799400511, 'sharpe': -0.7643790103854848, 'mdd_pct': 10.733098829819475, 'n_days': 160}",33.33333333333333,0.2176194205168363,-0.7643790103854848,-6.922814799400511,-8.95843820906973,1118
买2/止2.5,0.02,0.025,yin_or_small_yang,34.78260869565217,92,sz159863,159863,光伏ETF鹏华,A,"{'is_start': '2023-01-02', 'is_end': '2025-12-31', 'oos_start': '2025-01-02', 'oos_end': '2026-09-01'}","{'ret_pct': 20.564525297349867, 'excess_pct': 50.76146184001945, 'sharpe': 0.2851413213803009, 'mdd_pct': 24.045669157827486, 'n_days': 727}","{'ret_pct': -6.466610130250993, 'excess_pct': -20.95640604861836, 'sharpe': -0.16512027311462601, 'mdd_pct': 26.651421546433774, 'n_days': 403}",34.78260869565217,0.21574001566170714,-0.16512027311462601,-20.95640604861836,-6.466610130250993,1119
买3/止4,0.03,0.04,yin_or_small_yang,42.857142857142854,7,sh588250,588250,科创医药ETF鹏华,B,"{'is_start': '2025-03-21', 'is_end': '2025-12-31', 'oos_start': '2026-01-02', 'oos_end': '2026-09-01'}","{'ret_pct': 3.687641095004812, 'excess_pct': -8.73535685160709, 'sharpe': 0.19719574918462665, 'mdd_pct': 19.359592361376563, 'n_days': 193}","{'ret_pct': -19.525684545045017, 'excess_pct': -9.040415914195798, 'sharpe': -0.9172801144037114, 'mdd_pct': 31.30236678453554, 'n_days': 160}",42.857142857142854,0.21574001566170714,-0.9172801144037114,-9.040415914195798,-19.525684545045017,1120
买2/止3,0.02,0.03,yin_or_small_yang,47.82608695652174,46,sz159506,159506,港股通创新药医疗ETF富国,B,"{'is_start': '2025-01-02', 'is_end': '2025-12-31', 'oos_start': '2026-01-02', 'oos_end': '2026-09-01'}","{'ret_pct': 46.5751527134596, 'excess_pct': -18.071311933005035, 'sharpe': 1.4706401761345882, 'mdd_pct': 28.23926774759893, 'n_days': 243}","{'ret_pct': -22.42238818598978, 'excess_pct': -14.691536360649769, 'sharpe': -1.02012195654628, 'mdd_pct': 30.921519020332312, 'n_days': 160}",47.82608695652174,0.2154267815191856,-1.02012195654628,-14.691536360649769,-22.42238818598978,1121
sym±2.5%仅阴,0.025,0.025,yin_only,45.65217391304348,46,sz159859,159859,生物医药ETF天弘,A,"{'is_start': '2023-01-02', 'is_end': '2025-12-31', 'oos_start': '2025-01-02', 'oos_end': '2026-09-01'}","{'ret_pct': -6.757257121553739, 'excess_pct': 28.70492775239585, 'sharpe': -0.12298618660626072, 'mdd_pct': 31.79674787452801, 'n_days': 727}","{'ret_pct': -15.558503311209304, 'excess_pct': -26.922139674845702, 'sharpe': -0.4839413004796397, 'mdd_pct': 22.741433712174587, 'n_days': 403}",45.65217391304348,0.21527016444792485,-0.4839413004796397,-26.922139674845702,-15.558503311209304,1122
sym±2.5%仅阴,0.025,0.025,yin_only,30.76923076923077,39,sh516670,516670,畜牧养殖ETF招商,A,"{'is_start': '2023-01-02', 'is_end': '2025-12-31', 'oos_start': '2025-01-02', 'oos_end': '2026-09-01'}","{'ret_pct': 30.777283740720573, 'excess_pct': 45.92151450995134, 'sharpe': 0.7022203851611386, 'mdd_pct': 18.02685478694819, 'n_days': 727}","{'ret_pct': -8.825313778087063, 'excess_pct': -10.138942677922858, 'sharpe': -0.45137469753768583, 'mdd_pct': 16.642152360362694, 'n_days': 403}",30.76923076923077,0.2140172278778387,-0.45137469753768583,-10.138942677922858,-8.825313778087063,1123
sym±2%,0.02,0.02,yin_or_small_yang,38.23529411764706,68,sz159736,159736,食品饮料ETF天弘,A,"{'is_start': '2023-01-02', 'is_end': '2025-12-31', 'oos_start': '2025-01-02', 'oos_end': '2026-09-01'}","{'ret_pct': 4.335352052643526, 'excess_pct': 30.412938259540077, 'sharpe': 0.08980179052824759, 'mdd_pct': 25.87091633592664, 'n_days': 727}","{'ret_pct': -22.414827886910338, 'excess_pct': -4.258403305904757, 'sharpe': -1.0467008884581137, 'mdd_pct': 26.765497435381835, 'n_days': 403}",38.23529411764706,0.21033672670321063,-1.0467008884581137,-4.258403305904757,-22.414827886910338,1124
sym±2%,0.02,0.02,yin_or_small_yang,52.94117647058824,68,sz159838,159838,医药50ETF博时,A,"{'is_start': '2023-01-02', 'is_end': '2025-12-31', 'oos_start': '2025-01-02', 'oos_end': '2026-09-01'}","{'ret_pct': -3.253262083903574, 'excess_pct': 15.726907887767805, 'sharpe': -0.07090745284722515, 'mdd_pct': 20.165949835601793, 'n_days': 727}","{'ret_pct': -23.009352570128392, 'excess_pct': -32.8392202449866, 'sharpe': -0.8080172219485654, 'mdd_pct': 25.305294759152787, 'n_days': 403}",52.94117647058824,0.20994518402505874,-0.8080172219485654,-32.8392202449866,-23.009352570128392,1125
sym±2%,0.02,0.02,yin_or_small_yang,43.20987654320987,81,sz159643,159643,疫苗ETF国泰,A,"{'is_start': '2023-01-02', 'is_end': '2025-12-31', 'oos_start': '2025-01-02', 'oos_end': '2026-09-01'}","{'ret_pct': -4.803202284372777, 'excess_pct': 33.40732403141669, 'sharpe': -0.0936033953039129, 'mdd_pct': 23.78776348998606, 'n_days': 727}","{'ret_pct': -18.997554397025006, 'excess_pct': -15.164801783784597, 'sharpe': -0.6490311634793975, 'mdd_pct': 26.011932357160227, 'n_days': 403}",43.20987654320987,0.20853563038371184,-0.6490311634793975,-15.164801783784597,-18.997554397025006,1126
买2/止3,0.02,0.03,yin_or_small_yang,44.44444444444444,9,sz159356,159356,A500ETF万家,B,"{'is_start': '2025-01-02', 'is_end': '2025-12-31', 'oos_start': '2026-01-02', 'oos_end': '2026-09-01'}","{'ret_pct': 25.47831945294108, 'excess_pct': -3.300148455961626, 'sharpe': 1.7807885001905415, 'mdd_pct': 10.896463517682353, 'n_days': 243}","{'ret_pct': -12.413356713740953, 'excess_pct': -14.854301595630703, 'sharpe': -0.9812639485080074, 'mdd_pct': 16.88649924524156, 'n_days': 160}",44.44444444444444,0.2082223962411903,-0.9812639485080074,-14.854301595630703,-12.413356713740953,1127
买2/止2.5,0.02,0.025,yin_or_small_yang,46.808510638297875,47,sz159508,159508,生物医药ETF华安,B,"{'is_start': '2025-01-02', 'is_end': '2025-12-31', 'oos_start': '2026-01-02', 'oos_end': '2026-09-01'}","{'ret_pct': 12.924458407782913, 'excess_pct': 4.794377106969927, 'sharpe': 0.7383603497348982, 'mdd_pct': 14.375684438922853, 'n_days': 243}","{'ret_pct': -18.964613083242032, 'excess_pct': -16.42224020188613, 'sharpe': -0.9727619291980297, 'mdd_pct': 26.00706561813383, 'n_days': 159}",46.808510638297875,0.20602975724353956,-0.9727619291980297,-16.42224020188613,-18.964613083242032,1128
买2/止2.5,0.02,0.025,yin_or_small_yang,33.33333333333333,18,sh520980,520980,港股通科技ETF汇添富,B,"{'is_start': '2025-07-02', 'is_end': '2025-12-31', 'oos_start': '2026-01-02', 'oos_end': '2026-09-01'}","{'ret_pct': 7.876248622502402, 'excess_pct': -0.1914804611629286, 'sharpe': 0.7880942015228662, 'mdd_pct': 16.33087327031697, 'n_days': 125}","{'ret_pct': -24.28762378280832, 'excess_pct': -0.892724926168043, 'sharpe': -1.5825640475727234, 'mdd_pct': 26.643321243568685, 'n_days': 160}",33.33333333333333,0.20602975724353956,-1.5825640475727234,-0.892724926168043,-24.28762378280832,1129
sym±3%,0.03,0.03,yin_or_small_yang,47.05882352941176,34,sh560850,560850,信创ETF汇添富,B,"{'is_start': '2025-01-02', 'is_end': '2025-12-31', 'oos_start': '2026-01-02', 'oos_end': '2026-09-01'}","{'ret_pct': 53.80283656769691, 'excess_pct': 34.43694110925645, 'sharpe': 2.359812253586314, 'mdd_pct': 17.31953640124646, 'n_days': 243}","{'ret_pct': -19.504978355356116, 'excess_pct': -15.61608946646722, 'sharpe': -1.0939351855714217, 'mdd_pct': 31.56028425436066, 'n_days': 160}",47.05882352941176,0.20555990602975724,-1.0939351855714217,-15.61608946646722,-19.504978355356116,1130
买3/止4,0.03,0.04,yin_or_small_yang,33.33333333333333,9,sh588910,588910,科创价值ETF建信,B,"{'is_start': '2025-04-07', 'is_end': '2025-12-31', 'oos_start': '2026-01-02', 'oos_end': '2026-09-01'}","{'ret_pct': 43.71656696012158, 'excess_pct': -13.702009638189637, 'sharpe': 2.9659705040705795, 'mdd_pct': 8.84785502941462, 'n_days': 183}","{'ret_pct': -5.174940691398843, 'excess_pct': -18.16971290947201, 'sharpe': -0.34984659551636754, 'mdd_pct': 19.94839948379178, 'n_days': 160}",33.33333333333333,0.20548159749412687,-0.34984659551636754,-18.16971290947201,-5.174940691398843,1131
买2.5/止3.5,0.025,0.035,yin_or_small_yang,33.33333333333333,3,sh530300,530300,上证180ETF华泰柏瑞,B,"{'is_start': '2025-01-10', 'is_end': '2025-12-31', 'oos_start': '2026-01-02', 'oos_end': '2026-09-01'}","{'ret_pct': 0.25576413673282783, 'excess_pct': -24.769772124758482, 'sharpe': 0.01854498545262206, 'mdd_pct': 17.510013265914836, 'n_days': 237}","{'ret_pct': -7.262637581527831, 'excess_pct': -7.423022505345012, 'sharpe': -0.9169936855289639, 'mdd_pct': 14.295614994926975, 'n_days': 160}",33.33333333333333,0.20540328895849647,-0.9169936855289639,-7.423022505345012,-7.262637581527831,1132
买2/止3,0.02,0.03,yin_or_small_yang,36.36363636363637,11,sz159292,159292,创业板综增强ETF华宝,B,"{'is_start': '2025-09-02', 'is_end': '2025-12-31', 'oos_start': '2026-01-02', 'oos_end': '2026-09-01'}","{'ret_pct': 9.415964705817604, 'excess_pct': 0.2617358500962119, 'sharpe': 1.6815046448442563, 'mdd_pct': 8.752905275381806, 'n_days': 81}","{'ret_pct': -8.376379556822267, 'excess_pct': -13.434054800832907, 'sharpe': -0.562433010262842, 'mdd_pct': 26.344750495131876, 'n_days': 160}",36.36363636363637,0.20415035238841034,-0.562433010262842,-13.434054800832907,-8.376379556822267,1133
买2/止3,0.02,0.03,yin_or_small_yang,32.69230769230769,52,sh517990,517990,沪港深医药ETF招商,A,"{'is_start': '2023-01-02', 'is_end': '2025-12-31', 'oos_start': '2025-01-02', 'oos_end': '2026-09-01'}","{'ret_pct': -16.165168033101164, 'excess_pct': 0.36065356314297503, 'sharpe': -0.2665232749483009, 'mdd_pct': 35.459312926095606, 'n_days': 727}","{'ret_pct': -3.7681101202609923, 'excess_pct': -30.491035577363657, 'sharpe': -0.10080533704856989, 'mdd_pct': 32.977784092358995, 'n_days': 403}",32.69230769230769,0.20399373531714957,-0.10080533704856989,-30.491035577363657,-3.7681101202609923,1134
买3/止2.5,0.03,0.025,yin_or_small_yang,38.88888888888889,18,sh562310,562310,沪深300成长ETF银华,A,"{'is_start': '2023-01-02', 'is_end': '2025-12-31', 'oos_start': '2025-01-02', 'oos_end': '2026-09-01'}","{'ret_pct': -14.479445234105782, 'excess_pct': -25.432347753273344, 'sharpe': -0.4023431552279295, 'mdd_pct': 27.183022043774475, 'n_days': 727}","{'ret_pct': -4.020646441123987, 'excess_pct': -45.62064644112398, 'sharpe': -0.2060005774023142, 'mdd_pct': 12.397755886420947, 'n_days': 403}",38.88888888888889,0.2,-0.2060005774023142,-45.62064644112398,-4.020646441123987,1135
sym±2%,0.02,0.02,yin_or_small_yang,34.523809523809526,84,sh516890,516890,新材料ETF平安,A,"{'is_start': '2023-01-02', 'is_end': '2025-12-31', 'oos_start': '2025-01-02', 'oos_end': '2026-09-01'}","{'ret_pct': 18.67476387278146, 'excess_pct': 21.2668511851962, 'sharpe': 0.31310130246553075, 'mdd_pct': 38.24200688529802, 'n_days': 727}","{'ret_pct': -3.000652562215156, 'excess_pct': -61.99055155211415, 'sharpe': -0.09256283607543506, 'mdd_pct': 31.640668178809616, 'n_days': 403}",34.523809523809526,0.1999216914643696,-0.09256283607543506,-61.99055155211415,-3.000652562215156,1136
买2.5/止3.5,0.025,0.035,yin_or_small_yang,20.0,15,sz159107,159107,创业板软件ETF富国,B,"{'is_start': '2025-09-22', 'is_end': '2025-12-31', 'oos_start': '2026-01-02', 'oos_end': '2026-09-01'}","{'ret_pct': -7.385845021535998, 'excess_pct': 3.2095132024801405, 'sharpe': -1.052392470750587, 'mdd_pct': 13.665792507361118, 'n_days': 67}","{'ret_pct': -20.55976216134767, 'excess_pct': -3.838450685937822, 'sharpe': -0.7893980384808515, 'mdd_pct': 43.05728933761902, 'n_days': 160}",20.0,0.19968676585747847,-0.7893980384808515,-3.838450685937822,-20.55976216134767,1137
买2/止3,0.02,0.03,yin_or_small_yang,100.0,1,sh511180,511180,可转债ETF海富通,A,"{'is_start': '2023-01-02', 'is_end': '2025-12-31', 'oos_start': '2025-01-02', 'oos_end': '2026-09-01'}","{'ret_pct': 22.73293634386451, 'excess_pct': -0.32313027761316704, 'sharpe': 1.1688667575482834, 'mdd_pct': 7.192624131326952, 'n_days': 727}","{'ret_pct': 11.445925930003442, 'excess_pct': -1.4159545038049384, 'sharpe': 0.8113775961800747, 'mdd_pct': 7.726955424249793, 'n_days': 403}",100.0,0.19960845732184818,0.8113775961800747,-1.4159545038049384,11.445925930003442,1138
买2.5/止3.5,0.025,0.035,yin_or_small_yang,40.909090909090914,22,sz159590,159590,软件ETF汇添富,B,"{'is_start': '2025-01-02', 'is_end': '2025-12-31', 'oos_start': '2026-01-02', 'oos_end': '2026-09-01'}","{'ret_pct': 50.39132652711251, 'excess_pct': 31.229022862191044, 'sharpe': 1.9048679068248944, 'mdd_pct': 20.032111120993346, 'n_days': 243}","{'ret_pct': -28.929288114449502, 'excess_pct': -6.167139776853592, 'sharpe': -1.297885467405208, 'mdd_pct': 42.44328123563362, 'n_days': 160}",40.909090909090914,0.19960845732184807,-1.297885467405208,-6.167139776853592,-28.929288114449502,1139
sym±2%,0.02,0.02,yin_or_small_yang,20.0,10,sz159265,159265,港股消费ETF鹏华,B,"{'is_start': '2025-07-02', 'is_end': '2025-12-31', 'oos_start': '2026-01-02', 'oos_end': '2026-09-01'}","{'ret_pct': -5.74482987540158, 'excess_pct': 0.6339728723903537, 'sharpe': -1.2832623057986714, 'mdd_pct': 8.227789040247135, 'n_days': 125}","{'ret_pct': -16.917492741862617, 'excess_pct': -0.6674927418626204, 'sharpe': -2.239369282105677, 'mdd_pct': 18.152127050541434, 'n_days': 160}",20.0,0.19898198903680497,-2.239369282105677,-0.6674927418626204,-16.917492741862617,1140
sym±2%,0.02,0.02,yin_or_small_yang,36.734693877551024,98,sz159886,159886,机械ETF富国,A,"{'is_start': '2023-01-02', 'is_end': '2025-12-31', 'oos_start': '2025-01-02', 'oos_end': '2026-09-01'}","{'ret_pct': 16.192173670970234, 'excess_pct': 14.192173670970233, 'sharpe': 0.26811837097344676, 'mdd_pct': 31.344830064679385, 'n_days': 727}","{'ret_pct': -7.077815086101236, 'excess_pct': -25.596333604619748, 'sharpe': -0.2320577798504584, 'mdd_pct': 28.8285756885287, 'n_days': 403}",36.734693877551024,0.19874706342991386,-0.2320577798504584,-25.596333604619748,-7.077815086101236,1141
sym±2.5%仅阴,0.025,0.025,yin_only,35.483870967741936,31,sz159867,159867,养殖ETF鹏华,A,"{'is_start': '2023-01-02', 'is_end': '2025-12-31', 'oos_start': '2025-01-02', 'oos_end': '2026-09-01'}","{'ret_pct': 34.22582273297932, 'excess_pct': 51.96361193606415, 'sharpe': 0.8248785936777127, 'mdd_pct': 12.861384648489803, 'n_days': 727}","{'ret_pct': -12.384659804422494, 'excess_pct': -11.498134981727492, 'sharpe': -0.6189422287681271, 'mdd_pct': 19.757989304427348, 'n_days': 403}",35.483870967741936,0.1983555207517619,-0.6189422287681271,-11.498134981727492,-12.384659804422494,1142
买2.5/止3.5,0.025,0.035,yin_or_small_yang,25.0,16,sz159257,159257,航空ETF汇添富,B,"{'is_start': '2025-07-28', 'is_end': '2025-12-31', 'oos_start': '2026-01-02', 'oos_end': '2026-09-01'}","{'ret_pct': 15.287109344755212, 'excess_pct': 1.4940058964793437, 'sharpe': 2.1666613288590626, 'mdd_pct': 8.804943835661872, 'n_days': 107}","{'ret_pct': -27.295968283392313, 'excess_pct': -0.6803220248889126, 'sharpe': -1.388190964870154, 'mdd_pct': 39.35620115551715, 'n_days': 160}",25.0,0.19827721221613154,-1.388190964870154,-0.6803220248889126,-27.295968283392313,1143
买3/止2.5,0.03,0.025,yin_or_small_yang,33.33333333333333,6,sh510330,510330,沪深300ETF华夏,A,"{'is_start': '2023-01-02', 'is_end': '2025-12-31', 'oos_start': '2025-01-02', 'oos_end': '2026-09-01'}","{'ret_pct': 15.137233029310382, 'excess_pct': -6.994952334072769, 'sharpe': 0.46792124584653905, 'mdd_pct': 11.959044847851297, 'n_days': 727}","{'ret_pct': -2.57353686150823, 'excess_pct': -24.643019490850882, 'sharpe': -0.3461394883208125, 'mdd_pct': 4.213850097800798, 'n_days': 403}",33.33333333333333,0.1980422866092404,-0.3461394883208125,-24.643019490850882,-2.57353686150823,1144
买2/止3,0.02,0.03,yin_or_small_yang,36.734693877551024,49,sz159507,159507,通信ETF广发,B,"{'is_start': '2025-01-02', 'is_end': '2025-12-31', 'oos_start': '2026-01-02', 'oos_end': '2026-09-01'}","{'ret_pct': 75.66232023898769, 'excess_pct': -16.566144180487967, 'sharpe': 2.481394484569813, 'mdd_pct': 20.357426050313286, 'n_days': 241}","{'ret_pct': -62.466504229165444, 'excess_pct': -4.632292441911012, 'sharpe': -0.8924354499450348, 'mdd_pct': 72.90984870314384, 'n_days': 160}",36.734693877551024,0.1976507439310885,-0.8924354499450348,-4.632292441911012,-62.466504229165444,1145
sym±2%,0.02,0.02,yin_or_small_yang,45.1219512195122,82,sh512170,512170,医疗ETF华宝,A,"{'is_start': '2023-01-02', 'is_end': '2025-12-31', 'oos_start': '2025-01-02', 'oos_end': '2026-09-01'}","{'ret_pct': 0.9774613333954463, 'excess_pct': 33.91631734917454, 'sharpe': 0.01637359934784352, 'mdd_pct': 30.359279764577018, 'n_days': 727}","{'ret_pct': -18.150162910829593, 'excess_pct': -24.41975538731861, 'sharpe': -0.6009919465790873, 'mdd_pct': 26.19619615799137, 'n_days': 403}",45.1219512195122,0.1976507439310885,-0.6009919465790873,-24.41975538731861,-18.150162910829593,1146
买3/止2.5,0.03,0.025,yin_or_small_yang,37.5,48,sz159763,159763,新材料ETF建信,A,"{'is_start': '2023-01-02', 'is_end': '2025-12-31', 'oos_start': '2025-01-02', 'oos_end': '2026-09-01'}","{'ret_pct': 17.80334966093424, 'excess_pct': 19.717929926029964, 'sharpe': 0.34832932666809624, 'mdd_pct': 27.16932501173799, 'n_days': 727}","{'ret_pct': -4.042310911983737, 'excess_pct': -63.73730001873756, 'sharpe': -0.1456443840399667, 'mdd_pct': 25.750888184935704, 'n_days': 403}",37.5,0.1966327329678935,-0.1456443840399667,-63.73730001873756,-4.042310911983737,1147
买3/止4,0.03,0.04,yin_or_small_yang,25.0,8,sh588130,588130,科创医药ETF华夏,B,"{'is_start': '2025-05-28', 'is_end': '2025-12-31', 'oos_start': '2026-01-02', 'oos_end': '2026-09-01'}","{'ret_pct': 2.889839028262431, 'excess_pct': -4.610160971737565, 'sharpe': 0.2514545319789219, 'mdd_pct': 18.98610625770426, 'n_days': 149}","{'ret_pct': -15.914524057998513, 'excess_pct': -5.244330054471179, 'sharpe': -0.7998837881157204, 'mdd_pct': 27.31657820101574, 'n_days': 160}",25.0,0.1937353171495693,-0.7998837881157204,-5.244330054471179,-15.914524057998513,1148
买3/止4,0.03,0.04,yin_or_small_yang,33.33333333333333,12,sh561920,561920,疫苗ETF招商,B,"{'is_start': '2025-01-02', 'is_end': '2025-12-31', 'oos_start': '2026-01-02', 'oos_end': '2026-09-01'}","{'ret_pct': 0.5602410510423983, 'excess_pct': -12.12033679807476, 'sharpe': 0.030181216930542383, 'mdd_pct': 19.91261727678617, 'n_days': 243}","{'ret_pct': -16.01936505907663, 'excess_pct': -6.777985748731808, 'sharpe': -0.8464888356658778, 'mdd_pct': 24.899098180800305, 'n_days': 160}",33.33333333333333,0.1918559122944401,-0.8464888356658778,-6.777985748731808,-16.01936505907663,1149
买2/止2.5,0.02,0.025,yin_or_small_yang,41.935483870967744,31,sz159273,159273,云计算ETF汇添富,B,"{'is_start': '2025-08-06', 'is_end': '2025-12-31', 'oos_start': '2026-01-02', 'oos_end': '2026-09-01'}","{'ret_pct': 23.65840948499518, 'excess_pct': -9.442982165104223, 'sharpe': 2.4132341033659896, 'mdd_pct': 12.424839759949624, 'n_days': 100}","{'ret_pct': -13.602031643069502, 'excess_pct': -17.072747478210506, 'sharpe': -0.769828313460822, 'mdd_pct': 27.04783922342502, 'n_days': 160}",41.935483870967744,0.18864526233359435,-0.769828313460822,-17.072747478210506,-13.602031643069502,1150
sym±2%,0.02,0.02,yin_or_small_yang,39.473684210526315,38,sh520880,520880,港股通创新药ETF华宝,B,"{'is_start': '2025-07-07', 'is_end': '2025-12-31', 'oos_start': '2026-01-02', 'oos_end': '2026-09-01'}","{'ret_pct': -45.959095361571215, 'excess_pct': 4.141105039230396, 'sharpe': -1.0292120403577074, 'mdd_pct': 52.59188699778357, 'n_days': 122}","{'ret_pct': -20.34288243711002, 'excess_pct': -7.3905014847290715, 'sharpe': -1.2132187030324335, 'mdd_pct': 25.39870957021204, 'n_days': 160}",39.473684210526315,0.1882537196554424,-1.2132187030324335,-7.3905014847290715,-20.34288243711002,1151
sym±2%,0.02,0.02,yin_or_small_yang,40.0,65,sh515950,515950,医药50ETF富国,A,"{'is_start': '2023-01-02', 'is_end': '2025-12-31', 'oos_start': '2025-01-02', 'oos_end': '2026-09-01'}","{'ret_pct': -1.5170991245590515, 'excess_pct': 23.966771843182876, 'sharpe': -0.028813847970265687, 'mdd_pct': 31.85304348921005, 'n_days': 727}","{'ret_pct': -11.72261062354204, 'excess_pct': -23.760751267165404, 'sharpe': -0.4505673140432188, 'mdd_pct': 22.540424001054895, 'n_days': 403}",40.0,0.18770555990602977,-0.4505673140432188,-23.760751267165404,-11.72261062354204,1152
sym±3%,0.03,0.03,yin_or_small_yang,43.24324324324324,37,sz159971,159971,创业板ETF富国,A,"{'is_start': '2023-01-02', 'is_end': '2025-12-31', 'oos_start': '2025-01-02', 'oos_end': '2026-09-01'}","{'ret_pct': -18.835989783866935, 'excess_pct': 11.73169580565271, 'sharpe': -0.18781668621316389, 'mdd_pct': 51.817155637182275, 'n_days': 727}","{'ret_pct': -37.118515289367295, 'excess_pct': -21.281094126087687, 'sharpe': -0.5154547550479471, 'mdd_pct': 59.184464935812045, 'n_days': 403}",43.24324324324324,0.18770555990602975,-0.5154547550479471,-21.281094126087687,-37.118515289367295,1153
sym±2.5%仅阴,0.025,0.025,yin_only,100.0,1,sh511930,511930,货币ETF国联,A,"{'is_start': '2023-01-02', 'is_end': '2025-12-31', 'oos_start': '2025-01-02', 'oos_end': '2026-09-01'}","{'ret_pct': 1.904295435235226, 'excess_pct': 0.8984177160326734, 'sharpe': 0.47635933326124524, 'mdd_pct': 0.10465566681602256, 'n_days': 581}","{'ret_pct': 1.904295435235226, 'excess_pct': 1.8982948951866252, 'sharpe': 0.7080993728419199, 'mdd_pct': 0.10465566681602256, 'n_days': 393}",100.0,0.18739232576350828,0.7080993728419199,1.8982948951866252,1.904295435235226,1154
sym±2%,0.02,0.02,yin_or_small_yang,38.15789473684211,76,sh560560,560560,碳中和ETF泰康,A,"{'is_start': '2023-01-02', 'is_end': '2025-12-31', 'oos_start': '2025-01-02', 'oos_end': '2026-09-01'}","{'ret_pct': 11.770493525218328, 'excess_pct': 15.038467381427488, 'sharpe': 0.22507672294812808, 'mdd_pct': 27.31816491582989, 'n_days': 727}","{'ret_pct': -9.392471664585722, 'excess_pct': -27.102668444549913, 'sharpe': -0.3278309002232464, 'mdd_pct': 35.33437444474542, 'n_days': 403}",38.15789473684211,0.18684416601409556,-0.3278309002232464,-27.102668444549913,-9.392471664585722,1155
sym±2.5%,0.025,0.025,yin_or_small_yang,37.03703703703704,27,sh588980,588980,科创100ETF广发,B,"{'is_start': '2025-08-01', 'is_end': '2025-12-31', 'oos_start': '2026-01-02', 'oos_end': '2026-09-01'}","{'ret_pct': 20.651320793376016, 'excess_pct': -4.674004531949304, 'sharpe': 2.5846048105529498, 'mdd_pct': 11.439830704332488, 'n_days': 103}","{'ret_pct': -5.742786248465737, 'excess_pct': -35.277669969395966, 'sharpe': -0.2620372604263706, 'mdd_pct': 30.207336844753574, 'n_days': 160}",37.03703703703704,0.18590446358653093,-0.2620372604263706,-35.277669969395966,-5.742786248465737,1156
sym±2.5%仅阴,0.025,0.025,yin_only,36.36363636363637,33,sh516760,516760,养殖ETF平安,A,"{'is_start': '2023-01-02', 'is_end': '2025-12-31', 'oos_start': '2025-01-02', 'oos_end': '2026-09-01'}","{'ret_pct': 23.941444489014742, 'excess_pct': 41.3221054437271, 'sharpe': 0.5706476757169899, 'mdd_pct': 13.987901613984977, 'n_days': 727}","{'ret_pct': -13.192779928174147, 'excess_pct': -13.362559215101133, 'sharpe': -0.6389231163916226, 'mdd_pct': 20.68524015140246, 'n_days': 403}",36.36363636363637,0.18535630383711826,-0.6389231163916226,-13.362559215101133,-13.192779928174147,1157
sym±2.5%,0.025,0.025,yin_or_small_yang,32.142857142857146,28,sz159843,159843,食品饮料ETF招商,A,"{'is_start': '2023-01-02', 'is_end': '2025-12-31', 'oos_start': '2025-01-02', 'oos_end': '2026-09-01'}","{'ret_pct': -4.7620406360926015, 'excess_pct': 18.22084444948198, 'sharpe': -0.09753206660712385, 'mdd_pct': 25.306352883236414, 'n_days': 727}","{'ret_pct': -23.163203359569163, 'excess_pct': -4.281028132983078, 'sharpe': -1.0042497262525076, 'mdd_pct': 33.765903981935175, 'n_days': 403}",32.142857142857146,0.18496476115896632,-1.0042497262525076,-4.281028132983078,-23.163203359569163,1158
sym±2%,0.02,0.02,yin_or_small_yang,40.0,65,sh562010,562010,绿色能源ETF华宝,A,"{'is_start': '2023-01-02', 'is_end': '2025-12-31', 'oos_start': '2025-01-02', 'oos_end': '2026-09-01'}","{'ret_pct': 17.329258834108785, 'excess_pct': 18.032776422048478, 'sharpe': 0.30050977360076997, 'mdd_pct': 26.00117731450475, 'n_days': 727}","{'ret_pct': -9.8402085369667, 'excess_pct': -31.967868111434793, 'sharpe': -0.3513875779039487, 'mdd_pct': 25.13197034290088, 'n_days': 403}",40.0,0.1833202819107283,-0.3513875779039487,-31.967868111434793,-9.8402085369667,1159
sym±2.5%,0.025,0.025,yin_or_small_yang,37.5,8,sh560620,560620,公用事业ETF万家,B,"{'is_start': '2025-01-02', 'is_end': '2025-12-31', 'oos_start': '2026-01-02', 'oos_end': '2026-09-01'}","{'ret_pct': 6.16999832169538, 'excess_pct': 3.4257612196097575, 'sharpe': 0.7378450377776135, 'mdd_pct': 6.56847158243079, 'n_days': 243}","{'ret_pct': -11.1582073169205, 'excess_pct': -12.222037104154548, 'sharpe': -0.8602189647215942, 'mdd_pct': 21.35865752719025, 'n_days': 160}",37.5,0.18332028191072827,-0.8602189647215942,-12.222037104154548,-11.1582073169205,1160
sym±3%,0.03,0.03,yin_or_small_yang,40.0,25,sh516610,516610,医疗设备ETF大成,A,"{'is_start': '2023-01-02', 'is_end': '2025-12-31', 'oos_start': '2025-01-02', 'oos_end': '2026-09-01'}","{'ret_pct': -15.682801074074249, 'excess_pct': 13.378301757520383, 'sharpe': -0.31083425211486065, 'mdd_pct': 28.570657346100027, 'n_days': 727}","{'ret_pct': -21.455684981585897, 'excess_pct': -13.336026861927762, 'sharpe': -0.708214839501348, 'mdd_pct': 31.19576271068928, 'n_days': 403}",40.0,0.18332028191072827,-0.708214839501348,-13.336026861927762,-21.455684981585897,1161
sym±3%,0.03,0.03,yin_or_small_yang,50.0,4,sz159696,159696,纳指ETF易方达,B,"{'is_start': '2025-01-02', 'is_end': '2025-12-31', 'oos_start': '2026-01-02', 'oos_end': '2026-09-01'}","{'ret_pct': 34.878700759088034, 'excess_pct': 19.825650361210023, 'sharpe': 2.45927405587711, 'mdd_pct': 6.102248119483711, 'n_days': 243}","{'ret_pct': -14.37140877571722, 'excess_pct': -30.202843855443863, 'sharpe': -1.688612064646333, 'mdd_pct': 14.418391589506108, 'n_days': 160}",50.0,0.18277212216131558,-1.688612064646333,-30.202843855443863,-14.37140877571722,1162
sym±3%,0.03,0.03,yin_or_small_yang,33.33333333333333,6,sh510050,510050,上证50ETF华夏,A,"{'is_start': '2023-01-02', 'is_end': '2025-12-31', 'oos_start': '2025-01-02', 'oos_end': '2026-09-01'}","{'ret_pct': 13.636982427652832, 'excess_pct': -3.488630548582549, 'sharpe': 0.35773270121323425, 'mdd_pct': 13.11492232089433, 'n_days': 727}","{'ret_pct': -6.435804063210582, 'excess_pct': -20.459051157323827, 'sharpe': -0.45851182825217013, 'mdd_pct': 10.7667126715293, 'n_days': 403}",33.33333333333333,0.18112764291307754,-0.45851182825217013,-20.459051157323827,-6.435804063210582,1163
sym±2%,0.02,0.02,yin_or_small_yang,43.47826086956522,23,sz159262,159262,港股通科技ETF广发,B,"{'is_start': '2025-07-07', 'is_end': '2025-12-31', 'oos_start': '2026-01-02', 'oos_end': '2026-09-01'}","{'ret_pct': 11.953536056175995, 'excess_pct': 4.4178945083144905, 'sharpe': 1.5594617592385247, 'mdd_pct': 10.08996740269147, 'n_days': 122}","{'ret_pct': -33.53840002691183, 'excess_pct': -10.761630516929976, 'sharpe': -2.0860034721979877, 'mdd_pct': 35.08200612052668, 'n_days': 160}",43.47826086956522,0.18097102584181676,-2.0860034721979877,-10.761630516929976,-33.53840002691183,1164
买2/止3,0.02,0.03,yin_or_small_yang,42.857142857142854,7,sh530280,530280,上证180ETF平安,B,"{'is_start': '2025-01-24', 'is_end': '2025-12-31', 'oos_start': '2026-01-02', 'oos_end': '2026-09-01'}","{'ret_pct': 15.836796620742444, 'excess_pct': -5.499195403185798, 'sharpe': 1.5486859704246623, 'mdd_pct': 5.924567319312257, 'n_days': 227}","{'ret_pct': -15.248534859363083, 'excess_pct': -12.752560624258436, 'sharpe': -1.7141555598817086, 'mdd_pct': 17.969403216711022, 'n_days': 160}",42.857142857142854,0.18050117462803444,-1.7141555598817086,-12.752560624258436,-15.248534859363083,1165
买2.5/止3.5,0.025,0.035,yin_or_small_yang,38.70967741935484,31,sz159388,159388,创业板人工智能ETF国泰,B,"{'is_start': '2025-04-07', 'is_end': '2025-12-31', 'oos_start': '2026-01-02', 'oos_end': '2026-09-01'}","{'ret_pct': 103.3529225602337, 'excess_pct': -47.2658893209544, 'sharpe': 4.342177963265566, 'mdd_pct': 18.882384122066366, 'n_days': 183}","{'ret_pct': -59.71025698151835, 'excess_pct': -8.584238773564344, 'sharpe': -0.8951360682116225, 'mdd_pct': 65.13823208038927, 'n_days': 160}",38.70967741935484,0.1798747063429914,-0.8951360682116225,-8.584238773564344,-59.71025698151835,1166
sym±2.5%仅阴,0.025,0.025,yin_only,31.914893617021278,47,sh560900,560900,创新药ETF摩根,A,"{'is_start': '2023-01-02', 'is_end': '2025-12-31', 'oos_start': '2025-01-02', 'oos_end': '2026-09-01'}","{'ret_pct': -10.20109323028372, 'excess_pct': 1.4016599653898236, 'sharpe': -0.1859495874941581, 'mdd_pct': 31.281037961165403, 'n_days': 727}","{'ret_pct': -6.023579774712163, 'excess_pct': -30.78418168989686, 'sharpe': -0.18215034413523667, 'mdd_pct': 16.233068022666288, 'n_days': 403}",31.914893617021278,0.17924823805794832,-0.18215034413523667,-30.78418168989686,-6.023579774712163,1167
买2/止2.5,0.02,0.025,yin_or_small_yang,100.0,1,sh511950,511950,添利货币ETF广发,A,"{'is_start': '2023-01-02', 'is_end': '2025-12-31', 'oos_start': '2025-01-02', 'oos_end': '2026-09-01'}","{'ret_pct': 4.610845793640328, 'excess_pct': 4.587845793640333, 'sharpe': 0.2102016233363336, 'mdd_pct': 4.206295967969387, 'n_days': 566}","{'ret_pct': 4.625408818947685, 'excess_pct': 4.588394383317773, 'sharpe': 0.35335300750787957, 'mdd_pct': 4.206295967969387, 'n_days': 391}",100.0,0.17846515270164443,0.35335300750787957,4.588394383317773,4.625408818947685,1168
sym±2%,0.02,0.02,yin_or_small_yang,34.78260869565217,23,sh562050,562050,药ETF华宝,B,"{'is_start': '2025-06-19', 'is_end': '2025-12-31', 'oos_start': '2026-01-02', 'oos_end': '2026-09-01'}","{'ret_pct': 6.041798694985578, 'excess_pct': 2.437267284068989, 'sharpe': 0.7417332443826696, 'mdd_pct': 7.760002817090717, 'n_days': 134}","{'ret_pct': -17.73253837940143, 'excess_pct': -5.763426410289473, 'sharpe': -1.344270851018657, 'mdd_pct': 20.264175139176444, 'n_days': 160}",34.78260869565217,0.17815191855912293,-1.344270851018657,-5.763426410289473,-17.73253837940143,1169
sym±2%,0.02,0.02,yin_or_small_yang,32.857142857142854,70,sz159865,159865,养殖ETF国泰,A,"{'is_start': '2023-01-02', 'is_end': '2025-12-31', 'oos_start': '2025-01-02', 'oos_end': '2026-09-01'}","{'ret_pct': 23.175122180393505, 'excess_pct': 41.96534097061231, 'sharpe': 0.4628298341985916, 'mdd_pct': 17.206088586887237, 'n_days': 727}","{'ret_pct': -14.289259081420546, 'excess_pct': -13.027997820159287, 'sharpe': -0.5641408893535915, 'mdd_pct': 29.874011014115844, 'n_days': 403}",32.857142857142854,0.1772905246671887,-0.5641408893535915,-13.027997820159287,-14.289259081420546,1170
sym±2.5%,0.025,0.025,yin_or_small_yang,100.0,1,sh513400,513400,道琼斯ETF鹏华,B,"{'is_start': '2025-01-02', 'is_end': '2025-12-31', 'oos_start': '2026-01-02', 'oos_end': '2026-09-01'}","{'ret_pct': 4.625115200978014, 'excess_pct': -0.21359447644135887, 'sharpe': 0.23270985664954863, 'mdd_pct': 17.782737215845547, 'n_days': 243}","{'ret_pct': 7.11879029869944, 'excess_pct': -0.30932471727498356, 'sharpe': 0.6202870816983058, 'mdd_pct': 14.013273390421332, 'n_days': 160}",100.0,0.17642913077525446,0.6202870816983058,-0.30932471727498356,7.11879029869944,1171
sym±2%,0.02,0.02,yin_or_small_yang,36.0655737704918,61,sh510200,510200,上证券商ETF汇安,A,"{'is_start': '2023-01-02', 'is_end': '2025-12-31', 'oos_start': '2025-01-02', 'oos_end': '2026-09-01'}","{'ret_pct': 31.792471992963556, 'excess_pct': -2.643929247987842, 'sharpe': 0.5338454015910403, 'mdd_pct': 16.163429135890972, 'n_days': 727}","{'ret_pct': -14.628090350164314, 'excess_pct': -16.063901160975124, 'sharpe': -0.549387159165389, 'mdd_pct': 26.64532873665878, 'n_days': 403}",36.0655737704918,0.17470634299138607,-0.549387159165389,-16.063901160975124,-14.628090350164314,1172
sym±2%,0.02,0.02,yin_or_small_yang,45.45454545454545,11,sz159561,159561,德国ETF嘉实,B,"{'is_start': '2025-01-02', 'is_end': '2025-12-31', 'oos_start': '2026-01-02', 'oos_end': '2026-09-01'}","{'ret_pct': 31.4315104414272, 'excess_pct': 0.7724846534615573, 'sharpe': 1.135984868255576, 'mdd_pct': 25.893230707714356, 'n_days': 238}","{'ret_pct': -16.93392939819436, 'excess_pct': -17.514480922142095, 'sharpe': -1.9248303146252448, 'mdd_pct': 19.7660267178546, 'n_days': 160}",45.45454545454545,0.17431480031323415,-1.9248303146252448,-17.514480922142095,-16.93392939819436,1173
买2.5/止3.5,0.025,0.035,yin_or_small_yang,38.88888888888889,18,sz159383,159383,创业板50ETF华泰柏瑞,B,"{'is_start': '2025-02-14', 'is_end': '2025-12-31', 'oos_start': '2026-01-02', 'oos_end': '2026-09-01'}","{'ret_pct': 28.246828270416003, 'excess_pct': -28.542071630475995, 'sharpe': 1.3093098289590601, 'mdd_pct': 16.652164558644998, 'n_days': 218}","{'ret_pct': -14.455524917317774, 'excess_pct': -17.51175963614421, 'sharpe': -0.6649088647021708, 'mdd_pct': 33.92170206607119, 'n_days': 160}",38.88888888888889,0.17415818324197338,-0.6649088647021708,-17.51175963614421,-14.455524917317774,1174
买2/止2.5,0.02,0.025,yin_or_small_yang,33.33333333333333,15,sh516720,516720,ESGETF浦银,A,"{'is_start': '2023-01-02', 'is_end': '2025-12-31', 'oos_start': '2025-01-02', 'oos_end': '2026-09-01'}","{'ret_pct': 11.737577282566969, 'excess_pct': -22.854383740575557, 'sharpe': 0.24767602343819003, 'mdd_pct': 20.553379619220824, 'n_days': 720}","{'ret_pct': -4.902882281286869, 'excess_pct': -40.458437836842435, 'sharpe': -0.22748952094671257, 'mdd_pct': 21.052218395791165, 'n_days': 396}",33.33333333333333,0.17353171495693032,-0.22748952094671257,-40.458437836842435,-4.902882281286869,1175
买2/止3,0.02,0.03,yin_or_small_yang,34.78260869565217,23,sh560090,560090,证券ETF汇添富,B,"{'is_start': '2025-01-02', 'is_end': '2025-12-31', 'oos_start': '2026-01-02', 'oos_end': '2026-09-01'}","{'ret_pct': 6.966039888857156, 'excess_pct': -1.9954341479937687, 'sharpe': 0.3238539142334944, 'mdd_pct': 14.450405003018385, 'n_days': 243}","{'ret_pct': -17.31230074812776, 'excess_pct': -7.032633325603198, 'sharpe': -1.209009528915533, 'mdd_pct': 23.45605872867893, 'n_days': 160}",34.78260869565217,0.17298355520751763,-1.209009528915533,-7.032633325603198,-17.31230074812776,1176
买2.5/止3.5,0.025,0.035,yin_or_small_yang,36.36363636363637,11,sh515720,515720,金融科技ETF富国,B,"{'is_start': '2025-10-09', 'is_end': '2025-12-31', 'oos_start': '2026-01-02', 'oos_end': '2026-09-01'}","{'ret_pct': -2.3085177206015994, 'excess_pct': 6.189505994813404, 'sharpe': -0.4494449685722619, 'mdd_pct': 13.186201085521121, 'n_days': 60}","{'ret_pct': -29.065167407033478, 'excess_pct': -6.186542272769238, 'sharpe': -1.3180657422591184, 'mdd_pct': 42.60867569437225, 'n_days': 160}",36.36363636363637,0.1717306186374315,-1.3180657422591184,-6.186542272769238,-29.065167407033478,1177
买3/止4,0.03,0.04,yin_or_small_yang,100.0,1,sh562320,562320,沪深300价值ETF银华,A,"{'is_start': '2023-01-02', 'is_end': '2025-12-31', 'oos_start': '2025-01-02', 'oos_end': '2026-09-01'}","{'ret_pct': 18.203113536236803, 'excess_pct': -17.44045082019885, 'sharpe': 0.46455251763920796, 'mdd_pct': 15.229512385776001, 'n_days': 720}","{'ret_pct': 10.520189691966596, 'excess_pct': -0.5726615816570764, 'sharpe': 0.5138494743517341, 'mdd_pct': 11.403384509139824, 'n_days': 403}",100.0,0.17102584181675806,0.5138494743517341,-0.5726615816570764,10.520189691966596,1178
sym±2.5%仅阴,0.025,0.025,yin_only,42.857142857142854,49,sh588210,588210,科创100ETF易方达,B,"{'is_start': '2025-01-02', 'is_end': '2025-12-31', 'oos_start': '2026-01-02', 'oos_end': '2026-09-01'}","{'ret_pct': 21.96581147207395, 'excess_pct': -39.73631618750055, 'sharpe': 1.3598370965645583, 'mdd_pct': 11.999359620242112, 'n_days': 243}","{'ret_pct': -11.120689475253043, 'excess_pct': -41.49684277546595, 'sharpe': -0.5681015821258812, 'mdd_pct': 27.44819805887927, 'n_days': 160}",42.857142857142854,0.17094753328112766,-0.5681015821258812,-41.49684277546595,-11.120689475253043,1179
买3/止2.5,0.03,0.025,yin_or_small_yang,39.130434782608695,23,sh560080,560080,中药ETF汇添富,A,"{'is_start': '2023-01-02', 'is_end': '2025-12-31', 'oos_start': '2025-01-02', 'oos_end': '2026-09-01'}","{'ret_pct': 20.282595710487538, 'excess_pct': 30.88088630877813, 'sharpe': 0.4554494976569792, 'mdd_pct': 13.881182147497583, 'n_days': 727}","{'ret_pct': -19.423637622296663, 'excess_pct': -9.19849690935106, 'sharpe': -1.4039271813828715, 'mdd_pct': 19.473510530715565, 'n_days': 403}",39.130434782608695,0.17000783085356302,-1.4039271813828715,-9.19849690935106,-19.423637622296663,1180
买3/止2.5,0.03,0.025,yin_or_small_yang,34.375,32,sh512690,512690,酒ETF鹏华,A,"{'is_start': '2023-01-02', 'is_end': '2025-12-31', 'oos_start': '2025-01-02', 'oos_end': '2026-09-01'}","{'ret_pct': -2.5474078886129736, 'excess_pct': 33.49077826890493, 'sharpe': -0.043884839453106464, 'mdd_pct': 29.23309026794407, 'n_days': 727}","{'ret_pct': -35.50217877854994, 'excess_pct': -5.335512111883276, 'sharpe': -1.2517705303982347, 'mdd_pct': 44.86141041171401, 'n_days': 403}",34.375,0.16992952231793262,-1.2517705303982347,-5.335512111883276,-35.50217877854994,1181
买3/止2.5,0.03,0.025,yin_or_small_yang,36.0,25,sz159797,159797,医疗器械ETF汇添富,A,"{'is_start': '2023-01-02', 'is_end': '2025-12-31', 'oos_start': '2025-01-02', 'oos_end': '2026-09-01'}","{'ret_pct': -23.97179178223867, 'excess_pct': 1.0282082177613177, 'sharpe': -0.734554232752291, 'mdd_pct': 27.474135695102486, 'n_days': 727}","{'ret_pct': -18.030378564139305, 'excess_pct': -11.044077194276314, 'sharpe': -0.8261602426046123, 'mdd_pct': 22.912503889065228, 'n_days': 403}",36.0,0.1688332028191073,-0.8261602426046123,-11.044077194276314,-18.030378564139305,1182
sym±2.5%仅阴,0.025,0.025,yin_only,39.130434782608695,23,sh520690,520690,港股创新药ETF博时,B,"{'is_start': '2025-08-01', 'is_end': '2025-12-31', 'oos_start': '2026-01-02', 'oos_end': '2026-09-01'}","{'ret_pct': 0.27119054081916616, 'excess_pct': 17.635848354915172, 'sharpe': 0.03525866405780461, 'mdd_pct': 9.381725365471482, 'n_days': 103}","{'ret_pct': -22.27391651575742, 'excess_pct': -8.909320970622604, 'sharpe': -1.43718511403394, 'mdd_pct': 26.691770765670842, 'n_days': 160}",39.130434782608695,0.1682850430696946,-1.43718511403394,-8.909320970622604,-22.27391651575742,1183
买2/止3,0.02,0.03,yin_or_small_yang,38.70967741935484,31,sh588270,588270,科创200ETF易方达,B,"{'is_start': '2025-06-16', 'is_end': '2025-12-31', 'oos_start': '2026-01-02', 'oos_end': '2026-09-01'}","{'ret_pct': 19.04994785119678, 'excess_pct': -22.96010240005948, 'sharpe': 1.7549234715155424, 'mdd_pct': 12.370594018018966, 'n_days': 137}","{'ret_pct': -11.795107381479863, 'excess_pct': -27.860457960104743, 'sharpe': -0.4817381774798391, 'mdd_pct': 36.566155983017524, 'n_days': 160}",38.70967741935484,0.1672670321064996,-0.4817381774798391,-27.860457960104743,-11.795107381479863,1184
买2/止3,0.02,0.03,yin_or_small_yang,44.0,25,sh589950,589950,科创100ETF富国,B,"{'is_start': '2025-10-17', 'is_end': '2025-12-31', 'oos_start': '2026-01-02', 'oos_end': '2026-09-01'}","{'ret_pct': 1.8503917286879945, 'excess_pct': -6.128331675567322, 'sharpe': 0.4712405998091139, 'mdd_pct': 9.954364560741757, 'n_days': 54}","{'ret_pct': -14.991978992083732, 'excess_pct': -45.14465074780893, 'sharpe': -0.6226643273711391, 'mdd_pct': 26.509811823700037, 'n_days': 160}",44.0,0.1664056382145654,-0.6226643273711391,-45.14465074780893,-14.991978992083732,1185
sym±2%,0.02,0.02,yin_or_small_yang,34.375,64,sz159645,159645,疫苗ETF富国,A,"{'is_start': '2023-01-02', 'is_end': '2025-12-31', 'oos_start': '2025-01-02', 'oos_end': '2026-09-01'}","{'ret_pct': -28.327043113275796, 'excess_pct': 10.305119548461736, 'sharpe': -0.6660100669485006, 'mdd_pct': 34.783885569131535, 'n_days': 725}","{'ret_pct': -18.248236951916518, 'excess_pct': -13.001323371669603, 'sharpe': -0.6924037949216986, 'mdd_pct': 21.875655044460864, 'n_days': 403}",34.375,0.16421299921691465,-0.6924037949216986,-13.001323371669603,-18.248236951916518,1186
买2.5/止3.5,0.025,0.035,yin_or_small_yang,42.857142857142854,35,sh562570,562570,信创ETF华夏,B,"{'is_start': '2025-01-02', 'is_end': '2025-12-31', 'oos_start': '2026-01-02', 'oos_end': '2026-09-01'}","{'ret_pct': 42.05107547846669, 'excess_pct': 20.679043816197563, 'sharpe': 1.662720289242708, 'mdd_pct': 24.274723922030926, 'n_days': 243}","{'ret_pct': -20.739875549585218, 'excess_pct': -19.196015900462402, 'sharpe': -0.9189644172500798, 'mdd_pct': 36.64910329459017, 'n_days': 160}",42.857142857142854,0.16194205168363351,-0.9189644172500798,-19.196015900462402,-20.739875549585218,1187
sym±2%,0.02,0.02,yin_or_small_yang,33.33333333333333,9,sh563650,563650,中证A500ETF兴业,B,"{'is_start': '2025-04-03', 'is_end': '2025-12-31', 'oos_start': '2026-01-02', 'oos_end': '2026-09-01'}","{'ret_pct': 31.797758211238403, 'excess_pct': 4.497454874534679, 'sharpe': 4.616349200967847, 'mdd_pct': 3.6507464615096463, 'n_days': 184}","{'ret_pct': -10.401340244578938, 'excess_pct': -10.867903230582055, 'sharpe': -1.2048095078620038, 'mdd_pct': 17.25403844934531, 'n_days': 160}",33.33333333333333,0.15990602975724355,-1.2048095078620038,-10.867903230582055,-10.401340244578938,1188
sym±2%,0.02,0.02,yin_or_small_yang,36.470588235294116,85,sz159828,159828,医疗ETF国泰,A,"{'is_start': '2023-01-02', 'is_end': '2025-12-31', 'oos_start': '2025-01-02', 'oos_end': '2026-09-01'}","{'ret_pct': -17.97521406957412, 'excess_pct': 14.934165898629384, 'sharpe': -0.34305325524240565, 'mdd_pct': 41.196035052414906, 'n_days': 727}","{'ret_pct': -14.733097145278018, 'excess_pct': -22.09350323664856, 'sharpe': -0.4895462670112195, 'mdd_pct': 26.52045243035691, 'n_days': 403}",36.470588235294116,0.15990602975724352,-0.4895462670112195,-22.09350323664856,-14.733097145278018,1189
买3/止4,0.03,0.04,yin_or_small_yang,33.33333333333333,3,sh510300,510300,沪深300ETF华泰柏瑞,A,"{'is_start': '2023-01-02', 'is_end': '2025-12-31', 'oos_start': '2025-01-02', 'oos_end': '2026-09-01'}","{'ret_pct': 20.31140848623163, 'excess_pct': -0.048176218756989186, 'sharpe': 0.47406096064426245, 'mdd_pct': 13.546898518778717, 'n_days': 727}","{'ret_pct': -6.4326593100253575, 'excess_pct': -26.284283766408066, 'sharpe': -0.5150231854846586, 'mdd_pct': 10.764912564851215, 'n_days': 403}",33.33333333333333,0.1596711041503524,-0.5150231854846586,-26.284283766408066,-6.4326593100253575,1190
买2/止2.5,0.02,0.025,yin_or_small_yang,0.0,2,sz159207,159207,高股息ETF广发,B,"{'is_start': '2025-04-09', 'is_end': '2025-12-31', 'oos_start': '2026-01-02', 'oos_end': '2026-09-01'}","{'ret_pct': -0.5501121992704028, 'excess_pct': -12.908505608127252, 'sharpe': -0.11050442110669695, 'mdd_pct': 3.4834066225420623, 'n_days': 181}","{'ret_pct': -6.960552643622808, 'excess_pct': -12.185117263237832, 'sharpe': -0.9115253269806822, 'mdd_pct': 16.024712037683486, 'n_days': 160}",0.0,0.1574784651527016,-0.9115253269806822,-12.185117263237832,-6.960552643622808,1191
sym±3%,0.03,0.03,yin_or_small_yang,35.714285714285715,42,sz159511,159511,通信ETF南方,B,"{'is_start': '2025-01-02', 'is_end': '2025-12-31', 'oos_start': '2026-01-02', 'oos_end': '2026-09-01'}","{'ret_pct': 84.04132613227407, 'excess_pct': 3.5582343448344034, 'sharpe': 3.2531556733969613, 'mdd_pct': 13.126360217496213, 'n_days': 243}","{'ret_pct': -8.74029771165784, 'excess_pct': -32.86562408241499, 'sharpe': -0.39125588527933436, 'mdd_pct': 34.1045990699307, 'n_days': 160}",35.714285714285715,0.15583398590446362,-0.39125588527933436,-32.86562408241499,-8.74029771165784,1192
sym±2.5%仅阴,0.025,0.025,yin_only,39.6551724137931,58,sh562030,562030,信创ETF华宝,B,"{'is_start': '2025-01-02', 'is_end': '2025-12-31', 'oos_start': '2026-01-02', 'oos_end': '2026-09-01'}","{'ret_pct': 14.772682943048277, 'excess_pct': 55.091589548970816, 'sharpe': 0.7118220504045255, 'mdd_pct': 16.881155181224038, 'n_days': 243}","{'ret_pct': -18.48855474862614, 'excess_pct': -13.682639776352566, 'sharpe': -1.0664932203246504, 'mdd_pct': 35.23472177223875, 'n_days': 160}",39.6551724137931,0.15528582615505088,-1.0664932203246504,-13.682639776352566,-18.48855474862614,1193
sym±2%,0.02,0.02,yin_or_small_yang,37.93103448275862,87,sh516500,516500,生物科技ETF华夏,A,"{'is_start': '2023-01-02', 'is_end': '2025-12-31', 'oos_start': '2025-01-02', 'oos_end': '2026-09-01'}","{'ret_pct': 4.802403092663821, 'excess_pct': 24.623374959671505, 'sharpe': 0.08872180267783018, 'mdd_pct': 23.017525056860922, 'n_days': 727}","{'ret_pct': -13.880677588956026, 'excess_pct': -29.070551006677558, 'sharpe': -0.4902501192922034, 'mdd_pct': 23.017525056860922, 'n_days': 403}",37.93103448275862,0.15317149569303054,-0.4902501192922034,-29.070551006677558,-13.880677588956026,1194
买2/止3,0.02,0.03,yin_or_small_yang,39.21568627450981,51,sz159363,159363,创业板人工智能ETF华宝,B,"{'is_start': '2025-01-02', 'is_end': '2025-12-31', 'oos_start': '2026-01-02', 'oos_end': '2026-09-01'}","{'ret_pct': 0.7566660028849315, 'excess_pct': -5.816609859184019, 'sharpe': 0.012319443028127434, 'mdd_pct': 52.13098423164164, 'n_days': 243}","{'ret_pct': -13.87019905591751, 'excess_pct': -36.02706180101556, 'sharpe': -0.47747836335218546, 'mdd_pct': 38.74047823435413, 'n_days': 160}",39.21568627450981,0.15105716523101018,-0.47747836335218546,-36.02706180101556,-13.87019905591751,1195
sym±2%,0.02,0.02,yin_or_small_yang,37.5,56,sh515710,515710,食品饮料ETF华宝,A,"{'is_start': '2023-01-02', 'is_end': '2025-12-31', 'oos_start': '2025-01-02', 'oos_end': '2026-09-01'}","{'ret_pct': 4.981306121745344, 'excess_pct': 29.626467412067935, 'sharpe': 0.09793278180775457, 'mdd_pct': 25.320270487473508, 'n_days': 727}","{'ret_pct': -29.581823304933863, 'excess_pct': -9.420532982353215, 'sharpe': -1.439701841494848, 'mdd_pct': 35.197341703938555, 'n_days': 403}",37.5,0.15050900548159749,-1.439701841494848,-9.420532982353215,-29.581823304933863,1196
sym±3%,0.03,0.03,yin_or_small_yang,25.0,4,sz159660,159660,纳指ETF汇添富,B,"{'is_start': '2025-01-02', 'is_end': '2025-12-31', 'oos_start': '2026-01-02', 'oos_end': '2026-09-01'}","{'ret_pct': 36.947742504438885, 'excess_pct': 24.000830261751993, 'sharpe': 2.9494096926964057, 'mdd_pct': 4.796079453480651, 'n_days': 243}","{'ret_pct': -3.030015692544341, 'excess_pct': -15.204340657016134, 'sharpe': -1.2351943508119805, 'mdd_pct': 3.030015692544341, 'n_days': 160}",25.0,0.14980422866092402,-1.2351943508119805,-15.204340657016134,-3.030015692544341,1197
sym±2%,0.02,0.02,yin_or_small_yang,42.857142857142854,42,sh516560,516560,养老ETF华宝,A,"{'is_start': '2023-01-02', 'is_end': '2025-12-31', 'oos_start': '2025-01-02', 'oos_end': '2026-09-01'}","{'ret_pct': 7.027876709057734, 'excess_pct': 6.327760022943396, 'sharpe': 0.19685003076862154, 'mdd_pct': 13.102546077439726, 'n_days': 727}","{'ret_pct': -23.828822450824315, 'excess_pct': -18.935472388089046, 'sharpe': -1.2019669458186162, 'mdd_pct': 29.52117800670728, 'n_days': 403}",42.857142857142854,0.14878621769772904,-1.2019669458186162,-18.935472388089046,-23.828822450824315,1198
sym±3%,0.03,0.03,yin_or_small_yang,42.857142857142854,14,sh516910,516910,物流ETF富国,A,"{'is_start': '2023-01-02', 'is_end': '2025-12-31', 'oos_start': '2025-01-02', 'oos_end': '2026-09-01'}","{'ret_pct': 36.536710267516526, 'excess_pct': 30.906939275150116, 'sharpe': 1.046210285680379, 'mdd_pct': 11.10714828990268, 'n_days': 727}","{'ret_pct': -14.698405536120907, 'excess_pct': -31.75954952034182, 'sharpe': -0.8351789627822054, 'mdd_pct': 17.33183065991055, 'n_days': 403}",42.857142857142854,0.14831636648394675,-0.8351789627822054,-31.75954952034182,-14.698405536120907,1199
sym±2.5%仅阴,0.025,0.025,yin_only,35.483870967741936,31,sh517880,517880,品牌消费ETF华泰柏瑞,A,"{'is_start': '2023-01-02', 'is_end': '2025-12-31', 'oos_start': '2025-01-02', 'oos_end': '2026-09-01'}","{'ret_pct': 6.262373775803454, 'excess_pct': 0.020023714603922826, 'sharpe': 0.14107718926738402, 'mdd_pct': 18.690816736075554, 'n_days': 726}","{'ret_pct': -22.4334218895762, 'excess_pct': -9.162176255117505, 'sharpe': -1.4340493093309645, 'mdd_pct': 22.902301011920358, 'n_days': 402}",35.483870967741936,0.14729835552075174,-1.4340493093309645,-9.162176255117505,-22.4334218895762,1200
买2/止3,0.02,0.03,yin_or_small_yang,44.44444444444444,9,sh563280,563280,A50增强ETF富国,B,"{'is_start': '2025-01-02', 'is_end': '2025-12-31', 'oos_start': '2026-01-02', 'oos_end': '2026-09-01'}","{'ret_pct': 23.94410951711499, 'excess_pct': -4.270506579092203, 'sharpe': 1.5956681368301846, 'mdd_pct': 7.460610038780513, 'n_days': 240}","{'ret_pct': -20.923008957751943, 'excess_pct': -21.277367568666183, 'sharpe': -2.2761662730439856, 'mdd_pct': 22.345497529549018, 'n_days': 160}",44.44444444444444,0.14306969459671104,-2.2761662730439856,-21.277367568666183,-20.923008957751943,1201
sym±3%,0.03,0.03,yin_or_small_yang,28.57142857142857,7,sh561260,561260,能源ETF工银,B,"{'is_start': '2025-01-02', 'is_end': '2025-12-31', 'oos_start': '2026-01-02', 'oos_end': '2026-09-01'}","{'ret_pct': 5.510531850528633, 'excess_pct': -9.1438460296557, 'sharpe': 0.6758416207577211, 'mdd_pct': 5.506595802173775, 'n_days': 243}","{'ret_pct': -10.16878104149177, 'excess_pct': -10.327763553415448, 'sharpe': -1.8161965507495885, 'mdd_pct': 10.16878104149177, 'n_days': 160}",28.57142857142857,0.14259984338292875,-1.8161965507495885,-10.327763553415448,-10.16878104149177,1202
sym±2.5%仅阴,0.025,0.025,yin_only,30.0,10,sz159959,159959,央企ETF银华,A,"{'is_start': '2023-01-02', 'is_end': '2025-12-31', 'oos_start': '2025-01-02', 'oos_end': '2026-09-01'}","{'ret_pct': 16.45879970186448, 'excess_pct': -9.316856622717864, 'sharpe': 0.538568100367617, 'mdd_pct': 13.762640567202855, 'n_days': 727}","{'ret_pct': -8.433394543701155, 'excess_pct': -23.2841926006061, 'sharpe': -0.644238118057538, 'mdd_pct': 14.804971868825822, 'n_days': 403}",30.0,0.140407204385278,-0.644238118057538,-23.2841926006061,-8.433394543701155,1203
sym±2%,0.02,0.02,yin_or_small_yang,41.7910447761194,67,sz159557,159557,恒生医疗ETF嘉实,B,"{'is_start': '2025-01-02', 'is_end': '2025-12-31', 'oos_start': '2026-01-02', 'oos_end': '2026-09-01'}","{'ret_pct': 47.456430764509335, 'excess_pct': -4.92452161644308, 'sharpe': 1.9967714841396584, 'mdd_pct': 13.94829523922927, 'n_days': 243}","{'ret_pct': -24.74047128894431, 'excess_pct': -18.069528376821165, 'sharpe': -1.3324565221738085, 'mdd_pct': 32.466935935214416, 'n_days': 160}",41.7910447761194,0.13923257635082226,-1.3324565221738085,-18.069528376821165,-24.74047128894431,1204
买2/止2.5,0.02,0.025,yin_or_small_yang,30.0,20,sz159289,159289,创业板综指ETF鹏华,B,"{'is_start': '2025-09-15', 'is_end': '2025-12-31', 'oos_start': '2026-01-02', 'oos_end': '2026-09-01'}","{'ret_pct': 0.5419147481024345, 'excess_pct': -1.3998328247130987, 'sharpe': 0.11167185952072563, 'mdd_pct': 8.240647511116862, 'n_days': 72}","{'ret_pct': -13.156016829472927, 'excess_pct': -14.9218160859785, 'sharpe': -0.8632411840846274, 'mdd_pct': 19.618797320402592, 'n_days': 160}",30.0,0.13782302270947533,-0.8632411840846274,-14.9218160859785,-13.156016829472927,1205
sym±2%,0.02,0.02,yin_or_small_yang,34.32835820895522,67,sh510630,510630,消费ETF华夏,A,"{'is_start': '2023-01-02', 'is_end': '2025-12-31', 'oos_start': '2025-01-02', 'oos_end': '2026-09-01'}","{'ret_pct': -1.2806030819243697, 'excess_pct': 20.875593862048483, 'sharpe': -0.029292404862633507, 'mdd_pct': 18.541162667410326, 'n_days': 727}","{'ret_pct': -24.99148317006148, 'excess_pct': -10.781514983423111, 'sharpe': -1.2203215963647012, 'mdd_pct': 29.695103928648926, 'n_days': 403}",34.32835820895522,0.13719655442443227,-1.2203215963647012,-10.781514983423111,-24.99148317006148,1206
买2/止2.5,0.02,0.025,yin_or_small_yang,38.46153846153847,39,sz159913,159913,深价值ETF交银,A,"{'is_start': '2023-01-02', 'is_end': '2025-12-31', 'oos_start': '2025-01-02', 'oos_end': '2026-09-01'}","{'ret_pct': 47.031883412957384, 'excess_pct': 18.906883412957384, 'sharpe': 0.8957256753296491, 'mdd_pct': 18.18920206276037, 'n_days': 699}","{'ret_pct': -14.535276543343645, 'excess_pct': -31.802828725506828, 'sharpe': -0.6336397538487023, 'mdd_pct': 16.547680209323346, 'n_days': 398}",38.46153846153847,0.1369616288175411,-0.6336397538487023,-31.802828725506828,-14.535276543343645,1207
买2/止2.5,0.02,0.025,yin_or_small_yang,40.0,10,sh563500,563500,A500ETF华宝,B,"{'is_start': '2025-01-02', 'is_end': '2025-12-31', 'oos_start': '2026-01-02', 'oos_end': '2026-09-01'}","{'ret_pct': 12.97075558709122, 'excess_pct': 49.630633387498555, 'sharpe': 0.9176639672840464, 'mdd_pct': 13.266187383610195, 'n_days': 243}","{'ret_pct': -16.56769069563354, 'excess_pct': -16.725419402258147, 'sharpe': -1.522602864553227, 'mdd_pct': 23.564542696727166, 'n_days': 160}",40.0,0.1364917776037588,-1.522602864553227,-16.725419402258147,-16.56769069563354,1208
sym±2%,0.02,0.02,yin_or_small_yang,33.33333333333333,57,sh516970,516970,基建ETF广发,A,"{'is_start': '2023-01-02', 'is_end': '2025-12-31', 'oos_start': '2025-01-02', 'oos_end': '2026-09-01'}","{'ret_pct': 50.73543986279445, 'excess_pct': 40.71688698709872, 'sharpe': 0.8571765567216996, 'mdd_pct': 16.306246412938165, 'n_days': 727}","{'ret_pct': -15.534275676500497, 'excess_pct': -19.255205909058624, 'sharpe': -0.7510833310660767, 'mdd_pct': 27.36765446538706, 'n_days': 403}",33.33333333333333,0.1335943617854346,-0.7510833310660767,-19.255205909058624,-15.534275676500497,1209
买2/止2.5,0.02,0.025,yin_or_small_yang,40.0,20,sz159216,159216,深证100ETF大成,B,"{'is_start': '2025-04-11', 'is_end': '2025-12-31', 'oos_start': '2026-01-02', 'oos_end': '2026-09-01'}","{'ret_pct': 15.381557813523239, 'excess_pct': -20.938288043894886, 'sharpe': 1.7752944548575016, 'mdd_pct': 7.665778328374129, 'n_days': 179}","{'ret_pct': -18.947832105645634, 'excess_pct': -20.96032343111405, 'sharpe': -1.179787768308459, 'mdd_pct': 22.772888817669067, 'n_days': 159}",40.0,0.1270164447924824,-1.179787768308459,-20.96032343111405,-18.947832105645634,1210
sym±2%,0.02,0.02,yin_or_small_yang,39.473684210526315,76,sz159760,159760,医疗健康ETF泰康,A,"{'is_start': '2023-01-02', 'is_end': '2025-12-31', 'oos_start': '2025-01-02', 'oos_end': '2026-09-01'}","{'ret_pct': 1.3312767092134248, 'excess_pct': 22.487649902380305, 'sharpe': 0.025350390856652538, 'mdd_pct': 23.751942660102966, 'n_days': 727}","{'ret_pct': -20.884347013768824, 'excess_pct': -24.253141340009954, 'sharpe': -0.8554760778042442, 'mdd_pct': 30.198977236456916, 'n_days': 403}",39.473684210526315,0.12631166797180893,-0.8554760778042442,-24.253141340009954,-20.884347013768824,1211
sym±2.5%仅阴,0.025,0.025,yin_only,36.36363636363637,11,sh516550,516550,农业ETF嘉实,A,"{'is_start': '2023-01-02', 'is_end': '2025-12-31', 'oos_start': '2025-01-02', 'oos_end': '2026-09-01'}","{'ret_pct': 5.796719935328709, 'excess_pct': 5.796719935328709, 'sharpe': 0.16873310450872614, 'mdd_pct': 25.911130595204025, 'n_days': 727}","{'ret_pct': -11.784880676221398, 'excess_pct': -26.254334052427154, 'sharpe': -0.8426148011954311, 'mdd_pct': 13.706147314303575, 'n_days': 403}",36.36363636363637,0.12545027407987472,-0.8426148011954311,-26.254334052427154,-11.784880676221398,1212
sym±2.5%仅阴,0.025,0.025,yin_only,33.33333333333333,24,sh561510,561510,中药ETF华泰柏瑞,A,"{'is_start': '2023-01-02', 'is_end': '2025-12-31', 'oos_start': '2025-01-02', 'oos_end': '2026-09-01'}","{'ret_pct': 18.05531377909244, 'excess_pct': 27.485918761298855, 'sharpe': 0.4382265087734748, 'mdd_pct': 14.119829223661673, 'n_days': 727}","{'ret_pct': -21.164353254353717, 'excess_pct': -11.270020881635178, 'sharpe': -1.6357274423600279, 'mdd_pct': 21.164353254353717, 'n_days': 403}",33.33333333333333,0.12513703993735317,-1.6357274423600279,-11.270020881635178,-21.164353254353717,1213
sym±2.5%仅阴,0.025,0.025,yin_only,36.11111111111111,36,sh516820,516820,医疗创新ETF平安,A,"{'is_start': '2023-01-02', 'is_end': '2025-12-31', 'oos_start': '2025-01-02', 'oos_end': '2026-09-01'}","{'ret_pct': 27.74566735313644, 'excess_pct': 59.63245980596663, 'sharpe': 0.5303275169738095, 'mdd_pct': 20.202709108789097, 'n_days': 727}","{'ret_pct': -18.287172620405954, 'excess_pct': -25.0150013665833, 'sharpe': -0.7062061850119858, 'mdd_pct': 28.453787439186605, 'n_days': 403}",36.11111111111111,0.12310101801096321,-0.7062061850119858,-25.0150013665833,-18.287172620405954,1214
买3/止2.5,0.03,0.025,yin_or_small_yang,14.285714285714285,7,sz159301,159301,公用事业ETF华夏,B,"{'is_start': '2025-01-02', 'is_end': '2025-12-31', 'oos_start': '2026-01-02', 'oos_end': '2026-09-01'}","{'ret_pct': -2.3389885127389487, 'excess_pct': -4.83898851273894, 'sharpe': -0.9418690251770154, 'mdd_pct': 2.445588734019588, 'n_days': 243}","{'ret_pct': -10.649292139043942, 'excess_pct': -12.017713191675538, 'sharpe': -2.2414886191057133, 'mdd_pct': 10.649292139043942, 'n_days': 160}",14.285714285714285,0.12302270947533281,-2.2414886191057133,-12.017713191675538,-10.649292139043942,1215
sym±2%,0.02,0.02,yin_or_small_yang,31.03448275862069,29,sz159237,159237,港股汽车ETF工银,B,"{'is_start': '2025-07-07', 'is_end': '2025-12-31', 'oos_start': '2026-01-02', 'oos_end': '2026-09-01'}","{'ret_pct': -4.140080786015954, 'excess_pct': -10.063775565132405, 'sharpe': -0.5269157189597672, 'mdd_pct': 10.472967888911134, 'n_days': 122}","{'ret_pct': -28.592612190488097, 'excess_pct': -9.730052948781942, 'sharpe': -2.2416509541144745, 'mdd_pct': 30.289063369511005, 'n_days': 160}",31.03448275862069,0.11895066562255285,-2.2416509541144745,-9.730052948781942,-28.592612190488097,1216
sym±2.5%仅阴,0.025,0.025,yin_only,36.36363636363637,11,sh515350,515350,沪深300ETF民生加银,A,"{'is_start': '2023-01-02', 'is_end': '2025-12-31', 'oos_start': '2025-01-02', 'oos_end': '2026-09-01'}","{'ret_pct': -2.0078669184495634, 'excess_pct': -31.029356590888547, 'sharpe': -0.06056217154251683, 'mdd_pct': 21.80677356280285, 'n_days': 727}","{'ret_pct': -10.046425438009477, 'excess_pct': -36.30397070963928, 'sharpe': -0.7695777068407904, 'mdd_pct': 13.920116194616694, 'n_days': 403}",36.36363636363637,0.11793265465935787,-0.7695777068407904,-36.30397070963928,-10.046425438009477,1217
sym±2.5%仅阴,0.025,0.025,yin_only,33.33333333333333,30,sh512010,512010,医药ETF易方达,A,"{'is_start': '2023-01-02', 'is_end': '2025-12-31', 'oos_start': '2025-01-02', 'oos_end': '2026-09-01'}","{'ret_pct': 27.53441883069776, 'excess_pct': 48.28913581182983, 'sharpe': 0.5513219177995681, 'mdd_pct': 12.804375066123752, 'n_days': 727}","{'ret_pct': -17.200141039333538, 'excess_pct': -24.322648161840664, 'sharpe': -0.7001703178051981, 'mdd_pct': 22.70066609058119, 'n_days': 403}",33.33333333333333,0.11714956930305404,-0.7001703178051981,-24.322648161840664,-17.200141039333538,1218
买2/止3,0.02,0.03,yin_or_small_yang,33.33333333333333,3,sh512030,512030,中证A50增强ETF易方达,B,"{'is_start': '2025-08-13', 'is_end': '2025-12-31', 'oos_start': '2026-01-02', 'oos_end': '2026-09-01'}","{'ret_pct': 4.5759256848000085, 'excess_pct': -4.919623276624341, 'sharpe': 0.8376849761449812, 'mdd_pct': 7.4776816071563275, 'n_days': 95}","{'ret_pct': -17.351841857492044, 'excess_pct': -15.065122420376841, 'sharpe': -1.4326392010710542, 'mdd_pct': 20.06082647975078, 'n_days': 160}",33.33333333333333,0.11198120595144873,-1.4326392010710542,-15.065122420376841,-17.351841857492044,1219
买2.5/止3.5,0.025,0.035,yin_or_small_yang,100.0,1,sz159380,159380,A500ETF东财,B,"{'is_start': '2025-01-08', 'is_end': '2025-12-31', 'oos_start': '2026-01-02', 'oos_end': '2026-09-01'}","{'ret_pct': 8.327841911216026, 'excess_pct': -23.06634063642692, 'sharpe': 0.6032662934132199, 'mdd_pct': 11.088032053536223, 'n_days': 239}","{'ret_pct': 1.9313630067572474, 'excess_pct': -0.09110890335513044, 'sharpe': 0.15075563415958806, 'mdd_pct': 11.232518950536797, 'n_days': 160}",100.0,0.11158966327329678,0.15075563415958806,-0.09110890335513044,1.9313630067572474,1220
sym±2.5%仅阴,0.025,0.025,yin_only,23.52941176470588,17,sz159102,159102,港股通生物科技ETF华安,B,"{'is_start': '2025-09-16', 'is_end': '2025-12-31', 'oos_start': '2026-01-02', 'oos_end': '2026-09-01'}","{'ret_pct': -6.6440411189248145, 'excess_pct': 12.25279238465027, 'sharpe': -1.729258023882465, 'mdd_pct': 7.468212851843925, 'n_days': 71}","{'ret_pct': -16.06013905421809, 'excess_pct': -14.98487023701378, 'sharpe': -1.1355393078054246, 'mdd_pct': 24.521239715897735, 'n_days': 160}",23.52941176470588,0.11041503523884104,-1.1355393078054246,-14.98487023701378,-16.06013905421809,1221
买3/止4,0.03,0.04,yin_or_small_yang,30.0,20,sz159381,159381,创业板人工智能ETF华夏,B,"{'is_start': '2025-03-24', 'is_end': '2025-12-31', 'oos_start': '2026-01-02', 'oos_end': '2026-09-01'}","{'ret_pct': 105.81048135574721, 'excess_pct': 12.325476185116358, 'sharpe': 4.191719442380933, 'mdd_pct': 22.065981344055153, 'n_days': 192}","{'ret_pct': -53.49714269361484, 'excess_pct': -14.732223129525579, 'sharpe': -0.9232901265189164, 'mdd_pct': 68.25967064890801, 'n_days': 160}",30.0,0.1100234925606891,-0.9232901265189164,-14.732223129525579,-53.49714269361484,1222
买2.5/止3.5,0.025,0.035,yin_or_small_yang,30.0,10,sh510150,510150,消费ETF招商,A,"{'is_start': '2023-01-02', 'is_end': '2025-12-31', 'oos_start': '2025-01-02', 'oos_end': '2026-09-01'}","{'ret_pct': -7.9952159432085, 'excess_pct': 3.1868926829895834, 'sharpe': -0.1662836648302334, 'mdd_pct': 31.827420467831725, 'n_days': 727}","{'ret_pct': -20.910070016717086, 'excess_pct': -16.654750867780898, 'sharpe': -0.9109439019714586, 'mdd_pct': 29.099692257621168, 'n_days': 403}",30.0,0.10978856695379796,-0.9109439019714586,-16.654750867780898,-20.910070016717086,1223
sym±2%,0.02,0.02,yin_or_small_yang,42.70833333333333,96,sh516060,516060,创新药ETF工银,A,"{'is_start': '2023-01-02', 'is_end': '2025-12-31', 'oos_start': '2025-01-02', 'oos_end': '2026-09-01'}","{'ret_pct': 1.3759054685413608, 'excess_pct': 12.090191182827091, 'sharpe': 0.02357565423294868, 'mdd_pct': 27.58745980313073, 'n_days': 727}","{'ret_pct': -28.59117890405062, 'excess_pct': -55.62980551349267, 'sharpe': -0.8856063875820711, 'mdd_pct': 33.23119065978349, 'n_days': 403}",42.70833333333333,0.10892717306186374,-0.8856063875820711,-55.62980551349267,-28.59117890405062,1224
买2/止3,0.02,0.03,yin_or_small_yang,42.3728813559322,59,sh562920,562920,信息安全ETF易方达,B,"{'is_start': '2025-01-02', 'is_end': '2025-12-31', 'oos_start': '2026-01-02', 'oos_end': '2026-09-01'}","{'ret_pct': 27.137645209192307, 'excess_pct': 7.5547946877554395, 'sharpe': 1.160521710338413, 'mdd_pct': 17.01707855760525, 'n_days': 243}","{'ret_pct': -35.12867242338532, 'excess_pct': -26.263086150744716, 'sharpe': -1.7175294354571402, 'mdd_pct': 41.5846257486365, 'n_days': 160}",42.3728813559322,0.10830070477682069,-1.7175294354571402,-26.263086150744716,-35.12867242338532,1225
sym±2%,0.02,0.02,yin_or_small_yang,28.57142857142857,21,sz159106,159106,民企300ETF前海开源,B,"{'is_start': '2025-10-22', 'is_end': '2025-12-31', 'oos_start': '2026-01-02', 'oos_end': '2026-09-01'}","{'ret_pct': 5.3958023356287965, 'excess_pct': 0.4928401292958018, 'sharpe': 2.293500486196669, 'mdd_pct': 5.552791663490786, 'n_days': 51}","{'ret_pct': -16.280838272132115, 'excess_pct': -17.820780524297675, 'sharpe': -1.0002891111220278, 'mdd_pct': 23.61280908891159, 'n_days': 160}",28.57142857142857,0.10759592795614722,-1.0002891111220278,-17.820780524297675,-16.280838272132115,1226
买2/止3,0.02,0.03,yin_or_small_yang,20.0,5,sh563060,563060,央企50ETF易方达,B,"{'is_start': '2025-05-19', 'is_end': '2025-12-31', 'oos_start': '2026-01-02', 'oos_end': '2026-09-01'}","{'ret_pct': 8.721560994182397, 'excess_pct': 0.23005250267389243, 'sharpe': 1.6801969201104967, 'mdd_pct': 4.559680401457678, 'n_days': 156}","{'ret_pct': -14.613408324774625, 'excess_pct': -14.795723730426392, 'sharpe': -1.4763900431627541, 'mdd_pct': 19.40224685173304, 'n_days': 160}",20.0,0.10548159749412687,-1.4763900431627541,-14.795723730426392,-14.613408324774625,1227
sym±2%,0.02,0.02,yin_or_small_yang,35.84905660377358,53,sh588860,588860,科创医药ETF工银,B,"{'is_start': '2025-01-02', 'is_end': '2025-12-31', 'oos_start': '2026-01-02', 'oos_end': '2026-09-01'}","{'ret_pct': 0.801953881634021, 'excess_pct': 36.77981366023181, 'sharpe': 0.038155154190506524, 'mdd_pct': 19.67580609677084, 'n_days': 243}","{'ret_pct': -25.47261790671598, 'excess_pct': -16.072072947587912, 'sharpe': -1.5258526499102516, 'mdd_pct': 30.707006928225255, 'n_days': 160}",35.84905660377358,0.10509005481597494,-1.5258526499102516,-16.072072947587912,-25.47261790671598,1228
sym±2%,0.02,0.02,yin_or_small_yang,25.925925925925924,27,sz159105,159105,恒生生物科技ETF易方达,B,"{'is_start': '2025-11-03', 'is_end': '2025-12-31', 'oos_start': '2026-01-02', 'oos_end': '2026-09-01'}","{'ret_pct': -4.4279112331936155, 'excess_pct': 7.693300888018495, 'sharpe': -1.869859564964108, 'mdd_pct': 7.52400161093848, 'n_days': 43}","{'ret_pct': -18.091761930357876, 'excess_pct': -16.416369260200803, 'sharpe': -1.0371995992481817, 'mdd_pct': 25.947853136631437, 'n_days': 160}",25.925925925925924,0.1038371182458888,-1.0371995992481817,-16.416369260200803,-18.091761930357876,1229
sym±2.5%,0.025,0.025,yin_or_small_yang,27.27272727272727,11,sh560190,560190,公用事业ETF鹏华,B,"{'is_start': '2025-01-06', 'is_end': '2025-12-31', 'oos_start': '2026-01-02', 'oos_end': '2026-09-01'}","{'ret_pct': 10.49516592606401, 'excess_pct': 7.082549586870623, 'sharpe': 0.9162122883273921, 'mdd_pct': 5.651262227714071, 'n_days': 241}","{'ret_pct': -14.57082295748311, 'excess_pct': -15.066854703514831, 'sharpe': -1.7486963070843538, 'mdd_pct': 21.546690055502282, 'n_days': 160}",27.27272727272727,0.1033672670321065,-1.7486963070843538,-15.066854703514831,-14.57082295748311,1230
买3/止4,0.03,0.04,yin_or_small_yang,30.0,10,sh515770,515770,MSCI中国A股ETF摩根,A,"{'is_start': '2023-01-02', 'is_end': '2025-12-31', 'oos_start': '2025-01-02', 'oos_end': '2026-09-01'}","{'ret_pct': 2.2391076265910304, 'excess_pct': -19.605975054000794, 'sharpe': 0.04664427146359398, 'mdd_pct': 25.014925873614835, 'n_days': 727}","{'ret_pct': -13.408020960855183, 'excess_pct': -38.5189348916449, 'sharpe': -0.6230495267873689, 'mdd_pct': 21.445588796956127, 'n_days': 403}",30.0,0.10125293657008613,-0.6230495267873689,-38.5189348916449,-13.408020960855183,1231
买2.5/止3.5,0.025,0.035,yin_or_small_yang,30.76923076923077,13,sz159523,159523,沪深300成长ETF华夏,B,"{'is_start': '2025-01-02', 'is_end': '2025-12-31', 'oos_start': '2026-01-02', 'oos_end': '2026-09-01'}","{'ret_pct': 18.58346662936703, 'excess_pct': -7.791278788148269, 'sharpe': 1.2959588204032706, 'mdd_pct': 8.963092877440248, 'n_days': 243}","{'ret_pct': -17.037363392012374, 'excess_pct': -16.643352359703478, 'sharpe': -1.4729653938827658, 'mdd_pct': 18.159782537912605, 'n_days': 160}",30.76923076923077,0.09796397807361003,-1.4729653938827658,-16.643352359703478,-17.037363392012374,1232
买2.5/止3.5,0.025,0.035,yin_or_small_yang,36.666666666666664,30,sz159246,159246,创业板人工智能ETF富国,B,"{'is_start': '2025-07-10', 'is_end': '2025-12-31', 'oos_start': '2026-01-02', 'oos_end': '2026-09-01'}","{'ret_pct': 68.84018971046402, 'excess_pct': -15.714265735080545, 'sharpe': 4.8623759238956845, 'mdd_pct': 13.965651366001364, 'n_days': 119}","{'ret_pct': -60.97532083668955, 'excess_pct': -22.08063887631416, 'sharpe': -1.015018022859534, 'mdd_pct': 67.68922847487846, 'n_days': 160}",36.666666666666664,0.09678935003915426,-1.015018022859534,-22.08063887631416,-60.97532083668955,1233
sym±2%,0.02,0.02,yin_or_small_yang,40.909090909090914,66,sz159938,159938,医药ETF广发,A,"{'is_start': '2023-01-02', 'is_end': '2025-12-31', 'oos_start': '2025-01-02', 'oos_end': '2026-09-01'}","{'ret_pct': 11.49156823613755, 'excess_pct': 29.856348110351394, 'sharpe': 0.23367010003019648, 'mdd_pct': 17.844252482712687, 'n_days': 727}","{'ret_pct': -26.731903640704925, 'excess_pct': -34.799130531461245, 'sharpe': -1.1506462730514435, 'mdd_pct': 31.54361320988699, 'n_days': 403}",40.909090909090914,0.0961628817541112,-1.1506462730514435,-34.799130531461245,-26.731903640704925,1234
sym±2%,0.02,0.02,yin_or_small_yang,30.0,10,sh562060,562060,标普A股红利ETF华宝,B,"{'is_start': '2025-01-02', 'is_end': '2025-12-31', 'oos_start': '2026-01-02', 'oos_end': '2026-09-01'}","{'ret_pct': -39.154466441028426, 'excess_pct': 3.7026764161144357, 'sharpe': -0.7953095485324452, 'mdd_pct': 48.258678310637215, 'n_days': 243}","{'ret_pct': -16.746428509561152, 'excess_pct': -15.621026580300713, 'sharpe': -2.143097047515942, 'mdd_pct': 18.420143952112934, 'n_days': 160}",30.0,0.09530148786217697,-2.143097047515942,-15.621026580300713,-16.746428509561152,1235
买3/止2.5,0.03,0.025,yin_or_small_yang,38.095238095238095,21,sh589680,589680,科创综指ETF鹏华,B,"{'is_start': '2025-03-05', 'is_end': '2025-12-31', 'oos_start': '2026-01-02', 'oos_end': '2026-09-01'}","{'ret_pct': 48.43366044922881, 'excess_pct': 18.915588160072172, 'sharpe': 3.770134295679767, 'mdd_pct': 4.287262199197384, 'n_days': 205}","{'ret_pct': -17.960901619393354, 'excess_pct': -33.84105143212744, 'sharpe': -0.9664886020473795, 'mdd_pct': 26.791997130331346, 'n_days': 160}",38.095238095238095,0.09514487079091621,-0.9664886020473795,-33.84105143212744,-17.960901619393354,1236
买3/止4,0.03,0.04,yin_or_small_yang,100.0,1,sz159376,159376,A500ETF浦银,B,"{'is_start': '2025-01-13', 'is_end': '2025-12-31', 'oos_start': '2026-01-02', 'oos_end': '2026-09-01'}","{'ret_pct': 21.985472430393614, 'excess_pct': -10.636478789118556, 'sharpe': 1.8516224745006133, 'mdd_pct': 11.214674520725188, 'n_days': 236}","{'ret_pct': 0.14329621524296066, 'excess_pct': -0.007419685284548727, 'sharpe': 0.01064051918704874, 'mdd_pct': 11.893077141249343, 'n_days': 160}",100.0,0.08997650743931085,0.01064051918704874,-0.007419685284548727,0.14329621524296066,1237
sym±2.5%,0.025,0.025,yin_or_small_yang,33.33333333333333,6,sh563860,563860,中证A500ETF海富通,B,"{'is_start': '2025-02-12', 'is_end': '2025-12-31', 'oos_start': '2026-01-02', 'oos_end': '2026-09-01'}","{'ret_pct': 28.087364971110418, 'excess_pct': 4.987661121159761, 'sharpe': 3.406374079143413, 'mdd_pct': 4.137450464806425, 'n_days': 220}","{'ret_pct': -16.68136550202903, 'excess_pct': -19.585604120553345, 'sharpe': -1.977503016245472, 'mdd_pct': 16.68136550202903, 'n_days': 160}",33.33333333333333,0.08856695379796399,-1.977503016245472,-19.585604120553345,-16.68136550202903,1238
买2.5/止3.5,0.025,0.035,yin_or_small_yang,25.0,12,sh520670,520670,港股通科技ETF嘉实,B,"{'is_start': '2025-08-19', 'is_end': '2025-12-31', 'oos_start': '2026-01-02', 'oos_end': '2026-09-01'}","{'ret_pct': 6.027425485824001, 'excess_pct': 12.549164616258789, 'sharpe': 1.1615992311149392, 'mdd_pct': 5.81364269763347, 'n_days': 91}","{'ret_pct': -35.59528448289928, 'excess_pct': -13.575082462697253, 'sharpe': -1.9676524747536397, 'mdd_pct': 37.977356194706466, 'n_days': 160}",25.0,0.0883320281910728,-1.9676524747536397,-13.575082462697253,-35.59528448289928,1239
买2/止3,0.02,0.03,yin_or_small_yang,100.0,1,sh563990,563990,800现金流ETF富国,B,"{'is_start': '2025-04-24', 'is_end': '2025-12-31', 'oos_start': '2026-01-02', 'oos_end': '2026-09-01'}","{'ret_pct': 16.15744541452799, 'excess_pct': -10.596061599500064, 'sharpe': 1.9123301333547893, 'mdd_pct': 5.545261667846491, 'n_days': 170}","{'ret_pct': -0.012235325423737287, 'excess_pct': 0.1452449895368968, 'sharpe': -0.0011434971058166018, 'mdd_pct': 21.365674288670277, 'n_days': 160}",100.0,0.08606108065779172,-0.0011434971058166018,0.1452449895368968,-0.012235325423737287,1240
买2/止3,0.02,0.03,yin_or_small_yang,100.0,1,sz159228,159228,红利低波ETF长城,B,"{'is_start': '2025-06-18', 'is_end': '2025-12-31', 'oos_start': '2026-01-02', 'oos_end': '2026-09-01'}","{'ret_pct': 0.44910814726399906, 'excess_pct': -3.566956109764119, 'sharpe': 0.1172083612269288, 'mdd_pct': 5.219798223201377, 'n_days': 135}","{'ret_pct': -0.33155535947126946, 'excess_pct': 0.825628825678193, 'sharpe': -0.04244971268152731, 'mdd_pct': 11.715822739532323, 'n_days': 160}",100.0,0.08410336726703216,-0.04244971268152731,0.825628825678193,-0.33155535947126946,1241
sym±2%,0.02,0.02,yin_or_small_yang,100.0,1,sh511030,511030,公司债ETF平安,A,"{'is_start': '2023-01-02', 'is_end': '2025-12-31', 'oos_start': '2025-01-02', 'oos_end': '2026-09-01'}","{'ret_pct': 863.706869382746, 'excess_pct': -96.0372543899407, 'sharpe': 0.2266162594635295, 'mdd_pct': 4.722090607342466, 'n_days': 727}","{'ret_pct': 874.8436820124195, 'excess_pct': -54.07793318948063, 'sharpe': 0.43868641902789174, 'mdd_pct': 0.598503036145015, 'n_days': 403}",100.0,0.07149569303054037,0.43868641902789174,-54.07793318948063,874.8436820124195,1242
sym±2%,0.02,0.02,yin_or_small_yang,0.0,0,sh511100,511100,国债ETF华夏,B,"{'is_start': '2025-01-02', 'is_end': '2025-12-31', 'oos_start': '2026-01-02', 'oos_end': '2026-09-01'}","{'ret_pct': -1.4373219679024385, 'excess_pct': 0.24398200525536096, 'sharpe': -0.6298096440871767, 'mdd_pct': 2.3485670999260355, 'n_days': 243}","{'ret_pct': 2.693098001363592, 'excess_pct': -0.4656026643631517, 'sharpe': 2.6568002164741156, 'mdd_pct': 0.7104828741175351, 'n_days': 160}",0.0,0.07110415035238837,2.6568002164741156,-0.4656026643631517,2.693098001363592,1243
买3/止2.5,0.03,0.025,yin_or_small_yang,23.076923076923077,13,sh562960,562960,绿色电力ETF易方达,B,"{'is_start': '2025-01-02', 'is_end': '2025-12-31', 'oos_start': '2026-01-02', 'oos_end': '2026-09-01'}","{'ret_pct': 6.6085704964294, 'excess_pct': 2.585581990682262, 'sharpe': 0.8003047820964942, 'mdd_pct': 3.7280622560829646, 'n_days': 243}","{'ret_pct': -16.95021946973345, 'excess_pct': -20.149488208307464, 'sharpe': -2.7812456263148895, 'mdd_pct': 16.95021946973345, 'n_days': 160}",23.076923076923077,0.07047768206734535,-2.7812456263148895,-20.149488208307464,-16.95021946973345,1244
买2/止3,0.02,0.03,yin_or_small_yang,100.0,1,sz159201,159201,自由现金流ETF华夏,B,"{'is_start': '2025-02-27', 'is_end': '2025-12-31', 'oos_start': '2026-01-02', 'oos_end': '2026-09-01'}","{'ret_pct': 29.810684910028783, 'excess_pct': 8.7947486550487, 'sharpe': 3.180391903039136, 'mdd_pct': 6.412512955065663, 'n_days': 209}","{'ret_pct': -1.7172633237751311, 'excess_pct': 0.6520177219765055, 'sharpe': -0.14796559354218658, 'mdd_pct': 23.47053735888178, 'n_days': 160}",100.0,0.05967110415035237,-0.14796559354218658,0.6520177219765055,-1.7172633237751311,1245
sym±2%,0.02,0.02,yin_or_small_yang,0.0,0,sh511130,511130,30年国债ETF博时,B,"{'is_start': '2025-01-02', 'is_end': '2025-12-31', 'oos_start': '2026-01-02', 'oos_end': '2026-09-01'}","{'ret_pct': -8.054468934801818, 'excess_pct': 0.4207785899506433, 'sharpe': -1.22368117611429, 'mdd_pct': 9.058498897500577, 'n_days': 243}","{'ret_pct': 3.7019525845001233, 'excess_pct': -0.2113920360940158, 'sharpe': 1.3719961953035276, 'mdd_pct': 2.1147016453683, 'n_days': 160}",0.0,0.04205168363351597,1.3719961953035276,-0.2113920360940158,3.7019525845001233,1246
买2/止3,0.02,0.03,yin_or_small_yang,100.0,1,sz159232,159232,自由现金流ETF南方,B,"{'is_start': '2025-04-30', 'is_end': '2025-12-31', 'oos_start': '2026-01-02', 'oos_end': '2026-09-01'}","{'ret_pct': 13.623986189299186, 'excess_pct': -14.384102789467244, 'sharpe': 1.911393261366463, 'mdd_pct': 5.3759872792522145, 'n_days': 166}","{'ret_pct': -3.244530335465723, 'excess_pct': 1.2330816048327753, 'sharpe': -0.2922751500894231, 'mdd_pct': 21.720426764489353, 'n_days': 160}",100.0,0.03735317149569306,-0.2922751500894231,1.2330816048327753,-3.244530335465723,1247
买2/止3,0.02,0.03,yin_or_small_yang,0.0,1,sh513650,513650,标普500ETF南方,B,"{'is_start': '2025-01-02', 'is_end': '2025-12-31', 'oos_start': '2026-01-02', 'oos_end': '2026-09-01'}","{'ret_pct': 12.009916773656858, 'excess_pct': -0.567916352121479, 'sharpe': 0.5825983414854048, 'mdd_pct': 20.22082556374045, 'n_days': 243}","{'ret_pct': 11.292352617701207, 'excess_pct': -0.46913534728785145, 'sharpe': 0.9953250687657312, 'mdd_pct': 11.123100630057303, 'n_days': 160}",0.0,0.029992169146436987,0.9953250687657312,-0.46913534728785145,11.292352617701207,1248
sym±2%,0.02,0.02,yin_or_small_yang,100.0,1,sh511600,511600,华安日日鑫ETF,A,"{'is_start': '2023-01-02', 'is_end': '2025-12-31', 'oos_start': '2025-01-02', 'oos_end': '2026-09-01'}","{'ret_pct': 2.4113584232698937, 'excess_pct': 2.399358303268695, 'sharpe': 0.12377061474448726, 'mdd_pct': 4.602079423630112, 'n_days': 724}","{'ret_pct': -1.8803006374461417, 'excess_pct': -1.877300697444928, 'sharpe': -0.22407729658885994, 'mdd_pct': 3.500199575302898, 'n_days': 402}",100.0,0.022317932654659423,-0.22407729658885994,-1.877300697444928,-1.8803006374461417,1249
买2.5/止3.5,0.025,0.035,yin_or_small_yang,100.0,1,sh560750,560750,A500ETF申万菱信,B,"{'is_start': '2025-02-07', 'is_end': '2025-12-31', 'oos_start': '2026-01-02', 'oos_end': '2026-09-01'}","{'ret_pct': 24.846712531647984, 'excess_pct': -0.5671141480015045, 'sharpe': 2.250000826761945, 'mdd_pct': 6.236099445967557, 'n_days': 223}","{'ret_pct': -2.2989786277273883, 'excess_pct': -4.20011931213804, 'sharpe': -0.18077522858184655, 'mdd_pct': 11.566246838236705, 'n_days': 160}",100.0,-0.0010180109631949819,-0.18077522858184655,-4.20011931213804,-2.2989786277273883,1250
买2/止3,0.02,0.03,yin_or_small_yang,100.0,1,sh511380,511380,可转债ETF博时,A,"{'is_start': '2023-01-02', 'is_end': '2025-12-31', 'oos_start': '2025-01-02', 'oos_end': '2026-09-01'}","{'ret_pct': 9.536030143922215, 'excess_pct': -14.605347286570257, 'sharpe': 0.4450722340625846, 'mdd_pct': 10.925990054244927, 'n_days': 727}","{'ret_pct': 2.556808512711739, 'excess_pct': -16.94349617954911, 'sharpe': 0.16931014512311385, 'mdd_pct': 8.586567188761284, 'n_days': 403}",100.0,-0.005873140172278801,0.16931014512311385,-16.94349617954911,2.556808512711739,1251
买2/止3,0.02,0.03,yin_or_small_yang,100.0,1,sz159222,159222,自由现金流ETF易方达,B,"{'is_start': '2025-04-17', 'is_end': '2025-12-31', 'oos_start': '2026-01-02', 'oos_end': '2026-09-01'}","{'ret_pct': 10.177579612723209, 'excess_pct': -18.722420387276784, 'sharpe': 1.393630915506506, 'mdd_pct': 6.148371461785707, 'n_days': 175}","{'ret_pct': -3.944853335892251, 'excess_pct': -2.560237951276867, 'sharpe': -0.37773575319421193, 'mdd_pct': 23.29099564982402, 'n_days': 160}",100.0,-0.011198120595144911,-0.37773575319421193,-2.560237951276867,-3.944853335892251,1252
买3/止4,0.03,0.04,yin_or_small_yang,100.0,1,sz159361,159361,A500ETF易方达,B,"{'is_start': '2025-01-02', 'is_end': '2025-12-31', 'oos_start': '2026-01-02', 'oos_end': '2026-09-01'}","{'ret_pct': 32.96009214426239, 'excess_pct': 3.735862601223097, 'sharpe': 2.8195214693748563, 'mdd_pct': 6.212259844474211, 'n_days': 243}","{'ret_pct': -3.622573204771573, 'excess_pct': -4.268255206385785, 'sharpe': -0.2635199267845998, 'mdd_pct': 15.728098984061168, 'n_days': 160}",100.0,-0.019185591229443966,-0.2635199267845998,-4.268255206385785,-3.622573204771573,1253
买3/止4,0.03,0.04,yin_or_small_yang,100.0,1,sh512050,512050,A500ETF华夏,B,"{'is_start': '2025-01-02', 'is_end': '2025-12-31', 'oos_start': '2026-01-02', 'oos_end': '2026-09-01'}","{'ret_pct': 31.9659506757888, 'excess_pct': 3.255224781964337, 'sharpe': 2.7141189958723544, 'mdd_pct': 6.353136119175917, 'n_days': 243}","{'ret_pct': -3.7899354379882566, 'excess_pct': -4.4505465032236184, 'sharpe': -0.27199256971580243, 'mdd_pct': 15.871904632718191, 'n_days': 160}",100.0,-0.024745497259201277,-0.27199256971580243,-4.4505465032236184,-3.7899354379882566,1254
买2/止3,0.02,0.03,yin_or_small_yang,100.0,1,sz159209,159209,红利质量ETF招商,B,"{'is_start': '2025-03-25', 'is_end': '2025-12-31', 'oos_start': '2026-01-02', 'oos_end': '2026-09-01'}","{'ret_pct': 23.819776470089614, 'excess_pct': 4.78170031778502, 'sharpe': 2.6056402909203027, 'mdd_pct': 5.117953374352247, 'n_days': 191}","{'ret_pct': -7.459955535989216, 'excess_pct': -2.619922722207413, 'sharpe': -0.6140819722290045, 'mdd_pct': 22.37716395760244, 'n_days': 160}",100.0,-0.04800313234142517,-0.6140819722290045,-2.619922722207413,-7.459955535989216,1255
买3/止4,0.03,0.04,yin_or_small_yang,0.0,0,sz159358,159358,中证A500ETF大成,B,"{'is_start': '2025-01-02', 'is_end': '2025-12-31', 'oos_start': '2026-01-02', 'oos_end': '2026-09-01'}","{'ret_pct': 26.775932261375978, 'excess_pct': -2.187482372770333, 'sharpe': 1.725813229726253, 'mdd_pct': 12.447952252661064, 'n_days': 243}","{'ret_pct': 2.227861802341513, 'excess_pct': -0.08874051426082108, 'sharpe': 0.16092957321745066, 'mdd_pct': 11.454581108257688, 'n_days': 160}",0.0,-0.07987470634299143,0.16092957321745066,-0.08874051426082108,2.227861802341513,1256
买2.5/止3.5,0.025,0.035,yin_or_small_yang,0.0,1,sz159816,159816,0-4年地方债ETF鹏华,A,"{'is_start': '2023-01-02', 'is_end': '2025-12-31', 'oos_start': '2025-01-02', 'oos_end': '2026-09-01'}","{'ret_pct': -4.309617537191068, 'excess_pct': -12.547989077189136, 'sharpe': -0.28144708740547936, 'mdd_pct': 8.82552007816817, 'n_days': 726}","{'ret_pct': 0.3619028573960792, 'excess_pct': -0.06536098022604797, 'sharpe': 0.22429397319981917, 'mdd_pct': 0.7688843065746576, 'n_days': 402}",0.0,-0.08120595144870796,0.22429397319981917,-0.06536098022604797,0.3619028573960792,1257
买2.5/止3.5,0.025,0.035,yin_or_small_yang,100.0,1,sh563390,563390,全指现金流ETF华泰柏瑞,B,"{'is_start': '2025-04-30', 'is_end': '2025-12-31', 'oos_start': '2026-01-02', 'oos_end': '2026-09-01'}","{'ret_pct': 1.9656917081152248, 'excess_pct': -26.28859688926115, 'sharpe': 0.4979268171017337, 'mdd_pct': 3.4471601985011313, 'n_days': 166}","{'ret_pct': -7.730116753673433, 'excess_pct': -4.368115189951782, 'sharpe': -0.7587496931475615, 'mdd_pct': 21.782972120496712, 'n_days': 160}",100.0,-0.0819107282693814,-0.7587496931475615,-4.368115189951782,-7.730116753673433,1258
买3/止4,0.03,0.04,yin_or_small_yang,0.0,0,sh511980,511980,货币ETF汇添富,A,"{'is_start': '2023-01-02', 'is_end': '2025-12-31', 'oos_start': '2025-01-02', 'oos_end': '2026-09-01'}","{'ret_pct': 0.060259356448377766, 'excess_pct': -0.004738693610129019, 'sharpe': 0.006190488731064917, 'mdd_pct': 4.220261190714769, 'n_days': 667}","{'ret_pct': 0.06952938208724113, 'excess_pct': -0.005467618032750643, 'sharpe': 0.04034383737972809, 'mdd_pct': 1.1282702455753912, 'n_days': 394}",0.0,-0.10062646828504301,0.04034383737972809,-0.005467618032750643,0.06952938208724113,1259
sym±2%,0.02,0.02,yin_or_small_yang,0.0,1,sh511010,511010,国债ETF国泰,A,"{'is_start': '2023-01-02', 'is_end': '2025-12-31', 'oos_start': '2025-01-02', 'oos_end': '2026-09-01'}","{'ret_pct': -0.04596174009923182, 'excess_pct': -8.591135951942697, 'sharpe': -0.012744833564904395, 'mdd_pct': 1.944245779866649, 'n_days': 727}","{'ret_pct': 0.0, 'excess_pct': 0.21002609415110562, 'sharpe': 0.0, 'mdd_pct': 0.0, 'n_days': 403}",0.0,-0.10403288958496476,0.0,0.21002609415110562,0.0,1260
sym±2%,0.02,0.02,yin_or_small_yang,0.0,0,sh511660,511660,货币ETF建信,A,"{'is_start': '2023-01-02', 'is_end': '2025-12-31', 'oos_start': '2025-01-02', 'oos_end': '2026-09-01'}","{'ret_pct': 0.01621058700151945, 'excess_pct': -0.0017899530146969767, 'sharpe': 0.03971114902331215, 'mdd_pct': 0.09180707757334705, 'n_days': 727}","{'ret_pct': 0.01170659188596268, 'excess_pct': -0.0012924981777073796, 'sharpe': 0.003284682396957751, 'mdd_pct': 1.913485957727823, 'n_days': 403}",0.0,-0.10493343774471414,0.003284682396957751,-0.0012924981777073796,0.01170659188596268,1261
sym±3%,0.03,0.03,yin_or_small_yang,0.0,0,sh511650,511650,货币ETF华夏,A,"{'is_start': '2023-01-02', 'is_end': '2025-12-31', 'oos_start': '2025-01-02', 'oos_end': '2026-09-01'}","{'ret_pct': 0.0074142652041642165, 'excess_pct': -0.0005857347958215797, 'sharpe': 0.007768960270378479, 'mdd_pct': 0.2525413574313462, 'n_days': 710}","{'ret_pct': 0.0009267659722977939, 'excess_pct': -7.321402810678279e-05, 'sharpe': 0.002266701744507559, 'mdd_pct': 0.21549909082387853, 'n_days': 401}",0.0,-0.1049334377447142,0.002266701744507559,-7.321402810678279e-05,0.0009267659722977939,1262
买3/止4,0.03,0.04,yin_or_small_yang,0.0,1,sh511620,511620,货币ETF国泰,A,"{'is_start': '2023-01-02', 'is_end': '2025-12-31', 'oos_start': '2025-01-02', 'oos_end': '2026-09-01'}","{'ret_pct': 0.008796123110577092, 'excess_pct': -0.0012033769144270678, 'sharpe': 0.002782737617922791, 'mdd_pct': 1.2494408291483183, 'n_days': 727}","{'ret_pct': 0.0026389065696186265, 'excess_pct': -0.00036103343157289913, 'sharpe': 0.0015126767930865965, 'mdd_pct': 0.9385420624035468, 'n_days': 403}",0.0,-0.10540328895849643,0.0015126767930865965,-0.00036103343157289913,0.0026389065696186265,1263
sym±3%,0.03,0.03,yin_or_small_yang,0.0,1,sh511830,511830,货币ETF华泰柏瑞,A,"{'is_start': '2023-01-02', 'is_end': '2025-12-31', 'oos_start': '2025-01-02', 'oos_end': '2026-09-01'}","{'ret_pct': 0.034088136054699625, 'excess_pct': -0.0019133040029206683, 'sharpe': 0.0027286754074247596, 'mdd_pct': 3.8085056590082877, 'n_days': 708}","{'ret_pct': 0.0018937494728143989, 'excess_pct': -0.00010629052797916927, 'sharpe': 0.000207617216672888, 'mdd_pct': 3.8085056590082877, 'n_days': 400}",0.0,-0.10579483163664843,0.000207617216672888,-0.00010629052797916927,0.0018937494728143989,1264
sym±3%,0.03,0.03,yin_or_small_yang,0.0,0,sh511670,511670,华泰天天金ETF,A,"{'is_start': '2023-01-02', 'is_end': '2025-12-31', 'oos_start': '2025-01-02', 'oos_end': '2026-09-01'}","{'ret_pct': 0.009262760962713834, 'excess_pct': -0.0007373390382703349, 'sharpe': 0.0002624688760333956, 'mdd_pct': 13.663553582939493, 'n_days': 600}","{'ret_pct': 0.004631251786824109, 'excess_pct': -0.00036864821519877466, 'sharpe': 0.00021914239153474928, 'mdd_pct': 13.663553582939493, 'n_days': 389}",0.0,-0.10595144870790918,0.00021914239153474928,-0.00036864821519877466,0.004631251786824109,1265
sym±3%,0.03,0.03,yin_or_small_yang,0.0,0,sh511910,511910,融通货币ETF,A,"{'is_start': '2023-01-02', 'is_end': '2025-12-31', 'oos_start': '2025-01-02', 'oos_end': '2026-09-01'}","{'ret_pct': 0.01669169751643551, 'excess_pct': -0.0013092025285654785, 'sharpe': 0.0005703898787884945, 'mdd_pct': 8.224157512579444, 'n_days': 462}","{'ret_pct': 0.0018545470697794997, 'excess_pct': -0.00014545293021139827, 'sharpe': 0.00010530363958158804, 'mdd_pct': 8.224157512579444, 'n_days': 388}",0.0,-0.10642129992169141,0.00010530363958158804,-0.00014545293021139827,0.0018545470697794997,1266
sym±2%,0.02,0.02,yin_or_small_yang,0.0,1,sh511960,511960,货币ETF嘉实,A,"{'is_start': '2023-01-02', 'is_end': '2025-12-31', 'oos_start': '2025-01-02', 'oos_end': '2026-09-01'}","{'ret_pct': -11.23931377698375, 'excess_pct': -11.255314096990165, 'sharpe': -0.3173315129435773, 'mdd_pct': 13.462661142637423, 'n_days': 569}","{'ret_pct': 0.0, 'excess_pct': 0.0, 'sharpe': 0.0, 'mdd_pct': 7.8454550582353395, 'n_days': 380}",0.0,-0.10826155050900543,0.0,0.0,0.0,1267
sym±3%,0.03,0.03,yin_or_small_yang,0.0,0,sh511900,511900,富国货币ETF,A,"{'is_start': '2023-01-02', 'is_end': '2025-12-31', 'oos_start': '2025-01-02', 'oos_end': '2026-09-01'}","{'ret_pct': 0.016666942408405383, 'excess_pct': -0.0013330575916015164, 'sharpe': 0.04410519099213561, 'mdd_pct': 0.08141799563118335, 'n_days': 727}","{'ret_pct': -0.004629534757472076, 'excess_pct': 0.00037026525053773796, 'sharpe': -0.003872502130604675, 'mdd_pct': 0.6376095029480777, 'n_days': 403}",0.0,-0.11064996084573214,-0.003872502130604675,0.00037026525053773796,-0.004629534757472076,1268
sym±2%,0.02,0.02,yin_or_small_yang,0.0,0,sh511690,511690,交易货币ETF大成,A,"{'is_start': '2023-01-02', 'is_end': '2025-12-31', 'oos_start': '2025-01-02', 'oos_end': '2026-09-01'}","{'ret_pct': -1.8934255587455984, 'excess_pct': -1.9054255587456104, 'sharpe': -0.5695387397389468, 'mdd_pct': 1.957325558745604, 'n_days': 727}","{'ret_pct': -0.0018348740858376011, 'excess_pct': 0.00016504591737742658, 'sharpe': -0.013229664543415818, 'mdd_pct': 0.03943749116450679, 'n_days': 403}",0.0,-0.11245105716523102,-0.013229664543415818,0.00016504591737742658,-0.0018348740858376011,1269
sym±3%,0.03,0.03,yin_or_small_yang,0.0,0,sz159003,159003,招商快线ETF,A,"{'is_start': '2023-01-02', 'is_end': '2025-12-31', 'oos_start': '2025-01-02', 'oos_end': '2026-09-01'}","{'ret_pct': 0.001851899637328458, 'excess_pct': -0.0001481203628861394, 'sharpe': 0.017409671405970113, 'mdd_pct': 0.025919874781610286, 'n_days': 727}","{'ret_pct': -0.0009259326713251248, 'excess_pct': 7.405732878051907e-05, 'sharpe': -0.015920493825952065, 'mdd_pct': 0.027771294408873715, 'n_days': 403}",0.0,-0.1127642913077525,-0.015920493825952065,7.405732878051907e-05,-0.0009259326713251248,1270
sym±3%,0.03,0.03,yin_or_small_yang,100.0,1,sh530680,530680,上证180ETF兴业,B,"{'is_start': '2025-01-08', 'is_end': '2025-12-31', 'oos_start': '2026-01-02', 'oos_end': '2026-09-01'}","{'ret_pct': 18.225909243360007, 'excess_pct': -0.8314678058203064, 'sharpe': 1.5286341131795527, 'mdd_pct': 5.46659075664, 'n_days': 239}","{'ret_pct': -7.381189397825549, 'excess_pct': -6.706083912593474, 'sharpe': -1.2488161524745964, 'mdd_pct': 10.003355847594264, 'n_days': 160}",100.0,-0.12638997650743933,-1.2488161524745964,-6.706083912593474,-7.381189397825549,1271
sym±2.5%,0.025,0.025,yin_or_small_yang,0.0,0,sh511260,511260,十年国债ETF国泰,A,"{'is_start': '2023-01-02', 'is_end': '2025-12-31', 'oos_start': '2025-01-02', 'oos_end': '2026-09-01'}","{'ret_pct': 10.265160018991182, 'excess_pct': -1.8749438858186132, 'sharpe': 1.6374267990320373, 'mdd_pct': 1.9686825723979617, 'n_days': 727}","{'ret_pct': -0.3505317557898957, 'excess_pct': 0.05607971740604345, 'sharpe': -0.10750142355518197, 'mdd_pct': 2.1482264230006543, 'n_days': 403}",0.0,-0.12662490211433042,-0.10750142355518197,0.05607971740604345,-0.3505317557898957,1272
sym±2%,0.02,0.02,yin_or_small_yang,0.0,0,sz159651,159651,国开债ETF平安,A,"{'is_start': '2023-01-02', 'is_end': '2025-12-31', 'oos_start': '2025-01-02', 'oos_end': '2026-09-01'}","{'ret_pct': -0.9874825262336073, 'excess_pct': -7.540544178059816, 'sharpe': -0.30871692879182744, 'mdd_pct': 1.860282526233592, 'n_days': 727}","{'ret_pct': -0.025882526233600434, 'excess_pct': -2.080903444759963, 'sharpe': -0.010751662117457648, 'mdd_pct': 1.860282526233592, 'n_days': 403}",0.0,-0.13328112764291306,-0.010751662117457648,-2.080903444759963,-0.025882526233600434,1273
sym±2%,0.02,0.02,yin_or_small_yang,0.0,0,sh511920,511920,货币ETF广发,A,"{'is_start': '2023-01-02', 'is_end': '2025-12-31', 'oos_start': '2025-01-02', 'oos_end': '2026-09-01'}","{'ret_pct': -1.9060373965824162, 'excess_pct': -1.9170375065835188, 'sharpe': -0.08316513363396998, 'mdd_pct': 6.9291959463999575, 'n_days': 677}","{'ret_pct': -1.9159373965824011, 'excess_pct': -1.9109375965743913, 'sharpe': -0.11537766771181972, 'mdd_pct': 6.9291959463999575, 'n_days': 398}",0.0,-0.15880971025841817,-0.11537766771181972,-1.9109375965743913,-1.9159373965824011,1274
sym±2%,0.02,0.02,yin_or_small_yang,0.0,0,sh511800,511800,易方达货币ETF,A,"{'is_start': '2023-01-02', 'is_end': '2025-12-31', 'oos_start': '2025-01-02', 'oos_end': '2026-09-01'}","{'ret_pct': -1.8790186533408026, 'excess_pct': -1.90101887334303, 'sharpe': -0.5615554363337312, 'mdd_pct': 1.9024186533408094, 'n_days': 727}","{'ret_pct': -1.893418653340806, 'excess_pct': -1.8924187133372183, 'sharpe': -0.7566705054944415, 'mdd_pct': 1.9024186533408094, 'n_days': 403}",0.0,-0.2206734534064213,-0.7566705054944415,-1.8924187133372183,-1.893418653340806,1275
sym±2%,0.02,0.02,yin_or_small_yang,0.0,0,sh511990,511990,华宝添益ETF,A,"{'is_start': '2023-01-02', 'is_end': '2025-12-31', 'oos_start': '2025-01-02', 'oos_end': '2026-09-01'}","{'ret_pct': -1.88082161280001, 'excess_pct': -1.905822362822529, 'sharpe': -0.5651299123580558, 'mdd_pct': 1.910521612799998, 'n_days': 727}","{'ret_pct': -1.9006216127999909, 'excess_pct': -1.8916224227271128, 'sharpe': -0.7638209414007117, 'mdd_pct': 1.9123216128000053, 'n_days': 403}",0.0,-0.22200469851213783,-0.7638209414007117,-1.8916224227271128,-1.9006216127999909,1276
sym±2%,0.02,0.02,yin_or_small_yang,0.0,0,sh511860,511860,货币ETF博时,A,"{'is_start': '2023-01-02', 'is_end': '2025-12-31', 'oos_start': '2025-01-02', 'oos_end': '2026-09-01'}","{'ret_pct': -1.9051364100960089, 'excess_pct': -1.9151364100960078, 'sharpe': -0.5652275537813543, 'mdd_pct': 1.9159364100959975, 'n_days': 722}","{'ret_pct': -1.912336410096005, 'excess_pct': -1.91033649009279, 'sharpe': -0.7616167061587313, 'mdd_pct': 1.9231364100960047, 'n_days': 403}",0.0,-0.22255285826155047,-0.7616167061587313,-1.91033649009279,-1.912336410096005,1277
