label,entry_pct,stop_pct,prev_entry_mode,ban_double_yang,full,closed_trades,win_rate,symbol,code,name,rank
sym±2%,0.02,0.02,yin_or_small_yang,True,"{'ret_pct': 45.44392446920642, 'excess_pct': -20.791135291749754, 'sharpe': 1.404360519177112, 'mdd_pct': 10.43522088113068, 'start': '2025-03-05', 'end': '2026-08-31', 'n_days': 365}",39,41.02564102564102,sh589990,589990,科创综指ETF华泰柏瑞,
sym±2.5%,0.025,0.025,yin_or_small_yang,True,"{'ret_pct': 45.32026311172474, 'excess_pct': -20.914796649231434, 'sharpe': 1.5104536845532, 'mdd_pct': 8.60325415986839, 'start': '2025-03-05', 'end': '2026-08-31', 'n_days': 365}",25,56.00000000000001,sh589990,589990,科创综指ETF华泰柏瑞,
sym±3%,0.03,0.03,yin_or_small_yang,True,"{'ret_pct': 77.86693530270405, 'excess_pct': 11.631875541747874, 'sharpe': 2.0846748035843063, 'mdd_pct': 16.220648985279993, 'start': '2025-03-05', 'end': '2026-08-31', 'n_days': 365}",15,53.333333333333336,sh589990,589990,科创综指ETF华泰柏瑞,
sym±2.5%仅阴,0.025,0.025,yin_only,True,"{'ret_pct': 41.7256780878144, 'excess_pct': -24.509381673141775, 'sharpe': 1.4898641372883057, 'mdd_pct': 8.605686654731937, 'start': '2025-03-05', 'end': '2026-08-31', 'n_days': 365}",20,65.0,sh589990,589990,科创综指ETF华泰柏瑞,
sym±2.5%不限前日,0.025,0.025,any,True,"{'ret_pct': 45.32026311172474, 'excess_pct': -20.914796649231434, 'sharpe': 1.5104536845532, 'mdd_pct': 8.60325415986839, 'start': '2025-03-05', 'end': '2026-08-31', 'n_days': 365}",25,56.00000000000001,sh589990,589990,科创综指ETF华泰柏瑞,
sym±2.5%不禁双阳,0.025,0.025,yin_or_small_yang,False,"{'ret_pct': 45.32026311172474, 'excess_pct': -20.914796649231434, 'sharpe': 1.5104536845532, 'mdd_pct': 8.60325415986839, 'start': '2025-03-05', 'end': '2026-08-31', 'n_days': 365}",25,56.00000000000001,sh589990,589990,科创综指ETF华泰柏瑞,
买2/止3,0.02,0.03,yin_or_small_yang,True,"{'ret_pct': 66.76383585742084, 'excess_pct': 0.5287760964646679, 'sharpe': 1.54391513365452, 'mdd_pct': 20.76276043261832, 'start': '2025-03-05', 'end': '2026-08-31', 'n_days': 365}",22,45.45454545454545,sh589990,589990,科创综指ETF华泰柏瑞,
买2.5/止3.5,0.025,0.035,yin_or_small_yang,True,"{'ret_pct': 104.69385685039039, 'excess_pct': 38.45879708943421, 'sharpe': 2.5153216444890507, 'mdd_pct': 15.830977309439998, 'start': '2025-03-05', 'end': '2026-08-31', 'n_days': 365}",12,58.333333333333336,sh589990,589990,科创综指ETF华泰柏瑞,17.0
买3/止2.5,0.03,0.025,yin_or_small_yang,True,"{'ret_pct': 14.756853274601589, 'excess_pct': -51.47820648635459, 'sharpe': 0.5505597598398814, 'mdd_pct': 11.656782902883112, 'start': '2025-03-05', 'end': '2026-08-31', 'n_days': 365}",23,43.47826086956522,sh589990,589990,科创综指ETF华泰柏瑞,
买2/止2.5,0.02,0.025,yin_or_small_yang,True,"{'ret_pct': 38.340996028991995, 'excess_pct': -27.89406373196418, 'sharpe': 1.0553282534867878, 'mdd_pct': 18.311379148671246, 'start': '2025-03-05', 'end': '2026-08-31', 'n_days': 365}",33,42.42424242424242,sh589990,589990,科创综指ETF华泰柏瑞,
买3/止4,0.03,0.04,yin_or_small_yang,True,"{'ret_pct': 72.13318720206084, 'excess_pct': 5.898127441104663, 'sharpe': 1.7212986815693208, 'mdd_pct': 16.220648985279993, 'start': '2025-03-05', 'end': '2026-08-31', 'n_days': 365}",11,54.54545454545454,sh589990,589990,科创综指ETF华泰柏瑞,
sym±2%,0.02,0.02,yin_or_small_yang,True,"{'ret_pct': 12.485381944124697, 'excess_pct': -75.52660606786333, 'sharpe': 0.3209791831015395, 'mdd_pct': 34.29350284154762, 'start': '2025-05-12', 'end': '2026-08-31', 'n_days': 321}",49,36.734693877551024,sh589980,589980,科创100ETF汇添富,
sym±2.5%,0.025,0.025,yin_or_small_yang,True,"{'ret_pct': 22.811897664131166, 'excess_pct': -65.20009034785686, 'sharpe': 0.6151503563111431, 'mdd_pct': 31.371701499748582, 'start': '2025-05-12', 'end': '2026-08-31', 'n_days': 321}",32,37.5,sh589980,589980,科创100ETF汇添富,
sym±3%,0.03,0.03,yin_or_small_yang,True,"{'ret_pct': 31.438712405299206, 'excess_pct': -56.57327560668882, 'sharpe': 0.8073949838199483, 'mdd_pct': 30.65071813260237, 'start': '2025-05-12', 'end': '2026-08-31', 'n_days': 321}",22,50.0,sh589980,589980,科创100ETF汇添富,
sym±2.5%仅阴,0.025,0.025,yin_only,True,"{'ret_pct': 22.585928027660795, 'excess_pct': -65.42605998432722, 'sharpe': 0.6871843590088142, 'mdd_pct': 26.646556059142444, 'start': '2025-05-12', 'end': '2026-08-31', 'n_days': 321}",25,40.0,sh589980,589980,科创100ETF汇添富,
sym±2.5%不限前日,0.025,0.025,any,True,"{'ret_pct': 17.409572558025577, 'excess_pct': -70.60241545396245, 'sharpe': 0.4691340352402109, 'mdd_pct': 34.38926483126912, 'start': '2025-05-12', 'end': '2026-08-31', 'n_days': 321}",32,37.5,sh589980,589980,科创100ETF汇添富,
sym±2.5%不禁双阳,0.025,0.025,yin_or_small_yang,False,"{'ret_pct': 22.811897664131166, 'excess_pct': -65.20009034785686, 'sharpe': 0.6151503563111431, 'mdd_pct': 31.371701499748582, 'start': '2025-05-12', 'end': '2026-08-31', 'n_days': 321}",32,37.5,sh589980,589980,科创100ETF汇添富,
买2/止3,0.02,0.03,yin_or_small_yang,True,"{'ret_pct': 18.85717946395522, 'excess_pct': -69.1548085480328, 'sharpe': 0.4442401654782766, 'mdd_pct': 35.45602776813466, 'start': '2025-05-12', 'end': '2026-08-31', 'n_days': 321}",33,36.36363636363637,sh589980,589980,科创100ETF汇添富,
买2.5/止3.5,0.025,0.035,yin_or_small_yang,True,"{'ret_pct': 58.29459760189428, 'excess_pct': -29.717390410093742, 'sharpe': 1.3965066365257048, 'mdd_pct': 31.58684178253912, 'start': '2025-05-12', 'end': '2026-08-31', 'n_days': 321}",20,45.0,sh589980,589980,科创100ETF汇添富,113.0
买3/止2.5,0.03,0.025,yin_or_small_yang,True,"{'ret_pct': 26.32569478791038, 'excess_pct': -61.686293224077644, 'sharpe': 0.715749608440665, 'mdd_pct': 26.48521700401435, 'start': '2025-05-12', 'end': '2026-08-31', 'n_days': 321}",26,38.46153846153847,sh589980,589980,科创100ETF汇添富,
买2/止2.5,0.02,0.025,yin_or_small_yang,True,"{'ret_pct': 11.993898484604815, 'excess_pct': -76.01808952738321, 'sharpe': 0.29685417951356313, 'mdd_pct': 32.384260008931435, 'start': '2025-05-12', 'end': '2026-08-31', 'n_days': 321}",42,38.095238095238095,sh589980,589980,科创100ETF汇添富,
买3/止4,0.03,0.04,yin_or_small_yang,True,"{'ret_pct': 51.82303008168001, 'excess_pct': -36.188957930308014, 'sharpe': 1.2645822425642381, 'mdd_pct': 28.896731337661475, 'start': '2025-05-12', 'end': '2026-08-31', 'n_days': 321}",14,50.0,sh589980,589980,科创100ETF汇添富,
sym±2%,0.02,0.02,yin_or_small_yang,True,"{'ret_pct': -5.393757634140783, 'excess_pct': 7.359278803106184, 'sharpe': -0.21854704419412782, 'mdd_pct': 25.65151818456165, 'start': '2025-09-22', 'end': '2026-08-31', 'n_days': 227}",36,44.44444444444444,sh589960,589960,科创新能源ETF易方达,
sym±2.5%,0.025,0.025,yin_or_small_yang,True,"{'ret_pct': -11.183030298156705, 'excess_pct': 1.5700061390902622, 'sharpe': -0.482214468028263, 'mdd_pct': 27.08079757195104, 'start': '2025-09-22', 'end': '2026-08-31', 'n_days': 227}",26,34.61538461538461,sh589960,589960,科创新能源ETF易方达,
sym±3%,0.03,0.03,yin_or_small_yang,True,"{'ret_pct': 6.4891298813504195, 'excess_pct': 19.242166318597388, 'sharpe': 0.27498743983736934, 'mdd_pct': 19.204903358650828, 'start': '2025-09-22', 'end': '2026-08-31', 'n_days': 227}",18,50.0,sh589960,589960,科创新能源ETF易方达,
sym±2.5%仅阴,0.025,0.025,yin_only,True,"{'ret_pct': -2.530288219308696, 'excess_pct': 10.222748217938271, 'sharpe': -0.13173229742357864, 'mdd_pct': 20.648927217956036, 'start': '2025-09-22', 'end': '2026-08-31', 'n_days': 227}",17,35.294117647058826,sh589960,589960,科创新能源ETF易方达,
sym±2.5%不限前日,0.025,0.025,any,True,"{'ret_pct': -11.183030298156705, 'excess_pct': 1.5700061390902622, 'sharpe': -0.482214468028263, 'mdd_pct': 27.08079757195104, 'start': '2025-09-22', 'end': '2026-08-31', 'n_days': 227}",26,34.61538461538461,sh589960,589960,科创新能源ETF易方达,
sym±2.5%不禁双阳,0.025,0.025,yin_or_small_yang,False,"{'ret_pct': -11.183030298156705, 'excess_pct': 1.5700061390902622, 'sharpe': -0.482214468028263, 'mdd_pct': 27.08079757195104, 'start': '2025-09-22', 'end': '2026-08-31', 'n_days': 227}",26,34.61538461538461,sh589960,589960,科创新能源ETF易方达,
买2/止3,0.02,0.03,yin_or_small_yang,True,"{'ret_pct': -8.073544933392029, 'excess_pct': 4.679491503854939, 'sharpe': -0.28954876169174937, 'mdd_pct': 24.336305000209247, 'start': '2025-09-22', 'end': '2026-08-31', 'n_days': 227}",25,36.0,sh589960,589960,科创新能源ETF易方达,
买2.5/止3.5,0.025,0.035,yin_or_small_yang,True,"{'ret_pct': -7.168529482374386, 'excess_pct': 5.584506954872581, 'sharpe': -0.2732883787665053, 'mdd_pct': 24.61429764301739, 'start': '2025-09-22', 'end': '2026-08-31', 'n_days': 227}",18,44.44444444444444,sh589960,589960,科创新能源ETF易方达,
买3/止2.5,0.03,0.025,yin_or_small_yang,True,"{'ret_pct': -8.576835487692758, 'excess_pct': 4.176200949554209, 'sharpe': -0.3878033212628232, 'mdd_pct': 23.791823738241412, 'start': '2025-09-22', 'end': '2026-08-31', 'n_days': 227}",23,39.130434782608695,sh589960,589960,科创新能源ETF易方达,
买2/止2.5,0.02,0.025,yin_or_small_yang,True,"{'ret_pct': -9.12790526324475, 'excess_pct': 3.6251311740022167, 'sharpe': -0.34657191869444476, 'mdd_pct': 26.689604353043773, 'start': '2025-09-22', 'end': '2026-08-31', 'n_days': 227}",30,46.666666666666664,sh589960,589960,科创新能源ETF易方达,
买3/止4,0.03,0.04,yin_or_small_yang,True,"{'ret_pct': 10.994412405232023, 'excess_pct': 23.74744884247899, 'sharpe': 0.3939488568164303, 'mdd_pct': 18.696634451322993, 'start': '2025-09-22', 'end': '2026-08-31', 'n_days': 227}",11,54.54545454545454,sh589960,589960,科创新能源ETF易方达,80.0
sym±2%,0.02,0.02,yin_or_small_yang,True,"{'ret_pct': -8.249125011667257, 'excess_pct': -53.35550799039066, 'sharpe': -0.33252590823033246, 'mdd_pct': 19.048789442148173, 'start': '2025-10-17', 'end': '2026-08-31', 'n_days': 214}",34,38.23529411764706,sh589950,589950,科创100ETF富国,
sym±2.5%,0.025,0.025,yin_or_small_yang,True,"{'ret_pct': -13.79692697135676, 'excess_pct': -58.903309950080164, 'sharpe': -0.5524784191111232, 'mdd_pct': 26.581369942175627, 'start': '2025-10-17', 'end': '2026-08-31', 'n_days': 214}",26,38.46153846153847,sh589950,589950,科创100ETF富国,
sym±3%,0.03,0.03,yin_or_small_yang,True,"{'ret_pct': -11.482830673411225, 'excess_pct': -56.58921365213463, 'sharpe': -0.537429737714949, 'mdd_pct': 24.685050422403265, 'start': '2025-10-17', 'end': '2026-08-31', 'n_days': 214}",19,31.57894736842105,sh589950,589950,科创100ETF富国,
sym±2.5%仅阴,0.025,0.025,yin_only,True,"{'ret_pct': -23.60757825934401, 'excess_pct': -68.71396123806741, 'sharpe': -1.12981248416833, 'mdd_pct': 26.47489745286624, 'start': '2025-10-17', 'end': '2026-08-31', 'n_days': 214}",18,38.88888888888889,sh589950,589950,科创100ETF富国,
sym±2.5%不限前日,0.025,0.025,any,True,"{'ret_pct': -13.79692697135676, 'excess_pct': -58.903309950080164, 'sharpe': -0.5524784191111232, 'mdd_pct': 26.581369942175627, 'start': '2025-10-17', 'end': '2026-08-31', 'n_days': 214}",26,38.46153846153847,sh589950,589950,科创100ETF富国,
sym±2.5%不禁双阳,0.025,0.025,yin_or_small_yang,False,"{'ret_pct': -13.79692697135676, 'excess_pct': -58.903309950080164, 'sharpe': -0.5524784191111232, 'mdd_pct': 26.581369942175627, 'start': '2025-10-17', 'end': '2026-08-31', 'n_days': 214}",26,38.46153846153847,sh589950,589950,科创100ETF富国,
买2/止3,0.02,0.03,yin_or_small_yang,True,"{'ret_pct': -10.734359291180883, 'excess_pct': -55.84074226990428, 'sharpe': -0.37836125102018386, 'mdd_pct': 26.509811823700037, 'start': '2025-10-17', 'end': '2026-08-31', 'n_days': 214}",25,44.0,sh589950,589950,科创100ETF富国,
买2.5/止3.5,0.025,0.035,yin_or_small_yang,True,"{'ret_pct': -7.157887590723144, 'excess_pct': -52.264270569446545, 'sharpe': -0.25148482128016847, 'mdd_pct': 27.035437522268325, 'start': '2025-10-17', 'end': '2026-08-31', 'n_days': 214}",16,18.75,sh589950,589950,科创100ETF富国,
买3/止2.5,0.03,0.025,yin_or_small_yang,True,"{'ret_pct': -0.35014142237440593, 'excess_pct': -45.45652440109781, 'sharpe': -0.017665451754396443, 'mdd_pct': 23.165848832984036, 'start': '2025-10-17', 'end': '2026-08-31', 'n_days': 214}",20,30.0,sh589950,589950,科创100ETF富国,
买2/止2.5,0.02,0.025,yin_or_small_yang,True,"{'ret_pct': -2.896361289459237, 'excess_pct': -48.00274426818264, 'sharpe': -0.10670073757101059, 'mdd_pct': 24.262967998819352, 'start': '2025-10-17', 'end': '2026-08-31', 'n_days': 214}",28,42.857142857142854,sh589950,589950,科创100ETF富国,
买3/止4,0.03,0.04,yin_or_small_yang,True,"{'ret_pct': 20.509458410297544, 'excess_pct': -24.59692456842586, 'sharpe': 0.8325120903488313, 'mdd_pct': 19.53766804974847, 'start': '2025-10-17', 'end': '2026-08-31', 'n_days': 214}",9,33.33333333333333,sh589950,589950,科创100ETF富国,111.0
sym±2%,0.02,0.02,yin_or_small_yang,True,"{'ret_pct': 7.797204472233599, 'excess_pct': -52.665572187726156, 'sharpe': 0.2234498267600972, 'mdd_pct': 21.3278875273344, 'start': '2025-03-05', 'end': '2026-08-31', 'n_days': 365}",39,46.15384615384615,sh589900,589900,科创综指ETF博时,
sym±2.5%,0.025,0.025,yin_or_small_yang,True,"{'ret_pct': 22.985245067023996, 'excess_pct': -37.47753159293576, 'sharpe': 0.7053928182784962, 'mdd_pct': 16.981934871746695, 'start': '2025-03-05', 'end': '2026-08-31', 'n_days': 365}",24,54.166666666666664,sh589900,589900,科创综指ETF博时,
sym±3%,0.03,0.03,yin_or_small_yang,True,"{'ret_pct': 54.695066590835225, 'excess_pct': -5.767710069124533, 'sharpe': 1.5919856889599768, 'mdd_pct': 12.542160820844472, 'start': '2025-03-05', 'end': '2026-08-31', 'n_days': 365}",17,35.294117647058826,sh589900,589900,科创综指ETF博时,
sym±2.5%仅阴,0.025,0.025,yin_only,True,"{'ret_pct': 5.658362059523214, 'excess_pct': -54.804414600436544, 'sharpe': 0.19525510258794923, 'mdd_pct': 16.978261974207665, 'start': '2025-03-05', 'end': '2026-08-31', 'n_days': 365}",22,50.0,sh589900,589900,科创综指ETF博时,
sym±2.5%不限前日,0.025,0.025,any,True,"{'ret_pct': 22.985245067023996, 'excess_pct': -37.47753159293576, 'sharpe': 0.7053928182784962, 'mdd_pct': 16.981934871746695, 'start': '2025-03-05', 'end': '2026-08-31', 'n_days': 365}",24,54.166666666666664,sh589900,589900,科创综指ETF博时,
sym±2.5%不禁双阳,0.025,0.025,yin_or_small_yang,False,"{'ret_pct': 22.985245067023996, 'excess_pct': -37.47753159293576, 'sharpe': 0.7053928182784962, 'mdd_pct': 16.981934871746695, 'start': '2025-03-05', 'end': '2026-08-31', 'n_days': 365}",24,54.166666666666664,sh589900,589900,科创综指ETF博时,
买2/止3,0.02,0.03,yin_or_small_yang,True,"{'ret_pct': 35.5225905768032, 'excess_pct': -24.940186083156554, 'sharpe': 0.818912824300284, 'mdd_pct': 21.857641157477403, 'start': '2025-03-05', 'end': '2026-08-31', 'n_days': 365}",23,52.17391304347826,sh589900,589900,科创综指ETF博时,
买2.5/止3.5,0.025,0.035,yin_or_small_yang,True,"{'ret_pct': 52.161259453027206, 'excess_pct': -8.301517206932552, 'sharpe': 1.2857520625868577, 'mdd_pct': 16.873537156874974, 'start': '2025-03-05', 'end': '2026-08-31', 'n_days': 365}",15,40.0,sh589900,589900,科创综指ETF博时,
买3/止2.5,0.03,0.025,yin_or_small_yang,True,"{'ret_pct': 26.319128712995223, 'excess_pct': -34.143647946964535, 'sharpe': 0.9347465354697481, 'mdd_pct': 10.500229884576273, 'start': '2025-03-05', 'end': '2026-08-31', 'n_days': 365}",20,50.0,sh589900,589900,科创综指ETF博时,
买2/止2.5,0.02,0.025,yin_or_small_yang,True,"{'ret_pct': 39.530547844451206, 'excess_pct': -20.93222881550855, 'sharpe': 0.9746495332731823, 'mdd_pct': 19.276370699785605, 'start': '2025-03-05', 'end': '2026-08-31', 'n_days': 365}",30,46.666666666666664,sh589900,589900,科创综指ETF博时,
买3/止4,0.03,0.04,yin_or_small_yang,True,"{'ret_pct': 121.11136389684157, 'excess_pct': 60.64858723688181, 'sharpe': 2.8208705471097812, 'mdd_pct': 13.308083632681921, 'start': '2025-03-05', 'end': '2026-08-31', 'n_days': 365}",9,66.66666666666666,sh589900,589900,科创综指ETF博时,9.0
sym±2%,0.02,0.02,yin_or_small_yang,True,"{'ret_pct': 25.331872591452797, 'excess_pct': -33.96460982060749, 'sharpe': 0.7311354148646234, 'mdd_pct': 16.709203243363202, 'start': '2025-03-05', 'end': '2026-08-31', 'n_days': 365}",39,43.58974358974359,sh589890,589890,科创综指ETF景顺,
sym±2.5%,0.025,0.025,yin_or_small_yang,True,"{'ret_pct': 1.1145564120864204, 'excess_pct': -58.18192599997387, 'sharpe': 0.036511679192247945, 'mdd_pct': 21.41025379655208, 'start': '2025-03-05', 'end': '2026-08-31', 'n_days': 365}",29,44.827586206896555,sh589890,589890,科创综指ETF景顺,
sym±3%,0.03,0.03,yin_or_small_yang,True,"{'ret_pct': 3.174950745808025, 'excess_pct': -56.12153166625227, 'sharpe': 0.11019129965531994, 'mdd_pct': 17.785348276355528, 'start': '2025-03-05', 'end': '2026-08-31', 'n_days': 365}",18,50.0,sh589890,589890,科创综指ETF景顺,
sym±2.5%仅阴,0.025,0.025,yin_only,True,"{'ret_pct': -4.61011960998402, 'excess_pct': -63.90660202204431, 'sharpe': -0.17410440465266858, 'mdd_pct': 22.31693981673466, 'start': '2025-03-05', 'end': '2026-08-31', 'n_days': 365}",24,45.83333333333333,sh589890,589890,科创综指ETF景顺,
sym±2.5%不限前日,0.025,0.025,any,True,"{'ret_pct': 1.1145564120864204, 'excess_pct': -58.18192599997387, 'sharpe': 0.036511679192247945, 'mdd_pct': 21.41025379655208, 'start': '2025-03-05', 'end': '2026-08-31', 'n_days': 365}",29,44.827586206896555,sh589890,589890,科创综指ETF景顺,
sym±2.5%不禁双阳,0.025,0.025,yin_or_small_yang,False,"{'ret_pct': 24.758338069440033, 'excess_pct': -34.53814434262026, 'sharpe': 0.7321454052035057, 'mdd_pct': 21.407080933098566, 'start': '2025-03-05', 'end': '2026-08-31', 'n_days': 365}",30,43.333333333333336,sh589890,589890,科创综指ETF景顺,
买2/止3,0.02,0.03,yin_or_small_yang,True,"{'ret_pct': 20.024524764390428, 'excess_pct': -39.271957647669865, 'sharpe': 0.5112137041025252, 'mdd_pct': 19.215603732494625, 'start': '2025-03-05', 'end': '2026-08-31', 'n_days': 365}",27,40.74074074074074,sh589890,589890,科创综指ETF景顺,
买2.5/止3.5,0.025,0.035,yin_or_small_yang,True,"{'ret_pct': 76.31414808703363, 'excess_pct': 17.017665674973337, 'sharpe': 1.8708748410842397, 'mdd_pct': 21.31170377235645, 'start': '2025-03-05', 'end': '2026-08-31', 'n_days': 365}",18,55.55555555555556,sh589890,589890,科创综指ETF景顺,43.0
买3/止2.5,0.03,0.025,yin_or_small_yang,True,"{'ret_pct': -11.95497844336959, 'excess_pct': -71.25146085542988, 'sharpe': -0.45384322123567195, 'mdd_pct': 26.754663166737224, 'start': '2025-03-05', 'end': '2026-08-31', 'n_days': 365}",23,43.47826086956522,sh589890,589890,科创综指ETF景顺,
买2/止2.5,0.02,0.025,yin_or_small_yang,True,"{'ret_pct': 14.546975278729612, 'excess_pct': -44.74950713333068, 'sharpe': 0.3990578470298748, 'mdd_pct': 18.518079752608617, 'start': '2025-03-05', 'end': '2026-08-31', 'n_days': 365}",34,44.11764705882353,sh589890,589890,科创综指ETF景顺,
买3/止4,0.03,0.04,yin_or_small_yang,True,"{'ret_pct': 74.71028044517125, 'excess_pct': 15.413798033110957, 'sharpe': 1.8252456661932153, 'mdd_pct': 19.949136640995036, 'start': '2025-03-05', 'end': '2026-08-31', 'n_days': 365}",13,69.23076923076923,sh589890,589890,科创综指ETF景顺,
sym±2%,0.02,0.02,yin_or_small_yang,True,"{'ret_pct': 39.11317095484159, 'excess_pct': -20.23642254109337, 'sharpe': 1.0426223445980953, 'mdd_pct': 18.309524418675238, 'start': '2025-02-28', 'end': '2026-08-31', 'n_days': 368}",41,43.90243902439025,sh589880,589880,科创综指ETF建信,
sym±2.5%,0.025,0.025,yin_or_small_yang,True,"{'ret_pct': 80.39321942809599, 'excess_pct': 21.043625932161028, 'sharpe': 2.2731583599243006, 'mdd_pct': 10.613523398464986, 'start': '2025-02-28', 'end': '2026-08-31', 'n_days': 368}",21,52.38095238095239,sh589880,589880,科创综指ETF建信,
sym±3%,0.03,0.03,yin_or_small_yang,True,"{'ret_pct': 83.81949736070402, 'excess_pct': 24.46990386476906, 'sharpe': 2.40551094011698, 'mdd_pct': 11.454561937664142, 'start': '2025-02-28', 'end': '2026-08-31', 'n_days': 368}",13,38.46153846153847,sh589880,589880,科创综指ETF建信,21.0
sym±2.5%仅阴,0.025,0.025,yin_only,True,"{'ret_pct': 23.476421017804803, 'excess_pct': -35.87317247813016, 'sharpe': 0.8254565727616818, 'mdd_pct': 10.615151273196044, 'start': '2025-02-28', 'end': '2026-08-31', 'n_days': 368}",20,50.0,sh589880,589880,科创综指ETF建信,
sym±2.5%不限前日,0.025,0.025,any,True,"{'ret_pct': 80.39321942809599, 'excess_pct': 21.043625932161028, 'sharpe': 2.2731583599243006, 'mdd_pct': 10.613523398464986, 'start': '2025-02-28', 'end': '2026-08-31', 'n_days': 368}",21,52.38095238095239,sh589880,589880,科创综指ETF建信,
sym±2.5%不禁双阳,0.025,0.025,yin_or_small_yang,False,"{'ret_pct': 80.39321942809599, 'excess_pct': 21.043625932161028, 'sharpe': 2.2731583599243006, 'mdd_pct': 10.613523398464986, 'start': '2025-02-28', 'end': '2026-08-31', 'n_days': 368}",21,52.38095238095239,sh589880,589880,科创综指ETF建信,
买2/止3,0.02,0.03,yin_or_small_yang,True,"{'ret_pct': 34.67290585850877, 'excess_pct': -24.67668763742619, 'sharpe': 0.8400082798878631, 'mdd_pct': 22.632659150299904, 'start': '2025-02-28', 'end': '2026-08-31', 'n_days': 368}",26,42.30769230769231,sh589880,589880,科创综指ETF建信,
买2.5/止3.5,0.025,0.035,yin_or_small_yang,True,"{'ret_pct': 47.77755404234236, 'excess_pct': -11.572039453592602, 'sharpe': 1.1623222282480425, 'mdd_pct': 15.474472073997115, 'start': '2025-02-28', 'end': '2026-08-31', 'n_days': 368}",16,43.75,sh589880,589880,科创综指ETF建信,
买3/止2.5,0.03,0.025,yin_or_small_yang,True,"{'ret_pct': 77.51688697429444, 'excess_pct': 18.167293478359476, 'sharpe': 2.368762680164914, 'mdd_pct': 10.599695655361096, 'start': '2025-02-28', 'end': '2026-08-31', 'n_days': 368}",15,53.333333333333336,sh589880,589880,科创综指ETF建信,
买2/止2.5,0.02,0.025,yin_or_small_yang,True,"{'ret_pct': 36.41679922973759, 'excess_pct': -22.93279426619737, 'sharpe': 0.919878311447014, 'mdd_pct': 19.244519562660155, 'start': '2025-02-28', 'end': '2026-08-31', 'n_days': 368}",33,39.39393939393939,sh589880,589880,科创综指ETF建信,
买3/止4,0.03,0.04,yin_or_small_yang,True,"{'ret_pct': 40.81065421521279, 'excess_pct': -18.53893928072217, 'sharpe': 1.098908075988452, 'mdd_pct': 18.634124174328036, 'start': '2025-02-28', 'end': '2026-08-31', 'n_days': 368}",12,41.66666666666667,sh589880,589880,科创综指ETF建信,
sym±2%,0.02,0.02,yin_or_small_yang,True,"{'ret_pct': 24.98567641563838, 'excess_pct': -36.27193007523384, 'sharpe': 0.6907540514885804, 'mdd_pct': 18.3724266083104, 'start': '2025-03-05', 'end': '2026-08-31', 'n_days': 365}",39,48.717948717948715,sh589860,589860,科创综指ETF天弘,
sym±2.5%,0.025,0.025,yin_or_small_yang,True,"{'ret_pct': 18.59636443094086, 'excess_pct': -42.66124205993136, 'sharpe': 0.573205269061367, 'mdd_pct': 13.833085260578493, 'start': '2025-03-05', 'end': '2026-08-31', 'n_days': 365}",27,48.148148148148145,sh589860,589860,科创综指ETF天弘,
sym±3%,0.03,0.03,yin_or_small_yang,True,"{'ret_pct': 32.83000100698883, 'excess_pct': -28.42760548388339, 'sharpe': 0.9896682988216204, 'mdd_pct': 14.708593349026234, 'start': '2025-03-05', 'end': '2026-08-31', 'n_days': 365}",17,52.94117647058824,sh589860,589860,科创综指ETF天弘,
sym±2.5%仅阴,0.025,0.025,yin_only,True,"{'ret_pct': 1.630787424739255, 'excess_pct': -59.62681906613297, 'sharpe': 0.05639346143366646, 'mdd_pct': 17.26690379856095, 'start': '2025-03-05', 'end': '2026-08-31', 'n_days': 365}",25,48.0,sh589860,589860,科创综指ETF天弘,
sym±2.5%不限前日,0.025,0.025,any,True,"{'ret_pct': 21.655195269440064, 'excess_pct': -39.602411221432156, 'sharpe': 0.6450537030831833, 'mdd_pct': 13.838442440766451, 'start': '2025-03-05', 'end': '2026-08-31', 'n_days': 365}",28,50.0,sh589860,589860,科创综指ETF天弘,
sym±2.5%不禁双阳,0.025,0.025,yin_or_small_yang,False,"{'ret_pct': 21.950022274937673, 'excess_pct': -39.30758421593455, 'sharpe': 0.6582961443883047, 'mdd_pct': 13.838557224788971, 'start': '2025-03-05', 'end': '2026-08-31', 'n_days': 365}",28,50.0,sh589860,589860,科创综指ETF天弘,
买2/止3,0.02,0.03,yin_or_small_yang,True,"{'ret_pct': 54.341769179459234, 'excess_pct': -6.915837311412986, 'sharpe': 1.2440131279723703, 'mdd_pct': 20.758246375244795, 'start': '2025-03-05', 'end': '2026-08-31', 'n_days': 365}",23,47.82608695652174,sh589860,589860,科创综指ETF天弘,
买2.5/止3.5,0.025,0.035,yin_or_small_yang,True,"{'ret_pct': 70.63179801628803, 'excess_pct': 9.37419152541581, 'sharpe': 1.586018675102173, 'mdd_pct': 20.000725740146574, 'start': '2025-03-05', 'end': '2026-08-31', 'n_days': 365}",16,43.75,sh589860,589860,科创综指ETF天弘,
买3/止2.5,0.03,0.025,yin_or_small_yang,True,"{'ret_pct': 14.914897011558459, 'excess_pct': -46.34270947931376, 'sharpe': 0.5165460835513181, 'mdd_pct': 12.550635134565757, 'start': '2025-03-05', 'end': '2026-08-31', 'n_days': 365}",23,56.52173913043478,sh589860,589860,科创综指ETF天弘,
买2/止2.5,0.02,0.025,yin_or_small_yang,True,"{'ret_pct': 26.444794482633615, 'excess_pct': -34.81281200823861, 'sharpe': 0.6751600634811681, 'mdd_pct': 19.646291509228796, 'start': '2025-03-05', 'end': '2026-08-31', 'n_days': 365}",32,53.125,sh589860,589860,科创综指ETF天弘,
买3/止4,0.03,0.04,yin_or_small_yang,True,"{'ret_pct': 124.72637401822091, 'excess_pct': 63.46876752734869, 'sharpe': 2.8240211933010553, 'mdd_pct': 16.7673192578647, 'start': '2025-03-05', 'end': '2026-08-31', 'n_days': 365}",10,60.0,sh589860,589860,科创综指ETF天弘,8.0
sym±2%,0.02,0.02,yin_or_small_yang,True,"{'ret_pct': 79.83123387479678, 'excess_pct': 18.492572536135413, 'sharpe': 2.4234430493944594, 'mdd_pct': 22.195359934152968, 'start': '2025-08-11', 'end': '2026-08-31', 'n_days': 257}",36,52.77777777777778,sh589850,589850,科创50ETF东财,22.0
sym±2.5%,0.025,0.025,yin_or_small_yang,True,"{'ret_pct': 75.35672652306246, 'excess_pct': 14.018065184401095, 'sharpe': 2.208085966980993, 'mdd_pct': 17.648008959478712, 'start': '2025-08-11', 'end': '2026-08-31', 'n_days': 257}",26,65.38461538461539,sh589850,589850,科创50ETF东财,
sym±3%,0.03,0.03,yin_or_small_yang,True,"{'ret_pct': 41.53891523875195, 'excess_pct': -19.79974609990942, 'sharpe': 1.2197116581221277, 'mdd_pct': 21.20742525238657, 'start': '2025-08-11', 'end': '2026-08-31', 'n_days': 257}",20,50.0,sh589850,589850,科创50ETF东财,
sym±2.5%仅阴,0.025,0.025,yin_only,True,"{'ret_pct': 69.40582425159043, 'excess_pct': 8.067162912929064, 'sharpe': 2.141817864546536, 'mdd_pct': 17.64866709906261, 'start': '2025-08-11', 'end': '2026-08-31', 'n_days': 257}",24,62.5,sh589850,589850,科创50ETF东财,
sym±2.5%不限前日,0.025,0.025,any,True,"{'ret_pct': 75.35672652306246, 'excess_pct': 14.018065184401095, 'sharpe': 2.208085966980993, 'mdd_pct': 17.648008959478712, 'start': '2025-08-11', 'end': '2026-08-31', 'n_days': 257}",26,65.38461538461539,sh589850,589850,科创50ETF东财,
sym±2.5%不禁双阳,0.025,0.025,yin_or_small_yang,False,"{'ret_pct': 75.35672652306246, 'excess_pct': 14.018065184401095, 'sharpe': 2.208085966980993, 'mdd_pct': 17.648008959478712, 'start': '2025-08-11', 'end': '2026-08-31', 'n_days': 257}",26,65.38461538461539,sh589850,589850,科创50ETF东财,
买2/止3,0.02,0.03,yin_or_small_yang,True,"{'ret_pct': 68.81093664832638, 'excess_pct': 7.472275309665008, 'sharpe': 1.8551093728354988, 'mdd_pct': 25.403777876973876, 'start': '2025-08-11', 'end': '2026-08-31', 'n_days': 257}",23,56.52173913043478,sh589850,589850,科创50ETF东财,
买2.5/止3.5,0.025,0.035,yin_or_small_yang,True,"{'ret_pct': 64.50599226044804, 'excess_pct': 3.1673309217866716, 'sharpe': 1.6779095277315776, 'mdd_pct': 22.438814021513043, 'start': '2025-08-11', 'end': '2026-08-31', 'n_days': 257}",19,52.63157894736842,sh589850,589850,科创50ETF东财,
买3/止2.5,0.03,0.025,yin_or_small_yang,True,"{'ret_pct': 48.324297683068764, 'excess_pct': -13.014363655592604, 'sharpe': 1.5074078581710058, 'mdd_pct': 19.1771691293246, 'start': '2025-08-11', 'end': '2026-08-31', 'n_days': 257}",23,56.52173913043478,sh589850,589850,科创50ETF东财,
买2/止2.5,0.02,0.025,yin_or_small_yang,True,"{'ret_pct': 83.72441923215368, 'excess_pct': 22.38575789349231, 'sharpe': 2.3609899103266607, 'mdd_pct': 23.11090990979887, 'start': '2025-08-11', 'end': '2026-08-31', 'n_days': 257}",27,66.66666666666666,sh589850,589850,科创50ETF东财,
买3/止4,0.03,0.04,yin_or_small_yang,True,"{'ret_pct': 54.79103585996796, 'excess_pct': -6.547625478693405, 'sharpe': 1.4235934275010833, 'mdd_pct': 30.4729125162031, 'start': '2025-08-11', 'end': '2026-08-31', 'n_days': 257}",14,42.857142857142854,sh589850,589850,科创50ETF东财,
sym±2%,0.02,0.02,yin_or_small_yang,True,"{'ret_pct': 9.821061876879966, 'excess_pct': -14.412370368421733, 'sharpe': 0.40805003472818047, 'mdd_pct': 15.858676769319846, 'start': '2025-09-15', 'end': '2026-08-31', 'n_days': 232}",32,37.5,sh589820,589820,科创200ETF建信,
sym±2.5%,0.025,0.025,yin_or_small_yang,True,"{'ret_pct': 26.543736560153608, 'excess_pct': 2.3103043148519085, 'sharpe': 1.1154384300134226, 'mdd_pct': 13.086961648054396, 'start': '2025-09-15', 'end': '2026-08-31', 'n_days': 232}",22,36.36363636363637,sh589820,589820,科创200ETF建信,
sym±3%,0.03,0.03,yin_or_small_yang,True,"{'ret_pct': 21.925654942467187, 'excess_pct': -2.3077773028345128, 'sharpe': 0.9197180338788324, 'mdd_pct': 18.043672273522805, 'start': '2025-09-15', 'end': '2026-08-31', 'n_days': 232}",15,33.33333333333333,sh589820,589820,科创200ETF建信,
sym±2.5%仅阴,0.025,0.025,yin_only,True,"{'ret_pct': 29.318994390259157, 'excess_pct': 5.085562144957457, 'sharpe': 1.3260769737059002, 'mdd_pct': 11.020032078461895, 'start': '2025-09-15', 'end': '2026-08-31', 'n_days': 232}",18,38.88888888888889,sh589820,589820,科创200ETF建信,57.0
sym±2.5%不限前日,0.025,0.025,any,True,"{'ret_pct': 26.543736560153608, 'excess_pct': 2.3103043148519085, 'sharpe': 1.1154384300134226, 'mdd_pct': 13.086961648054396, 'start': '2025-09-15', 'end': '2026-08-31', 'n_days': 232}",22,36.36363636363637,sh589820,589820,科创200ETF建信,
sym±2.5%不禁双阳,0.025,0.025,yin_or_small_yang,False,"{'ret_pct': 26.543736560153608, 'excess_pct': 2.3103043148519085, 'sharpe': 1.1154384300134226, 'mdd_pct': 13.086961648054396, 'start': '2025-09-15', 'end': '2026-08-31', 'n_days': 232}",22,36.36363636363637,sh589820,589820,科创200ETF建信,
买2/止3,0.02,0.03,yin_or_small_yang,True,"{'ret_pct': 10.923039086143982, 'excess_pct': -13.310393159157718, 'sharpe': 0.390896546277213, 'mdd_pct': 19.636003001705582, 'start': '2025-09-15', 'end': '2026-08-31', 'n_days': 232}",22,27.27272727272727,sh589820,589820,科创200ETF建信,
买2.5/止3.5,0.025,0.035,yin_or_small_yang,True,"{'ret_pct': 6.090565332144027, 'excess_pct': -18.142866913157672, 'sharpe': 0.21905062937124942, 'mdd_pct': 21.624266698905213, 'start': '2025-09-15', 'end': '2026-08-31', 'n_days': 232}",16,31.25,sh589820,589820,科创200ETF建信,
买3/止2.5,0.03,0.025,yin_or_small_yang,True,"{'ret_pct': 20.4005742372672, 'excess_pct': -3.832858008034499, 'sharpe': 0.9502971240201098, 'mdd_pct': 14.350339996728712, 'start': '2025-09-15', 'end': '2026-08-31', 'n_days': 232}",19,26.31578947368421,sh589820,589820,科创200ETF建信,
买2/止2.5,0.02,0.025,yin_or_small_yang,True,"{'ret_pct': 20.280358388291187, 'excess_pct': -3.953073857010512, 'sharpe': 0.7901561746089512, 'mdd_pct': 16.2296833205951, 'start': '2025-09-15', 'end': '2026-08-31', 'n_days': 232}",26,34.61538461538461,sh589820,589820,科创200ETF建信,
买3/止4,0.03,0.04,yin_or_small_yang,True,"{'ret_pct': 15.738395532185589, 'excess_pct': -8.49503671311611, 'sharpe': 0.5597847370417453, 'mdd_pct': 18.5980963554606, 'start': '2025-09-15', 'end': '2026-08-31', 'n_days': 232}",10,40.0,sh589820,589820,科创200ETF建信,
sym±2%,0.02,0.02,yin_or_small_yang,True,"{'ret_pct': 9.724127161008077, 'excess_pct': -52.92769470134011, 'sharpe': 0.2501790564707564, 'mdd_pct': 20.080266361906318, 'start': '2025-03-04', 'end': '2026-08-31', 'n_days': 366}",41,41.46341463414634,sh589800,589800,科创综指ETF易方达,
sym±2.5%,0.025,0.025,yin_or_small_yang,True,"{'ret_pct': 59.820322415939245, 'excess_pct': -2.831499446408941, 'sharpe': 1.4576087958769963, 'mdd_pct': 22.493372201388627, 'start': '2025-03-04', 'end': '2026-08-31', 'n_days': 366}",25,40.0,sh589800,589800,科创综指ETF易方达,
sym±3%,0.03,0.03,yin_or_small_yang,True,"{'ret_pct': 42.416839402208, 'excess_pct': -20.234982460140188, 'sharpe': 1.0588247722922812, 'mdd_pct': 23.007570412049827, 'start': '2025-03-04', 'end': '2026-08-31', 'n_days': 366}",17,47.05882352941176,sh589800,589800,科创综指ETF易方达,
sym±2.5%仅阴,0.025,0.025,yin_only,True,"{'ret_pct': 57.23236242818886, 'excess_pct': -5.419459434159329, 'sharpe': 1.4621435613627565, 'mdd_pct': 23.688505464597842, 'start': '2025-03-04', 'end': '2026-08-31', 'n_days': 366}",22,40.909090909090914,sh589800,589800,科创综指ETF易方达,
sym±2.5%不限前日,0.025,0.025,any,True,"{'ret_pct': 65.39147129596459, 'excess_pct': 2.739649433616407, 'sharpe': 1.5777030449215215, 'mdd_pct': 22.49881536403131, 'start': '2025-03-04', 'end': '2026-08-31', 'n_days': 366}",25,40.0,sh589800,589800,科创综指ETF易方达,50.0
sym±2.5%不禁双阳,0.025,0.025,yin_or_small_yang,False,"{'ret_pct': 59.820322415939245, 'excess_pct': -2.831499446408941, 'sharpe': 1.4576087958769963, 'mdd_pct': 22.493372201388627, 'start': '2025-03-04', 'end': '2026-08-31', 'n_days': 366}",25,40.0,sh589800,589800,科创综指ETF易方达,
买2/止3,0.02,0.03,yin_or_small_yang,True,"{'ret_pct': 42.91720921240325, 'excess_pct': -19.734612649944935, 'sharpe': 0.9246742232985992, 'mdd_pct': 22.145375224552556, 'start': '2025-03-04', 'end': '2026-08-31', 'n_days': 366}",23,34.78260869565217,sh589800,589800,科创综指ETF易方达,
买2.5/止3.5,0.025,0.035,yin_or_small_yang,True,"{'ret_pct': 70.1058414405536, 'excess_pct': 7.454019578205418, 'sharpe': 1.5045431406338463, 'mdd_pct': 22.536338424059565, 'start': '2025-03-04', 'end': '2026-08-31', 'n_days': 366}",15,46.666666666666664,sh589800,589800,科创综指ETF易方达,
买3/止2.5,0.03,0.025,yin_or_small_yang,True,"{'ret_pct': 40.224135215071996, 'excess_pct': -22.42768664727619, 'sharpe': 1.186726316464137, 'mdd_pct': 24.30638725138835, 'start': '2025-03-04', 'end': '2026-08-31', 'n_days': 366}",20,40.0,sh589800,589800,科创综指ETF易方达,
买2/止2.5,0.02,0.025,yin_or_small_yang,True,"{'ret_pct': 36.802356310224084, 'excess_pct': -25.8494655521241, 'sharpe': 0.8360756550652358, 'mdd_pct': 19.981632815280324, 'start': '2025-03-04', 'end': '2026-08-31', 'n_days': 366}",30,46.666666666666664,sh589800,589800,科创综指ETF易方达,
买3/止4,0.03,0.04,yin_or_small_yang,True,"{'ret_pct': 55.52675410519039, 'excess_pct': -7.125067757157794, 'sharpe': 1.2463690970248642, 'mdd_pct': 21.77890914794246, 'start': '2025-03-04', 'end': '2026-08-31', 'n_days': 366}",11,54.54545454545454,sh589800,589800,科创综指ETF易方达,
sym±2%,0.02,0.02,yin_or_small_yang,True,"{'ret_pct': -7.779764193062377, 'excess_pct': -32.201874745826196, 'sharpe': -0.3351288785127589, 'mdd_pct': 24.20500950787735, 'start': '2025-09-26', 'end': '2026-08-31', 'n_days': 223}",39,25.64102564102564,sh589780,589780,科创200ETF富国,
sym±2.5%,0.025,0.025,yin_or_small_yang,True,"{'ret_pct': 20.64802204010878, 'excess_pct': -3.7740885126550374, 'sharpe': 0.9230672434408527, 'mdd_pct': 17.08066889449793, 'start': '2025-09-26', 'end': '2026-08-31', 'n_days': 223}",20,40.0,sh589780,589780,科创200ETF富国,
sym±3%,0.03,0.03,yin_or_small_yang,True,"{'ret_pct': 26.99982300046393, 'excess_pct': 2.5777124477001117, 'sharpe': 1.1831683971368359, 'mdd_pct': 16.57148060637582, 'start': '2025-09-26', 'end': '2026-08-31', 'n_days': 223}",16,37.5,sh589780,589780,科创200ETF富国,63.0
sym±2.5%仅阴,0.025,0.025,yin_only,True,"{'ret_pct': 0.9612244201183895, 'excess_pct': -23.460886132645427, 'sharpe': 0.0487702011065936, 'mdd_pct': 23.917352667601975, 'start': '2025-09-26', 'end': '2026-08-31', 'n_days': 223}",17,35.294117647058826,sh589780,589780,科创200ETF富国,
sym±2.5%不限前日,0.025,0.025,any,True,"{'ret_pct': 20.64802204010878, 'excess_pct': -3.7740885126550374, 'sharpe': 0.9230672434408527, 'mdd_pct': 17.08066889449793, 'start': '2025-09-26', 'end': '2026-08-31', 'n_days': 223}",20,40.0,sh589780,589780,科创200ETF富国,
sym±2.5%不禁双阳,0.025,0.025,yin_or_small_yang,False,"{'ret_pct': 20.64802204010878, 'excess_pct': -3.7740885126550374, 'sharpe': 0.9230672434408527, 'mdd_pct': 17.08066889449793, 'start': '2025-09-26', 'end': '2026-08-31', 'n_days': 223}",20,40.0,sh589780,589780,科创200ETF富国,
买2/止3,0.02,0.03,yin_or_small_yang,True,"{'ret_pct': 16.347793384630393, 'excess_pct': -8.074317168133426, 'sharpe': 0.5883766842830911, 'mdd_pct': 17.597752092602736, 'start': '2025-09-26', 'end': '2026-08-31', 'n_days': 223}",24,37.5,sh589780,589780,科创200ETF富国,
买2.5/止3.5,0.025,0.035,yin_or_small_yang,True,"{'ret_pct': 26.03534597355832, 'excess_pct': 1.6132354207945028, 'sharpe': 1.0069225443795602, 'mdd_pct': 17.37107571688421, 'start': '2025-09-26', 'end': '2026-08-31', 'n_days': 223}",15,33.33333333333333,sh589780,589780,科创200ETF富国,
买3/止2.5,0.03,0.025,yin_or_small_yang,True,"{'ret_pct': 20.895460562179146, 'excess_pct': -3.526649990584673, 'sharpe': 1.0027626235680354, 'mdd_pct': 14.299634851635822, 'start': '2025-09-26', 'end': '2026-08-31', 'n_days': 223}",18,33.33333333333333,sh589780,589780,科创200ETF富国,
买2/止2.5,0.02,0.025,yin_or_small_yang,True,"{'ret_pct': 8.200839968620798, 'excess_pct': -16.22127058414302, 'sharpe': 0.32080602287495436, 'mdd_pct': 21.739650895654993, 'start': '2025-09-26', 'end': '2026-08-31', 'n_days': 223}",29,34.48275862068966,sh589780,589780,科创200ETF富国,
买3/止4,0.03,0.04,yin_or_small_yang,True,"{'ret_pct': 30.737833553782345, 'excess_pct': 6.315723001018526, 'sharpe': 1.0951546797411689, 'mdd_pct': 22.19464500361843, 'start': '2025-09-26', 'end': '2026-08-31', 'n_days': 223}",10,40.0,sh589780,589780,科创200ETF富国,
sym±2%,0.02,0.02,yin_or_small_yang,True,"{'ret_pct': 36.248789590089594, 'excess_pct': -25.051210409910404, 'sharpe': 0.950862700859734, 'mdd_pct': 15.267703827436796, 'start': '2025-03-05', 'end': '2026-08-31', 'n_days': 365}",40,47.5,sh589770,589770,科创综指ETF招商,
sym±2.5%,0.025,0.025,yin_or_small_yang,True,"{'ret_pct': 59.29183114033594, 'excess_pct': -2.0081688596640603, 'sharpe': 1.6226253217934223, 'mdd_pct': 12.162482174708911, 'start': '2025-03-05', 'end': '2026-08-31', 'n_days': 365}",26,46.15384615384615,sh589770,589770,科创综指ETF招商,
sym±3%,0.03,0.03,yin_or_small_yang,True,"{'ret_pct': 81.3327938337056, 'excess_pct': 20.032793833705597, 'sharpe': 2.175811617374961, 'mdd_pct': 12.257856325051918, 'start': '2025-03-05', 'end': '2026-08-31', 'n_days': 365}",17,47.05882352941176,sh589770,589770,科创综指ETF招商,
sym±2.5%仅阴,0.025,0.025,yin_only,True,"{'ret_pct': 93.60366675737279, 'excess_pct': 32.303666757372795, 'sharpe': 2.6002666063288142, 'mdd_pct': 10.132311406937278, 'start': '2025-03-05', 'end': '2026-08-31', 'n_days': 365}",19,57.89473684210527,sh589770,589770,科创综指ETF招商,14.0
sym±2.5%不限前日,0.025,0.025,any,True,"{'ret_pct': 59.29183114033594, 'excess_pct': -2.0081688596640603, 'sharpe': 1.6226253217934223, 'mdd_pct': 12.162482174708911, 'start': '2025-03-05', 'end': '2026-08-31', 'n_days': 365}",26,46.15384615384615,sh589770,589770,科创综指ETF招商,
sym±2.5%不禁双阳,0.025,0.025,yin_or_small_yang,False,"{'ret_pct': 59.29183114033594, 'excess_pct': -2.0081688596640603, 'sharpe': 1.6226253217934223, 'mdd_pct': 12.162482174708911, 'start': '2025-03-05', 'end': '2026-08-31', 'n_days': 365}",26,46.15384615384615,sh589770,589770,科创综指ETF招商,
买2/止3,0.02,0.03,yin_or_small_yang,True,"{'ret_pct': 69.05218653749436, 'excess_pct': 7.752186537494367, 'sharpe': 1.610022952439313, 'mdd_pct': 16.0773475763328, 'start': '2025-03-05', 'end': '2026-08-31', 'n_days': 365}",22,54.54545454545454,sh589770,589770,科创综指ETF招商,
买2.5/止3.5,0.025,0.035,yin_or_small_yang,True,"{'ret_pct': 84.01138698797436, 'excess_pct': 22.711386987974365, 'sharpe': 2.0625670846806963, 'mdd_pct': 14.432855376380694, 'start': '2025-03-05', 'end': '2026-08-31', 'n_days': 365}",18,44.44444444444444,sh589770,589770,科创综指ETF招商,
买3/止2.5,0.03,0.025,yin_or_small_yang,True,"{'ret_pct': 48.31442071312957, 'excess_pct': -12.985579286870426, 'sharpe': 1.5048415245123485, 'mdd_pct': 14.078280584348835, 'start': '2025-03-05', 'end': '2026-08-31', 'n_days': 365}",21,38.095238095238095,sh589770,589770,科创综指ETF招商,
买2/止2.5,0.02,0.025,yin_or_small_yang,True,"{'ret_pct': 44.07779795730873, 'excess_pct': -17.222202042691265, 'sharpe': 1.0777615293579288, 'mdd_pct': 15.678529511990401, 'start': '2025-03-05', 'end': '2026-08-31', 'n_days': 365}",31,45.16129032258064,sh589770,589770,科创综指ETF招商,
买3/止4,0.03,0.04,yin_or_small_yang,True,"{'ret_pct': 65.8641396625056, 'excess_pct': 4.564139662505596, 'sharpe': 1.6076027402339508, 'mdd_pct': 20.715587411718538, 'start': '2025-03-05', 'end': '2026-08-31', 'n_days': 365}",14,50.0,sh589770,589770,科创综指ETF招商,
sym±2%,0.02,0.02,yin_or_small_yang,True,"{'ret_pct': -29.925109971916797, 'excess_pct': -20.458846124988295, 'sharpe': -0.9748411028306879, 'mdd_pct': 34.248481156439915, 'start': '2025-08-01', 'end': '2026-08-31', 'n_days': 263}",44,29.545454545454547,sh589720,589720,科创创新药ETF国泰,
sym±2.5%,0.025,0.025,yin_or_small_yang,True,"{'ret_pct': -40.233906362207996, 'excess_pct': -30.767642515279494, 'sharpe': -1.3168789748289302, 'mdd_pct': 45.87230491762077, 'start': '2025-08-01', 'end': '2026-08-31', 'n_days': 263}",34,35.294117647058826,sh589720,589720,科创创新药ETF国泰,
sym±3%,0.03,0.03,yin_or_small_yang,True,"{'ret_pct': -35.046578165657586, 'excess_pct': -25.580314318729084, 'sharpe': -1.1478018928188467, 'mdd_pct': 38.360854035376, 'start': '2025-08-01', 'end': '2026-08-31', 'n_days': 263}",22,36.36363636363637,sh589720,589720,科创创新药ETF国泰,
sym±2.5%仅阴,0.025,0.025,yin_only,True,"{'ret_pct': -15.226342655014424, 'excess_pct': -5.760078808085922, 'sharpe': -0.5434453701014519, 'mdd_pct': 31.508691923468103, 'start': '2025-08-01', 'end': '2026-08-31', 'n_days': 263}",27,40.74074074074074,sh589720,589720,科创创新药ETF国泰,100.0
sym±2.5%不限前日,0.025,0.025,any,True,"{'ret_pct': -44.0382293418243, 'excess_pct': -34.57196549489579, 'sharpe': -1.4208072466363604, 'mdd_pct': 46.2541179798993, 'start': '2025-08-01', 'end': '2026-08-31', 'n_days': 263}",36,33.33333333333333,sh589720,589720,科创创新药ETF国泰,
sym±2.5%不禁双阳,0.025,0.025,yin_or_small_yang,False,"{'ret_pct': -42.567643378303984, 'excess_pct': -33.101379531375485, 'sharpe': -1.3806100008112165, 'mdd_pct': 45.87230491762077, 'start': '2025-08-01', 'end': '2026-08-31', 'n_days': 263}",35,34.285714285714285,sh589720,589720,科创创新药ETF国泰,
买2/止3,0.02,0.03,yin_or_small_yang,True,"{'ret_pct': -36.626849591430386, 'excess_pct': -27.160585744501883, 'sharpe': -1.058520664973363, 'mdd_pct': 38.70965162468097, 'start': '2025-08-01', 'end': '2026-08-31', 'n_days': 263}",28,35.714285714285715,sh589720,589720,科创创新药ETF国泰,
买2.5/止3.5,0.025,0.035,yin_or_small_yang,True,"{'ret_pct': -44.193565096819206, 'excess_pct': -34.7273012498907, 'sharpe': -1.2365200844514714, 'mdd_pct': 51.174135009908795, 'start': '2025-08-01', 'end': '2026-08-31', 'n_days': 263}",21,38.095238095238095,sh589720,589720,科创创新药ETF国泰,
买3/止2.5,0.03,0.025,yin_or_small_yang,True,"{'ret_pct': -37.39380847266236, 'excess_pct': -27.927544625733855, 'sharpe': -1.3083175706256889, 'mdd_pct': 40.552915877375206, 'start': '2025-08-01', 'end': '2026-08-31', 'n_days': 263}",30,33.33333333333333,sh589720,589720,科创创新药ETF国泰,
买2/止2.5,0.02,0.025,yin_or_small_yang,True,"{'ret_pct': -44.014685054924776, 'excess_pct': -34.54842120799627, 'sharpe': -1.3518251121195886, 'mdd_pct': 45.27534968335571, 'start': '2025-08-01', 'end': '2026-08-31', 'n_days': 263}",41,29.268292682926827,sh589720,589720,科创创新药ETF国泰,
买3/止4,0.03,0.04,yin_or_small_yang,True,"{'ret_pct': -30.07207967417599, 'excess_pct': -20.605815827247486, 'sharpe': -0.7936957891043611, 'mdd_pct': 41.741400989886515, 'start': '2025-08-01', 'end': '2026-08-31', 'n_days': 263}",10,40.0,sh589720,589720,科创创新药ETF国泰,
sym±2%,0.02,0.02,yin_or_small_yang,True,"{'ret_pct': 27.018204891062258, 'excess_pct': -89.12965503111673, 'sharpe': 0.6594606354744285, 'mdd_pct': 36.96285549675149, 'start': '2025-06-05', 'end': '2026-08-31', 'n_days': 304}",49,42.857142857142854,sh589700,589700,科创成长ETF南方,
sym±2.5%,0.025,0.025,yin_or_small_yang,True,"{'ret_pct': 46.244943609964764, 'excess_pct': -69.90291631221422, 'sharpe': 1.0694088952133345, 'mdd_pct': 33.71646553279779, 'start': '2025-06-05', 'end': '2026-08-31', 'n_days': 304}",37,45.94594594594595,sh589700,589700,科创成长ETF南方,
sym±3%,0.03,0.03,yin_or_small_yang,True,"{'ret_pct': 56.08487638150075, 'excess_pct': -60.06298354067823, 'sharpe': 1.3873339112225942, 'mdd_pct': 24.69629580234195, 'start': '2025-06-05', 'end': '2026-08-31', 'n_days': 304}",26,53.84615384615385,sh589700,589700,科创成长ETF南方,119.0
sym±2.5%仅阴,0.025,0.025,yin_only,True,"{'ret_pct': 40.5845877299424, 'excess_pct': -75.56327219223658, 'sharpe': 1.024236356190904, 'mdd_pct': 33.70389610716052, 'start': '2025-06-05', 'end': '2026-08-31', 'n_days': 304}",32,43.75,sh589700,589700,科创成长ETF南方,
sym±2.5%不限前日,0.025,0.025,any,True,"{'ret_pct': 41.258278849724775, 'excess_pct': -74.8895810724542, 'sharpe': 0.9496988021097295, 'mdd_pct': 35.97305998673925, 'start': '2025-06-05', 'end': '2026-08-31', 'n_days': 304}",37,45.94594594594595,sh589700,589700,科创成长ETF南方,
sym±2.5%不禁双阳,0.025,0.025,yin_or_small_yang,False,"{'ret_pct': 47.13171151915516, 'excess_pct': -69.01614840302382, 'sharpe': 1.0826812838889888, 'mdd_pct': 33.71646553279779, 'start': '2025-06-05', 'end': '2026-08-31', 'n_days': 304}",38,47.368421052631575,sh589700,589700,科创成长ETF南方,
买2/止3,0.02,0.03,yin_or_small_yang,True,"{'ret_pct': 47.33579632635823, 'excess_pct': -68.81206359582075, 'sharpe': 1.0089997745037802, 'mdd_pct': 40.058390454697076, 'start': '2025-06-05', 'end': '2026-08-31', 'n_days': 304}",36,47.22222222222222,sh589700,589700,科创成长ETF南方,
买2.5/止3.5,0.025,0.035,yin_or_small_yang,True,"{'ret_pct': 38.23012802664958, 'excess_pct': -77.9177318955294, 'sharpe': 0.8139284477783317, 'mdd_pct': 38.781184861609354, 'start': '2025-06-05', 'end': '2026-08-31', 'n_days': 304}",28,53.57142857142857,sh589700,589700,科创成长ETF南方,
买3/止2.5,0.03,0.025,yin_or_small_yang,True,"{'ret_pct': 52.742941735123104, 'excess_pct': -63.40491818705588, 'sharpe': 1.3944680632756765, 'mdd_pct': 21.882187140834585, 'start': '2025-06-05', 'end': '2026-08-31', 'n_days': 304}",31,54.83870967741935,sh589700,589700,科创成长ETF南方,
买2/止2.5,0.02,0.025,yin_or_small_yang,True,"{'ret_pct': 30.830175386918235, 'excess_pct': -85.31768453526075, 'sharpe': 0.6914843292965194, 'mdd_pct': 37.98313463870117, 'start': '2025-06-05', 'end': '2026-08-31', 'n_days': 304}",45,42.22222222222222,sh589700,589700,科创成长ETF南方,
买3/止4,0.03,0.04,yin_or_small_yang,True,"{'ret_pct': 30.454320809862413, 'excess_pct': -85.69353911231657, 'sharpe': 0.6936869765938685, 'mdd_pct': 33.15983306659387, 'start': '2025-06-05', 'end': '2026-08-31', 'n_days': 304}",22,40.909090909090914,sh589700,589700,科创成长ETF南方,
sym±2%,0.02,0.02,yin_or_small_yang,True,"{'ret_pct': 12.463161151139236, 'excess_pct': -42.85812398942301, 'sharpe': 0.3354715943693797, 'mdd_pct': 21.005487064975814, 'start': '2025-03-05', 'end': '2026-08-31', 'n_days': 365}",36,50.0,sh589680,589680,科创综指ETF鹏华,
sym±2.5%,0.025,0.025,yin_or_small_yang,True,"{'ret_pct': 47.16617828341762, 'excess_pct': -8.155106857144624, 'sharpe': 1.2031601219096688, 'mdd_pct': 26.934887745770673, 'start': '2025-03-05', 'end': '2026-08-31', 'n_days': 365}",24,50.0,sh589680,589680,科创综指ETF鹏华,
sym±3%,0.03,0.03,yin_or_small_yang,True,"{'ret_pct': 17.790569534304023, 'excess_pct': -37.53071560625823, 'sharpe': 0.49194723739052315, 'mdd_pct': 29.045989388088046, 'start': '2025-03-05', 'end': '2026-08-31', 'n_days': 365}",18,33.33333333333333,sh589680,589680,科创综指ETF鹏华,
sym±2.5%仅阴,0.025,0.025,yin_only,True,"{'ret_pct': 33.93612875975043, 'excess_pct': -21.385156380811814, 'sharpe': 0.9319261483260176, 'mdd_pct': 26.931439188903795, 'start': '2025-03-05', 'end': '2026-08-31', 'n_days': 365}",21,52.38095238095239,sh589680,589680,科创综指ETF鹏华,
sym±2.5%不限前日,0.025,0.025,any,True,"{'ret_pct': 47.16617828341762, 'excess_pct': -8.155106857144624, 'sharpe': 1.2031601219096688, 'mdd_pct': 26.934887745770673, 'start': '2025-03-05', 'end': '2026-08-31', 'n_days': 365}",24,50.0,sh589680,589680,科创综指ETF鹏华,
sym±2.5%不禁双阳,0.025,0.025,yin_or_small_yang,False,"{'ret_pct': 47.16617828341762, 'excess_pct': -8.155106857144624, 'sharpe': 1.2031601219096688, 'mdd_pct': 26.934887745770673, 'start': '2025-03-05', 'end': '2026-08-31', 'n_days': 365}",24,50.0,sh589680,589680,科创综指ETF鹏华,
买2/止3,0.02,0.03,yin_or_small_yang,True,"{'ret_pct': 22.9521636998272, 'excess_pct': -32.36912144073504, 'sharpe': 0.5238206091620862, 'mdd_pct': 23.80653193076506, 'start': '2025-03-05', 'end': '2026-08-31', 'n_days': 365}",23,34.78260869565217,sh589680,589680,科创综指ETF鹏华,
买2.5/止3.5,0.025,0.035,yin_or_small_yang,True,"{'ret_pct': 84.22961036914877, 'excess_pct': 28.908325228586527, 'sharpe': 1.891738916442034, 'mdd_pct': 26.3255962803265, 'start': '2025-03-05', 'end': '2026-08-31', 'n_days': 365}",12,58.333333333333336,sh589680,589680,科创综指ETF鹏华,40.0
买3/止2.5,0.03,0.025,yin_or_small_yang,True,"{'ret_pct': 21.77363672587842, 'excess_pct': -33.54764841468383, 'sharpe': 0.6491315117224705, 'mdd_pct': 27.729288381393292, 'start': '2025-03-05', 'end': '2026-08-31', 'n_days': 365}",21,38.095238095238095,sh589680,589680,科创综指ETF鹏华,
买2/止2.5,0.02,0.025,yin_or_small_yang,True,"{'ret_pct': 18.86140678003847, 'excess_pct': -36.459878360523774, 'sharpe': 0.4558894368977236, 'mdd_pct': 24.55014876071362, 'start': '2025-03-05', 'end': '2026-08-31', 'n_days': 365}",28,46.42857142857143,sh589680,589680,科创综指ETF鹏华,
买3/止4,0.03,0.04,yin_or_small_yang,True,"{'ret_pct': 45.786845344191995, 'excess_pct': -9.53443979637025, 'sharpe': 1.0874300521492009, 'mdd_pct': 27.238160173684754, 'start': '2025-03-05', 'end': '2026-08-31', 'n_days': 365}",10,50.0,sh589680,589680,科创综指ETF鹏华,
sym±2%,0.02,0.02,yin_or_small_yang,True,"{'ret_pct': 69.2744833789888, 'excess_pct': 8.513722618228023, 'sharpe': 1.8431002215789234, 'mdd_pct': 18.33228523562268, 'start': '2025-03-05', 'end': '2026-08-31', 'n_days': 365}",36,44.44444444444444,sh589660,589660,科创综指ETF南方,
sym±2.5%,0.025,0.025,yin_or_small_yang,True,"{'ret_pct': 51.906460754620774, 'excess_pct': -8.854300006140008, 'sharpe': 1.4658561831317294, 'mdd_pct': 14.26415059865709, 'start': '2025-03-05', 'end': '2026-08-31', 'n_days': 365}",23,56.52173913043478,sh589660,589660,科创综指ETF南方,
sym±3%,0.03,0.03,yin_or_small_yang,True,"{'ret_pct': 21.716728762217574, 'excess_pct': -39.044031998543204, 'sharpe': 0.6978419185668057, 'mdd_pct': 16.926974785743866, 'start': '2025-03-05', 'end': '2026-08-31', 'n_days': 365}",16,50.0,sh589660,589660,科创综指ETF南方,
sym±2.5%仅阴,0.025,0.025,yin_only,True,"{'ret_pct': 37.272322309433584, 'excess_pct': -23.488438451327198, 'sharpe': 1.1553293229259192, 'mdd_pct': 14.262911238948794, 'start': '2025-03-05', 'end': '2026-08-31', 'n_days': 365}",19,57.89473684210527,sh589660,589660,科创综指ETF南方,
sym±2.5%不限前日,0.025,0.025,any,True,"{'ret_pct': 51.906460754620774, 'excess_pct': -8.854300006140008, 'sharpe': 1.4658561831317294, 'mdd_pct': 14.26415059865709, 'start': '2025-03-05', 'end': '2026-08-31', 'n_days': 365}",23,56.52173913043478,sh589660,589660,科创综指ETF南方,
sym±2.5%不禁双阳,0.025,0.025,yin_or_small_yang,False,"{'ret_pct': 86.49484802287355, 'excess_pct': 25.734087262112773, 'sharpe': 2.2423850312775326, 'mdd_pct': 14.268544649885662, 'start': '2025-03-05', 'end': '2026-08-31', 'n_days': 365}",23,56.52173913043478,sh589660,589660,科创综指ETF南方,24.0
买2/止3,0.02,0.03,yin_or_small_yang,True,"{'ret_pct': 67.80732811769276, 'excess_pct': 7.04656735693198, 'sharpe': 1.572748841696771, 'mdd_pct': 23.121659369025195, 'start': '2025-03-05', 'end': '2026-08-31', 'n_days': 365}",22,40.909090909090914,sh589660,589660,科创综指ETF南方,
买2.5/止3.5,0.025,0.035,yin_or_small_yang,True,"{'ret_pct': 66.48755985156482, 'excess_pct': 5.726799090804043, 'sharpe': 1.6511771566230413, 'mdd_pct': 17.130238649840578, 'start': '2025-03-05', 'end': '2026-08-31', 'n_days': 365}",13,53.84615384615385,sh589660,589660,科创综指ETF南方,
买3/止2.5,0.03,0.025,yin_or_small_yang,True,"{'ret_pct': 31.5960356261344, 'excess_pct': -29.16472513462638, 'sharpe': 1.107408389440096, 'mdd_pct': 10.814427848870189, 'start': '2025-03-05', 'end': '2026-08-31', 'n_days': 365}",19,57.89473684210527,sh589660,589660,科创综指ETF南方,
买2/止2.5,0.02,0.025,yin_or_small_yang,True,"{'ret_pct': 75.35766358054714, 'excess_pct': 14.596902819786358, 'sharpe': 1.8804270166264803, 'mdd_pct': 20.886892033429195, 'start': '2025-03-05', 'end': '2026-08-31', 'n_days': 365}",29,44.827586206896555,sh589660,589660,科创综指ETF南方,
买3/止4,0.03,0.04,yin_or_small_yang,True,"{'ret_pct': 45.497933448611214, 'excess_pct': -15.262827312149568, 'sharpe': 1.2273248522823936, 'mdd_pct': 15.693270491090495, 'start': '2025-03-05', 'end': '2026-08-31', 'n_days': 365}",10,50.0,sh589660,589660,科创综指ETF南方,
sym±2%,0.02,0.02,yin_or_small_yang,True,"{'ret_pct': 37.33478189059842, 'excess_pct': 58.05550261131914, 'sharpe': 0.9897727694610933, 'mdd_pct': 17.49709407677439, 'start': '2025-03-12', 'end': '2026-08-31', 'n_days': 360}",37,48.64864864864865,sh589630,589630,科创综指ETF国泰,
sym±2.5%,0.025,0.025,yin_or_small_yang,True,"{'ret_pct': -20.252931963094344, 'excess_pct': 0.4677887576263764, 'sharpe': -0.33420021625870594, 'mdd_pct': 56.86564614165888, 'start': '2025-03-12', 'end': '2026-08-31', 'n_days': 360}",26,46.15384615384615,sh589630,589630,科创综指ETF国泰,
sym±3%,0.03,0.03,yin_or_small_yang,True,"{'ret_pct': 77.05197164597435, 'excess_pct': 97.77269236669507, 'sharpe': 2.2926287477575817, 'mdd_pct': 15.39075444890302, 'start': '2025-03-12', 'end': '2026-08-31', 'n_days': 360}",18,50.0,sh589630,589630,科创综指ETF国泰,11.0
sym±2.5%仅阴,0.025,0.025,yin_only,True,"{'ret_pct': -42.642901963711964, 'excess_pct': -21.922181242991243, 'sharpe': -0.7722527209252277, 'mdd_pct': 57.284542933135384, 'start': '2025-03-12', 'end': '2026-08-31', 'n_days': 360}",21,38.095238095238095,sh589630,589630,科创综指ETF国泰,
sym±2.5%不限前日,0.025,0.025,any,True,"{'ret_pct': -24.794478551903943, 'excess_pct': -4.073757831183222, 'sharpe': -0.4113729937355878, 'mdd_pct': 59.32190489203354, 'start': '2025-03-12', 'end': '2026-08-31', 'n_days': 360}",27,44.44444444444444,sh589630,589630,科创综指ETF国泰,
sym±2.5%不禁双阳,0.025,0.025,yin_or_small_yang,False,"{'ret_pct': -14.988108448518355, 'excess_pct': 5.732612272202365, 'sharpe': -0.24442490680845674, 'mdd_pct': 56.864487718327695, 'start': '2025-03-12', 'end': '2026-08-31', 'n_days': 360}",26,46.15384615384615,sh589630,589630,科创综指ETF国泰,
买2/止3,0.02,0.03,yin_or_small_yang,True,"{'ret_pct': -16.617751916656054, 'excess_pct': 4.102968804064666, 'sharpe': -0.2533086228947544, 'mdd_pct': 57.201400197446915, 'start': '2025-03-12', 'end': '2026-08-31', 'n_days': 360}",25,44.0,sh589630,589630,科创综指ETF国泰,
买2.5/止3.5,0.025,0.035,yin_or_small_yang,True,"{'ret_pct': -5.172117785948793, 'excess_pct': 15.548602934771928, 'sharpe': -0.08007133259632652, 'mdd_pct': 59.34246455720562, 'start': '2025-03-12', 'end': '2026-08-31', 'n_days': 360}",16,50.0,sh589630,589630,科创综指ETF国泰,
买3/止2.5,0.03,0.025,yin_or_small_yang,True,"{'ret_pct': 40.184171819584044, 'excess_pct': 60.904892540304765, 'sharpe': 1.367340283398379, 'mdd_pct': 11.244255980190976, 'start': '2025-03-12', 'end': '2026-08-31', 'n_days': 360}",23,47.82608695652174,sh589630,589630,科创综指ETF国泰,
买2/止2.5,0.02,0.025,yin_or_small_yang,True,"{'ret_pct': -31.11012469219515, 'excess_pct': -10.38940397147443, 'sharpe': -0.49724232141992136, 'mdd_pct': 55.69790641171313, 'start': '2025-03-12', 'end': '2026-08-31', 'n_days': 360}",31,48.38709677419355,sh589630,589630,科创综指ETF国泰,
买3/止4,0.03,0.04,yin_or_small_yang,True,"{'ret_pct': 13.7966307791616, 'excess_pct': 34.517351499882324, 'sharpe': 0.20558435110032164, 'mdd_pct': 53.03663067105919, 'start': '2025-03-12', 'end': '2026-08-31', 'n_days': 360}",11,54.54545454545454,sh589630,589630,科创综指ETF国泰,
sym±2%,0.02,0.02,yin_or_small_yang,True,"{'ret_pct': 46.24488454422411, 'excess_pct': -13.935657080650522, 'sharpe': 1.1813592999655156, 'mdd_pct': 15.8946944771584, 'start': '2025-03-07', 'end': '2026-08-31', 'n_days': 363}",37,43.24324324324324,sh589600,589600,科创综指ETF富国,
sym±2.5%,0.025,0.025,yin_or_small_yang,True,"{'ret_pct': 53.13251790553601, 'excess_pct': -7.048023719338616, 'sharpe': 1.430093605685055, 'mdd_pct': 18.4539382797829, 'start': '2025-03-07', 'end': '2026-08-31', 'n_days': 363}",27,48.148148148148145,sh589600,589600,科创综指ETF富国,
sym±3%,0.03,0.03,yin_or_small_yang,True,"{'ret_pct': 69.44726795255359, 'excess_pct': 9.26672632767896, 'sharpe': 1.758863101340603, 'mdd_pct': 17.826532767992965, 'start': '2025-03-07', 'end': '2026-08-31', 'n_days': 363}",17,47.05882352941176,sh589600,589600,科创综指ETF富国,
sym±2.5%仅阴,0.025,0.025,yin_only,True,"{'ret_pct': 57.455874518582426, 'excess_pct': -2.724667106292202, 'sharpe': 1.6325834970213062, 'mdd_pct': 12.464250229469531, 'start': '2025-03-07', 'end': '2026-08-31', 'n_days': 363}",25,52.0,sh589600,589600,科创综指ETF富国,
sym±2.5%不限前日,0.025,0.025,any,True,"{'ret_pct': 53.13251790553601, 'excess_pct': -7.048023719338616, 'sharpe': 1.430093605685055, 'mdd_pct': 18.4539382797829, 'start': '2025-03-07', 'end': '2026-08-31', 'n_days': 363}",27,48.148148148148145,sh589600,589600,科创综指ETF富国,
sym±2.5%不禁双阳,0.025,0.025,yin_or_small_yang,False,"{'ret_pct': 53.13251790553601, 'excess_pct': -7.048023719338616, 'sharpe': 1.430093605685055, 'mdd_pct': 18.4539382797829, 'start': '2025-03-07', 'end': '2026-08-31', 'n_days': 363}",27,48.148148148148145,sh589600,589600,科创综指ETF富国,
买2/止3,0.02,0.03,yin_or_small_yang,True,"{'ret_pct': 55.79466350551683, 'excess_pct': -4.385878119357798, 'sharpe': 1.25616726831862, 'mdd_pct': 17.93701822562024, 'start': '2025-03-07', 'end': '2026-08-31', 'n_days': 363}",23,52.17391304347826,sh589600,589600,科创综指ETF富国,
买2.5/止3.5,0.025,0.035,yin_or_small_yang,True,"{'ret_pct': 92.01135605767999, 'excess_pct': 31.83081443280536, 'sharpe': 2.092410449764367, 'mdd_pct': 19.905408531812274, 'start': '2025-03-07', 'end': '2026-08-31', 'n_days': 363}",13,46.15384615384615,sh589600,589600,科创综指ETF富国,31.0
买3/止2.5,0.03,0.025,yin_or_small_yang,True,"{'ret_pct': 39.161636711167944, 'excess_pct': -21.018904913706685, 'sharpe': 1.1118117988230911, 'mdd_pct': 18.054704564902135, 'start': '2025-03-07', 'end': '2026-08-31', 'n_days': 363}",24,50.0,sh589600,589600,科创综指ETF富国,
买2/止2.5,0.02,0.025,yin_or_small_yang,True,"{'ret_pct': 53.080440402950416, 'excess_pct': -7.100101221924213, 'sharpe': 1.2687070191399215, 'mdd_pct': 14.141123554585588, 'start': '2025-03-07', 'end': '2026-08-31', 'n_days': 363}",30,50.0,sh589600,589600,科创综指ETF富国,
买3/止4,0.03,0.04,yin_or_small_yang,True,"{'ret_pct': 87.83692070845439, 'excess_pct': 27.656379083579758, 'sharpe': 1.983985739322267, 'mdd_pct': 19.61152184118071, 'start': '2025-03-07', 'end': '2026-08-31', 'n_days': 363}",10,60.0,sh589600,589600,科创综指ETF富国,
sym±2%,0.02,0.02,yin_or_small_yang,True,"{'ret_pct': 76.65271387865596, 'excess_pct': 17.63962223716551, 'sharpe': 1.8580000849615506, 'mdd_pct': 24.824742177292514, 'start': '2025-06-11', 'end': '2026-08-31', 'n_days': 300}",33,45.45454545454545,sh589580,589580,科创综指ETF兴银,
sym±2.5%,0.025,0.025,yin_or_small_yang,True,"{'ret_pct': 40.60190414043525, 'excess_pct': -18.411187501055196, 'sharpe': 1.070031252867596, 'mdd_pct': 26.890207302153367, 'start': '2025-06-11', 'end': '2026-08-31', 'n_days': 300}",24,41.66666666666667,sh589580,589580,科创综指ETF兴银,
sym±3%,0.03,0.03,yin_or_small_yang,True,"{'ret_pct': 97.2888074439072, 'excess_pct': 38.275715802416755, 'sharpe': 2.652562981403076, 'mdd_pct': 25.0982335972749, 'start': '2025-06-11', 'end': '2026-08-31', 'n_days': 300}",14,50.0,sh589580,589580,科创综指ETF兴银,12.0
sym±2.5%仅阴,0.025,0.025,yin_only,True,"{'ret_pct': 38.990564114172834, 'excess_pct': -20.022527527317614, 'sharpe': 1.26964474893248, 'mdd_pct': 22.877456020271612, 'start': '2025-06-11', 'end': '2026-08-31', 'n_days': 300}",16,37.5,sh589580,589580,科创综指ETF兴银,
sym±2.5%不限前日,0.025,0.025,any,True,"{'ret_pct': 40.60190414043525, 'excess_pct': -18.411187501055196, 'sharpe': 1.070031252867596, 'mdd_pct': 26.890207302153367, 'start': '2025-06-11', 'end': '2026-08-31', 'n_days': 300}",24,41.66666666666667,sh589580,589580,科创综指ETF兴银,
sym±2.5%不禁双阳,0.025,0.025,yin_or_small_yang,False,"{'ret_pct': 40.60190414043525, 'excess_pct': -18.411187501055196, 'sharpe': 1.070031252867596, 'mdd_pct': 26.890207302153367, 'start': '2025-06-11', 'end': '2026-08-31', 'n_days': 300}",24,41.66666666666667,sh589580,589580,科创综指ETF兴银,
买2/止3,0.02,0.03,yin_or_small_yang,True,"{'ret_pct': 109.12776461280633, 'excess_pct': 50.11467297131588, 'sharpe': 2.5161510402324168, 'mdd_pct': 30.650174183999123, 'start': '2025-06-11', 'end': '2026-08-31', 'n_days': 300}",23,39.130434782608695,sh589580,589580,科创综指ETF兴银,
买2.5/止3.5,0.025,0.035,yin_or_small_yang,True,"{'ret_pct': 59.1087082290624, 'excess_pct': 0.09561658757195346, 'sharpe': 1.4764849317587538, 'mdd_pct': 28.088270892652034, 'start': '2025-06-11', 'end': '2026-08-31', 'n_days': 300}",18,44.44444444444444,sh589580,589580,科创综指ETF兴银,
买3/止2.5,0.03,0.025,yin_or_small_yang,True,"{'ret_pct': 52.851393639718424, 'excess_pct': -6.161698001772024, 'sharpe': 1.552779135608603, 'mdd_pct': 23.219816647190296, 'start': '2025-06-11', 'end': '2026-08-31', 'n_days': 300}",19,52.63157894736842,sh589580,589580,科创综指ETF兴银,
买2/止2.5,0.02,0.025,yin_or_small_yang,True,"{'ret_pct': 79.18288007349443, 'excess_pct': 20.169788432003983, 'sharpe': 1.8918405355070267, 'mdd_pct': 28.157022740942537, 'start': '2025-06-11', 'end': '2026-08-31', 'n_days': 300}",29,44.827586206896555,sh589580,589580,科创综指ETF兴银,
买3/止4,0.03,0.04,yin_or_small_yang,True,"{'ret_pct': 76.87160674887994, 'excess_pct': 17.858515107389493, 'sharpe': 2.04214893981734, 'mdd_pct': 27.36267435573444, 'start': '2025-06-11', 'end': '2026-08-31', 'n_days': 300}",13,53.84615384615385,sh589580,589580,科创综指ETF兴银,
sym±2%,0.02,0.02,yin_or_small_yang,True,"{'ret_pct': -0.12170976269756384, 'excess_pct': -1.9130690883034651, 'sharpe': -0.004435809935526561, 'mdd_pct': 18.05039580510126, 'start': '2025-09-05', 'end': '2026-08-31', 'n_days': 238}",41,34.146341463414636,sh589560,589560,科创人工智能ETF汇添富,94.0
sym±2.5%,0.025,0.025,yin_or_small_yang,True,"{'ret_pct': -7.757408527171162, 'excess_pct': -9.548767852777063, 'sharpe': -0.2871317354790814, 'mdd_pct': 21.955462320669195, 'start': '2025-09-05', 'end': '2026-08-31', 'n_days': 238}",28,39.285714285714285,sh589560,589560,科创人工智能ETF汇添富,
sym±3%,0.03,0.03,yin_or_small_yang,True,"{'ret_pct': -1.8128848113503793, 'excess_pct': -3.6042441369562805, 'sharpe': -0.07069833103051798, 'mdd_pct': 19.520597688442397, 'start': '2025-09-05', 'end': '2026-08-31', 'n_days': 238}",20,45.0,sh589560,589560,科创人工智能ETF汇添富,
sym±2.5%仅阴,0.025,0.025,yin_only,True,"{'ret_pct': -8.403216039484773, 'excess_pct': -10.194575365090675, 'sharpe': -0.35925930094618663, 'mdd_pct': 18.776961015331594, 'start': '2025-09-05', 'end': '2026-08-31', 'n_days': 238}",24,37.5,sh589560,589560,科创人工智能ETF汇添富,
sym±2.5%不限前日,0.025,0.025,any,True,"{'ret_pct': -12.410940161066398, 'excess_pct': -14.202299486672299, 'sharpe': -0.453329779333353, 'mdd_pct': 23.13672695660881, 'start': '2025-09-05', 'end': '2026-08-31', 'n_days': 238}",29,37.93103448275862,sh589560,589560,科创人工智能ETF汇添富,
sym±2.5%不禁双阳,0.025,0.025,yin_or_small_yang,False,"{'ret_pct': -7.757408527171162, 'excess_pct': -9.548767852777063, 'sharpe': -0.2871317354790814, 'mdd_pct': 21.955462320669195, 'start': '2025-09-05', 'end': '2026-08-31', 'n_days': 238}",28,39.285714285714285,sh589560,589560,科创人工智能ETF汇添富,
买2/止3,0.02,0.03,yin_or_small_yang,True,"{'ret_pct': -11.940890917980795, 'excess_pct': -13.732250243586696, 'sharpe': -0.3757373894507423, 'mdd_pct': 28.299734241405783, 'start': '2025-09-05', 'end': '2026-08-31', 'n_days': 238}",28,46.42857142857143,sh589560,589560,科创人工智能ETF汇添富,
买2.5/止3.5,0.025,0.035,yin_or_small_yang,True,"{'ret_pct': -6.039545208854358, 'excess_pct': -7.8309045344602595, 'sharpe': -0.19546131542148826, 'mdd_pct': 25.286947963084895, 'start': '2025-09-05', 'end': '2026-08-31', 'n_days': 238}",19,47.368421052631575,sh589560,589560,科创人工智能ETF汇添富,
买3/止2.5,0.03,0.025,yin_or_small_yang,True,"{'ret_pct': -1.088627275881604, 'excess_pct': -2.8799866014875053, 'sharpe': -0.046865435261527616, 'mdd_pct': 18.625928232684974, 'start': '2025-09-05', 'end': '2026-08-31', 'n_days': 238}",24,37.5,sh589560,589560,科创人工智能ETF汇添富,
买2/止2.5,0.02,0.025,yin_or_small_yang,True,"{'ret_pct': -7.967975058307197, 'excess_pct': -9.7593343839131, 'sharpe': -0.26893745524280926, 'mdd_pct': 20.960799701197907, 'start': '2025-09-05', 'end': '2026-08-31', 'n_days': 238}",36,33.33333333333333,sh589560,589560,科创人工智能ETF汇添富,
买3/止4,0.03,0.04,yin_or_small_yang,True,"{'ret_pct': -2.9936497824223918, 'excess_pct': -4.785009108028293, 'sharpe': -0.09910553660872784, 'mdd_pct': 31.901684009176346, 'start': '2025-09-05', 'end': '2026-08-31', 'n_days': 238}",13,30.76923076923077,sh589560,589560,科创人工智能ETF汇添富,
sym±2%,0.02,0.02,yin_or_small_yang,True,"{'ret_pct': 8.744817761459188, 'excess_pct': -21.549299885599638, 'sharpe': 0.38700010382638883, 'mdd_pct': 15.657253016933915, 'start': '2025-07-28', 'end': '2026-08-31', 'n_days': 267}",24,41.66666666666667,sh589550,589550,科创价值ETF华夏,
sym±2.5%,0.025,0.025,yin_or_small_yang,True,"{'ret_pct': 11.094002492895982, 'excess_pct': -19.200115154162845, 'sharpe': 0.48767913121834217, 'mdd_pct': 15.746214906419775, 'start': '2025-07-28', 'end': '2026-08-31', 'n_days': 267}",18,44.44444444444444,sh589550,589550,科创价值ETF华夏,
sym±3%,0.03,0.03,yin_or_small_yang,True,"{'ret_pct': 25.458692240652802, 'excess_pct': -4.835425406406024, 'sharpe': 1.0515498171860698, 'mdd_pct': 16.92489136000369, 'start': '2025-07-28', 'end': '2026-08-31', 'n_days': 267}",12,50.0,sh589550,589550,科创价值ETF华夏,
sym±2.5%仅阴,0.025,0.025,yin_only,True,"{'ret_pct': 5.903193349180813, 'excess_pct': -24.390924297878012, 'sharpe': 0.30435852551502734, 'mdd_pct': 15.744189256309893, 'start': '2025-07-28', 'end': '2026-08-31', 'n_days': 267}",15,53.333333333333336,sh589550,589550,科创价值ETF华夏,
sym±2.5%不限前日,0.025,0.025,any,True,"{'ret_pct': 11.094002492895982, 'excess_pct': -19.200115154162845, 'sharpe': 0.48767913121834217, 'mdd_pct': 15.746214906419775, 'start': '2025-07-28', 'end': '2026-08-31', 'n_days': 267}",18,44.44444444444444,sh589550,589550,科创价值ETF华夏,
sym±2.5%不禁双阳,0.025,0.025,yin_or_small_yang,False,"{'ret_pct': 11.094002492895982, 'excess_pct': -19.200115154162845, 'sharpe': 0.48767913121834217, 'mdd_pct': 15.746214906419775, 'start': '2025-07-28', 'end': '2026-08-31', 'n_days': 267}",18,44.44444444444444,sh589550,589550,科创价值ETF华夏,
买2/止3,0.02,0.03,yin_or_small_yang,True,"{'ret_pct': 32.61588614974722, 'excess_pct': 2.3217685026883927, 'sharpe': 1.236877103806991, 'mdd_pct': 17.701249378777405, 'start': '2025-07-28', 'end': '2026-08-31', 'n_days': 267}",14,50.0,sh589550,589550,科创价值ETF华夏,61.0
买2.5/止3.5,0.025,0.035,yin_or_small_yang,True,"{'ret_pct': 14.83264535946236, 'excess_pct': -15.461472287596466, 'sharpe': 0.5642342601506786, 'mdd_pct': 20.7654330979703, 'start': '2025-07-28', 'end': '2026-08-31', 'n_days': 267}",9,55.55555555555556,sh589550,589550,科创价值ETF华夏,
买3/止2.5,0.03,0.025,yin_or_small_yang,True,"{'ret_pct': 11.203310557510427, 'excess_pct': -19.0908070895484, 'sharpe': 0.5093574012028923, 'mdd_pct': 17.287024596946445, 'start': '2025-07-28', 'end': '2026-08-31', 'n_days': 267}",16,50.0,sh589550,589550,科创价值ETF华夏,
买2/止2.5,0.02,0.025,yin_or_small_yang,True,"{'ret_pct': 17.21723279723204, 'excess_pct': -13.076884849826786, 'sharpe': 0.6911409081125203, 'mdd_pct': 18.175538686216296, 'start': '2025-07-28', 'end': '2026-08-31', 'n_days': 267}",21,47.61904761904761,sh589550,589550,科创价值ETF华夏,
买3/止4,0.03,0.04,yin_or_small_yang,True,"{'ret_pct': 11.584495550259222, 'excess_pct': -18.709622096799606, 'sharpe': 0.4225903428104297, 'mdd_pct': 19.154218421001325, 'start': '2025-07-28', 'end': '2026-08-31', 'n_days': 267}",5,40.0,sh589550,589550,科创价值ETF华夏,
sym±2%,0.02,0.02,yin_or_small_yang,True,"{'ret_pct': -32.89693884327997, 'excess_pct': 3.2665831692986487, 'sharpe': -0.4826070162783191, 'mdd_pct': 52.58007638623786, 'start': '2025-03-13', 'end': '2026-08-31', 'n_days': 359}",55,38.18181818181819,sh589520,589520,科创人工智能ETF华宝,
sym±2.5%,0.025,0.025,yin_or_small_yang,True,"{'ret_pct': -25.110335305110365, 'excess_pct': 11.053186707468253, 'sharpe': -0.36473571200014504, 'mdd_pct': 52.74138985629444, 'start': '2025-03-13', 'end': '2026-08-31', 'n_days': 359}",38,39.473684210526315,sh589520,589520,科创人工智能ETF华宝,
sym±3%,0.03,0.03,yin_or_small_yang,True,"{'ret_pct': -30.868000847935974, 'excess_pct': 5.295521164642643, 'sharpe': -0.45454846290845297, 'mdd_pct': 56.4859435015427, 'start': '2025-03-13', 'end': '2026-08-31', 'n_days': 359}",27,37.03703703703704,sh589520,589520,科创人工智能ETF华宝,
sym±2.5%仅阴,0.025,0.025,yin_only,True,"{'ret_pct': -30.303802950447977, 'excess_pct': 5.85971906213064, 'sharpe': -0.4599961849446607, 'mdd_pct': 50.50219711536867, 'start': '2025-03-13', 'end': '2026-08-31', 'n_days': 359}",32,43.75,sh589520,589520,科创人工智能ETF华宝,
sym±2.5%不限前日,0.025,0.025,any,True,"{'ret_pct': -25.110335305110365, 'excess_pct': 11.053186707468253, 'sharpe': -0.36473571200014504, 'mdd_pct': 52.74138985629444, 'start': '2025-03-13', 'end': '2026-08-31', 'n_days': 359}",38,39.473684210526315,sh589520,589520,科创人工智能ETF华宝,
sym±2.5%不禁双阳,0.025,0.025,yin_or_small_yang,False,"{'ret_pct': -25.110335305110365, 'excess_pct': 11.053186707468253, 'sharpe': -0.36473571200014504, 'mdd_pct': 52.74138985629444, 'start': '2025-03-13', 'end': '2026-08-31', 'n_days': 359}",38,39.473684210526315,sh589520,589520,科创人工智能ETF华宝,
买2/止3,0.02,0.03,yin_or_small_yang,True,"{'ret_pct': -23.573849031862338, 'excess_pct': 12.58967298071628, 'sharpe': -0.32608063414735106, 'mdd_pct': 52.64623489817113, 'start': '2025-03-13', 'end': '2026-08-31', 'n_days': 359}",33,36.36363636363637,sh589520,589520,科创人工智能ETF华宝,92.0
买2.5/止3.5,0.025,0.035,yin_or_small_yang,True,"{'ret_pct': -26.671292690585556, 'excess_pct': 9.492229321993062, 'sharpe': -0.368418720609322, 'mdd_pct': 55.13738821159839, 'start': '2025-03-13', 'end': '2026-08-31', 'n_days': 359}",23,30.434782608695656,sh589520,589520,科创人工智能ETF华宝,
买3/止2.5,0.03,0.025,yin_or_small_yang,True,"{'ret_pct': -35.55983234458239, 'excess_pct': 0.6036896679962283, 'sharpe': -0.5439675860390919, 'mdd_pct': 54.047392162216056, 'start': '2025-03-13', 'end': '2026-08-31', 'n_days': 359}",31,38.70967741935484,sh589520,589520,科创人工智能ETF华宝,
买2/止2.5,0.02,0.025,yin_or_small_yang,True,"{'ret_pct': -31.067774573663964, 'excess_pct': 5.095747438914653, 'sharpe': -0.44300442270627016, 'mdd_pct': 54.58580361784533, 'start': '2025-03-13', 'end': '2026-08-31', 'n_days': 359}",45,33.33333333333333,sh589520,589520,科创人工智能ETF华宝,
买3/止4,0.03,0.04,yin_or_small_yang,True,"{'ret_pct': -27.29319072881595, 'excess_pct': 8.870331283762667, 'sharpe': -0.3728924632704616, 'mdd_pct': 56.57554333864918, 'start': '2025-03-13', 'end': '2026-08-31', 'n_days': 359}",16,25.0,sh589520,589520,科创人工智能ETF华宝,
sym±2%,0.02,0.02,yin_or_small_yang,True,"{'ret_pct': 2.36099855040961, 'excess_pct': -63.17746298805191, 'sharpe': 0.06275027606104447, 'mdd_pct': 23.616788384131205, 'start': '2025-03-03', 'end': '2026-08-31', 'n_days': 367}",45,46.666666666666664,sh589500,589500,科创综指ETF工银,
sym±2.5%,0.025,0.025,yin_or_small_yang,True,"{'ret_pct': 0.951312707990426, 'excess_pct': -64.5871488304711, 'sharpe': 0.028371749400233178, 'mdd_pct': 20.157548172698835, 'start': '2025-03-03', 'end': '2026-08-31', 'n_days': 367}",30,36.666666666666664,sh589500,589500,科创综指ETF工银,
sym±3%,0.03,0.03,yin_or_small_yang,True,"{'ret_pct': 55.22821679219205, 'excess_pct': -10.310244746269468, 'sharpe': 1.4776090807721238, 'mdd_pct': 24.04003146036775, 'start': '2025-03-03', 'end': '2026-08-31', 'n_days': 367}",20,45.0,sh589500,589500,科创综指ETF工银,
sym±2.5%仅阴,0.025,0.025,yin_only,True,"{'ret_pct': 5.378038249024009, 'excess_pct': -60.16042328943751, 'sharpe': 0.17190281180019087, 'mdd_pct': 19.46805650728054, 'start': '2025-03-03', 'end': '2026-08-31', 'n_days': 367}",23,39.130434782608695,sh589500,589500,科创综指ETF工银,
sym±2.5%不限前日,0.025,0.025,any,True,"{'ret_pct': 0.951312707990426, 'excess_pct': -64.5871488304711, 'sharpe': 0.028371749400233178, 'mdd_pct': 20.157548172698835, 'start': '2025-03-03', 'end': '2026-08-31', 'n_days': 367}",30,36.666666666666664,sh589500,589500,科创综指ETF工银,
sym±2.5%不禁双阳,0.025,0.025,yin_or_small_yang,False,"{'ret_pct': 4.513692120019197, 'excess_pct': -61.02476941844232, 'sharpe': 0.13294000545193377, 'mdd_pct': 20.16457404630031, 'start': '2025-03-03', 'end': '2026-08-31', 'n_days': 367}",31,38.70967741935484,sh589500,589500,科创综指ETF工银,
买2/止3,0.02,0.03,yin_or_small_yang,True,"{'ret_pct': 26.40519965782724, 'excess_pct': -39.13326188063428, 'sharpe': 0.5943719633936236, 'mdd_pct': 32.18865844665045, 'start': '2025-03-03', 'end': '2026-08-31', 'n_days': 367}",29,34.48275862068966,sh589500,589500,科创综指ETF工银,
买2.5/止3.5,0.025,0.035,yin_or_small_yang,True,"{'ret_pct': 57.50552720789439, 'excess_pct': -8.03293433056713, 'sharpe': 1.398803351254572, 'mdd_pct': 28.081538501525692, 'start': '2025-03-03', 'end': '2026-08-31', 'n_days': 367}",19,42.10526315789473,sh589500,589500,科创综指ETF工银,
买3/止2.5,0.03,0.025,yin_or_small_yang,True,"{'ret_pct': 12.985874760483252, 'excess_pct': -52.55258677797826, 'sharpe': 0.4310395041545225, 'mdd_pct': 19.723378524272107, 'start': '2025-03-03', 'end': '2026-08-31', 'n_days': 367}",24,41.66666666666667,sh589500,589500,科创综指ETF工银,
买2/止2.5,0.02,0.025,yin_or_small_yang,True,"{'ret_pct': 1.086670340323237, 'excess_pct': -64.45179119813828, 'sharpe': 0.027120382046144323, 'mdd_pct': 26.886109125647884, 'start': '2025-03-03', 'end': '2026-08-31', 'n_days': 367}",38,44.73684210526316,sh589500,589500,科创综指ETF工银,
买3/止4,0.03,0.04,yin_or_small_yang,True,"{'ret_pct': 64.0507848347072, 'excess_pct': -1.4876767037543175, 'sharpe': 1.5677869640488191, 'mdd_pct': 23.11688971518252, 'start': '2025-03-03', 'end': '2026-08-31', 'n_days': 367}",14,57.14285714285714,sh589500,589500,科创综指ETF工银,93.0
sym±2%,0.02,0.02,yin_or_small_yang,True,"{'ret_pct': 45.10314165521283, 'excess_pct': 1.624880785647619, 'sharpe': 1.249093484748493, 'mdd_pct': 18.09337068864999, 'start': '2025-07-01', 'end': '2026-08-31', 'n_days': 286}",44,47.72727272727273,sh589380,589380,科创人工智能ETF富国,
sym±2.5%,0.025,0.025,yin_or_small_yang,True,"{'ret_pct': 65.24492637310078, 'excess_pct': 21.76666550353557, 'sharpe': 1.9125331608108214, 'mdd_pct': 13.191158059890572, 'start': '2025-07-01', 'end': '2026-08-31', 'n_days': 286}",28,57.14285714285714,sh589380,589380,科创人工智能ETF富国,
sym±3%,0.03,0.03,yin_or_small_yang,True,"{'ret_pct': 14.989481760224098, 'excess_pct': -28.488779109341113, 'sharpe': 0.42404019076849814, 'mdd_pct': 24.950803837566315, 'start': '2025-07-01', 'end': '2026-08-31', 'n_days': 286}",27,40.74074074074074,sh589380,589380,科创人工智能ETF富国,
sym±2.5%仅阴,0.025,0.025,yin_only,True,"{'ret_pct': 20.374739434428758, 'excess_pct': -23.103521435136454, 'sharpe': 0.6941704111806014, 'mdd_pct': 13.186907207733755, 'start': '2025-07-01', 'end': '2026-08-31', 'n_days': 286}",26,50.0,sh589380,589380,科创人工智能ETF富国,
sym±2.5%不限前日,0.025,0.025,any,True,"{'ret_pct': 65.24492637310078, 'excess_pct': 21.76666550353557, 'sharpe': 1.9125331608108214, 'mdd_pct': 13.191158059890572, 'start': '2025-07-01', 'end': '2026-08-31', 'n_days': 286}",28,57.14285714285714,sh589380,589380,科创人工智能ETF富国,
sym±2.5%不禁双阳,0.025,0.025,yin_or_small_yang,False,"{'ret_pct': 65.24492637310078, 'excess_pct': 21.76666550353557, 'sharpe': 1.9125331608108214, 'mdd_pct': 13.191158059890572, 'start': '2025-07-01', 'end': '2026-08-31', 'n_days': 286}",28,57.14285714285714,sh589380,589380,科创人工智能ETF富国,
买2/止3,0.02,0.03,yin_or_small_yang,True,"{'ret_pct': 65.46326315093762, 'excess_pct': 21.98500228137241, 'sharpe': 1.5893454775987292, 'mdd_pct': 21.632035645426363, 'start': '2025-07-01', 'end': '2026-08-31', 'n_days': 286}",28,50.0,sh589380,589380,科创人工智能ETF富国,
买2.5/止3.5,0.025,0.035,yin_or_small_yang,True,"{'ret_pct': 38.96499260541757, 'excess_pct': -4.513268264147641, 'sharpe': 0.969668977520204, 'mdd_pct': 19.800943370837242, 'start': '2025-07-01', 'end': '2026-08-31', 'n_days': 286}",23,43.47826086956522,sh589380,589380,科创人工智能ETF富国,
买3/止2.5,0.03,0.025,yin_or_small_yang,True,"{'ret_pct': 36.01001168502722, 'excess_pct': -7.468249184537989, 'sharpe': 1.0950490094532144, 'mdd_pct': 18.006386530704543, 'start': '2025-07-01', 'end': '2026-08-31', 'n_days': 286}",28,46.42857142857143,sh589380,589380,科创人工智能ETF富国,
买2/止2.5,0.02,0.025,yin_or_small_yang,True,"{'ret_pct': 82.39218893668152, 'excess_pct': 38.91392806711631, 'sharpe': 2.0603266742735458, 'mdd_pct': 17.652409550302906, 'start': '2025-07-01', 'end': '2026-08-31', 'n_days': 286}",34,52.94117647058824,sh589380,589380,科创人工智能ETF富国,27.0
买3/止4,0.03,0.04,yin_or_small_yang,True,"{'ret_pct': 14.315550282892776, 'excess_pct': -29.162710586672436, 'sharpe': 0.34323080153982855, 'mdd_pct': 27.026004400885594, 'start': '2025-07-01', 'end': '2026-08-31', 'n_days': 286}",19,36.84210526315789,sh589380,589380,科创人工智能ETF富国,
sym±2%,0.02,0.02,yin_or_small_yang,True,"{'ret_pct': -5.2914070545407865, 'excess_pct': 2.68786755685817, 'sharpe': -0.5678861823575144, 'mdd_pct': 19.770921096800485, 'start': '2026-05-29', 'end': '2026-08-31', 'n_days': 66}",15,20.0,sh589330,589330,科创200ETF东财,
sym±2.5%,0.025,0.025,yin_or_small_yang,True,"{'ret_pct': -2.371437112297603, 'excess_pct': 5.607837499101354, 'sharpe': -0.25326665953462724, 'mdd_pct': 21.812458977437053, 'start': '2026-05-29', 'end': '2026-08-31', 'n_days': 66}",10,20.0,sh589330,589330,科创200ETF东财,
sym±3%,0.03,0.03,yin_or_small_yang,True,"{'ret_pct': -10.289535080857604, 'excess_pct': -2.3102604694586475, 'sharpe': -1.001682952643643, 'mdd_pct': 26.08573556178879, 'start': '2026-05-29', 'end': '2026-08-31', 'n_days': 66}",9,22.22222222222222,sh589330,589330,科创200ETF东财,
sym±2.5%仅阴,0.025,0.025,yin_only,True,"{'ret_pct': 0.9674986097087945, 'excess_pct': 8.946773221107751, 'sharpe': 0.11120491936850548, 'mdd_pct': 21.818308484354688, 'start': '2026-05-29', 'end': '2026-08-31', 'n_days': 66}",9,22.22222222222222,sh589330,589330,科创200ETF东财,88.0
sym±2.5%不限前日,0.025,0.025,any,True,"{'ret_pct': -2.371437112297603, 'excess_pct': 5.607837499101354, 'sharpe': -0.25326665953462724, 'mdd_pct': 21.812458977437053, 'start': '2026-05-29', 'end': '2026-08-31', 'n_days': 66}",10,20.0,sh589330,589330,科创200ETF东财,
sym±2.5%不禁双阳,0.025,0.025,yin_or_small_yang,False,"{'ret_pct': -2.371437112297603, 'excess_pct': 5.607837499101354, 'sharpe': -0.25326665953462724, 'mdd_pct': 21.812458977437053, 'start': '2026-05-29', 'end': '2026-08-31', 'n_days': 66}",10,20.0,sh589330,589330,科创200ETF东财,
买2/止3,0.02,0.03,yin_or_small_yang,True,"{'ret_pct': -1.534115966889582, 'excess_pct': 6.445158644509375, 'sharpe': -0.15136241339561762, 'mdd_pct': 21.93850512350948, 'start': '2026-05-29', 'end': '2026-08-31', 'n_days': 66}",10,20.0,sh589330,589330,科创200ETF东财,
买2.5/止3.5,0.025,0.035,yin_or_small_yang,True,"{'ret_pct': -1.9864243347231914, 'excess_pct': 5.992850276675766, 'sharpe': -0.1899370961007492, 'mdd_pct': 28.11922943715598, 'start': '2026-05-29', 'end': '2026-08-31', 'n_days': 66}",7,28.57142857142857,sh589330,589330,科创200ETF东财,
买3/止2.5,0.03,0.025,yin_or_small_yang,True,"{'ret_pct': -6.272378773094411, 'excess_pct': 1.7068958383045452, 'sharpe': -0.675242367455327, 'mdd_pct': 23.618056133652686, 'start': '2026-05-29', 'end': '2026-08-31', 'n_days': 66}",9,22.22222222222222,sh589330,589330,科创200ETF东财,
买2/止2.5,0.02,0.025,yin_or_small_yang,True,"{'ret_pct': 0.11906383791999708, 'excess_pct': 8.098338449318954, 'sharpe': 0.012439022954922092, 'mdd_pct': 19.978905396836833, 'start': '2026-05-29', 'end': '2026-08-31', 'n_days': 66}",11,18.181818181818183,sh589330,589330,科创200ETF东财,
买3/止4,0.03,0.04,yin_or_small_yang,True,"{'ret_pct': -5.055205556835196, 'excess_pct': 2.924069054563761, 'sharpe': -0.45096943462981787, 'mdd_pct': 28.694945989833354, 'start': '2026-05-29', 'end': '2026-08-31', 'n_days': 66}",5,40.0,sh589330,589330,科创200ETF东财,
sym±2%,0.02,0.02,yin_or_small_yang,True,"{'ret_pct': -1.5935971596191978, 'excess_pct': 11.779656333394772, 'sharpe': -0.18291147412423975, 'mdd_pct': 14.152889842730854, 'start': '2026-05-28', 'end': '2026-08-31', 'n_days': 67}",12,41.66666666666667,sh589320,589320,科创200ETF嘉实,
sym±2.5%,0.025,0.025,yin_or_small_yang,True,"{'ret_pct': -4.646182674387211, 'excess_pct': 8.727070818626757, 'sharpe': -0.49138869402182533, 'mdd_pct': 16.14461438648458, 'start': '2026-05-28', 'end': '2026-08-31', 'n_days': 67}",9,22.22222222222222,sh589320,589320,科创200ETF嘉实,
sym±3%,0.03,0.03,yin_or_small_yang,True,"{'ret_pct': 5.115801932956798, 'excess_pct': 18.48905542597077, 'sharpe': 0.611418746260722, 'mdd_pct': 15.012885778307394, 'start': '2026-05-28', 'end': '2026-08-31', 'n_days': 67}",6,33.33333333333333,sh589320,589320,科创200ETF嘉实,
sym±2.5%仅阴,0.025,0.025,yin_only,True,"{'ret_pct': 6.430310989366395, 'excess_pct': 19.803564482380363, 'sharpe': 0.8706301685236876, 'mdd_pct': 13.549575258730695, 'start': '2026-05-28', 'end': '2026-08-31', 'n_days': 67}",6,33.33333333333333,sh589320,589320,科创200ETF嘉实,70.0
sym±2.5%不限前日,0.025,0.025,any,True,"{'ret_pct': -4.646182674387211, 'excess_pct': 8.727070818626757, 'sharpe': -0.49138869402182533, 'mdd_pct': 16.14461438648458, 'start': '2026-05-28', 'end': '2026-08-31', 'n_days': 67}",9,22.22222222222222,sh589320,589320,科创200ETF嘉实,
sym±2.5%不禁双阳,0.025,0.025,yin_or_small_yang,False,"{'ret_pct': -4.646182674387211, 'excess_pct': 8.727070818626757, 'sharpe': -0.49138869402182533, 'mdd_pct': 16.14461438648458, 'start': '2026-05-28', 'end': '2026-08-31', 'n_days': 67}",9,22.22222222222222,sh589320,589320,科创200ETF嘉实,
买2/止3,0.02,0.03,yin_or_small_yang,True,"{'ret_pct': -0.8339686181919936, 'excess_pct': 12.539284874821975, 'sharpe': -0.08321468538607149, 'mdd_pct': 22.010200110679524, 'start': '2026-05-28', 'end': '2026-08-31', 'n_days': 67}",8,25.0,sh589320,589320,科创200ETF嘉实,
买2.5/止3.5,0.025,0.035,yin_or_small_yang,True,"{'ret_pct': -7.066943634441614, 'excess_pct': 6.306309858572355, 'sharpe': -0.6091562072235289, 'mdd_pct': 25.812235389290695, 'start': '2026-05-28', 'end': '2026-08-31', 'n_days': 67}",6,33.33333333333333,sh589320,589320,科创200ETF嘉实,
买3/止2.5,0.03,0.025,yin_or_small_yang,True,"{'ret_pct': 0.49856891963520056, 'excess_pct': 13.87182241264917, 'sharpe': 0.062183987021126624, 'mdd_pct': 9.314811594891136, 'start': '2026-05-28', 'end': '2026-08-31', 'n_days': 67}",8,25.0,sh589320,589320,科创200ETF嘉实,
买2/止2.5,0.02,0.025,yin_or_small_yang,True,"{'ret_pct': -2.099093540835195, 'excess_pct': 11.274159952178774, 'sharpe': -0.21878555499637825, 'mdd_pct': 15.934485540652332, 'start': '2026-05-28', 'end': '2026-08-31', 'n_days': 67}",10,20.0,sh589320,589320,科创200ETF嘉实,
买3/止4,0.03,0.04,yin_or_small_yang,True,"{'ret_pct': 5.531938943785586, 'excess_pct': 18.905192436799556, 'sharpe': 0.5866892966067636, 'mdd_pct': 17.82731094323413, 'start': '2026-05-28', 'end': '2026-08-31', 'n_days': 67}",4,25.0,sh589320,589320,科创200ETF嘉实,
sym±2%,0.02,0.02,yin_or_small_yang,True,"{'ret_pct': 36.11003137768962, 'excess_pct': -37.54266323308882, 'sharpe': 0.8629848294422465, 'mdd_pct': 24.16795412427344, 'start': '2025-04-17', 'end': '2026-08-31', 'n_days': 335}",37,45.94594594594595,sh589300,589300,科创综指ETF嘉实,
sym±2.5%,0.025,0.025,yin_or_small_yang,True,"{'ret_pct': 10.986906497440007, 'excess_pct': -62.66578811333844, 'sharpe': 0.2720526777279726, 'mdd_pct': 29.829131611955518, 'start': '2025-04-17', 'end': '2026-08-31', 'n_days': 335}",27,40.74074074074074,sh589300,589300,科创综指ETF嘉实,
sym±3%,0.03,0.03,yin_or_small_yang,True,"{'ret_pct': 5.315379113539187, 'excess_pct': -68.33731549723925, 'sharpe': 0.1320438284411176, 'mdd_pct': 31.973617731219473, 'start': '2025-04-17', 'end': '2026-08-31', 'n_days': 335}",18,44.44444444444444,sh589300,589300,科创综指ETF嘉实,
sym±2.5%仅阴,0.025,0.025,yin_only,True,"{'ret_pct': 3.1792852106144354, 'excess_pct': -70.473409400164, 'sharpe': 0.08558086851731131, 'mdd_pct': 34.766492804866914, 'start': '2025-04-17', 'end': '2026-08-31', 'n_days': 335}",22,36.36363636363637,sh589300,589300,科创综指ETF嘉实,
sym±2.5%不限前日,0.025,0.025,any,True,"{'ret_pct': 7.077029745289587, 'excess_pct': -66.57566486548885, 'sharpe': 0.17540867456859985, 'mdd_pct': 32.30396212322334, 'start': '2025-04-17', 'end': '2026-08-31', 'n_days': 335}",28,39.285714285714285,sh589300,589300,科创综指ETF嘉实,
sym±2.5%不禁双阳,0.025,0.025,yin_or_small_yang,False,"{'ret_pct': 10.986906497440007, 'excess_pct': -62.66578811333844, 'sharpe': 0.2720526777279726, 'mdd_pct': 29.829131611955518, 'start': '2025-04-17', 'end': '2026-08-31', 'n_days': 335}",27,40.74074074074074,sh589300,589300,科创综指ETF嘉实,
买2/止3,0.02,0.03,yin_or_small_yang,True,"{'ret_pct': 29.887782863014458, 'excess_pct': -43.76491174776398, 'sharpe': 0.660726815121066, 'mdd_pct': 35.64795032402594, 'start': '2025-04-17', 'end': '2026-08-31', 'n_days': 335}",24,50.0,sh589300,589300,科创综指ETF嘉实,
买2.5/止3.5,0.025,0.035,yin_or_small_yang,True,"{'ret_pct': 40.2222302702784, 'excess_pct': -33.43046434050004, 'sharpe': 0.8401691580918985, 'mdd_pct': 24.561644727254706, 'start': '2025-04-17', 'end': '2026-08-31', 'n_days': 335}",17,47.05882352941176,sh589300,589300,科创综指ETF嘉实,115.0
买3/止2.5,0.03,0.025,yin_or_small_yang,True,"{'ret_pct': -6.614063235878421, 'excess_pct': -80.26675784665686, 'sharpe': -0.17638563238481045, 'mdd_pct': 31.961397335180664, 'start': '2025-04-17', 'end': '2026-08-31', 'n_days': 335}",22,36.36363636363637,sh589300,589300,科创综指ETF嘉实,
买2/止2.5,0.02,0.025,yin_or_small_yang,True,"{'ret_pct': 28.049103272131216, 'excess_pct': -45.60359133864722, 'sharpe': 0.6535228185686158, 'mdd_pct': 29.389127768004563, 'start': '2025-04-17', 'end': '2026-08-31', 'n_days': 335}",30,46.666666666666664,sh589300,589300,科创综指ETF嘉实,
买3/止4,0.03,0.04,yin_or_small_yang,True,"{'ret_pct': 20.445346931721552, 'excess_pct': -53.20734767905689, 'sharpe': 0.4456120532740541, 'mdd_pct': 24.92393878513923, 'start': '2025-04-17', 'end': '2026-08-31', 'n_days': 335}",14,50.0,sh589300,589300,科创综指ETF嘉实,
sym±2%,0.02,0.02,yin_or_small_yang,True,"{'ret_pct': -2.7133926584480217, 'excess_pct': 6.951679111886911, 'sharpe': -0.38504325494581687, 'mdd_pct': 11.566064093071638, 'start': '2026-05-20', 'end': '2026-08-31', 'n_days': 73}",12,33.33333333333333,sh589280,589280,科创增强ETF华宝,
sym±2.5%,0.025,0.025,yin_or_small_yang,True,"{'ret_pct': -5.302890011308792, 'excess_pct': 4.362181759026141, 'sharpe': -0.65986285238346, 'mdd_pct': 12.864632469112713, 'start': '2026-05-20', 'end': '2026-08-31', 'n_days': 73}",9,33.33333333333333,sh589280,589280,科创增强ETF华宝,
sym±3%,0.03,0.03,yin_or_small_yang,True,"{'ret_pct': -4.287835642387206, 'excess_pct': 5.377236127947727, 'sharpe': -0.5532033052545872, 'mdd_pct': 17.165986241854934, 'start': '2026-05-20', 'end': '2026-08-31', 'n_days': 73}",7,42.857142857142854,sh589280,589280,科创增强ETF华宝,
sym±2.5%仅阴,0.025,0.025,yin_only,True,"{'ret_pct': -5.872710209087984, 'excess_pct': 3.792361561246949, 'sharpe': -0.7329825029324705, 'mdd_pct': 12.864632469112713, 'start': '2026-05-20', 'end': '2026-08-31', 'n_days': 73}",9,33.33333333333333,sh589280,589280,科创增强ETF华宝,
sym±2.5%不限前日,0.025,0.025,any,True,"{'ret_pct': -7.205939315641007, 'excess_pct': 2.4591324546939255, 'sharpe': -0.8666637398857608, 'mdd_pct': 12.862353830988027, 'start': '2026-05-20', 'end': '2026-08-31', 'n_days': 73}",10,30.0,sh589280,589280,科创增强ETF华宝,
sym±2.5%不禁双阳,0.025,0.025,yin_or_small_yang,False,"{'ret_pct': -5.500002932518388, 'excess_pct': 4.165068837816545, 'sharpe': -0.6750562428179434, 'mdd_pct': 12.864632469112713, 'start': '2026-05-20', 'end': '2026-08-31', 'n_days': 73}",10,30.0,sh589280,589280,科创增强ETF华宝,
买2/止3,0.02,0.03,yin_or_small_yang,True,"{'ret_pct': -1.1275363326368137, 'excess_pct': 8.53753543769812, 'sharpe': -0.1334351249844311, 'mdd_pct': 13.218613436487935, 'start': '2026-05-20', 'end': '2026-08-31', 'n_days': 73}",9,33.33333333333333,sh589280,589280,科创增强ETF华宝,
买2.5/止3.5,0.025,0.035,yin_or_small_yang,True,"{'ret_pct': -10.632875082940796, 'excess_pct': -0.9678033126058629, 'sharpe': -1.047079380139181, 'mdd_pct': 19.102379217987476, 'start': '2026-05-20', 'end': '2026-08-31', 'n_days': 73}",7,28.57142857142857,sh589280,589280,科创增强ETF华宝,
买3/止2.5,0.03,0.025,yin_or_small_yang,True,"{'ret_pct': -6.572049601385588, 'excess_pct': 3.0930221689493447, 'sharpe': -0.8807066203526314, 'mdd_pct': 14.802134333381167, 'start': '2026-05-20', 'end': '2026-08-31', 'n_days': 73}",7,42.857142857142854,sh589280,589280,科创增强ETF华宝,
买2/止2.5,0.02,0.025,yin_or_small_yang,True,"{'ret_pct': -1.0305720028096155, 'excess_pct': 8.634499767525318, 'sharpe': -0.13483317706793396, 'mdd_pct': 12.027141918853212, 'start': '2026-05-20', 'end': '2026-08-31', 'n_days': 73}",9,33.33333333333333,sh589280,589280,科创增强ETF华宝,
买3/止4,0.03,0.04,yin_or_small_yang,True,"{'ret_pct': 2.7234480132992234, 'excess_pct': 12.388519783634155, 'sharpe': 0.3222145277710023, 'mdd_pct': 16.27627449008857, 'start': '2026-05-20', 'end': '2026-08-31', 'n_days': 73}",3,66.66666666666666,sh589280,589280,科创增强ETF华宝,83.0
sym±2%,0.02,0.02,yin_or_small_yang,True,"{'ret_pct': -1.8062319325055753, 'excess_pct': -14.342960629861112, 'sharpe': -0.1434148786008662, 'mdd_pct': 22.87709742140255, 'start': '2026-04-28', 'end': '2026-08-31', 'n_days': 86}",19,36.84210526315789,sh589270,589270,科创100ETF前海开源,
sym±2.5%,0.025,0.025,yin_or_small_yang,True,"{'ret_pct': -2.0880175616928343, 'excess_pct': -14.624746259048372, 'sharpe': -0.16675363953358896, 'mdd_pct': 22.742419087943453, 'start': '2026-04-28', 'end': '2026-08-31', 'n_days': 86}",15,26.666666666666668,sh589270,589270,科创100ETF前海开源,
sym±3%,0.03,0.03,yin_or_small_yang,True,"{'ret_pct': 9.59252065467522, 'excess_pct': -2.9442080426803177, 'sharpe': 0.950562525010773, 'mdd_pct': 15.449557966904848, 'start': '2026-04-28', 'end': '2026-08-31', 'n_days': 86}",10,30.0,sh589270,589270,科创100ETF前海开源,
sym±2.5%仅阴,0.025,0.025,yin_only,True,"{'ret_pct': -2.851157606832011, 'excess_pct': -15.387886304187548, 'sharpe': -0.23796802666417388, 'mdd_pct': 22.747056900291085, 'start': '2026-04-28', 'end': '2026-08-31', 'n_days': 86}",11,27.27272727272727,sh589270,589270,科创100ETF前海开源,
sym±2.5%不限前日,0.025,0.025,any,True,"{'ret_pct': -2.0880175616928343, 'excess_pct': -14.624746259048372, 'sharpe': -0.16675363953358896, 'mdd_pct': 22.742419087943453, 'start': '2026-04-28', 'end': '2026-08-31', 'n_days': 86}",15,26.666666666666668,sh589270,589270,科创100ETF前海开源,
sym±2.5%不禁双阳,0.025,0.025,yin_or_small_yang,False,"{'ret_pct': -2.0880175616928343, 'excess_pct': -14.624746259048372, 'sharpe': -0.16675363953358896, 'mdd_pct': 22.742419087943453, 'start': '2026-04-28', 'end': '2026-08-31', 'n_days': 86}",15,26.666666666666668,sh589270,589270,科创100ETF前海开源,
买2/止3,0.02,0.03,yin_or_small_yang,True,"{'ret_pct': 3.9554971630751945, 'excess_pct': -8.581231534280342, 'sharpe': 0.3082534722567962, 'mdd_pct': 21.62011321252557, 'start': '2026-04-28', 'end': '2026-08-31', 'n_days': 86}",13,38.46153846153847,sh589270,589270,科创100ETF前海开源,
买2.5/止3.5,0.025,0.035,yin_or_small_yang,True,"{'ret_pct': 2.2395474377632008, 'excess_pct': -10.297181259592335, 'sharpe': 0.1733363352052187, 'mdd_pct': 24.823448197581644, 'start': '2026-04-28', 'end': '2026-08-31', 'n_days': 86}",10,30.0,sh589270,589270,科创100ETF前海开源,
买3/止2.5,0.03,0.025,yin_or_small_yang,True,"{'ret_pct': 15.769298104399997, 'excess_pct': 3.23256940704446, 'sharpe': 1.7109434474984022, 'mdd_pct': 14.670302818501968, 'start': '2026-04-28', 'end': '2026-08-31', 'n_days': 86}",11,36.36363636363637,sh589270,589270,科创100ETF前海开源,
买2/止2.5,0.02,0.025,yin_or_small_yang,True,"{'ret_pct': 3.186025266006398, 'excess_pct': -9.350703431349139, 'sharpe': 0.2538235457572826, 'mdd_pct': 21.663087124228795, 'start': '2026-04-28', 'end': '2026-08-31', 'n_days': 86}",16,37.5,sh589270,589270,科创100ETF前海开源,
买3/止4,0.03,0.04,yin_or_small_yang,True,"{'ret_pct': 21.115901137356797, 'excess_pct': 8.57917244000126, 'sharpe': 2.123775370373616, 'mdd_pct': 16.851981819955064, 'start': '2026-04-28', 'end': '2026-08-31', 'n_days': 86}",7,42.857142857142854,sh589270,589270,科创100ETF前海开源,38.0
sym±2%,0.02,0.02,yin_or_small_yang,True,"{'ret_pct': 6.550203206079974, 'excess_pct': -23.69419597925606, 'sharpe': 0.39224157512395696, 'mdd_pct': 38.78388077022227, 'start': '2026-04-02', 'end': '2026-08-31', 'n_days': 103}",28,57.14285714285714,sh589260,589260,科创芯片设计ETF国泰,
sym±2.5%,0.025,0.025,yin_or_small_yang,True,"{'ret_pct': -7.757337308739176, 'excess_pct': -38.00173649407521, 'sharpe': -0.4044781368512145, 'mdd_pct': 39.763861709405354, 'start': '2026-04-02', 'end': '2026-08-31', 'n_days': 103}",24,50.0,sh589260,589260,科创芯片设计ETF国泰,
sym±3%,0.03,0.03,yin_or_small_yang,True,"{'ret_pct': 33.629757515276815, 'excess_pct': 3.385358329940779, 'sharpe': 2.3428943799815256, 'mdd_pct': 29.895161698466488, 'start': '2026-04-02', 'end': '2026-08-31', 'n_days': 103}",16,43.75,sh589260,589260,科创芯片设计ETF国泰,25.0
sym±2.5%仅阴,0.025,0.025,yin_only,True,"{'ret_pct': -22.956701295347216, 'excess_pct': -53.20110048068325, 'sharpe': -1.1785943408709492, 'mdd_pct': 39.74858391284545, 'start': '2026-04-02', 'end': '2026-08-31', 'n_days': 103}",20,45.0,sh589260,589260,科创芯片设计ETF国泰,
sym±2.5%不限前日,0.025,0.025,any,True,"{'ret_pct': -12.768044119417565, 'excess_pct': -43.0124433047536, 'sharpe': -0.6355058713296522, 'mdd_pct': 43.03575538234698, 'start': '2026-04-02', 'end': '2026-08-31', 'n_days': 103}",25,48.0,sh589260,589260,科创芯片设计ETF国泰,
sym±2.5%不禁双阳,0.025,0.025,yin_or_small_yang,False,"{'ret_pct': -7.757337308739176, 'excess_pct': -38.00173649407521, 'sharpe': -0.4044781368512145, 'mdd_pct': 39.763861709405354, 'start': '2026-04-02', 'end': '2026-08-31', 'n_days': 103}",24,50.0,sh589260,589260,科创芯片设计ETF国泰,
买2/止3,0.02,0.03,yin_or_small_yang,True,"{'ret_pct': 11.170217133859172, 'excess_pct': -19.074182051476864, 'sharpe': 0.6082410219982755, 'mdd_pct': 39.86904934423079, 'start': '2026-04-02', 'end': '2026-08-31', 'n_days': 103}",21,52.38095238095239,sh589260,589260,科创芯片设计ETF国泰,
买2.5/止3.5,0.025,0.035,yin_or_small_yang,True,"{'ret_pct': 4.29786998472963, 'excess_pct': -25.946529200606406, 'sharpe': 0.21586605824544225, 'mdd_pct': 43.22520750450597, 'start': '2026-04-02', 'end': '2026-08-31', 'n_days': 103}",17,35.294117647058826,sh589260,589260,科创芯片设计ETF国泰,
买3/止2.5,0.03,0.025,yin_or_small_yang,True,"{'ret_pct': 15.203886945529588, 'excess_pct': -15.040512239806448, 'sharpe': 1.0409978740570442, 'mdd_pct': 27.746855972447882, 'start': '2026-04-02', 'end': '2026-08-31', 'n_days': 103}",20,50.0,sh589260,589260,科创芯片设计ETF国泰,
买2/止2.5,0.02,0.025,yin_or_small_yang,True,"{'ret_pct': 1.514604281078391, 'excess_pct': -28.729794904257645, 'sharpe': 0.08366545052002344, 'mdd_pct': 37.70729929286348, 'start': '2026-04-02', 'end': '2026-08-31', 'n_days': 103}",25,52.0,sh589260,589260,科创芯片设计ETF国泰,
买3/止4,0.03,0.04,yin_or_small_yang,True,"{'ret_pct': 31.489680131728015, 'excess_pct': 1.2452809463919792, 'sharpe': 1.8524043772434944, 'mdd_pct': 27.60963242215011, 'start': '2026-04-02', 'end': '2026-08-31', 'n_days': 103}",14,35.714285714285715,sh589260,589260,科创芯片设计ETF国泰,
sym±2%,0.02,0.02,yin_or_small_yang,True,"{'ret_pct': 15.359873262566403, 'excess_pct': -11.075770301790033, 'sharpe': 0.8859128923697516, 'mdd_pct': 39.06108040648074, 'start': '2026-04-01', 'end': '2026-08-31', 'n_days': 104}",28,50.0,sh589250,589250,科创芯片设计ETF浦银,
sym±2.5%,0.025,0.025,yin_or_small_yang,True,"{'ret_pct': -3.1040209364992077, 'excess_pct': -29.539664500855643, 'sharpe': -0.16555195915798887, 'mdd_pct': 41.30727441324513, 'start': '2026-04-01', 'end': '2026-08-31', 'n_days': 104}",24,41.66666666666667,sh589250,589250,科创芯片设计ETF浦银,
sym±3%,0.03,0.03,yin_or_small_yang,True,"{'ret_pct': 10.810962571782401, 'excess_pct': -15.624680992574035, 'sharpe': 0.5832135627150237, 'mdd_pct': 33.365033900385356, 'start': '2026-04-01', 'end': '2026-08-31', 'n_days': 104}",17,41.17647058823529,sh589250,589250,科创芯片设计ETF浦银,
sym±2.5%仅阴,0.025,0.025,yin_only,True,"{'ret_pct': -12.58702163662402, 'excess_pct': -39.022665200980455, 'sharpe': -0.6726737878692063, 'mdd_pct': 41.306165374981006, 'start': '2026-04-01', 'end': '2026-08-31', 'n_days': 104}",23,43.47826086956522,sh589250,589250,科创芯片设计ETF浦银,
sym±2.5%不限前日,0.025,0.025,any,True,"{'ret_pct': -7.905139901817604, 'excess_pct': -34.34078346617404, 'sharpe': -0.40414868877859667, 'mdd_pct': 44.21445831685071, 'start': '2026-04-01', 'end': '2026-08-31', 'n_days': 104}",25,40.0,sh589250,589250,科创芯片设计ETF浦银,
sym±2.5%不禁双阳,0.025,0.025,yin_or_small_yang,False,"{'ret_pct': -3.1040209364992077, 'excess_pct': -29.539664500855643, 'sharpe': -0.16555195915798887, 'mdd_pct': 41.30727441324513, 'start': '2026-04-01', 'end': '2026-08-31', 'n_days': 104}",24,41.66666666666667,sh589250,589250,科创芯片设计ETF浦银,
买2/止3,0.02,0.03,yin_or_small_yang,True,"{'ret_pct': 12.667595225795258, 'excess_pct': -13.768048338561178, 'sharpe': 0.6524203167221586, 'mdd_pct': 40.516133418439715, 'start': '2026-04-01', 'end': '2026-08-31', 'n_days': 104}",20,40.0,sh589250,589250,科创芯片设计ETF浦银,
买2.5/止3.5,0.025,0.035,yin_or_small_yang,True,"{'ret_pct': 7.832492642678401, 'excess_pct': -18.603150921678036, 'sharpe': 0.4020830402607504, 'mdd_pct': 41.99449587091468, 'start': '2026-04-01', 'end': '2026-08-31', 'n_days': 104}",18,38.88888888888889,sh589250,589250,科创芯片设计ETF浦银,
买3/止2.5,0.03,0.025,yin_or_small_yang,True,"{'ret_pct': -1.3451576052384007, 'excess_pct': -27.780801169594838, 'sharpe': -0.07310950889471104, 'mdd_pct': 35.365973061328894, 'start': '2026-04-01', 'end': '2026-08-31', 'n_days': 104}",22,36.36363636363637,sh589250,589250,科创芯片设计ETF浦银,
买2/止2.5,0.02,0.025,yin_or_small_yang,True,"{'ret_pct': 7.5560568147551965, 'excess_pct': -18.879586749601238, 'sharpe': 0.395272248004649, 'mdd_pct': 41.442368940419094, 'start': '2026-04-01', 'end': '2026-08-31', 'n_days': 104}",26,46.15384615384615,sh589250,589250,科创芯片设计ETF浦银,
买3/止4,0.03,0.04,yin_or_small_yang,True,"{'ret_pct': 22.466414256479993, 'excess_pct': -3.969229307876443, 'sharpe': 1.2238819472949962, 'mdd_pct': 35.86389046978121, 'start': '2026-04-01', 'end': '2026-08-31', 'n_days': 104}",13,46.15384615384615,sh589250,589250,科创芯片设计ETF浦银,97.0
sym±2%,0.02,0.02,yin_or_small_yang,True,"{'ret_pct': 11.906816935196773, 'excess_pct': 19.864932118442844, 'sharpe': 0.7060030078408437, 'mdd_pct': 17.84231956373601, 'start': '2026-02-02', 'end': '2026-08-31', 'n_days': 140}",24,45.83333333333333,sh589230,589230,科创人工智能ETF南方,75.0
sym±2.5%,0.025,0.025,yin_or_small_yang,True,"{'ret_pct': -8.447024097500766, 'excess_pct': -0.48890891425469274, 'sharpe': -0.46137319429669715, 'mdd_pct': 23.539072306769715, 'start': '2026-02-02', 'end': '2026-08-31', 'n_days': 140}",21,38.095238095238095,sh589230,589230,科创人工智能ETF南方,
sym±3%,0.03,0.03,yin_or_small_yang,True,"{'ret_pct': -2.7311734483999484, 'excess_pct': 5.2269417348461245, 'sharpe': -0.15024790684259323, 'mdd_pct': 22.987264575060408, 'start': '2026-02-02', 'end': '2026-08-31', 'n_days': 140}",14,42.857142857142854,sh589230,589230,科创人工智能ETF南方,
sym±2.5%仅阴,0.025,0.025,yin_only,True,"{'ret_pct': -22.11400025573118, 'excess_pct': -14.155885072485109, 'sharpe': -1.2994025611161535, 'mdd_pct': 25.233805157004962, 'start': '2026-02-02', 'end': '2026-08-31', 'n_days': 140}",19,31.57894736842105,sh589230,589230,科创人工智能ETF南方,
sym±2.5%不限前日,0.025,0.025,any,True,"{'ret_pct': -8.447024097500766, 'excess_pct': -0.48890891425469274, 'sharpe': -0.46137319429669715, 'mdd_pct': 23.539072306769715, 'start': '2026-02-02', 'end': '2026-08-31', 'n_days': 140}",21,38.095238095238095,sh589230,589230,科创人工智能ETF南方,
sym±2.5%不禁双阳,0.025,0.025,yin_or_small_yang,False,"{'ret_pct': -8.447024097500766, 'excess_pct': -0.48890891425469274, 'sharpe': -0.46137319429669715, 'mdd_pct': 23.539072306769715, 'start': '2026-02-02', 'end': '2026-08-31', 'n_days': 140}",21,38.095238095238095,sh589230,589230,科创人工智能ETF南方,
买2/止3,0.02,0.03,yin_or_small_yang,True,"{'ret_pct': -3.6113022943967565, 'excess_pct': 4.346812888849316, 'sharpe': -0.17104892931754642, 'mdd_pct': 23.5081098388074, 'start': '2026-02-02', 'end': '2026-08-31', 'n_days': 140}",17,35.294117647058826,sh589230,589230,科创人工智能ETF南方,
买2.5/止3.5,0.025,0.035,yin_or_small_yang,True,"{'ret_pct': 1.6294805366367848, 'excess_pct': 9.587595719882858, 'sharpe': 0.0785232748929693, 'mdd_pct': 25.64189346772572, 'start': '2026-02-02', 'end': '2026-08-31', 'n_days': 140}",13,30.76923076923077,sh589230,589230,科创人工智能ETF南方,
买3/止2.5,0.03,0.025,yin_or_small_yang,True,"{'ret_pct': 4.467783543411241, 'excess_pct': 12.425898726657314, 'sharpe': 0.27660713728398484, 'mdd_pct': 18.396498390122108, 'start': '2026-02-02', 'end': '2026-08-31', 'n_days': 140}",15,46.666666666666664,sh589230,589230,科创人工智能ETF南方,
买2/止2.5,0.02,0.025,yin_or_small_yang,True,"{'ret_pct': 0.5258981578880384, 'excess_pct': 8.484013341134112, 'sharpe': 0.027789190118849335, 'mdd_pct': 21.33774176634934, 'start': '2026-02-02', 'end': '2026-08-31', 'n_days': 140}",22,36.36363636363637,sh589230,589230,科创人工智能ETF南方,
买3/止4,0.03,0.04,yin_or_small_yang,True,"{'ret_pct': 6.032179772809609, 'excess_pct': 13.990294956055681, 'sharpe': 0.29255458061615136, 'mdd_pct': 26.342646715677066, 'start': '2026-02-02', 'end': '2026-08-31', 'n_days': 140}",8,37.5,sh589230,589230,科创人工智能ETF南方,
sym±2%,0.02,0.02,yin_or_small_yang,True,"{'ret_pct': -0.11858158066876401, 'excess_pct': -1.8067643016221102, 'sharpe': -0.00697279866341964, 'mdd_pct': 17.140237136157776, 'start': '2026-01-26', 'end': '2026-08-31', 'n_days': 145}",24,41.66666666666667,sh589220,589220,科创200ETF国泰,
sym±2.5%,0.025,0.025,yin_or_small_yang,True,"{'ret_pct': -10.23855059784321, 'excess_pct': -11.926733318796556, 'sharpe': -0.5838700195684253, 'mdd_pct': 25.572803967607694, 'start': '2026-01-26', 'end': '2026-08-31', 'n_days': 145}",18,38.88888888888889,sh589220,589220,科创200ETF国泰,
sym±3%,0.03,0.03,yin_or_small_yang,True,"{'ret_pct': -3.046172773744027, 'excess_pct': -4.734355494697374, 'sharpe': -0.17083413590067775, 'mdd_pct': 23.944229230412574, 'start': '2026-01-26', 'end': '2026-08-31', 'n_days': 145}",12,25.0,sh589220,589220,科创200ETF国泰,
sym±2.5%仅阴,0.025,0.025,yin_only,True,"{'ret_pct': -14.794074531203204, 'excess_pct': -16.48225725215655, 'sharpe': -0.9535394211831544, 'mdd_pct': 25.693383040795236, 'start': '2026-01-26', 'end': '2026-08-31', 'n_days': 145}",13,30.76923076923077,sh589220,589220,科创200ETF国泰,
sym±2.5%不限前日,0.025,0.025,any,True,"{'ret_pct': -10.23855059784321, 'excess_pct': -11.926733318796556, 'sharpe': -0.5838700195684253, 'mdd_pct': 25.572803967607694, 'start': '2026-01-26', 'end': '2026-08-31', 'n_days': 145}",18,38.88888888888889,sh589220,589220,科创200ETF国泰,
sym±2.5%不禁双阳,0.025,0.025,yin_or_small_yang,False,"{'ret_pct': -10.23855059784321, 'excess_pct': -11.926733318796556, 'sharpe': -0.5838700195684253, 'mdd_pct': 25.572803967607694, 'start': '2026-01-26', 'end': '2026-08-31', 'n_days': 145}",18,38.88888888888889,sh589220,589220,科创200ETF国泰,
买2/止3,0.02,0.03,yin_or_small_yang,True,"{'ret_pct': 2.59499009152635, 'excess_pct': 0.906807370573004, 'sharpe': 0.13321794126277448, 'mdd_pct': 20.0604116141349, 'start': '2026-01-26', 'end': '2026-08-31', 'n_days': 145}",16,37.5,sh589220,589220,科创200ETF国泰,90.0
买2.5/止3.5,0.025,0.035,yin_or_small_yang,True,"{'ret_pct': 1.6367630032031677, 'excess_pct': -0.051419717750178506, 'sharpe': 0.08318264561889437, 'mdd_pct': 26.07408042652224, 'start': '2026-01-26', 'end': '2026-08-31', 'n_days': 145}",12,33.33333333333333,sh589220,589220,科创200ETF国泰,
买3/止2.5,0.03,0.025,yin_or_small_yang,True,"{'ret_pct': -15.96670712934718, 'excess_pct': -17.654889850300528, 'sharpe': -0.950342130545083, 'mdd_pct': 26.66687417144025, 'start': '2026-01-26', 'end': '2026-08-31', 'n_days': 145}",15,26.666666666666668,sh589220,589220,科创200ETF国泰,
买2/止2.5,0.02,0.025,yin_or_small_yang,True,"{'ret_pct': -6.437787970448017, 'excess_pct': -8.125970691401363, 'sharpe': -0.3443964201243346, 'mdd_pct': 20.980208349705265, 'start': '2026-01-26', 'end': '2026-08-31', 'n_days': 145}",20,35.0,sh589220,589220,科创200ETF国泰,
买3/止4,0.03,0.04,yin_or_small_yang,True,"{'ret_pct': -9.016376791542413, 'excess_pct': -10.70455951249576, 'sharpe': -0.41877834271106634, 'mdd_pct': 31.538690569649543, 'start': '2026-01-26', 'end': '2026-08-31', 'n_days': 145}",10,30.0,sh589220,589220,科创200ETF国泰,
sym±2%,0.02,0.02,yin_or_small_yang,True,"{'ret_pct': -20.51697403223679, 'excess_pct': 10.77621451662796, 'sharpe': -0.739376910798964, 'mdd_pct': 40.88028820903057, 'start': '2025-12-23', 'end': '2026-08-31', 'n_days': 167}",40,42.5,sh589210,589210,科创芯片设计ETF广发,
sym±2.5%,0.025,0.025,yin_or_small_yang,True,"{'ret_pct': -21.154305327299227, 'excess_pct': 10.138883221565521, 'sharpe': -0.7510996646766449, 'mdd_pct': 42.093216201916384, 'start': '2025-12-23', 'end': '2026-08-31', 'n_days': 167}",32,43.75,sh589210,589210,科创芯片设计ETF广发,
sym±3%,0.03,0.03,yin_or_small_yang,True,"{'ret_pct': -7.103722949167945, 'excess_pct': 24.189465599696803, 'sharpe': -0.2652359665793261, 'mdd_pct': 36.278101805137354, 'start': '2025-12-23', 'end': '2026-08-31', 'n_days': 167}",24,41.66666666666667,sh589210,589210,科创芯片设计ETF广发,
sym±2.5%仅阴,0.025,0.025,yin_only,True,"{'ret_pct': -18.402226961302436, 'excess_pct': 12.890961587562312, 'sharpe': -0.6916854520723756, 'mdd_pct': 42.084309967404856, 'start': '2025-12-23', 'end': '2026-08-31', 'n_days': 167}",27,44.44444444444444,sh589210,589210,科创芯片设计ETF广发,
sym±2.5%不限前日,0.025,0.025,any,True,"{'ret_pct': -25.223442685545628, 'excess_pct': 6.06974586331912, 'sharpe': -0.880431583125243, 'mdd_pct': 45.07800911144242, 'start': '2025-12-23', 'end': '2026-08-31', 'n_days': 167}",33,42.42424242424242,sh589210,589210,科创芯片设计ETF广发,
sym±2.5%不禁双阳,0.025,0.025,yin_or_small_yang,False,"{'ret_pct': -19.043405199475227, 'excess_pct': 12.24978334938952, 'sharpe': -0.6773171154447919, 'mdd_pct': 42.09963703481553, 'start': '2025-12-23', 'end': '2026-08-31', 'n_days': 167}",32,43.75,sh589210,589210,科创芯片设计ETF广发,
买2/止3,0.02,0.03,yin_or_small_yang,True,"{'ret_pct': -20.498527924297584, 'excess_pct': 10.794660624567165, 'sharpe': -0.6647775912415569, 'mdd_pct': 43.614855872728064, 'start': '2025-12-23', 'end': '2026-08-31', 'n_days': 167}",30,50.0,sh589210,589210,科创芯片设计ETF广发,
买2.5/止3.5,0.025,0.035,yin_or_small_yang,True,"{'ret_pct': -23.797173332963172, 'excess_pct': 7.496015215901576, 'sharpe': -0.7631465834389097, 'mdd_pct': 42.90492385132926, 'start': '2025-12-23', 'end': '2026-08-31', 'n_days': 167}",23,39.130434782608695,sh589210,589210,科创芯片设计ETF广发,
买3/止2.5,0.03,0.025,yin_or_small_yang,True,"{'ret_pct': -6.861767110867234, 'excess_pct': 24.431421437997514, 'sharpe': -0.26758139278790766, 'mdd_pct': 38.26802135090953, 'start': '2025-12-23', 'end': '2026-08-31', 'n_days': 167}",27,37.03703703703704,sh589210,589210,科创芯片设计ETF广发,
买2/止2.5,0.02,0.025,yin_or_small_yang,True,"{'ret_pct': -16.373346198828862, 'excess_pct': 14.919842350035886, 'sharpe': -0.5605256430478985, 'mdd_pct': 43.1432370752584, 'start': '2025-12-23', 'end': '2026-08-31', 'n_days': 167}",36,47.22222222222222,sh589210,589210,科创芯片设计ETF广发,
买3/止4,0.03,0.04,yin_or_small_yang,True,"{'ret_pct': 3.286255947436767, 'excess_pct': 34.57944449630151, 'sharpe': 0.11385361968447759, 'mdd_pct': 40.84063465568104, 'start': '2025-12-23', 'end': '2026-08-31', 'n_days': 167}",17,41.17647058823529,sh589210,589210,科创芯片设计ETF广发,84.0
sym±2%,0.02,0.02,yin_or_small_yang,True,"{'ret_pct': 25.874054496425593, 'excess_pct': -10.220620059787407, 'sharpe': 0.833786731798073, 'mdd_pct': 21.916982828536558, 'start': '2025-08-08', 'end': '2026-08-31', 'n_days': 258}",40,37.5,sh589200,589200,科创200ETF工银,
sym±2.5%,0.025,0.025,yin_or_small_yang,True,"{'ret_pct': -6.488694825539188, 'excess_pct': -42.58336938175219, 'sharpe': -0.2081002995058892, 'mdd_pct': 29.448693948029348, 'start': '2025-08-08', 'end': '2026-08-31', 'n_days': 258}",31,25.806451612903224,sh589200,589200,科创200ETF工银,
sym±3%,0.03,0.03,yin_or_small_yang,True,"{'ret_pct': 18.38267062567358, 'excess_pct': -17.71200393053942, 'sharpe': 0.6025793581015344, 'mdd_pct': 20.06080148462538, 'start': '2025-08-08', 'end': '2026-08-31', 'n_days': 258}",19,42.10526315789473,sh589200,589200,科创200ETF工银,
sym±2.5%仅阴,0.025,0.025,yin_only,True,"{'ret_pct': -23.132808674732786, 'excess_pct': -59.227483230945786, 'sharpe': -1.0266257011223197, 'mdd_pct': 29.454556027757462, 'start': '2025-08-08', 'end': '2026-08-31', 'n_days': 258}",24,16.666666666666664,sh589200,589200,科创200ETF工银,
sym±2.5%不限前日,0.025,0.025,any,True,"{'ret_pct': -6.488694825539188, 'excess_pct': -42.58336938175219, 'sharpe': -0.2081002995058892, 'mdd_pct': 29.448693948029348, 'start': '2025-08-08', 'end': '2026-08-31', 'n_days': 258}",31,25.806451612903224,sh589200,589200,科创200ETF工银,
sym±2.5%不禁双阳,0.025,0.025,yin_or_small_yang,False,"{'ret_pct': -10.600523100614401, 'excess_pct': -46.6951976568274, 'sharpe': -0.3385617861696815, 'mdd_pct': 32.54302962738008, 'start': '2025-08-08', 'end': '2026-08-31', 'n_days': 258}",32,25.0,sh589200,589200,科创200ETF工银,
买2/止3,0.02,0.03,yin_or_small_yang,True,"{'ret_pct': 13.433885940982426, 'excess_pct': -22.660788615230572, 'sharpe': 0.38328624987230836, 'mdd_pct': 26.939862718485365, 'start': '2025-08-08', 'end': '2026-08-31', 'n_days': 258}",27,37.03703703703704,sh589200,589200,科创200ETF工银,
买2.5/止3.5,0.025,0.035,yin_or_small_yang,True,"{'ret_pct': -2.550187717680008, 'excess_pct': -38.64486227389301, 'sharpe': -0.07362663607974744, 'mdd_pct': 34.61861366305491, 'start': '2025-08-08', 'end': '2026-08-31', 'n_days': 258}",22,40.909090909090914,sh589200,589200,科创200ETF工银,
买3/止2.5,0.03,0.025,yin_or_small_yang,True,"{'ret_pct': 7.760725895833587, 'excess_pct': -28.333948660379413, 'sharpe': 0.2708239916595843, 'mdd_pct': 20.330170084400677, 'start': '2025-08-08', 'end': '2026-08-31', 'n_days': 258}",23,34.78260869565217,sh589200,589200,科创200ETF工银,
买2/止2.5,0.02,0.025,yin_or_small_yang,True,"{'ret_pct': 7.506092707340817, 'excess_pct': -28.588581848872185, 'sharpe': 0.22804337852166584, 'mdd_pct': 25.75992581091381, 'start': '2025-08-08', 'end': '2026-08-31', 'n_days': 258}",35,31.428571428571427,sh589200,589200,科创200ETF工银,
买3/止4,0.03,0.04,yin_or_small_yang,True,"{'ret_pct': 28.722403271366414, 'excess_pct': -7.372271284846587, 'sharpe': 0.8816865962890543, 'mdd_pct': 21.264332059104664, 'start': '2025-08-08', 'end': '2026-08-31', 'n_days': 258}",13,46.15384615384615,sh589200,589200,科创200ETF工银,101.0
sym±2%,0.02,0.02,yin_or_small_yang,True,"{'ret_pct': 2.3075014321344067, 'excess_pct': 38.58201123605598, 'sharpe': 0.10073707380773243, 'mdd_pct': 32.19909318410318, 'start': '2026-01-27', 'end': '2026-08-31', 'n_days': 144}",35,45.714285714285715,sh589190,589190,科创芯片ETF华宝,
sym±2.5%,0.025,0.025,yin_or_small_yang,True,"{'ret_pct': 31.528006769187165, 'excess_pct': 67.80251657310873, 'sharpe': 1.6828053431891121, 'mdd_pct': 22.824470471138547, 'start': '2026-01-27', 'end': '2026-08-31', 'n_days': 144}",23,43.47826086956522,sh589190,589190,科创芯片ETF华宝,
sym±3%,0.03,0.03,yin_or_small_yang,True,"{'ret_pct': 28.364846947039958, 'excess_pct': 64.63935675096153, 'sharpe': 1.3534477801014018, 'mdd_pct': 32.72443719757714, 'start': '2026-01-27', 'end': '2026-08-31', 'n_days': 144}",19,47.368421052631575,sh589190,589190,科创芯片ETF华宝,
sym±2.5%仅阴,0.025,0.025,yin_only,True,"{'ret_pct': 22.93071896018879, 'excess_pct': 59.205228764110366, 'sharpe': 1.2562001339835152, 'mdd_pct': 24.242967304650875, 'start': '2026-01-27', 'end': '2026-08-31', 'n_days': 144}",19,36.84210526315789,sh589190,589190,科创芯片ETF华宝,
sym±2.5%不限前日,0.025,0.025,any,True,"{'ret_pct': 12.164301905886843, 'excess_pct': 48.43881170980842, 'sharpe': 0.583605114289976, 'mdd_pct': 33.124814723583654, 'start': '2026-01-27', 'end': '2026-08-31', 'n_days': 144}",26,38.46153846153847,sh589190,589190,科创芯片ETF华宝,
sym±2.5%不禁双阳,0.025,0.025,yin_or_small_yang,False,"{'ret_pct': 31.528006769187165, 'excess_pct': 67.80251657310873, 'sharpe': 1.6828053431891121, 'mdd_pct': 22.824470471138547, 'start': '2026-01-27', 'end': '2026-08-31', 'n_days': 144}",23,43.47826086956522,sh589190,589190,科创芯片ETF华宝,
买2/止3,0.02,0.03,yin_or_small_yang,True,"{'ret_pct': 33.00000149782716, 'excess_pct': 69.27451130174873, 'sharpe': 1.4123461065286684, 'mdd_pct': 36.57066398403901, 'start': '2026-01-27', 'end': '2026-08-31', 'n_days': 144}",23,43.47826086956522,sh589190,589190,科创芯片ETF华宝,
买2.5/止3.5,0.025,0.035,yin_or_small_yang,True,"{'ret_pct': 55.42620707271679, 'excess_pct': 91.70071687663837, 'sharpe': 2.766349348817399, 'mdd_pct': 27.58213318735111, 'start': '2026-01-27', 'end': '2026-08-31', 'n_days': 144}",16,37.5,sh589190,589190,科创芯片ETF华宝,6.0
买3/止2.5,0.03,0.025,yin_or_small_yang,True,"{'ret_pct': 11.299195434211207, 'excess_pct': 47.57370523813278, 'sharpe': 0.5624962217166003, 'mdd_pct': 31.756632222383395, 'start': '2026-01-27', 'end': '2026-08-31', 'n_days': 144}",22,45.45454545454545,sh589190,589190,科创芯片ETF华宝,
买2/止2.5,0.02,0.025,yin_or_small_yang,True,"{'ret_pct': 6.390978897225552, 'excess_pct': 42.665488701147126, 'sharpe': 0.26854442642556337, 'mdd_pct': 34.37281764344162, 'start': '2026-01-27', 'end': '2026-08-31', 'n_days': 144}",29,37.93103448275862,sh589190,589190,科创芯片ETF华宝,
买3/止4,0.03,0.04,yin_or_small_yang,True,"{'ret_pct': 38.27220334091841, 'excess_pct': 74.54671314483998, 'sharpe': 1.7795209514898669, 'mdd_pct': 30.671212928896463, 'start': '2026-01-27', 'end': '2026-08-31', 'n_days': 144}",14,42.857142857142854,sh589190,589190,科创芯片ETF华宝,
sym±2%,0.02,0.02,yin_or_small_yang,True,"{'ret_pct': 31.348167103539136, 'excess_pct': -45.23474746932516, 'sharpe': 0.7735133698385073, 'mdd_pct': 39.52481547525464, 'start': '2025-06-16', 'end': '2026-08-31', 'n_days': 297}",45,48.888888888888886,sh589180,589180,科创新材料ETF汇添富,
sym±2.5%,0.025,0.025,yin_or_small_yang,True,"{'ret_pct': 43.041436789184, 'excess_pct': -33.5414777836803, 'sharpe': 1.0705318270151447, 'mdd_pct': 33.35282224593762, 'start': '2025-06-16', 'end': '2026-08-31', 'n_days': 297}",31,54.83870967741935,sh589180,589180,科创新材料ETF汇添富,
sym±3%,0.03,0.03,yin_or_small_yang,True,"{'ret_pct': 8.356566105510366, 'excess_pct': -68.22634846735393, 'sharpe': 0.22040313779865514, 'mdd_pct': 32.06677878729652, 'start': '2025-06-16', 'end': '2026-08-31', 'n_days': 297}",26,50.0,sh589180,589180,科创新材料ETF汇添富,
sym±2.5%仅阴,0.025,0.025,yin_only,True,"{'ret_pct': 20.692065211708766, 'excess_pct': -55.89084936115553, 'sharpe': 0.5581060538106417, 'mdd_pct': 33.35211330519011, 'start': '2025-06-16', 'end': '2026-08-31', 'n_days': 297}",27,48.148148148148145,sh589180,589180,科创新材料ETF汇添富,
sym±2.5%不限前日,0.025,0.025,any,True,"{'ret_pct': 43.041436789184, 'excess_pct': -33.5414777836803, 'sharpe': 1.0705318270151447, 'mdd_pct': 33.35282224593762, 'start': '2025-06-16', 'end': '2026-08-31', 'n_days': 297}",31,54.83870967741935,sh589180,589180,科创新材料ETF汇添富,
sym±2.5%不禁双阳,0.025,0.025,yin_or_small_yang,False,"{'ret_pct': 43.041436789184, 'excess_pct': -33.5414777836803, 'sharpe': 1.0705318270151447, 'mdd_pct': 33.35282224593762, 'start': '2025-06-16', 'end': '2026-08-31', 'n_days': 297}",31,54.83870967741935,sh589180,589180,科创新材料ETF汇添富,
买2/止3,0.02,0.03,yin_or_small_yang,True,"{'ret_pct': 46.358048210467295, 'excess_pct': -30.224866362397, 'sharpe': 1.0670787396109196, 'mdd_pct': 40.01468658145526, 'start': '2025-06-16', 'end': '2026-08-31', 'n_days': 297}",30,56.666666666666664,sh589180,589180,科创新材料ETF汇添富,
买2.5/止3.5,0.025,0.035,yin_or_small_yang,True,"{'ret_pct': 51.432379108464055, 'excess_pct': -25.150535464400242, 'sharpe': 1.1648032337855228, 'mdd_pct': 35.638188577021246, 'start': '2025-06-16', 'end': '2026-08-31', 'n_days': 297}",24,58.333333333333336,sh589180,589180,科创新材料ETF汇添富,
买3/止2.5,0.03,0.025,yin_or_small_yang,True,"{'ret_pct': 26.0183630814079, 'excess_pct': -50.5645514914564, 'sharpe': 0.6930767137437605, 'mdd_pct': 31.056596284530457, 'start': '2025-06-16', 'end': '2026-08-31', 'n_days': 297}",27,59.25925925925925,sh589180,589180,科创新材料ETF汇添富,
买2/止2.5,0.02,0.025,yin_or_small_yang,True,"{'ret_pct': 53.87029782355839, 'excess_pct': -22.71261674930591, 'sharpe': 1.2302663227142818, 'mdd_pct': 43.03066914186776, 'start': '2025-06-16', 'end': '2026-08-31', 'n_days': 297}",35,54.285714285714285,sh589180,589180,科创新材料ETF汇添富,108.0
买3/止4,0.03,0.04,yin_or_small_yang,True,"{'ret_pct': -0.7488795299680162, 'excess_pct': -77.33179410283232, 'sharpe': -0.01775414154231369, 'mdd_pct': 36.86938184741947, 'start': '2025-06-16', 'end': '2026-08-31', 'n_days': 297}",20,40.0,sh589180,589180,科创新材料ETF汇添富,
sym±2%,0.02,0.02,yin_or_small_yang,True,"{'ret_pct': -7.16249299955517, 'excess_pct': -25.43172376878594, 'sharpe': -0.2997581331373203, 'mdd_pct': 35.80664609659996, 'start': '2026-02-06', 'end': '2026-08-31', 'n_days': 136}",35,42.857142857142854,sh589170,589170,科创芯片设计ETF鹏华,
sym±2.5%,0.025,0.025,yin_or_small_yang,True,"{'ret_pct': -6.914261374329611, 'excess_pct': -25.18349214356038, 'sharpe': -0.27611918108626, 'mdd_pct': 37.533751712529714, 'start': '2026-02-06', 'end': '2026-08-31', 'n_days': 136}",27,40.74074074074074,sh589170,589170,科创芯片设计ETF鹏华,
sym±3%,0.03,0.03,yin_or_small_yang,True,"{'ret_pct': 5.371725916451187, 'excess_pct': -12.897504852779583, 'sharpe': 0.2251371380442669, 'mdd_pct': 29.78708485754239, 'start': '2026-02-06', 'end': '2026-08-31', 'n_days': 136}",19,42.10526315789473,sh589170,589170,科创芯片设计ETF鹏华,104.0
sym±2.5%仅阴,0.025,0.025,yin_only,True,"{'ret_pct': -15.20271032135999, 'excess_pct': -33.47194109059076, 'sharpe': -0.6536459398614107, 'mdd_pct': 32.056112890546494, 'start': '2026-02-06', 'end': '2026-08-31', 'n_days': 136}",23,43.47826086956522,sh589170,589170,科创芯片设计ETF鹏华,
sym±2.5%不限前日,0.025,0.025,any,True,"{'ret_pct': -6.914261374329611, 'excess_pct': -25.18349214356038, 'sharpe': -0.27611918108626, 'mdd_pct': 37.533751712529714, 'start': '2026-02-06', 'end': '2026-08-31', 'n_days': 136}",27,40.74074074074074,sh589170,589170,科创芯片设计ETF鹏华,
sym±2.5%不禁双阳,0.025,0.025,yin_or_small_yang,False,"{'ret_pct': -6.914261374329611, 'excess_pct': -25.18349214356038, 'sharpe': -0.27611918108626, 'mdd_pct': 37.533751712529714, 'start': '2026-02-06', 'end': '2026-08-31', 'n_days': 136}",27,40.74074074074074,sh589170,589170,科创芯片设计ETF鹏华,
买2/止3,0.02,0.03,yin_or_small_yang,True,"{'ret_pct': 0.06752611126081831, 'excess_pct': -18.20170465796995, 'sharpe': 0.002574545586990104, 'mdd_pct': 37.75522544597465, 'start': '2026-02-06', 'end': '2026-08-31', 'n_days': 136}",24,45.83333333333333,sh589170,589170,科创芯片设计ETF鹏华,
买2.5/止3.5,0.025,0.035,yin_or_small_yang,True,"{'ret_pct': -17.983509432483203, 'excess_pct': -36.252740201713976, 'sharpe': -0.5994491854288635, 'mdd_pct': 42.045774911425895, 'start': '2026-02-06', 'end': '2026-08-31', 'n_days': 136}",19,42.10526315789473,sh589170,589170,科创芯片设计ETF鹏华,
买3/止2.5,0.03,0.025,yin_or_small_yang,True,"{'ret_pct': -2.735688711356832, 'excess_pct': -21.004919480587603, 'sharpe': -0.11985989968079894, 'mdd_pct': 27.600715961822154, 'start': '2026-02-06', 'end': '2026-08-31', 'n_days': 136}",23,39.130434782608695,sh589170,589170,科创芯片设计ETF鹏华,
买2/止2.5,0.02,0.025,yin_or_small_yang,True,"{'ret_pct': 1.735656015673559, 'excess_pct': -16.53357475355721, 'sharpe': 0.07109214463546175, 'mdd_pct': 35.13257363166381, 'start': '2026-02-06', 'end': '2026-08-31', 'n_days': 136}",29,44.827586206896555,sh589170,589170,科创芯片设计ETF鹏华,
买3/止4,0.03,0.04,yin_or_small_yang,True,"{'ret_pct': -7.564144865500788, 'excess_pct': -25.83337563473156, 'sharpe': -0.27009554919920337, 'mdd_pct': 39.18015419126834, 'start': '2026-02-06', 'end': '2026-08-31', 'n_days': 136}",16,37.5,sh589170,589170,科创芯片设计ETF鹏华,
sym±2%,0.02,0.02,yin_or_small_yang,True,"{'ret_pct': 28.04678894828152, 'excess_pct': -2.845889085820776, 'sharpe': 1.375290494415477, 'mdd_pct': 28.15879574795105, 'start': '2026-01-30', 'end': '2026-08-31', 'n_days': 141}",29,41.37931034482759,sh589160,589160,科创芯片ETF广发,
sym±2.5%,0.025,0.025,yin_or_small_yang,True,"{'ret_pct': 62.039116226851185, 'excess_pct': 31.14643819274889, 'sharpe': 3.3371411930023136, 'mdd_pct': 28.65080739850143, 'start': '2026-01-30', 'end': '2026-08-31', 'n_days': 141}",22,50.0,sh589160,589160,科创芯片ETF广发,5.0
sym±3%,0.03,0.03,yin_or_small_yang,True,"{'ret_pct': 50.228290193599975, 'excess_pct': 19.33561215949768, 'sharpe': 2.5816314323009144, 'mdd_pct': 26.201725350860418, 'start': '2026-01-30', 'end': '2026-08-31', 'n_days': 141}",17,52.94117647058824,sh589160,589160,科创芯片ETF广发,
sym±2.5%仅阴,0.025,0.025,yin_only,True,"{'ret_pct': 44.5188237348128, 'excess_pct': 13.626145700710502, 'sharpe': 2.405441468746809, 'mdd_pct': 28.649195427822892, 'start': '2026-01-30', 'end': '2026-08-31', 'n_days': 141}",20,45.0,sh589160,589160,科创芯片ETF广发,
sym±2.5%不限前日,0.025,0.025,any,True,"{'ret_pct': 62.039116226851185, 'excess_pct': 31.14643819274889, 'sharpe': 3.3371411930023136, 'mdd_pct': 28.65080739850143, 'start': '2026-01-30', 'end': '2026-08-31', 'n_days': 141}",22,50.0,sh589160,589160,科创芯片ETF广发,
sym±2.5%不禁双阳,0.025,0.025,yin_or_small_yang,False,"{'ret_pct': 62.039116226851185, 'excess_pct': 31.14643819274889, 'sharpe': 3.3371411930023136, 'mdd_pct': 28.65080739850143, 'start': '2026-01-30', 'end': '2026-08-31', 'n_days': 141}",22,50.0,sh589160,589160,科创芯片ETF广发,
买2/止3,0.02,0.03,yin_or_small_yang,True,"{'ret_pct': 40.71495501241278, 'excess_pct': 9.822276978310484, 'sharpe': 1.8227060084142261, 'mdd_pct': 28.84635739918383, 'start': '2026-01-30', 'end': '2026-08-31', 'n_days': 141}",22,45.45454545454545,sh589160,589160,科创芯片ETF广发,
买2.5/止3.5,0.025,0.035,yin_or_small_yang,True,"{'ret_pct': 55.31772935752313, 'excess_pct': 24.42505132342083, 'sharpe': 2.621559401422762, 'mdd_pct': 32.49941092644298, 'start': '2026-01-30', 'end': '2026-08-31', 'n_days': 141}",15,53.333333333333336,sh589160,589160,科创芯片ETF广发,
买3/止2.5,0.03,0.025,yin_or_small_yang,True,"{'ret_pct': 55.80812054919999, 'excess_pct': 24.915442515097695, 'sharpe': 3.1006536490051677, 'mdd_pct': 24.731595309888775, 'start': '2026-01-30', 'end': '2026-08-31', 'n_days': 141}",19,47.368421052631575,sh589160,589160,科创芯片ETF广发,
买2/止2.5,0.02,0.025,yin_or_small_yang,True,"{'ret_pct': 44.30465183264316, 'excess_pct': 13.411973798540863, 'sharpe': 2.11108464557789, 'mdd_pct': 27.020579288961898, 'start': '2026-01-30', 'end': '2026-08-31', 'n_days': 141}",26,42.30769230769231,sh589160,589160,科创芯片ETF广发,
买3/止4,0.03,0.04,yin_or_small_yang,True,"{'ret_pct': 41.430345096726384, 'excess_pct': 10.537667062624088, 'sharpe': 1.9582137666299946, 'mdd_pct': 29.795940120698383, 'start': '2026-01-30', 'end': '2026-08-31', 'n_days': 141}",13,46.15384615384615,sh589160,589160,科创芯片ETF广发,
sym±2%,0.02,0.02,yin_or_small_yang,True,"{'ret_pct': 14.216010163776026, 'excess_pct': -2.0053638820255024, 'sharpe': 0.6941357581203405, 'mdd_pct': 23.672994125389625, 'start': '2026-01-06', 'end': '2026-08-31', 'n_days': 159}",26,42.30769230769231,sh589150,589150,科创50ETF平安,
sym±2.5%,0.025,0.025,yin_or_small_yang,True,"{'ret_pct': 13.234136777574413, 'excess_pct': -2.9872372682271155, 'sharpe': 0.6236229772291239, 'mdd_pct': 20.264770286509005, 'start': '2026-01-06', 'end': '2026-08-31', 'n_days': 159}",21,52.38095238095239,sh589150,589150,科创50ETF平安,
sym±3%,0.03,0.03,yin_or_small_yang,True,"{'ret_pct': 17.037386533248046, 'excess_pct': 0.8160124874465176, 'sharpe': 0.7632994424145725, 'mdd_pct': 21.28446075882794, 'start': '2026-01-06', 'end': '2026-08-31', 'n_days': 159}",16,50.0,sh589150,589150,科创50ETF平安,
sym±2.5%仅阴,0.025,0.025,yin_only,True,"{'ret_pct': 17.53005146964801, 'excess_pct': 1.3086774238464827, 'sharpe': 0.9418510584175687, 'mdd_pct': 12.907598233031802, 'start': '2026-01-06', 'end': '2026-08-31', 'n_days': 159}",17,47.05882352941176,sh589150,589150,科创50ETF平安,73.0
sym±2.5%不限前日,0.025,0.025,any,True,"{'ret_pct': 16.934245250985303, 'excess_pct': 0.7128712051837738, 'sharpe': 0.8065613200579552, 'mdd_pct': 20.268777785907155, 'start': '2026-01-06', 'end': '2026-08-31', 'n_days': 159}",21,52.38095238095239,sh589150,589150,科创50ETF平安,
sym±2.5%不禁双阳,0.025,0.025,yin_or_small_yang,False,"{'ret_pct': 10.378317690451233, 'excess_pct': -5.843056355350296, 'sharpe': 0.48152581604085676, 'mdd_pct': 20.261530123708337, 'start': '2026-01-06', 'end': '2026-08-31', 'n_days': 159}",21,52.38095238095239,sh589150,589150,科创50ETF平安,
买2/止3,0.02,0.03,yin_or_small_yang,True,"{'ret_pct': 9.9712580721536, 'excess_pct': -6.2501159736479295, 'sharpe': 0.4054853645023366, 'mdd_pct': 28.345714094986928, 'start': '2026-01-06', 'end': '2026-08-31', 'n_days': 159}",18,38.88888888888889,sh589150,589150,科创50ETF平安,
买2.5/止3.5,0.025,0.035,yin_or_small_yang,True,"{'ret_pct': 16.70409237775674, 'excess_pct': 0.48271833195521197, 'sharpe': 0.7044601804718095, 'mdd_pct': 24.910534401948404, 'start': '2026-01-06', 'end': '2026-08-31', 'n_days': 159}",14,42.857142857142854,sh589150,589150,科创50ETF平安,
买3/止2.5,0.03,0.025,yin_or_small_yang,True,"{'ret_pct': 17.72126880810565, 'excess_pct': 1.4998947623041197, 'sharpe': 0.884064828039277, 'mdd_pct': 13.05776071265875, 'start': '2026-01-06', 'end': '2026-08-31', 'n_days': 159}",19,52.63157894736842,sh589150,589150,科创50ETF平安,
买2/止2.5,0.02,0.025,yin_or_small_yang,True,"{'ret_pct': 10.749949767801636, 'excess_pct': -5.471424277999892, 'sharpe': 0.4830447475515939, 'mdd_pct': 26.17482811604551, 'start': '2026-01-06', 'end': '2026-08-31', 'n_days': 159}",23,52.17391304347826,sh589150,589150,科创50ETF平安,
买3/止4,0.03,0.04,yin_or_small_yang,True,"{'ret_pct': 15.095233437008005, 'excess_pct': -1.1261406087935235, 'sharpe': 0.6296904836279573, 'mdd_pct': 20.121142729486852, 'start': '2026-01-06', 'end': '2026-08-31', 'n_days': 159}",12,33.33333333333333,sh589150,589150,科创50ETF平安,
sym±2%,0.02,0.02,yin_or_small_yang,True,"{'ret_pct': 45.13891089290234, 'excess_pct': 6.0382266309277455, 'sharpe': 2.0787469434552803, 'mdd_pct': 21.10834425254813, 'start': '2026-01-08', 'end': '2026-08-31', 'n_days': 157}",31,48.38709677419355,sh589130,589130,科创芯片ETF易方达,
sym±2.5%,0.025,0.025,yin_or_small_yang,True,"{'ret_pct': 43.23067453440317, 'excess_pct': 4.129990272428579, 'sharpe': 1.910179400515168, 'mdd_pct': 20.08937251685928, 'start': '2026-01-08', 'end': '2026-08-31', 'n_days': 157}",26,46.15384615384615,sh589130,589130,科创芯片ETF易方达,
sym±3%,0.03,0.03,yin_or_small_yang,True,"{'ret_pct': 42.472486760419216, 'excess_pct': 3.371802498444623, 'sharpe': 1.8849796551223086, 'mdd_pct': 18.163023233220454, 'start': '2026-01-08', 'end': '2026-08-31', 'n_days': 157}",22,54.54545454545454,sh589130,589130,科创芯片ETF易方达,
sym±2.5%仅阴,0.025,0.025,yin_only,True,"{'ret_pct': 36.85966997011199, 'excess_pct': -2.241014291862605, 'sharpe': 1.7612438643452557, 'mdd_pct': 15.771607057200809, 'start': '2026-01-08', 'end': '2026-08-31', 'n_days': 157}",23,43.47826086956522,sh589130,589130,科创芯片ETF易方达,
sym±2.5%不限前日,0.025,0.025,any,True,"{'ret_pct': 28.899671713587093, 'excess_pct': -10.2010125483875, 'sharpe': 1.1968443033571226, 'mdd_pct': 25.59418009400317, 'start': '2026-01-08', 'end': '2026-08-31', 'n_days': 157}",28,42.857142857142854,sh589130,589130,科创芯片ETF易方达,
sym±2.5%不禁双阳,0.025,0.025,yin_or_small_yang,False,"{'ret_pct': 43.23067453440317, 'excess_pct': 4.129990272428579, 'sharpe': 1.910179400515168, 'mdd_pct': 20.08937251685928, 'start': '2026-01-08', 'end': '2026-08-31', 'n_days': 157}",26,46.15384615384615,sh589130,589130,科创芯片ETF易方达,
买2/止3,0.02,0.03,yin_or_small_yang,True,"{'ret_pct': 40.653283422537534, 'excess_pct': 1.5525991605629414, 'sharpe': 1.6135279021899769, 'mdd_pct': 21.556530228525382, 'start': '2026-01-08', 'end': '2026-08-31', 'n_days': 157}",26,46.15384615384615,sh589130,589130,科创芯片ETF易方达,
买2.5/止3.5,0.025,0.035,yin_or_small_yang,True,"{'ret_pct': 40.60473484033602, 'excess_pct': 1.5040505783614293, 'sharpe': 1.6213064296991655, 'mdd_pct': 27.4129881243288, 'start': '2026-01-08', 'end': '2026-08-31', 'n_days': 157}",19,52.63157894736842,sh589130,589130,科创芯片ETF易方达,
买3/止2.5,0.03,0.025,yin_or_small_yang,True,"{'ret_pct': 22.63001693129285, 'excess_pct': -16.470667330681742, 'sharpe': 0.9957274515248876, 'mdd_pct': 23.334937961063275, 'start': '2026-01-08', 'end': '2026-08-31', 'n_days': 157}",25,48.0,sh589130,589130,科创芯片ETF易方达,
买2/止2.5,0.02,0.025,yin_or_small_yang,True,"{'ret_pct': 38.951182513510375, 'excess_pct': -0.1495017484642176, 'sharpe': 1.634543143793132, 'mdd_pct': 20.005849917259766, 'start': '2026-01-08', 'end': '2026-08-31', 'n_days': 157}",28,46.42857142857143,sh589130,589130,科创芯片ETF易方达,
买3/止4,0.03,0.04,yin_or_small_yang,True,"{'ret_pct': 57.14440548534403, 'excess_pct': 18.043721223369438, 'sharpe': 2.389543650070494, 'mdd_pct': 23.69582249640565, 'start': '2026-01-08', 'end': '2026-08-31', 'n_days': 157}",14,57.14285714285714,sh589130,589130,科创芯片ETF易方达,23.0
sym±2%,0.02,0.02,yin_or_small_yang,True,"{'ret_pct': -11.17312071444797, 'excess_pct': 4.235042550858159, 'sharpe': -0.4054126353475017, 'mdd_pct': 15.881935084963871, 'start': '2025-09-19', 'end': '2026-08-31', 'n_days': 228}",37,32.432432432432435,sh589120,589120,科创创新药ETF汇添富,
sym±2.5%,0.025,0.025,yin_or_small_yang,True,"{'ret_pct': -36.39868329824319, 'excess_pct': -20.990520032937063, 'sharpe': -1.2914644023902977, 'mdd_pct': 36.39868329824319, 'start': '2025-09-19', 'end': '2026-08-31', 'n_days': 228}",33,33.33333333333333,sh589120,589120,科创创新药ETF汇添富,
sym±3%,0.03,0.03,yin_or_small_yang,True,"{'ret_pct': -38.68746525796478, 'excess_pct': -23.279301992658652, 'sharpe': -1.3564144459746141, 'mdd_pct': 40.42689864143678, 'start': '2025-09-19', 'end': '2026-08-31', 'n_days': 228}",22,36.36363636363637,sh589120,589120,科创创新药ETF汇添富,
sym±2.5%仅阴,0.025,0.025,yin_only,True,"{'ret_pct': -7.13327370037441, 'excess_pct': 8.27488956493172, 'sharpe': -0.2882107888813479, 'mdd_pct': 17.63723625272976, 'start': '2025-09-19', 'end': '2026-08-31', 'n_days': 228}",22,40.909090909090914,sh589120,589120,科创创新药ETF汇添富,91.0
sym±2.5%不限前日,0.025,0.025,any,True,"{'ret_pct': -36.39868329824319, 'excess_pct': -20.990520032937063, 'sharpe': -1.2914644023902977, 'mdd_pct': 36.39868329824319, 'start': '2025-09-19', 'end': '2026-08-31', 'n_days': 228}",33,33.33333333333333,sh589120,589120,科创创新药ETF汇添富,
sym±2.5%不禁双阳,0.025,0.025,yin_or_small_yang,False,"{'ret_pct': -36.39868329824319, 'excess_pct': -20.990520032937063, 'sharpe': -1.2914644023902977, 'mdd_pct': 36.39868329824319, 'start': '2025-09-19', 'end': '2026-08-31', 'n_days': 228}",33,33.33333333333333,sh589120,589120,科创创新药ETF汇添富,
买2/止3,0.02,0.03,yin_or_small_yang,True,"{'ret_pct': -37.05728215368318, 'excess_pct': -21.649118888377053, 'sharpe': -1.1274969278258578, 'mdd_pct': 37.05728215368318, 'start': '2025-09-19', 'end': '2026-08-31', 'n_days': 228}",24,33.33333333333333,sh589120,589120,科创创新药ETF汇添富,
买2.5/止3.5,0.025,0.035,yin_or_small_yang,True,"{'ret_pct': -34.431957634223984, 'excess_pct': -19.023794368917855, 'sharpe': -1.0333294744905577, 'mdd_pct': 42.26891562336, 'start': '2025-09-19', 'end': '2026-08-31', 'n_days': 228}",15,33.33333333333333,sh589120,589120,科创创新药ETF汇添富,
买3/止2.5,0.03,0.025,yin_or_small_yang,True,"{'ret_pct': -29.079563909260784, 'excess_pct': -13.671400643954655, 'sharpe': -1.118727716529882, 'mdd_pct': 29.38421473199999, 'start': '2025-09-19', 'end': '2026-08-31', 'n_days': 228}",28,39.285714285714285,sh589120,589120,科创创新药ETF汇添富,
买2/止2.5,0.02,0.025,yin_or_small_yang,True,"{'ret_pct': -22.283713787107175, 'excess_pct': -6.8755505218010455, 'sharpe': -0.755541989078534, 'mdd_pct': 22.358085599366383, 'start': '2025-09-19', 'end': '2026-08-31', 'n_days': 228}",33,33.33333333333333,sh589120,589120,科创创新药ETF汇添富,
买3/止4,0.03,0.04,yin_or_small_yang,True,"{'ret_pct': -19.041996291449603, 'excess_pct': -3.633833026143474, 'sharpe': -0.5558248392322409, 'mdd_pct': 33.35467084760959, 'start': '2025-09-19', 'end': '2026-08-31', 'n_days': 228}",8,50.0,sh589120,589120,科创创新药ETF汇添富,
sym±2%,0.02,0.02,yin_or_small_yang,True,"{'ret_pct': 40.22839286040316, 'excess_pct': 41.17775994901076, 'sharpe': 1.63457788785724, 'mdd_pct': 15.853415972762452, 'start': '2025-10-15', 'end': '2026-08-31', 'n_days': 216}",31,45.16129032258064,sh589110,589110,科创人工智能ETF国泰,
sym±2.5%,0.025,0.025,yin_or_small_yang,True,"{'ret_pct': 21.887502996627163, 'excess_pct': 22.836870085234764, 'sharpe': 0.8972251851719055, 'mdd_pct': 17.010276362898747, 'start': '2025-10-15', 'end': '2026-08-31', 'n_days': 216}",23,56.52173913043478,sh589110,589110,科创人工智能ETF国泰,
sym±3%,0.03,0.03,yin_or_small_yang,True,"{'ret_pct': 28.07153243940799, 'excess_pct': 29.02089952801559, 'sharpe': 1.2864795252950811, 'mdd_pct': 13.81105719093776, 'start': '2025-10-15', 'end': '2026-08-31', 'n_days': 216}",15,53.333333333333336,sh589110,589110,科创人工智能ETF国泰,
sym±2.5%仅阴,0.025,0.025,yin_only,True,"{'ret_pct': 41.639655565625546, 'excess_pct': 42.58902265423315, 'sharpe': 1.8496184680714625, 'mdd_pct': 15.495296906287503, 'start': '2025-10-15', 'end': '2026-08-31', 'n_days': 216}",18,72.22222222222221,sh589110,589110,科创人工智能ETF国泰,39.0
sym±2.5%不限前日,0.025,0.025,any,True,"{'ret_pct': 21.887502996627163, 'excess_pct': 22.836870085234764, 'sharpe': 0.8972251851719055, 'mdd_pct': 17.010276362898747, 'start': '2025-10-15', 'end': '2026-08-31', 'n_days': 216}",23,56.52173913043478,sh589110,589110,科创人工智能ETF国泰,
sym±2.5%不禁双阳,0.025,0.025,yin_or_small_yang,False,"{'ret_pct': 21.887502996627163, 'excess_pct': 22.836870085234764, 'sharpe': 0.8972251851719055, 'mdd_pct': 17.010276362898747, 'start': '2025-10-15', 'end': '2026-08-31', 'n_days': 216}",23,56.52173913043478,sh589110,589110,科创人工智能ETF国泰,
买2/止3,0.02,0.03,yin_or_small_yang,True,"{'ret_pct': 19.41051109302714, 'excess_pct': 20.35987818163474, 'sharpe': 0.6909665435409729, 'mdd_pct': 23.255666920401296, 'start': '2025-10-15', 'end': '2026-08-31', 'n_days': 216}",22,45.45454545454545,sh589110,589110,科创人工智能ETF国泰,
买2.5/止3.5,0.025,0.035,yin_or_small_yang,True,"{'ret_pct': 21.742510322460753, 'excess_pct': 22.691877411068354, 'sharpe': 0.7951411159006712, 'mdd_pct': 17.833312678348367, 'start': '2025-10-15', 'end': '2026-08-31', 'n_days': 216}",15,46.666666666666664,sh589110,589110,科创人工智能ETF国泰,
买3/止2.5,0.03,0.025,yin_or_small_yang,True,"{'ret_pct': 32.11376691439358, 'excess_pct': 33.06313400300118, 'sharpe': 1.6242076425748042, 'mdd_pct': 12.968161507220366, 'start': '2025-10-15', 'end': '2026-08-31', 'n_days': 216}",17,70.58823529411765,sh589110,589110,科创人工智能ETF国泰,
买2/止2.5,0.02,0.025,yin_or_small_yang,True,"{'ret_pct': 20.97641957794554, 'excess_pct': 21.925786666553137, 'sharpe': 0.7809255728655402, 'mdd_pct': 18.168649433265493, 'start': '2025-10-15', 'end': '2026-08-31', 'n_days': 216}",28,50.0,sh589110,589110,科创人工智能ETF国泰,
买3/止4,0.03,0.04,yin_or_small_yang,True,"{'ret_pct': 21.071354226943974, 'excess_pct': 22.020721315551576, 'sharpe': 0.7989299751318031, 'mdd_pct': 19.36104197627946, 'start': '2025-10-15', 'end': '2026-08-31', 'n_days': 216}",10,50.0,sh589110,589110,科创人工智能ETF国泰,
sym±2%,0.02,0.02,yin_or_small_yang,True,"{'ret_pct': 154.46758309991364, 'excess_pct': 150.65164595064314, 'sharpe': 2.8783424685203314, 'mdd_pct': 22.900350867147658, 'start': '2025-04-07', 'end': '2026-08-31', 'n_days': 343}",57,54.385964912280706,sh589100,589100,科创芯片ETF国泰,4.0
sym±2.5%,0.025,0.025,yin_or_small_yang,True,"{'ret_pct': -6.8191977137055275, 'excess_pct': -10.635134862976015, 'sharpe': -0.08411300521576656, 'mdd_pct': 58.553798757507735, 'start': '2025-04-07', 'end': '2026-08-31', 'n_days': 343}",43,44.18604651162791,sh589100,589100,科创芯片ETF国泰,
sym±3%,0.03,0.03,yin_or_small_yang,True,"{'ret_pct': -1.1117854424768425, 'excess_pct': -4.9277225917473295, 'sharpe': -0.01358306923556291, 'mdd_pct': 60.85875135961991, 'start': '2025-04-07', 'end': '2026-08-31', 'n_days': 343}",29,55.172413793103445,sh589100,589100,科创芯片ETF国泰,
sym±2.5%仅阴,0.025,0.025,yin_only,True,"{'ret_pct': -11.262500833487953, 'excess_pct': -15.078437982758441, 'sharpe': -0.1443548396482775, 'mdd_pct': 58.567054693393075, 'start': '2025-04-07', 'end': '2026-08-31', 'n_days': 343}",35,48.57142857142857,sh589100,589100,科创芯片ETF国泰,
sym±2.5%不限前日,0.025,0.025,any,True,"{'ret_pct': -12.759523735776767, 'excess_pct': -16.575460885047256, 'sharpe': -0.1587795678499626, 'mdd_pct': 58.53943247907274, 'start': '2025-04-07', 'end': '2026-08-31', 'n_days': 343}",44,43.18181818181818,sh589100,589100,科创芯片ETF国泰,
sym±2.5%不禁双阳,0.025,0.025,yin_or_small_yang,False,"{'ret_pct': 3.678938167846524, 'excess_pct': -0.1369989814239636, 'sharpe': 0.04461294293070811, 'mdd_pct': 58.5846304637103, 'start': '2025-04-07', 'end': '2026-08-31', 'n_days': 343}",43,46.51162790697674,sh589100,589100,科创芯片ETF国泰,
买2/止3,0.02,0.03,yin_or_small_yang,True,"{'ret_pct': 9.811792248710404, 'excess_pct': 5.9958550994399165, 'sharpe': 0.1145770434827514, 'mdd_pct': 62.934782979170635, 'start': '2025-04-07', 'end': '2026-08-31', 'n_days': 343}",37,54.054054054054056,sh589100,589100,科创芯片ETF国泰,
买2.5/止3.5,0.025,0.035,yin_or_small_yang,True,"{'ret_pct': 12.155003409231991, 'excess_pct': 8.339066259961504, 'sharpe': 0.13938347965877793, 'mdd_pct': 61.0686994072847, 'start': '2025-04-07', 'end': '2026-08-31', 'n_days': 343}",25,56.00000000000001,sh589100,589100,科创芯片ETF国泰,
买3/止2.5,0.03,0.025,yin_or_small_yang,True,"{'ret_pct': -13.353547436415935, 'excess_pct': -17.169484585686423, 'sharpe': -0.1698295640450831, 'mdd_pct': 59.63255649835184, 'start': '2025-04-07', 'end': '2026-08-31', 'n_days': 343}",36,50.0,sh589100,589100,科创芯片ETF国泰,
买2/止2.5,0.02,0.025,yin_or_small_yang,True,"{'ret_pct': -3.2751121552286766, 'excess_pct': -7.091049304499164, 'sharpe': -0.03978438990666365, 'mdd_pct': 61.62605636757004, 'start': '2025-04-07', 'end': '2026-08-31', 'n_days': 343}",48,45.83333333333333,sh589100,589100,科创芯片ETF国泰,
买3/止4,0.03,0.04,yin_or_small_yang,True,"{'ret_pct': 26.921960828988787, 'excess_pct': 23.106023679718298, 'sharpe': 0.3050828235089318, 'mdd_pct': 63.897524110913054, 'start': '2025-04-07', 'end': '2026-08-31', 'n_days': 343}",20,60.0,sh589100,589100,科创芯片ETF国泰,
sym±2%,0.02,0.02,yin_or_small_yang,True,"{'ret_pct': 14.727979867865626, 'excess_pct': 14.35760949749525, 'sharpe': 0.5167677312019762, 'mdd_pct': 19.891021329992853, 'start': '2025-08-27', 'end': '2026-08-31', 'n_days': 245}",45,40.0,sh589090,589090,科创AIETF鹏华,79.0
sym±2.5%,0.025,0.025,yin_or_small_yang,True,"{'ret_pct': 5.414063162828775, 'excess_pct': 5.0436927924583985, 'sharpe': 0.1868308543141577, 'mdd_pct': 24.45361991268743, 'start': '2025-08-27', 'end': '2026-08-31', 'n_days': 245}",35,37.142857142857146,sh589090,589090,科创AIETF鹏华,
sym±3%,0.03,0.03,yin_or_small_yang,True,"{'ret_pct': 3.209353824204797, 'excess_pct': 2.8389834538344205, 'sharpe': 0.10820535578581268, 'mdd_pct': 28.80507784936226, 'start': '2025-08-27', 'end': '2026-08-31', 'n_days': 245}",22,40.909090909090914,sh589090,589090,科创AIETF鹏华,
sym±2.5%仅阴,0.025,0.025,yin_only,True,"{'ret_pct': 11.984368278966361, 'excess_pct': 11.613997908595984, 'sharpe': 0.46156228259543486, 'mdd_pct': 23.97593550379313, 'start': '2025-08-27', 'end': '2026-08-31', 'n_days': 245}",26,46.15384615384615,sh589090,589090,科创AIETF鹏华,
sym±2.5%不限前日,0.025,0.025,any,True,"{'ret_pct': 7.482168767914943, 'excess_pct': 7.111798397544566, 'sharpe': 0.2555456359489542, 'mdd_pct': 24.450963326318455, 'start': '2025-08-27', 'end': '2026-08-31', 'n_days': 245}",35,37.142857142857146,sh589090,589090,科创AIETF鹏华,
sym±2.5%不禁双阳,0.025,0.025,yin_or_small_yang,False,"{'ret_pct': 5.414063162828775, 'excess_pct': 5.0436927924583985, 'sharpe': 0.1868308543141577, 'mdd_pct': 24.45361991268743, 'start': '2025-08-27', 'end': '2026-08-31', 'n_days': 245}",35,37.142857142857146,sh589090,589090,科创AIETF鹏华,
买2/止3,0.02,0.03,yin_or_small_yang,True,"{'ret_pct': 12.743717376236784, 'excess_pct': 12.373347005866407, 'sharpe': 0.3795316009184725, 'mdd_pct': 23.676472739884314, 'start': '2025-08-27', 'end': '2026-08-31', 'n_days': 245}",26,42.30769230769231,sh589090,589090,科创AIETF鹏华,
买2.5/止3.5,0.025,0.035,yin_or_small_yang,True,"{'ret_pct': -20.194771819699188, 'excess_pct': -20.565142190069565, 'sharpe': -0.5784889499709212, 'mdd_pct': 40.957596600368916, 'start': '2025-08-27', 'end': '2026-08-31', 'n_days': 245}",23,30.434782608695656,sh589090,589090,科创AIETF鹏华,
买3/止2.5,0.03,0.025,yin_or_small_yang,True,"{'ret_pct': 0.22002538397123406, 'excess_pct': -0.1503449863991424, 'sharpe': 0.008172102189748974, 'mdd_pct': 27.15975065977032, 'start': '2025-08-27', 'end': '2026-08-31', 'n_days': 245}",28,42.857142857142854,sh589090,589090,科创AIETF鹏华,
买2/止2.5,0.02,0.025,yin_or_small_yang,True,"{'ret_pct': 11.319685488473619, 'excess_pct': 10.949315118103243, 'sharpe': 0.35932352837625275, 'mdd_pct': 18.825388321649093, 'start': '2025-08-27', 'end': '2026-08-31', 'n_days': 245}",39,38.46153846153847,sh589090,589090,科创AIETF鹏华,
买3/止4,0.03,0.04,yin_or_small_yang,True,"{'ret_pct': -0.2403852802111528, 'excess_pct': -0.6107556505815293, 'sharpe': -0.007074923732347876, 'mdd_pct': 34.72430195625314, 'start': '2025-08-27', 'end': '2026-08-31', 'n_days': 245}",14,21.428571428571427,sh589090,589090,科创AIETF鹏华,
sym±2%,0.02,0.02,yin_or_small_yang,True,"{'ret_pct': 23.089623415846326, 'excess_pct': -35.21037658415367, 'sharpe': 0.6437011146091534, 'mdd_pct': 18.224020305074596, 'start': '2025-03-05', 'end': '2026-08-31', 'n_days': 365}",41,53.65853658536586,sh589080,589080,科创综指ETF汇添富,
sym±2.5%,0.025,0.025,yin_or_small_yang,True,"{'ret_pct': 56.46645327989121, 'excess_pct': -1.8335467201087852, 'sharpe': 1.574451084988237, 'mdd_pct': 19.76013003208824, 'start': '2025-03-05', 'end': '2026-08-31', 'n_days': 365}",24,50.0,sh589080,589080,科创综指ETF汇添富,
sym±3%,0.03,0.03,yin_or_small_yang,True,"{'ret_pct': 18.39328095901438, 'excess_pct': -39.90671904098562, 'sharpe': 0.5368436480686232, 'mdd_pct': 19.67927956617168, 'start': '2025-03-05', 'end': '2026-08-31', 'n_days': 365}",17,52.94117647058824,sh589080,589080,科创综指ETF汇添富,
sym±2.5%仅阴,0.025,0.025,yin_only,True,"{'ret_pct': 45.6683313306208, 'excess_pct': -12.631668669379195, 'sharpe': 1.3888736856924428, 'mdd_pct': 21.81948595148313, 'start': '2025-03-05', 'end': '2026-08-31', 'n_days': 365}",21,42.857142857142854,sh589080,589080,科创综指ETF汇添富,
sym±2.5%不限前日,0.025,0.025,any,True,"{'ret_pct': 56.46645327989121, 'excess_pct': -1.8335467201087852, 'sharpe': 1.574451084988237, 'mdd_pct': 19.76013003208824, 'start': '2025-03-05', 'end': '2026-08-31', 'n_days': 365}",24,50.0,sh589080,589080,科创综指ETF汇添富,
sym±2.5%不禁双阳,0.025,0.025,yin_or_small_yang,False,"{'ret_pct': 60.58289422101764, 'excess_pct': 2.282894221017642, 'sharpe': 1.6567203180720815, 'mdd_pct': 19.758639723466963, 'start': '2025-03-05', 'end': '2026-08-31', 'n_days': 365}",24,50.0,sh589080,589080,科创综指ETF汇添富,47.0
买2/止3,0.02,0.03,yin_or_small_yang,True,"{'ret_pct': 59.24799559996803, 'excess_pct': 0.9479955999680314, 'sharpe': 1.3460574324944843, 'mdd_pct': 24.28938186362076, 'start': '2025-03-05', 'end': '2026-08-31', 'n_days': 365}",22,50.0,sh589080,589080,科创综指ETF汇添富,
买2.5/止3.5,0.025,0.035,yin_or_small_yang,True,"{'ret_pct': 55.72298896007999, 'excess_pct': -2.5770110399200092, 'sharpe': 1.3624819360726559, 'mdd_pct': 24.991218202600095, 'start': '2025-03-05', 'end': '2026-08-31', 'n_days': 365}",17,52.94117647058824,sh589080,589080,科创综指ETF汇添富,
买3/止2.5,0.03,0.025,yin_or_small_yang,True,"{'ret_pct': 9.485592297926404, 'excess_pct': -48.814407702073595, 'sharpe': 0.312156502958005, 'mdd_pct': 18.032923646085898, 'start': '2025-03-05', 'end': '2026-08-31', 'n_days': 365}",22,50.0,sh589080,589080,科创综指ETF汇添富,
买2/止2.5,0.02,0.025,yin_or_small_yang,True,"{'ret_pct': 52.94559895851199, 'excess_pct': -5.3544010414880105, 'sharpe': 1.2974253427798434, 'mdd_pct': 21.952857092037714, 'start': '2025-03-05', 'end': '2026-08-31', 'n_days': 365}",28,57.14285714285714,sh589080,589080,科创综指ETF汇添富,
买3/止4,0.03,0.04,yin_or_small_yang,True,"{'ret_pct': 49.54689511522552, 'excess_pct': -8.75310488477448, 'sharpe': 1.2022938441573259, 'mdd_pct': 23.512553155870563, 'start': '2025-03-05', 'end': '2026-08-31', 'n_days': 365}",14,50.0,sh589080,589080,科创综指ETF汇添富,
sym±2%,0.02,0.02,yin_or_small_yang,True,"{'ret_pct': -6.840939832291204, 'excess_pct': -15.644105015278365, 'sharpe': -0.2881629883036797, 'mdd_pct': 32.38870843623637, 'start': '2026-01-23', 'end': '2026-08-31', 'n_days': 146}",36,38.88888888888889,sh589070,589070,科创芯片设计ETF天弘,
sym±2.5%,0.025,0.025,yin_or_small_yang,True,"{'ret_pct': 1.827528172051207, 'excess_pct': -6.975637010935954, 'sharpe': 0.08179892308573078, 'mdd_pct': 28.33848955834519, 'start': '2026-01-23', 'end': '2026-08-31', 'n_days': 146}",30,40.0,sh589070,589070,科创芯片设计ETF天弘,
sym±3%,0.03,0.03,yin_or_small_yang,True,"{'ret_pct': 4.284998671231999, 'excess_pct': -4.518166511755163, 'sharpe': 0.18892605319234004, 'mdd_pct': 28.192180639301434, 'start': '2026-01-23', 'end': '2026-08-31', 'n_days': 146}",22,40.909090909090914,sh589070,589070,科创芯片设计ETF天弘,99.0
sym±2.5%仅阴,0.025,0.025,yin_only,True,"{'ret_pct': -7.907455133155194, 'excess_pct': -16.710620316142354, 'sharpe': -0.36710601470342014, 'mdd_pct': 28.34213589038925, 'start': '2026-01-23', 'end': '2026-08-31', 'n_days': 146}",28,39.285714285714285,sh589070,589070,科创芯片设计ETF天弘,
sym±2.5%不限前日,0.025,0.025,any,True,"{'ret_pct': 1.827528172051207, 'excess_pct': -6.975637010935954, 'sharpe': 0.08179892308573078, 'mdd_pct': 28.33848955834519, 'start': '2026-01-23', 'end': '2026-08-31', 'n_days': 146}",30,40.0,sh589070,589070,科创芯片设计ETF天弘,
sym±2.5%不禁双阳,0.025,0.025,yin_or_small_yang,False,"{'ret_pct': 1.827528172051207, 'excess_pct': -6.975637010935954, 'sharpe': 0.08179892308573078, 'mdd_pct': 28.33848955834519, 'start': '2026-01-23', 'end': '2026-08-31', 'n_days': 146}",30,40.0,sh589070,589070,科创芯片设计ETF天弘,
买2/止3,0.02,0.03,yin_or_small_yang,True,"{'ret_pct': 0.21547212157437823, 'excess_pct': -8.587693061412782, 'sharpe': 0.008050887452294328, 'mdd_pct': 34.558854757680436, 'start': '2026-01-23', 'end': '2026-08-31', 'n_days': 146}",27,48.148148148148145,sh589070,589070,科创芯片设计ETF天弘,
买2.5/止3.5,0.025,0.035,yin_or_small_yang,True,"{'ret_pct': -4.488347295104034, 'excess_pct': -13.291512478091196, 'sharpe': -0.16992021062703178, 'mdd_pct': 28.976836305738075, 'start': '2026-01-23', 'end': '2026-08-31', 'n_days': 146}",23,34.78260869565217,sh589070,589070,科创芯片设计ETF天弘,
买3/止2.5,0.03,0.025,yin_or_small_yang,True,"{'ret_pct': -0.6796982490687831, 'excess_pct': -9.482863432055945, 'sharpe': -0.032046300106714026, 'mdd_pct': 30.239333299150438, 'start': '2026-01-23', 'end': '2026-08-31', 'n_days': 146}",25,36.0,sh589070,589070,科创芯片设计ETF天弘,
买2/止2.5,0.02,0.025,yin_or_small_yang,True,"{'ret_pct': -3.150576740931177, 'excess_pct': -11.953741923918338, 'sharpe': -0.12709415492206996, 'mdd_pct': 35.22393073243695, 'start': '2026-01-23', 'end': '2026-08-31', 'n_days': 146}",33,39.39393939393939,sh589070,589070,科创芯片设计ETF天弘,
买3/止4,0.03,0.04,yin_or_small_yang,True,"{'ret_pct': -3.473646745679959, 'excess_pct': -12.27681192866712, 'sharpe': -0.1355011319065401, 'mdd_pct': 32.81978327329283, 'start': '2026-01-23', 'end': '2026-08-31', 'n_days': 146}",19,42.10526315789473,sh589070,589070,科创芯片设计ETF天弘,
sym±2%,0.02,0.02,yin_or_small_yang,True,"{'ret_pct': 36.11151347571197, 'excess_pct': -30.18958323415842, 'sharpe': 0.8746633003670239, 'mdd_pct': 16.77165883775804, 'start': '2025-03-27', 'end': '2026-08-31', 'n_days': 349}",36,58.333333333333336,sh589060,589060,科创综指ETF东财,
sym±2.5%,0.025,0.025,yin_or_small_yang,True,"{'ret_pct': 21.524857141862384, 'excess_pct': -44.77623956800801, 'sharpe': 0.5376137829108758, 'mdd_pct': 12.990700523901676, 'start': '2025-03-27', 'end': '2026-08-31', 'n_days': 349}",27,48.148148148148145,sh589060,589060,科创综指ETF东财,
sym±3%,0.03,0.03,yin_or_small_yang,True,"{'ret_pct': 33.61751317337281, 'excess_pct': -32.683583536497586, 'sharpe': 0.8434256523850773, 'mdd_pct': 13.803100975435633, 'start': '2025-03-27', 'end': '2026-08-31', 'n_days': 349}",18,61.111111111111114,sh589060,589060,科创综指ETF东财,
sym±2.5%仅阴,0.025,0.025,yin_only,True,"{'ret_pct': 23.606713890195195, 'excess_pct': -42.6943828196752, 'sharpe': 0.618875845615867, 'mdd_pct': 12.999121194506301, 'start': '2025-03-27', 'end': '2026-08-31', 'n_days': 349}",21,52.38095238095239,sh589060,589060,科创综指ETF东财,
sym±2.5%不限前日,0.025,0.025,any,True,"{'ret_pct': 10.494345653950532, 'excess_pct': -55.80675105591986, 'sharpe': 0.25284423677055023, 'mdd_pct': 18.307868687385877, 'start': '2025-03-27', 'end': '2026-08-31', 'n_days': 349}",29,48.275862068965516,sh589060,589060,科创综指ETF东财,
sym±2.5%不禁双阳,0.025,0.025,yin_or_small_yang,False,"{'ret_pct': 23.47598350519999, 'excess_pct': -42.8251132046704, 'sharpe': 0.5842360280416284, 'mdd_pct': 12.996798117541397, 'start': '2025-03-27', 'end': '2026-08-31', 'n_days': 349}",28,50.0,sh589060,589060,科创综指ETF东财,
买2/止3,0.02,0.03,yin_or_small_yang,True,"{'ret_pct': 72.106446438832, 'excess_pct': 5.805349728961602, 'sharpe': 1.5181380842469423, 'mdd_pct': 13.240959395575691, 'start': '2025-03-27', 'end': '2026-08-31', 'n_days': 349}",21,57.14285714285714,sh589060,589060,科创综指ETF东财,52.0
买2.5/止3.5,0.025,0.035,yin_or_small_yang,True,"{'ret_pct': 57.265870725091176, 'excess_pct': -9.035225984779217, 'sharpe': 1.205195286979217, 'mdd_pct': 13.827339645851922, 'start': '2025-03-27', 'end': '2026-08-31', 'n_days': 349}",16,56.25,sh589060,589060,科创综指ETF东财,
买3/止2.5,0.03,0.025,yin_or_small_yang,True,"{'ret_pct': 4.235038547356806, 'excess_pct': -62.066058162513585, 'sharpe': 0.12259396862491782, 'mdd_pct': 20.171347243410274, 'start': '2025-03-27', 'end': '2026-08-31', 'n_days': 349}",24,41.66666666666667,sh589060,589060,科创综指ETF东财,
买2/止2.5,0.02,0.025,yin_or_small_yang,True,"{'ret_pct': 37.63934946246399, 'excess_pct': -28.661747247406403, 'sharpe': 0.8615023501494358, 'mdd_pct': 14.679841374460734, 'start': '2025-03-27', 'end': '2026-08-31', 'n_days': 349}",29,58.620689655172406,sh589060,589060,科创综指ETF东财,
买3/止4,0.03,0.04,yin_or_small_yang,True,"{'ret_pct': 18.58876657662083, 'excess_pct': -47.712330133249566, 'sharpe': 0.4343527448729626, 'mdd_pct': 17.032740819802616, 'start': '2025-03-27', 'end': '2026-08-31', 'n_days': 349}",14,57.14285714285714,sh589060,589060,科创综指ETF东财,
sym±2%,0.02,0.02,yin_or_small_yang,True,"{'ret_pct': 25.08350327057598, 'excess_pct': -7.416496729424011, 'sharpe': 0.9204399512123398, 'mdd_pct': 17.289052020725325, 'start': '2025-08-18', 'end': '2026-08-31', 'n_days': 252}",31,45.16129032258064,sh589050,589050,科创综指ETF兴业,
sym±2.5%,0.025,0.025,yin_or_small_yang,True,"{'ret_pct': 36.15564707768959, 'excess_pct': 3.6556470776896006, 'sharpe': 1.3965838125299137, 'mdd_pct': 16.295434460608305, 'start': '2025-08-18', 'end': '2026-08-31', 'n_days': 252}",24,58.333333333333336,sh589050,589050,科创综指ETF兴业,
sym±3%,0.03,0.03,yin_or_small_yang,True,"{'ret_pct': 38.88823038609597, 'excess_pct': 6.388230386095977, 'sharpe': 1.6235714171148767, 'mdd_pct': 11.939102117661193, 'start': '2025-08-18', 'end': '2026-08-31', 'n_days': 252}",17,70.58823529411765,sh589050,589050,科创综指ETF兴业,
sym±2.5%仅阴,0.025,0.025,yin_only,True,"{'ret_pct': 41.07922259550718, 'excess_pct': 8.57922259550719, 'sharpe': 1.7471222792962278, 'mdd_pct': 12.419952779888021, 'start': '2025-08-18', 'end': '2026-08-31', 'n_days': 252}",20,60.0,sh589050,589050,科创综指ETF兴业,
sym±2.5%不限前日,0.025,0.025,any,True,"{'ret_pct': 36.15564707768959, 'excess_pct': 3.6556470776896006, 'sharpe': 1.3965838125299137, 'mdd_pct': 16.295434460608305, 'start': '2025-08-18', 'end': '2026-08-31', 'n_days': 252}",24,58.333333333333336,sh589050,589050,科创综指ETF兴业,
sym±2.5%不禁双阳,0.025,0.025,yin_or_small_yang,False,"{'ret_pct': 36.15564707768959, 'excess_pct': 3.6556470776896006, 'sharpe': 1.3965838125299137, 'mdd_pct': 16.295434460608305, 'start': '2025-08-18', 'end': '2026-08-31', 'n_days': 252}",24,58.333333333333336,sh589050,589050,科创综指ETF兴业,
买2/止3,0.02,0.03,yin_or_small_yang,True,"{'ret_pct': 49.185042707750306, 'excess_pct': 16.685042707750313, 'sharpe': 1.6366188473823426, 'mdd_pct': 15.346002092819344, 'start': '2025-08-18', 'end': '2026-08-31', 'n_days': 252}",20,70.0,sh589050,589050,科创综指ETF兴业,
买2.5/止3.5,0.025,0.035,yin_or_small_yang,True,"{'ret_pct': 58.72349368872962, 'excess_pct': 26.223493688729626, 'sharpe': 2.044507027636815, 'mdd_pct': 13.178431448125316, 'start': '2025-08-18', 'end': '2026-08-31', 'n_days': 252}",16,62.5,sh589050,589050,科创综指ETF兴业,35.0
买3/止2.5,0.03,0.025,yin_or_small_yang,True,"{'ret_pct': 34.478188321119994, 'excess_pct': 1.978188321120001, 'sharpe': 1.5635672885052752, 'mdd_pct': 8.87351090421925, 'start': '2025-08-18', 'end': '2026-08-31', 'n_days': 252}",20,65.0,sh589050,589050,科创综指ETF兴业,
买2/止2.5,0.02,0.025,yin_or_small_yang,True,"{'ret_pct': 31.55577164425276, 'excess_pct': -0.9442283557472315, 'sharpe': 1.1263699249519552, 'mdd_pct': 16.532743406180984, 'start': '2025-08-18', 'end': '2026-08-31', 'n_days': 252}",26,53.84615384615385,sh589050,589050,科创综指ETF兴业,
买3/止4,0.03,0.04,yin_or_small_yang,True,"{'ret_pct': 35.4130638944256, 'excess_pct': 2.913063894425605, 'sharpe': 1.3280610056181985, 'mdd_pct': 13.623814763543429, 'start': '2025-08-18', 'end': '2026-08-31', 'n_days': 252}",14,50.0,sh589050,589050,科创综指ETF兴业,
sym±2%,0.02,0.02,yin_or_small_yang,True,"{'ret_pct': 7.44596390339527, 'excess_pct': -9.121496414065053, 'sharpe': 0.31053855599368346, 'mdd_pct': 39.969390269098405, 'start': '2026-01-19', 'end': '2026-08-31', 'n_days': 150}",37,43.24324324324324,sh589030,589030,科创芯片设计ETF易方达,
sym±2.5%,0.025,0.025,yin_or_small_yang,True,"{'ret_pct': 28.542646966326444, 'excess_pct': 11.97518664886612, 'sharpe': 1.2876662535637813, 'mdd_pct': 22.39035177261133, 'start': '2026-01-19', 'end': '2026-08-31', 'n_days': 150}",29,41.37931034482759,sh589030,589030,科创芯片设计ETF易方达,
sym±3%,0.03,0.03,yin_or_small_yang,True,"{'ret_pct': -5.367698342700777, 'excess_pct': -21.9351586601611, 'sharpe': -0.22417389831026302, 'mdd_pct': 26.466640506041085, 'start': '2026-01-19', 'end': '2026-08-31', 'n_days': 150}",24,45.83333333333333,sh589030,589030,科创芯片设计ETF易方达,
sym±2.5%仅阴,0.025,0.025,yin_only,True,"{'ret_pct': 38.36249659618885, 'excess_pct': 21.795036278728524, 'sharpe': 1.8384594607375275, 'mdd_pct': 22.38648541845436, 'start': '2026-01-19', 'end': '2026-08-31', 'n_days': 150}",26,42.30769230769231,sh589030,589030,科创芯片设计ETF易方达,44.0
sym±2.5%不限前日,0.025,0.025,any,True,"{'ret_pct': 28.542646966326444, 'excess_pct': 11.97518664886612, 'sharpe': 1.2876662535637813, 'mdd_pct': 22.39035177261133, 'start': '2026-01-19', 'end': '2026-08-31', 'n_days': 150}",29,41.37931034482759,sh589030,589030,科创芯片设计ETF易方达,
sym±2.5%不禁双阳,0.025,0.025,yin_or_small_yang,False,"{'ret_pct': 26.063695456672043, 'excess_pct': 9.49623513921172, 'sharpe': 1.160529488152555, 'mdd_pct': 22.389082483878685, 'start': '2026-01-19', 'end': '2026-08-31', 'n_days': 150}",29,41.37931034482759,sh589030,589030,科创芯片设计ETF易方达,
买2/止3,0.02,0.03,yin_or_small_yang,True,"{'ret_pct': -6.787771234150353, 'excess_pct': -23.355231551610675, 'sharpe': -0.24555118967145062, 'mdd_pct': 42.87440402089372, 'start': '2026-01-19', 'end': '2026-08-31', 'n_days': 150}",29,41.37931034482759,sh589030,589030,科创芯片设计ETF易方达,
买2.5/止3.5,0.025,0.035,yin_or_small_yang,True,"{'ret_pct': 16.908484489760035, 'excess_pct': 0.3410241722997114, 'sharpe': 0.6626965360206346, 'mdd_pct': 27.09508831308125, 'start': '2026-01-19', 'end': '2026-08-31', 'n_days': 150}",21,42.857142857142854,sh589030,589030,科创芯片设计ETF易方达,
买3/止2.5,0.03,0.025,yin_or_small_yang,True,"{'ret_pct': 0.8755814743327983, 'excess_pct': -15.691878843127526, 'sharpe': 0.038963716447675545, 'mdd_pct': 23.82383105653114, 'start': '2026-01-19', 'end': '2026-08-31', 'n_days': 150}",27,40.74074074074074,sh589030,589030,科创芯片设计ETF易方达,
买2/止2.5,0.02,0.025,yin_or_small_yang,True,"{'ret_pct': 4.161725942451211, 'excess_pct': -12.405734375009112, 'sharpe': 0.16213397111879463, 'mdd_pct': 39.36539736531264, 'start': '2026-01-19', 'end': '2026-08-31', 'n_days': 150}",33,39.39393939393939,sh589030,589030,科创芯片设计ETF易方达,
买3/止4,0.03,0.04,yin_or_small_yang,True,"{'ret_pct': 18.938627214204786, 'excess_pct': 2.3711668967444623, 'sharpe': 0.7252741037828389, 'mdd_pct': 31.18726709284593, 'start': '2026-01-19', 'end': '2026-08-31', 'n_days': 150}",14,42.857142857142854,sh589030,589030,科创芯片设计ETF易方达,
sym±2%,0.02,0.02,yin_or_small_yang,True,"{'ret_pct': 16.762943703830558, 'excess_pct': -16.715791301621998, 'sharpe': 0.24730596206955127, 'mdd_pct': 57.36215576238246, 'start': '2025-09-04', 'end': '2026-08-31', 'n_days': 239}",44,56.81818181818182,sh589020,589020,科创半导体设备ETF鹏华,
sym±2.5%,0.025,0.025,yin_or_small_yang,True,"{'ret_pct': 26.53269001756804, 'excess_pct': -6.946044987884516, 'sharpe': 0.3895349014720339, 'mdd_pct': 60.081712066968606, 'start': '2025-09-04', 'end': '2026-08-31', 'n_days': 239}",35,45.714285714285715,sh589020,589020,科创半导体设备ETF鹏华,
sym±3%,0.03,0.03,yin_or_small_yang,True,"{'ret_pct': 8.208453969014396, 'excess_pct': -25.27028103643816, 'sharpe': 0.12020687945877333, 'mdd_pct': 61.100646146692306, 'start': '2025-09-04', 'end': '2026-08-31', 'n_days': 239}",30,43.333333333333336,sh589020,589020,科创半导体设备ETF鹏华,
sym±2.5%仅阴,0.025,0.025,yin_only,True,"{'ret_pct': -17.87966232894076, 'excess_pct': -51.35839733439332, 'sharpe': -0.2739129712578948, 'mdd_pct': 60.90875502126871, 'start': '2025-09-04', 'end': '2026-08-31', 'n_days': 239}",28,46.42857142857143,sh589020,589020,科创半导体设备ETF鹏华,
sym±2.5%不限前日,0.025,0.025,any,True,"{'ret_pct': 24.202681305344065, 'excess_pct': -9.276053700108491, 'sharpe': 0.3549424806308417, 'mdd_pct': 60.09479765473477, 'start': '2025-09-04', 'end': '2026-08-31', 'n_days': 239}",35,45.714285714285715,sh589020,589020,科创半导体设备ETF鹏华,
sym±2.5%不禁双阳,0.025,0.025,yin_or_small_yang,False,"{'ret_pct': 26.53269001756804, 'excess_pct': -6.946044987884516, 'sharpe': 0.3895349014720339, 'mdd_pct': 60.081712066968606, 'start': '2025-09-04', 'end': '2026-08-31', 'n_days': 239}",35,45.714285714285715,sh589020,589020,科创半导体设备ETF鹏华,
买2/止3,0.02,0.03,yin_or_small_yang,True,"{'ret_pct': 27.02602513945278, 'excess_pct': -6.4527098659997755, 'sharpe': 0.3888009562396758, 'mdd_pct': 59.98275825832857, 'start': '2025-09-04', 'end': '2026-08-31', 'n_days': 239}",32,53.125,sh589020,589020,科创半导体设备ETF鹏华,
买2.5/止3.5,0.025,0.035,yin_or_small_yang,True,"{'ret_pct': 19.70711564672005, 'excess_pct': -13.771619358732504, 'sharpe': 0.2839666253486879, 'mdd_pct': 64.39803148628455, 'start': '2025-09-04', 'end': '2026-08-31', 'n_days': 239}",27,37.03703703703704,sh589020,589020,科创半导体设备ETF鹏华,
买3/止2.5,0.03,0.025,yin_or_small_yang,True,"{'ret_pct': 13.980664389337605, 'excess_pct': -19.49807061611495, 'sharpe': 0.2063532858942113, 'mdd_pct': 59.381956289925576, 'start': '2025-09-04', 'end': '2026-08-31', 'n_days': 239}",34,41.17647058823529,sh589020,589020,科创半导体设备ETF鹏华,
买2/止2.5,0.02,0.025,yin_or_small_yang,True,"{'ret_pct': 42.824934793276846, 'excess_pct': 9.34619978782429, 'sharpe': 0.618508476283303, 'mdd_pct': 58.269021086189795, 'start': '2025-09-04', 'end': '2026-08-31', 'n_days': 239}",36,55.55555555555556,sh589020,589020,科创半导体设备ETF鹏华,78.0
买3/止4,0.03,0.04,yin_or_small_yang,True,"{'ret_pct': 27.423545213452872, 'excess_pct': -6.055189791999684, 'sharpe': 0.38845446893503993, 'mdd_pct': 60.05651501659214, 'start': '2025-09-04', 'end': '2026-08-31', 'n_days': 239}",23,39.130434782608695,sh589020,589020,科创半导体设备ETF鹏华,
sym±2%,0.02,0.02,yin_or_small_yang,True,"{'ret_pct': 35.4447202734016, 'excess_pct': -17.64696416156641, 'sharpe': 0.8769443893921279, 'mdd_pct': 23.345604971367695, 'start': '2025-04-09', 'end': '2026-08-31', 'n_days': 341}",52,42.30769230769231,sh589010,589010,科创人工智能ETF华夏,
sym±2.5%,0.025,0.025,yin_or_small_yang,True,"{'ret_pct': 65.68863993643528, 'excess_pct': 12.59695550146727, 'sharpe': 1.5952296174220024, 'mdd_pct': 18.836594354305603, 'start': '2025-04-09', 'end': '2026-08-31', 'n_days': 341}",34,47.05882352941176,sh589010,589010,科创人工智能ETF华夏,
sym±3%,0.03,0.03,yin_or_small_yang,True,"{'ret_pct': 26.403853655731258, 'excess_pct': -26.68783077923675, 'sharpe': 0.6222668464457628, 'mdd_pct': 24.186217324828895, 'start': '2025-04-09', 'end': '2026-08-31', 'n_days': 341}",26,42.30769230769231,sh589010,589010,科创人工智能ETF华夏,
sym±2.5%仅阴,0.025,0.025,yin_only,True,"{'ret_pct': 61.54665531757442, 'excess_pct': 8.45497088260641, 'sharpe': 1.6480393885562137, 'mdd_pct': 16.942611405480324, 'start': '2025-04-09', 'end': '2026-08-31', 'n_days': 341}",30,50.0,sh589010,589010,科创人工智能ETF华夏,
sym±2.5%不限前日,0.025,0.025,any,True,"{'ret_pct': 78.021291570136, 'excess_pct': 24.92960713516799, 'sharpe': 1.8553399451502013, 'mdd_pct': 18.838572998000203, 'start': '2025-04-09', 'end': '2026-08-31', 'n_days': 341}",34,47.05882352941176,sh589010,589010,科创人工智能ETF华夏,42.0
sym±2.5%不禁双阳,0.025,0.025,yin_or_small_yang,False,"{'ret_pct': 70.70718372334726, 'excess_pct': 17.615499288379247, 'sharpe': 1.7048516178400777, 'mdd_pct': 18.83808713214651, 'start': '2025-04-09', 'end': '2026-08-31', 'n_days': 341}",34,47.05882352941176,sh589010,589010,科创人工智能ETF华夏,
买2/止3,0.02,0.03,yin_or_small_yang,True,"{'ret_pct': 35.07696584328321, 'excess_pct': -18.014718591684797, 'sharpe': 0.7371002257977317, 'mdd_pct': 29.937880330725086, 'start': '2025-04-09', 'end': '2026-08-31', 'n_days': 341}",31,41.935483870967744,sh589010,589010,科创人工智能ETF华夏,
买2.5/止3.5,0.025,0.035,yin_or_small_yang,True,"{'ret_pct': 56.920610144175996, 'excess_pct': 3.8289257092079865, 'sharpe': 1.2133793393231258, 'mdd_pct': 23.795372551245897, 'start': '2025-04-09', 'end': '2026-08-31', 'n_days': 341}",21,42.857142857142854,sh589010,589010,科创人工智能ETF华夏,
买3/止2.5,0.03,0.025,yin_or_small_yang,True,"{'ret_pct': 23.712402335897576, 'excess_pct': -29.379282099070434, 'sharpe': 0.6693471752213915, 'mdd_pct': 19.791906595648957, 'start': '2025-04-09', 'end': '2026-08-31', 'n_days': 341}",31,45.16129032258064,sh589010,589010,科创人工智能ETF华夏,
买2/止2.5,0.02,0.025,yin_or_small_yang,True,"{'ret_pct': 49.62327950407355, 'excess_pct': -3.468404930894458, 'sharpe': 1.1026992089180883, 'mdd_pct': 26.360244650166386, 'start': '2025-04-09', 'end': '2026-08-31', 'n_days': 341}",42,40.476190476190474,sh589010,589010,科创人工智能ETF华夏,
买3/止4,0.03,0.04,yin_or_small_yang,True,"{'ret_pct': 41.9993754258976, 'excess_pct': -11.092309009070412, 'sharpe': 0.8666612793373878, 'mdd_pct': 29.681987030285494, 'start': '2025-04-09', 'end': '2026-08-31', 'n_days': 341}",16,37.5,sh589010,589010,科创人工智能ETF华夏,
sym±2%,0.02,0.02,yin_or_small_yang,True,"{'ret_pct': 59.06764985924162, 'excess_pct': -0.17310938151764788, 'sharpe': 1.4423798862003028, 'mdd_pct': 18.41093486520714, 'start': '2025-03-05', 'end': '2026-08-31', 'n_days': 365}",37,51.35135135135135,sh589000,589000,科创综指ETF华夏,
sym±2.5%,0.025,0.025,yin_or_small_yang,True,"{'ret_pct': 72.51489990192637, 'excess_pct': 13.274140661167102, 'sharpe': 1.8797113284427651, 'mdd_pct': 20.627151168479962, 'start': '2025-03-05', 'end': '2026-08-31', 'n_days': 365}",24,54.166666666666664,sh589000,589000,科创综指ETF华夏,
sym±3%,0.03,0.03,yin_or_small_yang,True,"{'ret_pct': 83.46961737277758, 'excess_pct': 24.22885813201831, 'sharpe': 2.0708134239100335, 'mdd_pct': 19.964045700405464, 'start': '2025-03-05', 'end': '2026-08-31', 'n_days': 365}",17,47.05882352941176,sh589000,589000,科创综指ETF华夏,
sym±2.5%仅阴,0.025,0.025,yin_only,True,"{'ret_pct': 68.99487309405121, 'excess_pct': 9.754113853291948, 'sharpe': 1.9197427501860078, 'mdd_pct': 18.062482143923752, 'start': '2025-03-05', 'end': '2026-08-31', 'n_days': 365}",20,55.00000000000001,sh589000,589000,科创综指ETF华夏,
sym±2.5%不限前日,0.025,0.025,any,True,"{'ret_pct': 72.51489990192637, 'excess_pct': 13.274140661167102, 'sharpe': 1.8797113284427651, 'mdd_pct': 20.627151168479962, 'start': '2025-03-05', 'end': '2026-08-31', 'n_days': 365}",24,54.166666666666664,sh589000,589000,科创综指ETF华夏,
sym±2.5%不禁双阳,0.025,0.025,yin_or_small_yang,False,"{'ret_pct': 72.51489990192637, 'excess_pct': 13.274140661167102, 'sharpe': 1.8797113284427651, 'mdd_pct': 20.627151168479962, 'start': '2025-03-05', 'end': '2026-08-31', 'n_days': 365}",24,54.166666666666664,sh589000,589000,科创综指ETF华夏,
买2/止3,0.02,0.03,yin_or_small_yang,True,"{'ret_pct': 44.101726105952, 'excess_pct': -15.13903313480727, 'sharpe': 0.9606713037004351, 'mdd_pct': 22.576220384203804, 'start': '2025-03-05', 'end': '2026-08-31', 'n_days': 365}",23,52.17391304347826,sh589000,589000,科创综指ETF华夏,
买2.5/止3.5,0.025,0.035,yin_or_small_yang,True,"{'ret_pct': 103.95955541568314, 'excess_pct': 44.718796174923874, 'sharpe': 2.3504653243654605, 'mdd_pct': 27.199971091331232, 'start': '2025-03-05', 'end': '2026-08-31', 'n_days': 365}",13,46.15384615384615,sh589000,589000,科创综指ETF华夏,20.0
买3/止2.5,0.03,0.025,yin_or_small_yang,True,"{'ret_pct': 71.31450372893755, 'excess_pct': 12.073744488178285, 'sharpe': 1.9640454476646532, 'mdd_pct': 16.683242345407166, 'start': '2025-03-05', 'end': '2026-08-31', 'n_days': 365}",19,57.89473684210527,sh589000,589000,科创综指ETF华夏,
买2/止2.5,0.02,0.025,yin_or_small_yang,True,"{'ret_pct': 53.006401254038394, 'excess_pct': -6.234357986720873, 'sharpe': 1.2374862021709454, 'mdd_pct': 21.52550649711674, 'start': '2025-03-05', 'end': '2026-08-31', 'n_days': 365}",30,53.333333333333336,sh589000,589000,科创综指ETF华夏,
买3/止4,0.03,0.04,yin_or_small_yang,True,"{'ret_pct': 89.3153869929792, 'excess_pct': 30.074627752219932, 'sharpe': 1.9997181489273506, 'mdd_pct': 24.45475561515974, 'start': '2025-03-05', 'end': '2026-08-31', 'n_days': 365}",10,60.0,sh589000,589000,科创综指ETF华夏,
sym±2%,0.02,0.02,yin_or_small_yang,True,"{'ret_pct': 183.07979086353612, 'excess_pct': -92.67473629944175, 'sharpe': 1.8198788664244612, 'mdd_pct': 29.632584309296274, 'start': '2024-08-16', 'end': '2026-08-31', 'n_days': 494}",72,52.77777777777778,sh588990,588990,科创芯片ETF博时,
sym±2.5%,0.025,0.025,yin_or_small_yang,True,"{'ret_pct': 310.84848683313277, 'excess_pct': 35.0939596701549, 'sharpe': 2.47632283262529, 'mdd_pct': 24.774216966475716, 'start': '2024-08-16', 'end': '2026-08-31', 'n_days': 494}",51,62.745098039215684,sh588990,588990,科创芯片ETF博时,
sym±3%,0.03,0.03,yin_or_small_yang,True,"{'ret_pct': 207.11967449309117, 'excess_pct': -68.6348526698867, 'sharpe': 1.7869260965023583, 'mdd_pct': 27.864855511393195, 'start': '2024-08-16', 'end': '2026-08-31', 'n_days': 494}",42,61.904761904761905,sh588990,588990,科创芯片ETF博时,
sym±2.5%仅阴,0.025,0.025,yin_only,True,"{'ret_pct': 289.3735319644032, 'excess_pct': 13.61900480142532, 'sharpe': 2.493113703243154, 'mdd_pct': 17.248289187711173, 'start': '2024-08-16', 'end': '2026-08-31', 'n_days': 494}",44,65.9090909090909,sh588990,588990,科创芯片ETF博时,
sym±2.5%不限前日,0.025,0.025,any,True,"{'ret_pct': 293.06747334076795, 'excess_pct': 17.31294617779008, 'sharpe': 2.3637436824203966, 'mdd_pct': 24.76062003642172, 'start': '2024-08-16', 'end': '2026-08-31', 'n_days': 494}",51,62.745098039215684,sh588990,588990,科创芯片ETF博时,
sym±2.5%不禁双阳,0.025,0.025,yin_or_small_yang,False,"{'ret_pct': 352.4471453482208, 'excess_pct': 76.6926181852429, 'sharpe': 2.7084897937713164, 'mdd_pct': 24.765333236630127, 'start': '2024-08-16', 'end': '2026-08-31', 'n_days': 494}",51,64.70588235294117,sh588990,588990,科创芯片ETF博时,10.0
买2/止3,0.02,0.03,yin_or_small_yang,True,"{'ret_pct': 297.91708328602886, 'excess_pct': 22.16255612305099, 'sharpe': 2.2216075315217276, 'mdd_pct': 33.48978836689229, 'start': '2024-08-16', 'end': '2026-08-31', 'n_days': 494}",49,63.26530612244898,sh588990,588990,科创芯片ETF博时,
买2.5/止3.5,0.025,0.035,yin_or_small_yang,True,"{'ret_pct': 343.47199200128006, 'excess_pct': 67.71746483830219, 'sharpe': 2.4771075414581425, 'mdd_pct': 28.343002687590445, 'start': '2024-08-16', 'end': '2026-08-31', 'n_days': 494}",38,60.526315789473685,sh588990,588990,科创芯片ETF博时,
买3/止2.5,0.03,0.025,yin_or_small_yang,True,"{'ret_pct': 211.27553591592644, 'excess_pct': -64.47899124705143, 'sharpe': 1.903910042226229, 'mdd_pct': 25.74258026631825, 'start': '2024-08-16', 'end': '2026-08-31', 'n_days': 494}",47,57.446808510638306,sh588990,588990,科创芯片ETF博时,
买2/止2.5,0.02,0.025,yin_or_small_yang,True,"{'ret_pct': 312.6113465839808, 'excess_pct': 36.85681942100291, 'sharpe': 2.388006772367094, 'mdd_pct': 31.204413675883234, 'start': '2024-08-16', 'end': '2026-08-31', 'n_days': 494}",57,59.64912280701754,sh588990,588990,科创芯片ETF博时,
买3/止4,0.03,0.04,yin_or_small_yang,True,"{'ret_pct': 305.782566492144, 'excess_pct': 30.02803932916612, 'sharpe': 2.283590942814055, 'mdd_pct': 28.12484289265208, 'start': '2024-08-16', 'end': '2026-08-31', 'n_days': 494}",26,65.38461538461539,sh588990,588990,科创芯片ETF博时,
sym±2%,0.02,0.02,yin_or_small_yang,True,"{'ret_pct': -2.0359326968864444, 'excess_pct': -69.30319996415369, 'sharpe': -0.06257330116074217, 'mdd_pct': 30.50305083897723, 'start': '2025-08-01', 'end': '2026-08-31', 'n_days': 263}",45,42.22222222222222,sh588980,588980,科创100ETF广发,
sym±2.5%,0.025,0.025,yin_or_small_yang,True,"{'ret_pct': 17.014223752892832, 'excess_pct': -50.25304351437441, 'sharpe': 0.5325219095296088, 'mdd_pct': 30.207336844753574, 'start': '2025-08-01', 'end': '2026-08-31', 'n_days': 263}",27,37.03703703703704,sh588980,588980,科创100ETF广发,
sym±3%,0.03,0.03,yin_or_small_yang,True,"{'ret_pct': 8.522392092764775, 'excess_pct': -58.74487517450247, 'sharpe': 0.2648094724237539, 'mdd_pct': 23.623070511537346, 'start': '2025-08-01', 'end': '2026-08-31', 'n_days': 263}",18,38.88888888888889,sh588980,588980,科创100ETF广发,
sym±2.5%仅阴,0.025,0.025,yin_only,True,"{'ret_pct': 10.217759122012815, 'excess_pct': -57.04950814525443, 'sharpe': 0.3445933468764032, 'mdd_pct': 27.98918605798183, 'start': '2025-08-01', 'end': '2026-08-31', 'n_days': 263}",25,40.0,sh588980,588980,科创100ETF广发,
sym±2.5%不限前日,0.025,0.025,any,True,"{'ret_pct': 10.545291682454394, 'excess_pct': -56.72197558481285, 'sharpe': 0.3276993113862541, 'mdd_pct': 34.07372528745356, 'start': '2025-08-01', 'end': '2026-08-31', 'n_days': 263}",28,35.714285714285715,sh588980,588980,科创100ETF广发,
sym±2.5%不禁双阳,0.025,0.025,yin_or_small_yang,False,"{'ret_pct': 17.014223752892832, 'excess_pct': -50.25304351437441, 'sharpe': 0.5325219095296088, 'mdd_pct': 30.207336844753574, 'start': '2025-08-01', 'end': '2026-08-31', 'n_days': 263}",27,37.03703703703704,sh588980,588980,科创100ETF广发,
买2/止3,0.02,0.03,yin_or_small_yang,True,"{'ret_pct': 11.59540577162874, 'excess_pct': -55.6718614956385, 'sharpe': 0.32476648881560066, 'mdd_pct': 31.70347416274184, 'start': '2025-08-01', 'end': '2026-08-31', 'n_days': 263}",26,38.46153846153847,sh588980,588980,科创100ETF广发,
买2.5/止3.5,0.025,0.035,yin_or_small_yang,True,"{'ret_pct': 28.91358332661442, 'excess_pct': -38.35368394065282, 'sharpe': 0.8290579395460369, 'mdd_pct': 27.606655574007497, 'start': '2025-08-01', 'end': '2026-08-31', 'n_days': 263}",18,38.88888888888889,sh588980,588980,科创100ETF广发,116.0
买3/止2.5,0.03,0.025,yin_or_small_yang,True,"{'ret_pct': 4.372609337302369, 'excess_pct': -62.89465792996487, 'sharpe': 0.14606758252334204, 'mdd_pct': 26.951880301054466, 'start': '2025-08-01', 'end': '2026-08-31', 'n_days': 263}",22,40.909090909090914,sh588980,588980,科创100ETF广发,
买2/止2.5,0.02,0.025,yin_or_small_yang,True,"{'ret_pct': 12.300674449411142, 'excess_pct': -54.9665928178561, 'sharpe': 0.3650379161360351, 'mdd_pct': 33.32731919395064, 'start': '2025-08-01', 'end': '2026-08-31', 'n_days': 263}",32,40.625,sh588980,588980,科创100ETF广发,
买3/止4,0.03,0.04,yin_or_small_yang,True,"{'ret_pct': 24.33490516884158, 'excess_pct': -42.93236209842566, 'sharpe': 0.7263466716834973, 'mdd_pct': 25.005142509670353, 'start': '2025-08-01', 'end': '2026-08-31', 'n_days': 263}",14,35.714285714285715,sh588980,588980,科创100ETF广发,
sym±2%,0.02,0.02,yin_or_small_yang,True,"{'ret_pct': -36.704149915491215, 'excess_pct': -48.42212409622607, 'sharpe': -1.0451120233451667, 'mdd_pct': 41.7830595878838, 'start': '2025-02-19', 'end': '2026-08-31', 'n_days': 375}",58,39.6551724137931,sh588960,588960,科创新能源ETF富国,
sym±2.5%,0.025,0.025,yin_or_small_yang,True,"{'ret_pct': -25.507186036073637, 'excess_pct': -37.2251602168085, 'sharpe': -0.6983999636044512, 'mdd_pct': 33.233651508176074, 'start': '2025-02-19', 'end': '2026-08-31', 'n_days': 375}",37,45.94594594594595,sh588960,588960,科创新能源ETF富国,
sym±3%,0.03,0.03,yin_or_small_yang,True,"{'ret_pct': -26.528026825702433, 'excess_pct': -38.24600100643729, 'sharpe': -0.6798071076284254, 'mdd_pct': 35.449354648352696, 'start': '2025-02-19', 'end': '2026-08-31', 'n_days': 375}",27,44.44444444444444,sh588960,588960,科创新能源ETF富国,
sym±2.5%仅阴,0.025,0.025,yin_only,True,"{'ret_pct': -27.768633934128005, 'excess_pct': -39.48660811486286, 'sharpe': -0.8650660595741577, 'mdd_pct': 38.26427406249532, 'start': '2025-02-19', 'end': '2026-08-31', 'n_days': 375}",30,43.333333333333336,sh588960,588960,科创新能源ETF富国,
sym±2.5%不限前日,0.025,0.025,any,True,"{'ret_pct': -27.08520449886723, 'excess_pct': -38.80317867960209, 'sharpe': -0.7402393863112936, 'mdd_pct': 34.64652809268205, 'start': '2025-02-19', 'end': '2026-08-31', 'n_days': 375}",38,44.73684210526316,sh588960,588960,科创新能源ETF富国,
sym±2.5%不禁双阳,0.025,0.025,yin_or_small_yang,False,"{'ret_pct': -25.507186036073637, 'excess_pct': -37.2251602168085, 'sharpe': -0.6983999636044512, 'mdd_pct': 33.233651508176074, 'start': '2025-02-19', 'end': '2026-08-31', 'n_days': 375}",37,45.94594594594595,sh588960,588960,科创新能源ETF富国,
买2/止3,0.02,0.03,yin_or_small_yang,True,"{'ret_pct': -24.985280035363267, 'excess_pct': -36.703254216098124, 'sharpe': -0.5748166519574178, 'mdd_pct': 37.09001904121849, 'start': '2025-02-19', 'end': '2026-08-31', 'n_days': 375}",34,38.23529411764706,sh588960,588960,科创新能源ETF富国,
买2.5/止3.5,0.025,0.035,yin_or_small_yang,True,"{'ret_pct': -6.185954233395186, 'excess_pct': -17.903928414130043, 'sharpe': -0.14204778685560834, 'mdd_pct': 31.109578374138668, 'start': '2025-02-19', 'end': '2026-08-31', 'n_days': 375}",22,45.45454545454545,sh588960,588960,科创新能源ETF富国,
买3/止2.5,0.03,0.025,yin_or_small_yang,True,"{'ret_pct': -31.233034135104056, 'excess_pct': -42.95100831583891, 'sharpe': -0.9403466026252995, 'mdd_pct': 38.71332650671072, 'start': '2025-02-19', 'end': '2026-08-31', 'n_days': 375}",33,42.42424242424242,sh588960,588960,科创新能源ETF富国,
买2/止2.5,0.02,0.025,yin_or_small_yang,True,"{'ret_pct': -26.955549538672052, 'excess_pct': -38.67352371940691, 'sharpe': -0.6882029260474006, 'mdd_pct': 36.38745263243961, 'start': '2025-02-19', 'end': '2026-08-31', 'n_days': 375}",43,39.53488372093023,sh588960,588960,科创新能源ETF富国,
买3/止4,0.03,0.04,yin_or_small_yang,True,"{'ret_pct': 7.651212514828787, 'excess_pct': -4.066761665906071, 'sharpe': 0.15858107081565562, 'mdd_pct': 30.672759212667565, 'start': '2025-02-19', 'end': '2026-08-31', 'n_days': 375}",15,40.0,sh588960,588960,科创新能源ETF富国,98.0
sym±2%,0.02,0.02,yin_or_small_yang,True,"{'ret_pct': 76.75205533935036, 'excess_pct': 0.8520553393503718, 'sharpe': 1.3279307844063346, 'mdd_pct': 24.66563015947074, 'start': '2025-01-24', 'end': '2026-08-31', 'n_days': 387}",47,55.319148936170215,sh588950,588950,科创50ETF景顺,
sym±2.5%,0.025,0.025,yin_or_small_yang,True,"{'ret_pct': 44.05359865553595, 'excess_pct': -31.84640134446404, 'sharpe': 0.9063539873767633, 'mdd_pct': 21.009942587003216, 'start': '2025-01-24', 'end': '2026-08-31', 'n_days': 387}",35,57.14285714285714,sh588950,588950,科创50ETF景顺,
sym±3%,0.03,0.03,yin_or_small_yang,True,"{'ret_pct': 15.014557656847938, 'excess_pct': -60.88544234315205, 'sharpe': 0.30260422821670796, 'mdd_pct': 25.259521302977696, 'start': '2025-01-24', 'end': '2026-08-31', 'n_days': 387}",27,51.85185185185185,sh588950,588950,科创50ETF景顺,
sym±2.5%仅阴,0.025,0.025,yin_only,True,"{'ret_pct': 57.0419394667935, 'excess_pct': -18.85806053320649, 'sharpe': 1.2836487989953178, 'mdd_pct': 15.569820058780115, 'start': '2025-01-24', 'end': '2026-08-31', 'n_days': 387}",27,62.96296296296296,sh588950,588950,科创50ETF景顺,
sym±2.5%不限前日,0.025,0.025,any,True,"{'ret_pct': 44.05359865553595, 'excess_pct': -31.84640134446404, 'sharpe': 0.9063539873767633, 'mdd_pct': 21.009942587003216, 'start': '2025-01-24', 'end': '2026-08-31', 'n_days': 387}",35,57.14285714285714,sh588950,588950,科创50ETF景顺,
sym±2.5%不禁双阳,0.025,0.025,yin_or_small_yang,False,"{'ret_pct': 41.81199139442238, 'excess_pct': -34.08800860557761, 'sharpe': 0.85504364686711, 'mdd_pct': 21.003586787538907, 'start': '2025-01-24', 'end': '2026-08-31', 'n_days': 387}",35,54.285714285714285,sh588950,588950,科创50ETF景顺,
买2/止3,0.02,0.03,yin_or_small_yang,True,"{'ret_pct': 59.63402069628154, 'excess_pct': -16.265979303718453, 'sharpe': 0.9790097986833113, 'mdd_pct': 29.032789752377564, 'start': '2025-01-24', 'end': '2026-08-31', 'n_days': 387}",31,51.61290322580645,sh588950,588950,科创50ETF景顺,
买2.5/止3.5,0.025,0.035,yin_or_small_yang,True,"{'ret_pct': 81.33869927557124, 'excess_pct': 5.438699275571253, 'sharpe': 1.3220165271395745, 'mdd_pct': 25.590924909097357, 'start': '2025-01-24', 'end': '2026-08-31', 'n_days': 387}",21,47.61904761904761,sh588950,588950,科创50ETF景顺,58.0
买3/止2.5,0.03,0.025,yin_or_small_yang,True,"{'ret_pct': 7.9720515128799185, 'excess_pct': -67.92794848712008, 'sharpe': 0.1826947901006916, 'mdd_pct': 23.052218996702155, 'start': '2025-01-24', 'end': '2026-08-31', 'n_days': 387}",34,52.94117647058824,sh588950,588950,科创50ETF景顺,
买2/止2.5,0.02,0.025,yin_or_small_yang,True,"{'ret_pct': 56.69269910780472, 'excess_pct': -19.20730089219527, 'sharpe': 0.9610975231028597, 'mdd_pct': 26.75318597189206, 'start': '2025-01-24', 'end': '2026-08-31', 'n_days': 387}",39,53.84615384615385,sh588950,588950,科创50ETF景顺,
买3/止4,0.03,0.04,yin_or_small_yang,True,"{'ret_pct': 32.98382834804157, 'excess_pct': -42.91617165195842, 'sharpe': 0.5801572825289584, 'mdd_pct': 30.943037328196887, 'start': '2025-01-24', 'end': '2026-08-31', 'n_days': 387}",19,42.10526315789473,sh588950,588950,科创50ETF景顺,
sym±2%,0.02,0.02,yin_or_small_yang,True,"{'ret_pct': 6.903339082832094, 'excess_pct': 20.063857527498097, 'sharpe': 0.10015840920114844, 'mdd_pct': 55.98172488856352, 'start': '2025-06-03', 'end': '2026-08-31', 'n_days': 306}",43,51.162790697674424,sh588940,588940,科创50ETF富国,
sym±2.5%,0.025,0.025,yin_or_small_yang,True,"{'ret_pct': -12.478677119520032, 'excess_pct': 0.681841325145971, 'sharpe': -0.18379876413161253, 'mdd_pct': 56.12950214098601, 'start': '2025-06-03', 'end': '2026-08-31', 'n_days': 306}",31,61.29032258064516,sh588940,588940,科创50ETF富国,
sym±3%,0.03,0.03,yin_or_small_yang,True,"{'ret_pct': -25.596698621987223, 'excess_pct': -12.43618017732122, 'sharpe': -0.37734420276952135, 'mdd_pct': 57.76910650803948, 'start': '2025-06-03', 'end': '2026-08-31', 'n_days': 306}",23,65.21739130434783,sh588940,588940,科创50ETF富国,
sym±2.5%仅阴,0.025,0.025,yin_only,True,"{'ret_pct': -19.387729220044825, 'excess_pct': -6.227210775378822, 'sharpe': -0.2945225110094045, 'mdd_pct': 56.093628833449394, 'start': '2025-06-03', 'end': '2026-08-31', 'n_days': 306}",26,61.53846153846154,sh588940,588940,科创50ETF富国,
sym±2.5%不限前日,0.025,0.025,any,True,"{'ret_pct': -12.478677119520032, 'excess_pct': 0.681841325145971, 'sharpe': -0.18379876413161253, 'mdd_pct': 56.12950214098601, 'start': '2025-06-03', 'end': '2026-08-31', 'n_days': 306}",31,61.29032258064516,sh588940,588940,科创50ETF富国,
sym±2.5%不禁双阳,0.025,0.025,yin_or_small_yang,False,"{'ret_pct': -12.478677119520032, 'excess_pct': 0.681841325145971, 'sharpe': -0.18379876413161253, 'mdd_pct': 56.12950214098601, 'start': '2025-06-03', 'end': '2026-08-31', 'n_days': 306}",31,61.29032258064516,sh588940,588940,科创50ETF富国,
买2/止3,0.02,0.03,yin_or_small_yang,True,"{'ret_pct': -7.906809530575975, 'excess_pct': 5.253708914090028, 'sharpe': -0.11150162012047221, 'mdd_pct': 56.42309611536442, 'start': '2025-06-03', 'end': '2026-08-31', 'n_days': 306}",26,57.692307692307686,sh588940,588940,科创50ETF富国,
买2.5/止3.5,0.025,0.035,yin_or_small_yang,True,"{'ret_pct': -5.8535255572575995, 'excess_pct': 7.306992887408404, 'sharpe': -0.08208004911350483, 'mdd_pct': 58.99314966252658, 'start': '2025-06-03', 'end': '2026-08-31', 'n_days': 306}",18,66.66666666666666,sh588940,588940,科创50ETF富国,
买3/止2.5,0.03,0.025,yin_or_small_yang,True,"{'ret_pct': -19.45379757904645, 'excess_pct': -6.293279134380448, 'sharpe': -0.29410955549726164, 'mdd_pct': 56.984268066071905, 'start': '2025-06-03', 'end': '2026-08-31', 'n_days': 306}",28,64.28571428571429,sh588940,588940,科创50ETF富国,
买2/止2.5,0.02,0.025,yin_or_small_yang,True,"{'ret_pct': 7.6449538580960485, 'excess_pct': 20.805472302762052, 'sharpe': 0.10843740036411317, 'mdd_pct': 55.08324958846798, 'start': '2025-06-03', 'end': '2026-08-31', 'n_days': 306}",34,58.82352941176471,sh588940,588940,科创50ETF富国,86.0
买3/止4,0.03,0.04,yin_or_small_yang,True,"{'ret_pct': -12.682871712992016, 'excess_pct': 0.4776467316739872, 'sharpe': -0.17907820114646628, 'mdd_pct': 59.7167629702499, 'start': '2025-06-03', 'end': '2026-08-31', 'n_days': 306}",16,62.5,sh588940,588940,科创50ETF富国,
sym±2%,0.02,0.02,yin_or_small_yang,True,"{'ret_pct': 52.661859694937576, 'excess_pct': -0.7680919958837009, 'sharpe': 1.0433964314970372, 'mdd_pct': 21.368204614019547, 'start': '2025-01-14', 'end': '2026-08-31', 'n_days': 395}",64,42.1875,sh588930,588930,科创人工智能ETF银华,
sym±2.5%,0.025,0.025,yin_or_small_yang,True,"{'ret_pct': 39.75092935651521, 'excess_pct': -13.679022334306069, 'sharpe': 0.8280969252900571, 'mdd_pct': 23.425625440015953, 'start': '2025-01-14', 'end': '2026-08-31', 'n_days': 395}",42,45.23809523809524,sh588930,588930,科创人工智能ETF银华,
sym±3%,0.03,0.03,yin_or_small_yang,True,"{'ret_pct': 46.9984290396448, 'excess_pct': -6.431522651176479, 'sharpe': 0.9225379893315688, 'mdd_pct': 19.31398999611228, 'start': '2025-01-14', 'end': '2026-08-31', 'n_days': 395}",28,57.14285714285714,sh588930,588930,科创人工智能ETF银华,
sym±2.5%仅阴,0.025,0.025,yin_only,True,"{'ret_pct': 34.19542006177918, 'excess_pct': -19.234531629042095, 'sharpe': 0.8186877276387132, 'mdd_pct': 23.320010711103023, 'start': '2025-01-14', 'end': '2026-08-31', 'n_days': 395}",35,48.57142857142857,sh588930,588930,科创人工智能ETF银华,
sym±2.5%不限前日,0.025,0.025,any,True,"{'ret_pct': 36.17196462499479, 'excess_pct': -17.257987065826484, 'sharpe': 0.7557418259752404, 'mdd_pct': 23.423427384337593, 'start': '2025-01-14', 'end': '2026-08-31', 'n_days': 395}",43,44.18604651162791,sh588930,588930,科创人工智能ETF银华,
sym±2.5%不禁双阳,0.025,0.025,yin_or_small_yang,False,"{'ret_pct': 39.75092935651521, 'excess_pct': -13.679022334306069, 'sharpe': 0.8280969252900571, 'mdd_pct': 23.425625440015953, 'start': '2025-01-14', 'end': '2026-08-31', 'n_days': 395}",42,45.23809523809524,sh588930,588930,科创人工智能ETF银华,
买2/止3,0.02,0.03,yin_or_small_yang,True,"{'ret_pct': 61.13883396151358, 'excess_pct': 7.708882270692307, 'sharpe': 1.0337919092438146, 'mdd_pct': 28.643297319107617, 'start': '2025-01-14', 'end': '2026-08-31', 'n_days': 395}",33,54.54545454545454,sh588930,588930,科创人工智能ETF银华,67.0
买2.5/止3.5,0.025,0.035,yin_or_small_yang,True,"{'ret_pct': 54.87553072515834, 'excess_pct': 1.4455790343370651, 'sharpe': 0.9612592256726447, 'mdd_pct': 26.083711652494625, 'start': '2025-01-14', 'end': '2026-08-31', 'n_days': 395}",28,53.57142857142857,sh588930,588930,科创人工智能ETF银华,
买3/止2.5,0.03,0.025,yin_or_small_yang,True,"{'ret_pct': 31.9015489889344, 'excess_pct': -21.528402701886876, 'sharpe': 0.7353874233046084, 'mdd_pct': 18.381508244175492, 'start': '2025-01-14', 'end': '2026-08-31', 'n_days': 395}",35,48.57142857142857,sh588930,588930,科创人工智能ETF银华,
买2/止2.5,0.02,0.025,yin_or_small_yang,True,"{'ret_pct': 33.53904514010879, 'excess_pct': -19.890906550712486, 'sharpe': 0.6448364661363537, 'mdd_pct': 27.272061743197163, 'start': '2025-01-14', 'end': '2026-08-31', 'n_days': 395}",53,39.62264150943396,sh588930,588930,科创人工智能ETF银华,
买3/止4,0.03,0.04,yin_or_small_yang,True,"{'ret_pct': 47.349837046576006, 'excess_pct': -6.0801146442452705, 'sharpe': 0.8180014148346547, 'mdd_pct': 28.945771936657405, 'start': '2025-01-14', 'end': '2026-08-31', 'n_days': 395}",21,42.857142857142854,sh588930,588930,科创人工智能ETF银华,
sym±2%,0.02,0.02,yin_or_small_yang,True,"{'ret_pct': -4.650062551609646, 'excess_pct': -15.034677936225016, 'sharpe': -0.07207102327689434, 'mdd_pct': 55.99157748658228, 'start': '2025-07-28', 'end': '2026-08-31', 'n_days': 267}",48,52.083333333333336,sh588920,588920,科创芯片ETF鹏华,
sym±2.5%,0.025,0.025,yin_or_small_yang,True,"{'ret_pct': -3.9603109221631128, 'excess_pct': -14.344926306778483, 'sharpe': -0.06216239246688018, 'mdd_pct': 55.46808204455724, 'start': '2025-07-28', 'end': '2026-08-31', 'n_days': 267}",37,54.054054054054056,sh588920,588920,科创芯片ETF鹏华,
sym±3%,0.03,0.03,yin_or_small_yang,True,"{'ret_pct': -6.868405677424072, 'excess_pct': -17.25302106203944, 'sharpe': -0.10608941059630511, 'mdd_pct': 59.42145321891531, 'start': '2025-07-28', 'end': '2026-08-31', 'n_days': 267}",31,51.61290322580645,sh588920,588920,科创芯片ETF鹏华,
sym±2.5%仅阴,0.025,0.025,yin_only,True,"{'ret_pct': 6.075973078972874, 'excess_pct': -4.308642305642495, 'sharpe': 0.09553753312732656, 'mdd_pct': 56.44174507005304, 'start': '2025-07-28', 'end': '2026-08-31', 'n_days': 267}",29,58.620689655172406,sh588920,588920,科创芯片ETF鹏华,
sym±2.5%不限前日,0.025,0.025,any,True,"{'ret_pct': -3.7884048134687154, 'excess_pct': -14.173020198084085, 'sharpe': -0.05869036029267542, 'mdd_pct': 55.45926689597407, 'start': '2025-07-28', 'end': '2026-08-31', 'n_days': 267}",37,54.054054054054056,sh588920,588920,科创芯片ETF鹏华,
sym±2.5%不禁双阳,0.025,0.025,yin_or_small_yang,False,"{'ret_pct': 5.381746876553684, 'excess_pct': -5.0028685080616855, 'sharpe': 0.08393519831810313, 'mdd_pct': 55.450837376042884, 'start': '2025-07-28', 'end': '2026-08-31', 'n_days': 267}",37,56.75675675675676,sh588920,588920,科创芯片ETF鹏华,
买2/止3,0.02,0.03,yin_or_small_yang,True,"{'ret_pct': 1.468411773507139, 'excess_pct': -8.91620361110823, 'sharpe': 0.021850362227275225, 'mdd_pct': 61.37878222307719, 'start': '2025-07-28', 'end': '2026-08-31', 'n_days': 267}",34,52.94117647058824,sh588920,588920,科创芯片ETF鹏华,
买2.5/止3.5,0.025,0.035,yin_or_small_yang,True,"{'ret_pct': 26.907903481043306, 'excess_pct': 16.523288096427937, 'sharpe': 0.3933044578108537, 'mdd_pct': 56.34863051599669, 'start': '2025-07-28', 'end': '2026-08-31', 'n_days': 267}",26,57.692307692307686,sh588920,588920,科创芯片ETF鹏华,
买3/止2.5,0.03,0.025,yin_or_small_yang,True,"{'ret_pct': -14.130784095072002, 'excess_pct': -24.51539947968737, 'sharpe': -0.22700446889657455, 'mdd_pct': 57.411525464598135, 'start': '2025-07-28', 'end': '2026-08-31', 'n_days': 267}",35,51.42857142857142,sh588920,588920,科创芯片ETF鹏华,
买2/止2.5,0.02,0.025,yin_or_small_yang,True,"{'ret_pct': -3.1553816995455897, 'excess_pct': -13.539997084160959, 'sharpe': -0.048565344169641735, 'mdd_pct': 59.057627959268785, 'start': '2025-07-28', 'end': '2026-08-31', 'n_days': 267}",40,55.00000000000001,sh588920,588920,科创芯片ETF鹏华,
买3/止4,0.03,0.04,yin_or_small_yang,True,"{'ret_pct': 28.9664128080384, 'excess_pct': 18.58179742342303, 'sharpe': 0.41723823383571845, 'mdd_pct': 57.85307059347113, 'start': '2025-07-28', 'end': '2026-08-31', 'n_days': 267}",19,52.63157894736842,sh588920,588920,科创芯片ETF鹏华,81.0
sym±2%,0.02,0.02,yin_or_small_yang,True,"{'ret_pct': 35.30290341948161, 'excess_pct': -47.206143625150474, 'sharpe': 1.1350227573913703, 'mdd_pct': 14.069888418292642, 'start': '2025-04-07', 'end': '2026-08-31', 'n_days': 343}",35,48.57142857142857,sh588910,588910,科创价值ETF建信,
sym±2.5%,0.025,0.025,yin_or_small_yang,True,"{'ret_pct': 29.747487459296007, 'excess_pct': -52.76155958533607, 'sharpe': 0.9886111243389049, 'mdd_pct': 15.21073058314778, 'start': '2025-04-07', 'end': '2026-08-31', 'n_days': 343}",23,39.130434782608695,sh588910,588910,科创价值ETF建信,
sym±3%,0.03,0.03,yin_or_small_yang,True,"{'ret_pct': 2.877753124479998, 'excess_pct': -79.63129392015209, 'sharpe': 0.11375887094287812, 'mdd_pct': 14.536124639155402, 'start': '2025-04-07', 'end': '2026-08-31', 'n_days': 343}",16,37.5,sh588910,588910,科创价值ETF建信,
sym±2.5%仅阴,0.025,0.025,yin_only,True,"{'ret_pct': 13.654442722620797, 'excess_pct': -68.85460432201128, 'sharpe': 0.4973495696332278, 'mdd_pct': 12.36326620751953, 'start': '2025-04-07', 'end': '2026-08-31', 'n_days': 343}",22,40.909090909090914,sh588910,588910,科创价值ETF建信,
sym±2.5%不限前日,0.025,0.025,any,True,"{'ret_pct': 43.43625363412542, 'excess_pct': -39.07279341050666, 'sharpe': 1.3531518421145263, 'mdd_pct': 15.212598208591377, 'start': '2025-04-07', 'end': '2026-08-31', 'n_days': 343}",23,39.130434782608695,sh588910,588910,科创价值ETF建信,
sym±2.5%不禁双阳,0.025,0.025,yin_or_small_yang,False,"{'ret_pct': 36.48903015669121, 'excess_pct': -46.020016887940876, 'sharpe': 1.16058600839926, 'mdd_pct': 15.216426272138506, 'start': '2025-04-07', 'end': '2026-08-31', 'n_days': 343}",23,39.130434782608695,sh588910,588910,科创价值ETF建信,
买2/止3,0.02,0.03,yin_or_small_yang,True,"{'ret_pct': 46.358406850928006, 'excess_pct': -36.15064019370408, 'sharpe': 1.3456056531989617, 'mdd_pct': 14.905990389599733, 'start': '2025-04-07', 'end': '2026-08-31', 'n_days': 343}",23,47.82608695652174,sh588910,588910,科创价值ETF建信,
买2.5/止3.5,0.025,0.035,yin_or_small_yang,True,"{'ret_pct': 52.57926698198403, 'excess_pct': -29.929780062648057, 'sharpe': 1.479371716400135, 'mdd_pct': 16.61673975645046, 'start': '2025-04-07', 'end': '2026-08-31', 'n_days': 343}",14,35.714285714285715,sh588910,588910,科创价值ETF建信,114.0
买3/止2.5,0.03,0.025,yin_or_small_yang,True,"{'ret_pct': 0.630867555023995, 'excess_pct': -81.87817948960809, 'sharpe': 0.026826536093294568, 'mdd_pct': 18.77373733139419, 'start': '2025-04-07', 'end': '2026-08-31', 'n_days': 343}",18,38.88888888888889,sh588910,588910,科创价值ETF建信,
买2/止2.5,0.02,0.025,yin_or_small_yang,True,"{'ret_pct': 45.12947992255678, 'excess_pct': -37.3795671220753, 'sharpe': 1.3391659188111724, 'mdd_pct': 14.409209247664645, 'start': '2025-04-07', 'end': '2026-08-31', 'n_days': 343}",26,53.84615384615385,sh588910,588910,科创价值ETF建信,
买3/止4,0.03,0.04,yin_or_small_yang,True,"{'ret_pct': 36.279319856220795, 'excess_pct': -46.22972718841129, 'sharpe': 1.1277556731229075, 'mdd_pct': 21.16689269273867, 'start': '2025-04-07', 'end': '2026-08-31', 'n_days': 343}",9,33.33333333333333,sh588910,588910,科创价值ETF建信,
sym±2%,0.02,0.02,yin_or_small_yang,True,"{'ret_pct': 41.297484595123215, 'excess_pct': -53.395543500610394, 'sharpe': 0.45456487019316744, 'mdd_pct': 26.148981459916843, 'start': '2023-12-18', 'end': '2026-08-31', 'n_days': 655}",85,38.82352941176471,sh588900,588900,科创100ETF南方,
sym±2.5%,0.025,0.025,yin_or_small_yang,True,"{'ret_pct': 93.9643691486977, 'excess_pct': -0.7286589470359104, 'sharpe': 0.9310464131820088, 'mdd_pct': 24.173023619537105, 'start': '2023-12-18', 'end': '2026-08-31', 'n_days': 655}",52,38.46153846153847,sh588900,588900,科创100ETF南方,
sym±3%,0.03,0.03,yin_or_small_yang,True,"{'ret_pct': 15.501297524486436, 'excess_pct': -79.19173057124718, 'sharpe': 0.1859802444153277, 'mdd_pct': 31.047250032420603, 'start': '2023-12-18', 'end': '2026-08-31', 'n_days': 655}",39,35.8974358974359,sh588900,588900,科创100ETF南方,
sym±2.5%仅阴,0.025,0.025,yin_only,True,"{'ret_pct': 63.86237832071373, 'excess_pct': -30.83064977501988, 'sharpe': 0.7277715930947612, 'mdd_pct': 22.55604539561834, 'start': '2023-12-18', 'end': '2026-08-31', 'n_days': 655}",42,38.095238095238095,sh588900,588900,科创100ETF南方,
sym±2.5%不限前日,0.025,0.025,any,True,"{'ret_pct': 88.1741202479073, 'excess_pct': -6.518907847826313, 'sharpe': 0.8820096673065422, 'mdd_pct': 24.173023619537105, 'start': '2023-12-18', 'end': '2026-08-31', 'n_days': 655}",53,37.735849056603776,sh588900,588900,科创100ETF南方,
sym±2.5%不禁双阳,0.025,0.025,yin_or_small_yang,False,"{'ret_pct': 100.40070103936971, 'excess_pct': 5.707672943636098, 'sharpe': 0.9793661733661123, 'mdd_pct': 24.173023619537105, 'start': '2023-12-18', 'end': '2026-08-31', 'n_days': 655}",53,39.62264150943396,sh588900,588900,科创100ETF南方,69.0
买2/止3,0.02,0.03,yin_or_small_yang,True,"{'ret_pct': 26.45401971008956, 'excess_pct': -68.23900838564404, 'sharpe': 0.2730783754405198, 'mdd_pct': 35.151349693256975, 'start': '2023-12-18', 'end': '2026-08-31', 'n_days': 655}",55,32.72727272727273,sh588900,588900,科创100ETF南方,
买2.5/止3.5,0.025,0.035,yin_or_small_yang,True,"{'ret_pct': 40.37847947359998, 'excess_pct': -54.31454862213363, 'sharpe': 0.4098285762069266, 'mdd_pct': 35.31488005524531, 'start': '2023-12-18', 'end': '2026-08-31', 'n_days': 655}",36,38.88888888888889,sh588900,588900,科创100ETF南方,
买3/止2.5,0.03,0.025,yin_or_small_yang,True,"{'ret_pct': 48.185199686089696, 'excess_pct': -46.50782840964391, 'sharpe': 0.5536229557427073, 'mdd_pct': 24.807173103087322, 'start': '2023-12-18', 'end': '2026-08-31', 'n_days': 655}",43,37.2093023255814,sh588900,588900,科创100ETF南方,
买2/止2.5,0.02,0.025,yin_or_small_yang,True,"{'ret_pct': 52.22028410744326, 'excess_pct': -42.47274398829035, 'sharpe': 0.528809749604573, 'mdd_pct': 30.702416439264056, 'start': '2023-12-18', 'end': '2026-08-31', 'n_days': 655}",67,35.82089552238806,sh588900,588900,科创100ETF南方,
买3/止4,0.03,0.04,yin_or_small_yang,True,"{'ret_pct': -11.074430282515168, 'excess_pct': -105.76745837824878, 'sharpe': -0.1319917149681809, 'mdd_pct': 43.882214650811456, 'start': '2023-12-18', 'end': '2026-08-31', 'n_days': 655}",30,43.333333333333336,sh588900,588900,科创100ETF南方,
sym±2%,0.02,0.02,yin_or_small_yang,True,"{'ret_pct': 48.78775633488321, 'excess_pct': 10.54644754142717, 'sharpe': 0.3227987720348709, 'mdd_pct': 64.88601538991074, 'start': '2024-04-23', 'end': '2026-08-31', 'n_days': 573}",90,50.0,sh588890,588890,科创芯片ETF南方,
sym±2.5%,0.025,0.025,yin_or_small_yang,True,"{'ret_pct': 69.34064975565113, 'excess_pct': 31.099340962195086, 'sharpe': 0.4385387515206197, 'mdd_pct': 69.59614249904897, 'start': '2024-04-23', 'end': '2026-08-31', 'n_days': 573}",58,58.620689655172406,sh588890,588890,科创芯片ETF南方,
sym±3%,0.03,0.03,yin_or_small_yang,True,"{'ret_pct': 38.78900792886086, 'excess_pct': 0.5476991354048195, 'sharpe': 0.26121276618156924, 'mdd_pct': 70.90449551225588, 'start': '2024-04-23', 'end': '2026-08-31', 'n_days': 573}",49,61.224489795918366,sh588890,588890,科创芯片ETF南方,
sym±2.5%仅阴,0.025,0.025,yin_only,True,"{'ret_pct': -8.755818976284836, 'excess_pct': -46.99712776974088, 'sharpe': -0.07352887703237197, 'mdd_pct': 69.6022234981692, 'start': '2024-04-23', 'end': '2026-08-31', 'n_days': 573}",47,55.319148936170215,sh588890,588890,科创芯片ETF南方,
sym±2.5%不限前日,0.025,0.025,any,True,"{'ret_pct': 69.34064975565113, 'excess_pct': 31.099340962195086, 'sharpe': 0.4385387515206197, 'mdd_pct': 69.59614249904897, 'start': '2024-04-23', 'end': '2026-08-31', 'n_days': 573}",58,58.620689655172406,sh588890,588890,科创芯片ETF南方,
sym±2.5%不禁双阳,0.025,0.025,yin_or_small_yang,False,"{'ret_pct': 74.23821605079995, 'excess_pct': 35.996907257343906, 'sharpe': 0.4651069997454101, 'mdd_pct': 69.56374340220138, 'start': '2024-04-23', 'end': '2026-08-31', 'n_days': 573}",58,60.3448275862069,sh588890,588890,科创芯片ETF南方,
买2/止3,0.02,0.03,yin_or_small_yang,True,"{'ret_pct': 85.31979400466557, 'excess_pct': 47.078485211209525, 'sharpe': 0.5107912493384293, 'mdd_pct': 67.80376730033046, 'start': '2024-04-23', 'end': '2026-08-31', 'n_days': 573}",56,57.14285714285714,sh588890,588890,科创芯片ETF南方,
买2.5/止3.5,0.025,0.035,yin_or_small_yang,True,"{'ret_pct': 72.9574008972194, 'excess_pct': 34.71609210376336, 'sharpe': 0.44825092524470783, 'mdd_pct': 68.32041179540896, 'start': '2024-04-23', 'end': '2026-08-31', 'n_days': 573}",43,62.7906976744186,sh588890,588890,科创芯片ETF南方,
买3/止2.5,0.03,0.025,yin_or_small_yang,True,"{'ret_pct': 50.49137165701427, 'excess_pct': 12.250062863558227, 'sharpe': 0.3362863710804531, 'mdd_pct': 70.33231634760892, 'start': '2024-04-23', 'end': '2026-08-31', 'n_days': 573}",54,57.407407407407405,sh588890,588890,科创芯片ETF南方,
买2/止2.5,0.02,0.025,yin_or_small_yang,True,"{'ret_pct': 96.7582860723677, 'excess_pct': 58.516977278911654, 'sharpe': 0.5740863069537998, 'mdd_pct': 67.18565551279698, 'start': '2024-04-23', 'end': '2026-08-31', 'n_days': 573}",67,55.223880597014926,sh588890,588890,科创芯片ETF南方,72.0
买3/止4,0.03,0.04,yin_or_small_yang,True,"{'ret_pct': 53.21223497565764, 'excess_pct': 14.970926182201595, 'sharpe': 0.339826857241817, 'mdd_pct': 69.10479982827663, 'start': '2024-04-23', 'end': '2026-08-31', 'n_days': 573}",35,60.0,sh588890,588890,科创芯片ETF南方,
sym±2%,0.02,0.02,yin_or_small_yang,True,"{'ret_pct': 51.782420457337544, 'excess_pct': -31.21353095966655, 'sharpe': 0.6468832397764026, 'mdd_pct': 20.802723878597572, 'start': '2023-11-16', 'end': '2026-08-31', 'n_days': 677}",78,42.30769230769231,sh588880,588880,科创100ETF华泰柏瑞,
sym±2.5%,0.025,0.025,yin_or_small_yang,True,"{'ret_pct': 27.878505950582323, 'excess_pct': -55.11744546642177, 'sharpe': 0.36646315555531855, 'mdd_pct': 29.824560171303073, 'start': '2023-11-16', 'end': '2026-08-31', 'n_days': 677}",58,27.586206896551722,sh588880,588880,科创100ETF华泰柏瑞,
sym±3%,0.03,0.03,yin_or_small_yang,True,"{'ret_pct': 110.50723515632646, 'excess_pct': 27.511283739322366, 'sharpe': 1.044103642192405, 'mdd_pct': 27.594546656410166, 'start': '2023-11-16', 'end': '2026-08-31', 'n_days': 677}",35,40.0,sh588880,588880,科创100ETF华泰柏瑞,
sym±2.5%仅阴,0.025,0.025,yin_only,True,"{'ret_pct': 27.697581122787128, 'excess_pct': -55.298370294216966, 'sharpe': 0.41912136540554296, 'mdd_pct': 25.35136443634184, 'start': '2023-11-16', 'end': '2026-08-31', 'n_days': 677}",44,27.27272727272727,sh588880,588880,科创100ETF华泰柏瑞,
sym±2.5%不限前日,0.025,0.025,any,True,"{'ret_pct': 33.525566171462316, 'excess_pct': -49.47038524554178, 'sharpe': 0.4319766873392809, 'mdd_pct': 29.824560171303073, 'start': '2023-11-16', 'end': '2026-08-31', 'n_days': 677}",58,27.586206896551722,sh588880,588880,科创100ETF华泰柏瑞,
sym±2.5%不禁双阳,0.025,0.025,yin_or_small_yang,False,"{'ret_pct': 31.55381451936634, 'excess_pct': -51.44213689763775, 'sharpe': 0.4104928661535273, 'mdd_pct': 29.824560171303073, 'start': '2023-11-16', 'end': '2026-08-31', 'n_days': 677}",58,27.586206896551722,sh588880,588880,科创100ETF华泰柏瑞,
买2/止3,0.02,0.03,yin_or_small_yang,True,"{'ret_pct': 75.14876746379838, 'excess_pct': -7.847183953205715, 'sharpe': 0.6889101867810531, 'mdd_pct': 32.61806148719025, 'start': '2023-11-16', 'end': '2026-08-31', 'n_days': 677}",44,43.18181818181818,sh588880,588880,科创100ETF华泰柏瑞,
买2.5/止3.5,0.025,0.035,yin_or_small_yang,True,"{'ret_pct': 79.58870808065922, 'excess_pct': -3.4072433363448766, 'sharpe': 0.7317313578864959, 'mdd_pct': 37.021873836311194, 'start': '2023-11-16', 'end': '2026-08-31', 'n_days': 677}",31,41.935483870967744,sh588880,588880,科创100ETF华泰柏瑞,
买3/止2.5,0.03,0.025,yin_or_small_yang,True,"{'ret_pct': 61.34115305363197, 'excess_pct': -21.654798363372123, 'sharpe': 0.8220971551868479, 'mdd_pct': 22.890665931665133, 'start': '2023-11-16', 'end': '2026-08-31', 'n_days': 677}",44,34.090909090909086,sh588880,588880,科创100ETF华泰柏瑞,
买2/止2.5,0.02,0.025,yin_or_small_yang,True,"{'ret_pct': 36.03808366050873, 'excess_pct': -46.95786775649536, 'sharpe': 0.43168617499833445, 'mdd_pct': 28.991525400415107, 'start': '2023-11-16', 'end': '2026-08-31', 'n_days': 677}",65,32.30769230769231,sh588880,588880,科创100ETF华泰柏瑞,
买3/止4,0.03,0.04,yin_or_small_yang,True,"{'ret_pct': 160.3008897453087, 'excess_pct': 77.3049383283046, 'sharpe': 1.30188358887682, 'mdd_pct': 26.70559800181902, 'start': '2023-11-16', 'end': '2026-08-31', 'n_days': 677}",21,52.38095238095239,sh588880,588880,科创100ETF华泰柏瑞,46.0
sym±2%,0.02,0.02,yin_or_small_yang,True,"{'ret_pct': 81.30334810364485, 'excess_pct': 7.75299205074559, 'sharpe': 1.538070140896411, 'mdd_pct': 21.417018427172117, 'start': '2025-01-27', 'end': '2026-08-31', 'n_days': 386}",42,54.761904761904766,sh588870,588870,科创50ETF汇添富,51.0
sym±2.5%,0.025,0.025,yin_or_small_yang,True,"{'ret_pct': 65.46406609752, 'excess_pct': -8.086289955379257, 'sharpe': 1.242548221502164, 'mdd_pct': 18.39815527719373, 'start': '2025-01-27', 'end': '2026-08-31', 'n_days': 386}",32,59.375,sh588870,588870,科创50ETF汇添富,
sym±3%,0.03,0.03,yin_or_small_yang,True,"{'ret_pct': 24.77755120232006, 'excess_pct': -48.772804850579206, 'sharpe': 0.5357485986525151, 'mdd_pct': 21.768899339712412, 'start': '2025-01-27', 'end': '2026-08-31', 'n_days': 386}",27,51.85185185185185,sh588870,588870,科创50ETF汇添富,
sym±2.5%仅阴,0.025,0.025,yin_only,True,"{'ret_pct': 36.488888236396775, 'excess_pct': -37.061467816502486, 'sharpe': 0.7659938505897179, 'mdd_pct': 20.859395437253703, 'start': '2025-01-27', 'end': '2026-08-31', 'n_days': 386}",28,53.57142857142857,sh588870,588870,科创50ETF汇添富,
sym±2.5%不限前日,0.025,0.025,any,True,"{'ret_pct': 65.46406609752, 'excess_pct': -8.086289955379257, 'sharpe': 1.242548221502164, 'mdd_pct': 18.39815527719373, 'start': '2025-01-27', 'end': '2026-08-31', 'n_days': 386}",32,59.375,sh588870,588870,科创50ETF汇添富,
sym±2.5%不禁双阳,0.025,0.025,yin_or_small_yang,False,"{'ret_pct': 65.46406609752, 'excess_pct': -8.086289955379257, 'sharpe': 1.242548221502164, 'mdd_pct': 18.39815527719373, 'start': '2025-01-27', 'end': '2026-08-31', 'n_days': 386}",32,59.375,sh588870,588870,科创50ETF汇添富,
买2/止3,0.02,0.03,yin_or_small_yang,True,"{'ret_pct': 42.64975088672966, 'excess_pct': -30.900605166169598, 'sharpe': 0.7701042931056404, 'mdd_pct': 24.431977177490737, 'start': '2025-01-27', 'end': '2026-08-31', 'n_days': 386}",29,55.172413793103445,sh588870,588870,科创50ETF汇添富,
买2.5/止3.5,0.025,0.035,yin_or_small_yang,True,"{'ret_pct': 38.3121944873823, 'excess_pct': -35.23816156551696, 'sharpe': 0.6885922802489649, 'mdd_pct': 26.891303064022864, 'start': '2025-01-27', 'end': '2026-08-31', 'n_days': 386}",22,54.54545454545454,sh588870,588870,科创50ETF汇添富,
买3/止2.5,0.03,0.025,yin_or_small_yang,True,"{'ret_pct': 27.85615122469767, 'excess_pct': -45.69420482820159, 'sharpe': 0.6359574643333592, 'mdd_pct': 19.87475041410117, 'start': '2025-01-27', 'end': '2026-08-31', 'n_days': 386}",30,56.666666666666664,sh588870,588870,科创50ETF汇添富,
买2/止2.5,0.02,0.025,yin_or_small_yang,True,"{'ret_pct': 66.16015150647362, 'excess_pct': -7.390204546425636, 'sharpe': 1.1945337564349456, 'mdd_pct': 22.498766272212823, 'start': '2025-01-27', 'end': '2026-08-31', 'n_days': 386}",34,58.82352941176471,sh588870,588870,科创50ETF汇添富,
买3/止4,0.03,0.04,yin_or_small_yang,True,"{'ret_pct': 52.893143252374465, 'excess_pct': -20.657212800524796, 'sharpe': 0.94434331286269, 'mdd_pct': 25.445362860457266, 'start': '2025-01-27', 'end': '2026-08-31', 'n_days': 386}",17,41.17647058823529,sh588870,588870,科创50ETF汇添富,
sym±2%,0.02,0.02,yin_or_small_yang,True,"{'ret_pct': 12.808528132454411, 'excess_pct': 44.882072565549414, 'sharpe': 0.2085927130862509, 'mdd_pct': 37.35191961977916, 'start': '2024-08-23', 'end': '2026-08-31', 'n_days': 489}",53,35.84905660377358,sh588860,588860,科创医药ETF工银,
sym±2.5%,0.025,0.025,yin_or_small_yang,True,"{'ret_pct': -40.498500993455956, 'excess_pct': -8.424956560360954, 'sharpe': -0.5065710749828274, 'mdd_pct': 64.6276131631776, 'start': '2024-08-23', 'end': '2026-08-31', 'n_days': 489}",34,35.294117647058826,sh588860,588860,科创医药ETF工银,
sym±3%,0.03,0.03,yin_or_small_yang,True,"{'ret_pct': -54.37064303670399, 'excess_pct': -22.297098603608987, 'sharpe': -0.7079608522254799, 'mdd_pct': 69.63316371895088, 'start': '2024-08-23', 'end': '2026-08-31', 'n_days': 489}",25,36.0,sh588860,588860,科创医药ETF工银,
sym±2.5%仅阴,0.025,0.025,yin_only,True,"{'ret_pct': -30.174457159555168, 'excess_pct': 1.899087273539834, 'sharpe': -0.3701735949277308, 'mdd_pct': 61.31423858503907, 'start': '2024-08-23', 'end': '2026-08-31', 'n_days': 489}",29,37.93103448275862,sh588860,588860,科创医药ETF工银,
sym±2.5%不限前日,0.025,0.025,any,True,"{'ret_pct': -41.30711527438715, 'excess_pct': -9.233570841292149, 'sharpe': -0.5177168797333349, 'mdd_pct': 65.10860669083803, 'start': '2024-08-23', 'end': '2026-08-31', 'n_days': 489}",35,34.285714285714285,sh588860,588860,科创医药ETF工银,
sym±2.5%不禁双阳,0.025,0.025,yin_or_small_yang,False,"{'ret_pct': -40.498500993455956, 'excess_pct': -8.424956560360954, 'sharpe': -0.5065710749828274, 'mdd_pct': 64.6276131631776, 'start': '2024-08-23', 'end': '2026-08-31', 'n_days': 489}",34,35.294117647058826,sh588860,588860,科创医药ETF工银,
买2/止3,0.02,0.03,yin_or_small_yang,True,"{'ret_pct': -52.65559700174719, 'excess_pct': -20.582052568652188, 'sharpe': -0.6617846309276013, 'mdd_pct': 74.26603042209582, 'start': '2024-08-23', 'end': '2026-08-31', 'n_days': 489}",28,35.714285714285715,sh588860,588860,科创医药ETF工银,
买2.5/止3.5,0.025,0.035,yin_or_small_yang,True,"{'ret_pct': -42.077377187100765, 'excess_pct': -10.003832754005764, 'sharpe': -0.5027676444104096, 'mdd_pct': 70.66440690712854, 'start': '2024-08-23', 'end': '2026-08-31', 'n_days': 489}",15,26.666666666666668,sh588860,588860,科创医药ETF工银,
买3/止2.5,0.03,0.025,yin_or_small_yang,True,"{'ret_pct': 13.021873839216024, 'excess_pct': 45.09541827231102, 'sharpe': 0.22313601240570183, 'mdd_pct': 32.12777869470218, 'start': '2024-08-23', 'end': '2026-08-31', 'n_days': 489}",33,36.36363636363637,sh588860,588860,科创医药ETF工银,82.0
买2/止2.5,0.02,0.025,yin_or_small_yang,True,"{'ret_pct': -37.51260466038079, 'excess_pct': -5.439060227285786, 'sharpe': -0.4499751003427718, 'mdd_pct': 69.67440142155525, 'start': '2024-08-23', 'end': '2026-08-31', 'n_days': 489}",38,39.473684210526315,sh588860,588860,科创医药ETF工银,
买3/止4,0.03,0.04,yin_or_small_yang,True,"{'ret_pct': -31.822215386256026, 'excess_pct': 0.2513290468389755, 'sharpe': -0.3687497735069103, 'mdd_pct': 66.4067153104153, 'start': '2024-08-23', 'end': '2026-08-31', 'n_days': 489}",11,36.36363636363637,sh588860,588860,科创医药ETF工银,
sym±2%,0.02,0.02,yin_or_small_yang,True,"{'ret_pct': 21.468358081606343, 'excess_pct': -62.25945256928122, 'sharpe': 0.5366880033443233, 'mdd_pct': 31.865924439468387, 'start': '2025-04-24', 'end': '2026-08-31', 'n_days': 330}",44,52.27272727272727,sh588850,588850,科创机械ETF嘉实,
sym±2.5%,0.025,0.025,yin_or_small_yang,True,"{'ret_pct': 11.70855104681916, 'excess_pct': -72.0192596040684, 'sharpe': 0.3062980403463911, 'mdd_pct': 28.708621945788558, 'start': '2025-04-24', 'end': '2026-08-31', 'n_days': 330}",32,40.625,sh588850,588850,科创机械ETF嘉实,
sym±3%,0.03,0.03,yin_or_small_yang,True,"{'ret_pct': 8.253251989004774, 'excess_pct': -75.47455866188278, 'sharpe': 0.2163058396114048, 'mdd_pct': 34.06314704449988, 'start': '2025-04-24', 'end': '2026-08-31', 'n_days': 330}",24,37.5,sh588850,588850,科创机械ETF嘉实,
sym±2.5%仅阴,0.025,0.025,yin_only,True,"{'ret_pct': -0.014120708054410347, 'excess_pct': -83.74193135894197, 'sharpe': -0.0003902468381217056, 'mdd_pct': 28.695115839785156, 'start': '2025-04-24', 'end': '2026-08-31', 'n_days': 330}",30,43.333333333333336,sh588850,588850,科创机械ETF嘉实,
sym±2.5%不限前日,0.025,0.025,any,True,"{'ret_pct': 4.835785388399971, 'excess_pct': -78.89202526248759, 'sharpe': 0.12624625625347177, 'mdd_pct': 33.09528189435185, 'start': '2025-04-24', 'end': '2026-08-31', 'n_days': 330}",33,39.39393939393939,sh588850,588850,科创机械ETF嘉实,
sym±2.5%不禁双阳,0.025,0.025,yin_or_small_yang,False,"{'ret_pct': 11.70855104681916, 'excess_pct': -72.0192596040684, 'sharpe': 0.3062980403463911, 'mdd_pct': 28.708621945788558, 'start': '2025-04-24', 'end': '2026-08-31', 'n_days': 330}",32,40.625,sh588850,588850,科创机械ETF嘉实,
买2/止3,0.02,0.03,yin_or_small_yang,True,"{'ret_pct': 34.48248818891842, 'excess_pct': -49.245322461969145, 'sharpe': 0.7633942403238608, 'mdd_pct': 37.113339988456175, 'start': '2025-04-24', 'end': '2026-08-31', 'n_days': 330}",27,48.148148148148145,sh588850,588850,科创机械ETF嘉实,117.0
买2.5/止3.5,0.025,0.035,yin_or_small_yang,True,"{'ret_pct': 27.097326565871917, 'excess_pct': -56.630484085015645, 'sharpe': 0.630556118897324, 'mdd_pct': 32.82006607555012, 'start': '2025-04-24', 'end': '2026-08-31', 'n_days': 330}",21,52.38095238095239,sh588850,588850,科创机械ETF嘉实,
买3/止2.5,0.03,0.025,yin_or_small_yang,True,"{'ret_pct': 2.1399703773503864, 'excess_pct': -81.58784027353718, 'sharpe': 0.06136795072573081, 'mdd_pct': 30.969765686343067, 'start': '2025-04-24', 'end': '2026-08-31', 'n_days': 330}",27,33.33333333333333,sh588850,588850,科创机械ETF嘉实,
买2/止2.5,0.02,0.025,yin_or_small_yang,True,"{'ret_pct': 30.707116165494398, 'excess_pct': -53.020694485393165, 'sharpe': 0.725192325592706, 'mdd_pct': 33.040462558177985, 'start': '2025-04-24', 'end': '2026-08-31', 'n_days': 330}",35,45.714285714285715,sh588850,588850,科创机械ETF嘉实,
买3/止4,0.03,0.04,yin_or_small_yang,True,"{'ret_pct': 11.52570670855999, 'excess_pct': -72.20210394232757, 'sharpe': 0.2866583014934483, 'mdd_pct': 36.55442550535971, 'start': '2025-04-24', 'end': '2026-08-31', 'n_days': 330}",17,35.294117647058826,sh588850,588850,科创机械ETF嘉实,
sym±2%,0.02,0.02,yin_or_small_yang,True,"{'ret_pct': 33.14598377391682, 'excess_pct': -20.707771166794636, 'sharpe': 0.7327570205549909, 'mdd_pct': 24.216671854009164, 'start': '2025-03-10', 'end': '2026-08-31', 'n_days': 362}",39,43.58974358974359,sh588840,588840,科创50ETF万家,
sym±2.5%,0.025,0.025,yin_or_small_yang,True,"{'ret_pct': 51.06897219588164, 'excess_pct': -2.784782744829812, 'sharpe': 1.1080411996132127, 'mdd_pct': 13.663560054673496, 'start': '2025-03-10', 'end': '2026-08-31', 'n_days': 362}",28,50.0,sh588840,588840,科创50ETF万家,
sym±3%,0.03,0.03,yin_or_small_yang,True,"{'ret_pct': 35.09991194735997, 'excess_pct': -18.753842993351483, 'sharpe': 0.7355321591973331, 'mdd_pct': 27.452400157450818, 'start': '2025-03-10', 'end': '2026-08-31', 'n_days': 362}",20,50.0,sh588840,588840,科创50ETF万家,
sym±2.5%仅阴,0.025,0.025,yin_only,True,"{'ret_pct': 14.277167723123242, 'excess_pct': -39.57658721758821, 'sharpe': 0.3550925582006027, 'mdd_pct': 19.730543304260973, 'start': '2025-03-10', 'end': '2026-08-31', 'n_days': 362}",24,45.83333333333333,sh588840,588840,科创50ETF万家,
sym±2.5%不限前日,0.025,0.025,any,True,"{'ret_pct': 51.06897219588164, 'excess_pct': -2.784782744829812, 'sharpe': 1.1080411996132127, 'mdd_pct': 13.663560054673496, 'start': '2025-03-10', 'end': '2026-08-31', 'n_days': 362}",28,50.0,sh588840,588840,科创50ETF万家,
sym±2.5%不禁双阳,0.025,0.025,yin_or_small_yang,False,"{'ret_pct': 51.06897219588164, 'excess_pct': -2.784782744829812, 'sharpe': 1.1080411996132127, 'mdd_pct': 13.663560054673496, 'start': '2025-03-10', 'end': '2026-08-31', 'n_days': 362}",28,50.0,sh588840,588840,科创50ETF万家,
买2/止3,0.02,0.03,yin_or_small_yang,True,"{'ret_pct': 27.075566065855973, 'excess_pct': -26.77818887485548, 'sharpe': 0.5188876352226208, 'mdd_pct': 29.732077849557815, 'start': '2025-03-10', 'end': '2026-08-31', 'n_days': 362}",25,48.0,sh588840,588840,科创50ETF万家,
买2.5/止3.5,0.025,0.035,yin_or_small_yang,True,"{'ret_pct': 60.42684114729915, 'excess_pct': 6.573086206587696, 'sharpe': 1.136681435475936, 'mdd_pct': 17.42578496951953, 'start': '2025-03-10', 'end': '2026-08-31', 'n_days': 362}",17,47.05882352941176,sh588840,588840,科创50ETF万家,65.0
买3/止2.5,0.03,0.025,yin_or_small_yang,True,"{'ret_pct': 37.75420107806404, 'excess_pct': -16.09955386264741, 'sharpe': 0.9153392247859912, 'mdd_pct': 17.950493407360245, 'start': '2025-03-10', 'end': '2026-08-31', 'n_days': 362}",24,41.66666666666667,sh588840,588840,科创50ETF万家,
买2/止2.5,0.02,0.025,yin_or_small_yang,True,"{'ret_pct': 36.96473381851524, 'excess_pct': -16.889021122196212, 'sharpe': 0.7468298173004394, 'mdd_pct': 25.298280775587155, 'start': '2025-03-10', 'end': '2026-08-31', 'n_days': 362}",32,46.875,sh588840,588840,科创50ETF万家,
买3/止4,0.03,0.04,yin_or_small_yang,True,"{'ret_pct': 58.78055704433278, 'excess_pct': 4.926802103621327, 'sharpe': 1.1338127198290116, 'mdd_pct': 22.357561532614334, 'start': '2025-03-10', 'end': '2026-08-31', 'n_days': 362}",13,46.15384615384615,sh588840,588840,科创50ETF万家,
sym±2%,0.02,0.02,yin_or_small_yang,True,"{'ret_pct': -4.15673982324477, 'excess_pct': -29.02879714156615, 'sharpe': -0.06123435069279705, 'mdd_pct': 29.158221752805314, 'start': '2024-08-09', 'end': '2026-08-31', 'n_days': 499}",80,42.5,sh588830,588830,科创新能源ETF鹏华,
sym±2.5%,0.025,0.025,yin_or_small_yang,True,"{'ret_pct': -7.456599654172724, 'excess_pct': -32.3286569724941, 'sharpe': -0.11049914904386934, 'mdd_pct': 32.18480726003774, 'start': '2024-08-09', 'end': '2026-08-31', 'n_days': 499}",55,40.0,sh588830,588830,科创新能源ETF鹏华,
sym±3%,0.03,0.03,yin_or_small_yang,True,"{'ret_pct': 53.79667929798717, 'excess_pct': 28.924621979665787, 'sharpe': 0.7034039688247803, 'mdd_pct': 19.54814782093781, 'start': '2024-08-09', 'end': '2026-08-31', 'n_days': 499}",33,48.484848484848484,sh588830,588830,科创新能源ETF鹏华,74.0
sym±2.5%仅阴,0.025,0.025,yin_only,True,"{'ret_pct': -9.311466058515128, 'excess_pct': -34.18352337683651, 'sharpe': -0.14623131370442666, 'mdd_pct': 34.36921582477878, 'start': '2024-08-09', 'end': '2026-08-31', 'n_days': 499}",45,37.77777777777778,sh588830,588830,科创新能源ETF鹏华,
sym±2.5%不限前日,0.025,0.025,any,True,"{'ret_pct': -3.86270497312311, 'excess_pct': -28.73476229144449, 'sharpe': -0.056418015903097245, 'mdd_pct': 32.17835594344977, 'start': '2024-08-09', 'end': '2026-08-31', 'n_days': 499}",55,40.0,sh588830,588830,科创新能源ETF鹏华,
sym±2.5%不禁双阳,0.025,0.025,yin_or_small_yang,False,"{'ret_pct': -4.039010689385513, 'excess_pct': -28.911068007706895, 'sharpe': -0.05907385524160506, 'mdd_pct': 32.17494427625907, 'start': '2024-08-09', 'end': '2026-08-31', 'n_days': 499}",55,40.0,sh588830,588830,科创新能源ETF鹏华,
买2/止3,0.02,0.03,yin_or_small_yang,True,"{'ret_pct': 22.39953293453447, 'excess_pct': -2.4725243837869115, 'sharpe': 0.2849159342572079, 'mdd_pct': 36.16759568847752, 'start': '2024-08-09', 'end': '2026-08-31', 'n_days': 499}",41,43.90243902439025,sh588830,588830,科创新能源ETF鹏华,
买2.5/止3.5,0.025,0.035,yin_or_small_yang,True,"{'ret_pct': 13.33666729782399, 'excess_pct': -11.535390020497392, 'sharpe': 0.17384272221504918, 'mdd_pct': 32.33335563808141, 'start': '2024-08-09', 'end': '2026-08-31', 'n_days': 499}",31,38.70967741935484,sh588830,588830,科创新能源ETF鹏华,
买3/止2.5,0.03,0.025,yin_or_small_yang,True,"{'ret_pct': 16.23907600466241, 'excess_pct': -8.63298131365897, 'sharpe': 0.24291320237510614, 'mdd_pct': 28.46511499513895, 'start': '2024-08-09', 'end': '2026-08-31', 'n_days': 499}",44,43.18181818181818,sh588830,588830,科创新能源ETF鹏华,
买2/止2.5,0.02,0.025,yin_or_small_yang,True,"{'ret_pct': -13.571757318035093, 'excess_pct': -38.44381463635648, 'sharpe': -0.19483642026182943, 'mdd_pct': 35.0147521423949, 'start': '2024-08-09', 'end': '2026-08-31', 'n_days': 499}",63,41.269841269841265,sh588830,588830,科创新能源ETF鹏华,
买3/止4,0.03,0.04,yin_or_small_yang,True,"{'ret_pct': 34.2067638942368, 'excess_pct': 9.334706575915419, 'sharpe': 0.41288705947821236, 'mdd_pct': 31.72489156671987, 'start': '2024-08-09', 'end': '2026-08-31', 'n_days': 499}",20,50.0,sh588830,588830,科创新能源ETF鹏华,
sym±2%,0.02,0.02,yin_or_small_yang,True,"{'ret_pct': 30.558744541635185, 'excess_pct': -74.69887901251835, 'sharpe': 0.698454927617933, 'mdd_pct': 20.913444145517012, 'start': '2025-01-06', 'end': '2026-08-31', 'n_days': 401}",56,39.285714285714285,sh588820,588820,科创200ETF华夏,
sym±2.5%,0.025,0.025,yin_or_small_yang,True,"{'ret_pct': 55.54926502444475, 'excess_pct': -49.70835852970879, 'sharpe': 1.258515844239794, 'mdd_pct': 17.97743926134133, 'start': '2025-01-06', 'end': '2026-08-31', 'n_days': 401}",34,47.05882352941176,sh588820,588820,科创200ETF华夏,
sym±3%,0.03,0.03,yin_or_small_yang,True,"{'ret_pct': 43.43289760543363, 'excess_pct': -61.82472594871991, 'sharpe': 0.9483066392267107, 'mdd_pct': 28.934039961765723, 'start': '2025-01-06', 'end': '2026-08-31', 'n_days': 401}",26,42.30769230769231,sh588820,588820,科创200ETF华夏,
sym±2.5%仅阴,0.025,0.025,yin_only,True,"{'ret_pct': 58.716997111036775, 'excess_pct': -46.540626443116764, 'sharpe': 1.3939927262977552, 'mdd_pct': 18.035899985377, 'start': '2025-01-06', 'end': '2026-08-31', 'n_days': 401}",29,48.275862068965516,sh588820,588820,科创200ETF华夏,
sym±2.5%不限前日,0.025,0.025,any,True,"{'ret_pct': 55.54926502444475, 'excess_pct': -49.70835852970879, 'sharpe': 1.258515844239794, 'mdd_pct': 17.97743926134133, 'start': '2025-01-06', 'end': '2026-08-31', 'n_days': 401}",34,47.05882352941176,sh588820,588820,科创200ETF华夏,
sym±2.5%不禁双阳,0.025,0.025,yin_or_small_yang,False,"{'ret_pct': 54.82500477961596, 'excess_pct': -50.43261877453758, 'sharpe': 1.2366331960359371, 'mdd_pct': 18.372346867183044, 'start': '2025-01-06', 'end': '2026-08-31', 'n_days': 401}",35,45.714285714285715,sh588820,588820,科创200ETF华夏,
买2/止3,0.02,0.03,yin_or_small_yang,True,"{'ret_pct': 93.24451327451521, 'excess_pct': -12.013110279638326, 'sharpe': 1.6823376415148894, 'mdd_pct': 22.735960608917203, 'start': '2025-01-06', 'end': '2026-08-31', 'n_days': 401}",33,45.45454545454545,sh588820,588820,科创200ETF华夏,
买2.5/止3.5,0.025,0.035,yin_or_small_yang,True,"{'ret_pct': 95.33726892617918, 'excess_pct': -9.920354627974362, 'sharpe': 1.6885241236405448, 'mdd_pct': 23.716547253679167, 'start': '2025-01-06', 'end': '2026-08-31', 'n_days': 401}",23,47.82608695652174,sh588820,588820,科创200ETF华夏,102.0
买3/止2.5,0.03,0.025,yin_or_small_yang,True,"{'ret_pct': 63.48999649567675, 'excess_pct': -41.76762705847679, 'sharpe': 1.4602991470569557, 'mdd_pct': 21.74544979954709, 'start': '2025-01-06', 'end': '2026-08-31', 'n_days': 401}",28,42.857142857142854,sh588820,588820,科创200ETF华夏,
买2/止2.5,0.02,0.025,yin_or_small_yang,True,"{'ret_pct': 65.06161247043516, 'excess_pct': -40.196011083718375, 'sharpe': 1.294819810550198, 'mdd_pct': 22.178732673067113, 'start': '2025-01-06', 'end': '2026-08-31', 'n_days': 401}",43,44.18604651162791,sh588820,588820,科创200ETF华夏,
买3/止4,0.03,0.04,yin_or_small_yang,True,"{'ret_pct': 69.34227419716478, 'excess_pct': -35.915349356988756, 'sharpe': 1.2975901927454054, 'mdd_pct': 24.805545183685997, 'start': '2025-01-06', 'end': '2026-08-31', 'n_days': 401}",18,38.88888888888889,sh588820,588820,科创200ETF华夏,
sym±2%,0.02,0.02,yin_or_small_yang,True,"{'ret_pct': 136.8037573054239, 'excess_pct': -17.210117818461214, 'sharpe': 1.7486616284870489, 'mdd_pct': 24.273329622116336, 'start': '2025-01-09', 'end': '2026-08-31', 'n_days': 398}",64,50.0,sh588810,588810,科创芯片ETF富国,
sym±2.5%,0.025,0.025,yin_or_small_yang,True,"{'ret_pct': 143.62007241472966, 'excess_pct': -10.393802709155437, 'sharpe': 1.7691377811860238, 'mdd_pct': 23.789195592292167, 'start': '2025-01-09', 'end': '2026-08-31', 'n_days': 398}",47,48.93617021276596,sh588810,588810,科创芯片ETF富国,
sym±3%,0.03,0.03,yin_or_small_yang,True,"{'ret_pct': 121.58652222083846, 'excess_pct': -32.42735290304664, 'sharpe': 1.554307041030213, 'mdd_pct': 24.687301551034714, 'start': '2025-01-09', 'end': '2026-08-31', 'n_days': 398}",35,51.42857142857142,sh588810,588810,科创芯片ETF富国,
sym±2.5%仅阴,0.025,0.025,yin_only,True,"{'ret_pct': 173.60138774083524, 'excess_pct': 19.587512616950136, 'sharpe': 2.2139979528038474, 'mdd_pct': 25.33853088585739, 'start': '2025-01-09', 'end': '2026-08-31', 'n_days': 398}",37,51.35135135135135,sh588810,588810,科创芯片ETF富国,26.0
sym±2.5%不限前日,0.025,0.025,any,True,"{'ret_pct': 143.62007241472966, 'excess_pct': -10.393802709155437, 'sharpe': 1.7691377811860238, 'mdd_pct': 23.789195592292167, 'start': '2025-01-09', 'end': '2026-08-31', 'n_days': 398}",47,48.93617021276596,sh588810,588810,科创芯片ETF富国,
sym±2.5%不禁双阳,0.025,0.025,yin_or_small_yang,False,"{'ret_pct': 134.2650948328641, 'excess_pct': -19.748780291021006, 'sharpe': 1.6519832812970074, 'mdd_pct': 30.34774790992204, 'start': '2025-01-09', 'end': '2026-08-31', 'n_days': 398}",48,50.0,sh588810,588810,科创芯片ETF富国,
买2/止3,0.02,0.03,yin_or_small_yang,True,"{'ret_pct': 184.5228155605663, 'excess_pct': 30.5089404366812, 'sharpe': 2.041077578835565, 'mdd_pct': 23.31585671620956, 'start': '2025-01-09', 'end': '2026-08-31', 'n_days': 398}",41,53.65853658536586,sh588810,588810,科创芯片ETF富国,
买2.5/止3.5,0.025,0.035,yin_or_small_yang,True,"{'ret_pct': 150.65656818258876, 'excess_pct': -3.3573069412963434, 'sharpe': 1.7082178644138246, 'mdd_pct': 28.82513276734079, 'start': '2025-01-09', 'end': '2026-08-31', 'n_days': 398}",29,55.172413793103445,sh588810,588810,科创芯片ETF富国,
买3/止2.5,0.03,0.025,yin_or_small_yang,True,"{'ret_pct': 115.27177860727691, 'excess_pct': -38.742096516608186, 'sharpe': 1.5451509387006144, 'mdd_pct': 23.19650671490835, 'start': '2025-01-09', 'end': '2026-08-31', 'n_days': 398}",42,50.0,sh588810,588810,科创芯片ETF富国,
买2/止2.5,0.02,0.025,yin_or_small_yang,True,"{'ret_pct': 185.610363264096, 'excess_pct': 31.59648814021091, 'sharpe': 2.111620316632559, 'mdd_pct': 22.158561900494554, 'start': '2025-01-09', 'end': '2026-08-31', 'n_days': 398}",51,49.01960784313725,sh588810,588810,科创芯片ETF富国,
买3/止4,0.03,0.04,yin_or_small_yang,True,"{'ret_pct': 143.17356221215672, 'excess_pct': -10.840312911728375, 'sharpe': 1.669211085670209, 'mdd_pct': 30.50056882132619, 'start': '2025-01-09', 'end': '2026-08-31', 'n_days': 398}",24,54.166666666666664,sh588810,588810,科创芯片ETF富国,
sym±2%,0.02,0.02,yin_or_small_yang,True,"{'ret_pct': 33.72238888023995, 'excess_pct': -49.340491444303666, 'sharpe': 0.35945845834429924, 'mdd_pct': 27.808400816163882, 'start': '2023-11-16', 'end': '2026-08-31', 'n_days': 677}",81,40.74074074074074,sh588800,588800,科创100ETF华夏,
sym±2.5%,0.025,0.025,yin_or_small_yang,True,"{'ret_pct': 61.19463632735349, 'excess_pct': -21.86824399719012, 'sharpe': 0.6253466996708984, 'mdd_pct': 27.80018656906983, 'start': '2023-11-16', 'end': '2026-08-31', 'n_days': 677}",54,40.74074074074074,sh588800,588800,科创100ETF华夏,
sym±3%,0.03,0.03,yin_or_small_yang,True,"{'ret_pct': 50.767019905859186, 'excess_pct': -32.29586041868443, 'sharpe': 0.5454346659594932, 'mdd_pct': 29.563719543740618, 'start': '2023-11-16', 'end': '2026-08-31', 'n_days': 677}",36,44.44444444444444,sh588800,588800,科创100ETF华夏,
sym±2.5%仅阴,0.025,0.025,yin_only,True,"{'ret_pct': 125.66517785638713, 'excess_pct': 42.60229753184352, 'sharpe': 1.2183816191168386, 'mdd_pct': 24.273953420675888, 'start': '2023-11-16', 'end': '2026-08-31', 'n_days': 677}",43,46.51162790697674,sh588800,588800,科创100ETF华夏,54.0
sym±2.5%不限前日,0.025,0.025,any,True,"{'ret_pct': 68.09575421525747, 'excess_pct': -14.967126109286141, 'sharpe': 0.6805095453774614, 'mdd_pct': 27.80018656906983, 'start': '2023-11-16', 'end': '2026-08-31', 'n_days': 677}",55,41.81818181818181,sh588800,588800,科创100ETF华夏,
sym±2.5%不禁双阳,0.025,0.025,yin_or_small_yang,False,"{'ret_pct': 67.92057060361587, 'excess_pct': -15.142309720927742, 'sharpe': 0.6813372637342053, 'mdd_pct': 27.80018656906983, 'start': '2023-11-16', 'end': '2026-08-31', 'n_days': 677}",55,41.81818181818181,sh588800,588800,科创100ETF华夏,
买2/止3,0.02,0.03,yin_or_small_yang,True,"{'ret_pct': 84.31213069951362, 'excess_pct': 1.2492503749700035, 'sharpe': 0.7261186712285753, 'mdd_pct': 30.348627027932807, 'start': '2023-11-16', 'end': '2026-08-31', 'n_days': 677}",46,45.65217391304348,sh588800,588800,科创100ETF华夏,
买2.5/止3.5,0.025,0.035,yin_or_small_yang,True,"{'ret_pct': 128.0583311035168, 'excess_pct': 44.99545077897318, 'sharpe': 1.0475634641808713, 'mdd_pct': 30.033217150208447, 'start': '2023-11-16', 'end': '2026-08-31', 'n_days': 677}",30,43.333333333333336,sh588800,588800,科创100ETF华夏,
买3/止2.5,0.03,0.025,yin_or_small_yang,True,"{'ret_pct': 32.33709503192639, 'excess_pct': -50.725785292617225, 'sharpe': 0.387623396653342, 'mdd_pct': 23.068206871109574, 'start': '2023-11-16', 'end': '2026-08-31', 'n_days': 677}",45,40.0,sh588800,588800,科创100ETF华夏,
买2/止2.5,0.02,0.025,yin_or_small_yang,True,"{'ret_pct': 36.90509526750718, 'excess_pct': -46.157785057036435, 'sharpe': 0.3666520416161133, 'mdd_pct': 30.705743844263232, 'start': '2023-11-16', 'end': '2026-08-31', 'n_days': 677}",66,40.909090909090914,sh588800,588800,科创100ETF华夏,
买3/止4,0.03,0.04,yin_or_small_yang,True,"{'ret_pct': 75.42838215321277, 'excess_pct': -7.634498171330847, 'sharpe': 0.7024339056861938, 'mdd_pct': 35.78886316337648, 'start': '2023-11-16', 'end': '2026-08-31', 'n_days': 677}",25,40.0,sh588800,588800,科创100ETF华夏,
sym±2%,0.02,0.02,yin_or_small_yang,True,"{'ret_pct': -14.592385707494426, 'excess_pct': 6.43974671704305, 'sharpe': -0.18956972444754078, 'mdd_pct': 57.041929394330126, 'start': '2025-01-09', 'end': '2026-08-31', 'n_days': 398}",64,43.75,sh588790,588790,科创AIETF博时,
sym±2.5%,0.025,0.025,yin_or_small_yang,True,"{'ret_pct': 82.20699103797115, 'excess_pct': 103.23912346250863, 'sharpe': 1.5058170747720365, 'mdd_pct': 19.333026405073362, 'start': '2025-01-09', 'end': '2026-08-31', 'n_days': 398}",42,50.0,sh588790,588790,科创AIETF博时,
sym±3%,0.03,0.03,yin_or_small_yang,True,"{'ret_pct': 49.64703304748483, 'excess_pct': 70.6791654720223, 'sharpe': 0.9435572367875488, 'mdd_pct': 19.83627515450247, 'start': '2025-01-09', 'end': '2026-08-31', 'n_days': 398}",31,54.83870967741935,sh588790,588790,科创AIETF博时,
sym±2.5%仅阴,0.025,0.025,yin_only,True,"{'ret_pct': 53.55320067119358, 'excess_pct': 74.58533309573106, 'sharpe': 1.1539631654318903, 'mdd_pct': 19.331123313318432, 'start': '2025-01-09', 'end': '2026-08-31', 'n_days': 398}",39,51.28205128205128,sh588790,588790,科创AIETF博时,
sym±2.5%不限前日,0.025,0.025,any,True,"{'ret_pct': 87.0031327605135, 'excess_pct': 108.03526518505097, 'sharpe': 1.591660100396123, 'mdd_pct': 19.332322262648827, 'start': '2025-01-09', 'end': '2026-08-31', 'n_days': 398}",42,50.0,sh588790,588790,科创AIETF博时,29.0
sym±2.5%不禁双阳,0.025,0.025,yin_or_small_yang,False,"{'ret_pct': 82.20699103797115, 'excess_pct': 103.23912346250863, 'sharpe': 1.5058170747720365, 'mdd_pct': 19.333026405073362, 'start': '2025-01-09', 'end': '2026-08-31', 'n_days': 398}",42,50.0,sh588790,588790,科创AIETF博时,
买2/止3,0.02,0.03,yin_or_small_yang,True,"{'ret_pct': -19.152974792652767, 'excess_pct': 1.8791576318847092, 'sharpe': -0.23840548690038302, 'mdd_pct': 60.04868106123604, 'start': '2025-01-09', 'end': '2026-08-31', 'n_days': 398}",37,45.94594594594595,sh588790,588790,科创AIETF博时,
买2.5/止3.5,0.025,0.035,yin_or_small_yang,True,"{'ret_pct': 36.35961862022401, 'excess_pct': 57.39175104476149, 'sharpe': 0.6061431797487058, 'mdd_pct': 29.446192606187015, 'start': '2025-01-09', 'end': '2026-08-31', 'n_days': 398}",28,39.285714285714285,sh588790,588790,科创AIETF博时,
买3/止2.5,0.03,0.025,yin_or_small_yang,True,"{'ret_pct': 66.94393979260478, 'excess_pct': 87.97607221714226, 'sharpe': 1.35796513599507, 'mdd_pct': 17.605690032322507, 'start': '2025-01-09', 'end': '2026-08-31', 'n_days': 398}",35,57.14285714285714,sh588790,588790,科创AIETF博时,
买2/止2.5,0.02,0.025,yin_or_small_yang,True,"{'ret_pct': -4.080485820748825, 'excess_pct': 16.951646603788653, 'sharpe': -0.05070300786446381, 'mdd_pct': 58.18722563822904, 'start': '2025-01-09', 'end': '2026-08-31', 'n_days': 398}",48,47.91666666666667,sh588790,588790,科创AIETF博时,
买3/止4,0.03,0.04,yin_or_small_yang,True,"{'ret_pct': 0.38897518557121646, 'excess_pct': 21.42110761010869, 'sharpe': 0.004597682583345992, 'mdd_pct': 58.17037296300494, 'start': '2025-01-09', 'end': '2026-08-31', 'n_days': 398}",17,41.17647058823529,sh588790,588790,科创AIETF博时,
sym±2%,0.02,0.02,yin_or_small_yang,True,"{'ret_pct': 75.1614115094464, 'excess_pct': 77.00071451041444, 'sharpe': 1.119155251817123, 'mdd_pct': 30.32119562158758, 'start': '2024-12-26', 'end': '2026-08-31', 'n_days': 407}",72,52.77777777777778,sh588780,588780,科创芯片设计ETF国联安,
sym±2.5%,0.025,0.025,yin_or_small_yang,True,"{'ret_pct': 90.26328021303675, 'excess_pct': 92.1025832140048, 'sharpe': 1.3130083070056116, 'mdd_pct': 27.38278626047993, 'start': '2024-12-26', 'end': '2026-08-31', 'n_days': 407}",56,48.214285714285715,sh588780,588780,科创芯片设计ETF国联安,
sym±3%,0.03,0.03,yin_or_small_yang,True,"{'ret_pct': 58.682438529209534, 'excess_pct': 60.52174153017757, 'sharpe': 0.8819601090384674, 'mdd_pct': 30.830641066231866, 'start': '2024-12-26', 'end': '2026-08-31', 'n_days': 407}",42,50.0,sh588780,588780,科创芯片设计ETF国联安,
sym±2.5%仅阴,0.025,0.025,yin_only,True,"{'ret_pct': 127.29040614039353, 'excess_pct': 129.12970914136156, 'sharpe': 1.8563729910942917, 'mdd_pct': 26.748770723105785, 'start': '2024-12-26', 'end': '2026-08-31', 'n_days': 407}",51,52.94117647058824,sh588780,588780,科创芯片设计ETF国联安,18.0
sym±2.5%不限前日,0.025,0.025,any,True,"{'ret_pct': 85.17433964189807, 'excess_pct': 87.01364264286612, 'sharpe': 1.2444051838238472, 'mdd_pct': 27.382242687562098, 'start': '2024-12-26', 'end': '2026-08-31', 'n_days': 407}",57,47.368421052631575,sh588780,588780,科创芯片设计ETF国联安,
sym±2.5%不禁双阳,0.025,0.025,yin_or_small_yang,False,"{'ret_pct': 87.95290087633916, 'excess_pct': 89.7922038773072, 'sharpe': 1.2772446244916573, 'mdd_pct': 27.38278626047993, 'start': '2024-12-26', 'end': '2026-08-31', 'n_days': 407}",56,48.214285714285715,sh588780,588780,科创芯片设计ETF国联安,
买2/止3,0.02,0.03,yin_or_small_yang,True,"{'ret_pct': 76.94480740742708, 'excess_pct': 78.78411040839512, 'sharpe': 1.0180931770364328, 'mdd_pct': 31.446050433321293, 'start': '2024-12-26', 'end': '2026-08-31', 'n_days': 407}",48,56.25,sh588780,588780,科创芯片设计ETF国联安,
买2.5/止3.5,0.025,0.035,yin_or_small_yang,True,"{'ret_pct': 71.00350726093438, 'excess_pct': 72.84281026190243, 'sharpe': 0.9453526930603847, 'mdd_pct': 32.059740112682015, 'start': '2024-12-26', 'end': '2026-08-31', 'n_days': 407}",38,55.26315789473685,sh588780,588780,科创芯片设计ETF国联安,
买3/止2.5,0.03,0.025,yin_or_small_yang,True,"{'ret_pct': 79.3278549408672, 'excess_pct': 81.16715794183524, 'sharpe': 1.2682129969779234, 'mdd_pct': 28.779298601677382, 'start': '2024-12-26', 'end': '2026-08-31', 'n_days': 407}",48,47.91666666666667,sh588780,588780,科创芯片设计ETF国联安,
买2/止2.5,0.02,0.025,yin_or_small_yang,True,"{'ret_pct': 89.73333401941758, 'excess_pct': 91.57263702038563, 'sharpe': 1.242797630481997, 'mdd_pct': 29.100382355557286, 'start': '2024-12-26', 'end': '2026-08-31', 'n_days': 407}",61,49.18032786885246,sh588780,588780,科创芯片设计ETF国联安,
买3/止4,0.03,0.04,yin_or_small_yang,True,"{'ret_pct': -0.3859189522111839, 'excess_pct': 1.4533840487568561, 'sharpe': -0.004206602615989838, 'mdd_pct': 56.40319317334084, 'start': '2024-12-26', 'end': '2026-08-31', 'n_days': 407}",25,48.0,sh588780,588780,科创芯片设计ETF国联安,
sym±2%,0.02,0.02,yin_or_small_yang,True,"{'ret_pct': 11.251699468768006, 'excess_pct': -75.77424863502443, 'sharpe': 0.25726834425071066, 'mdd_pct': 32.171031894228285, 'start': '2025-03-24', 'end': '2026-08-31', 'n_days': 352}",52,48.07692307692308,sh588770,588770,科创信息ETF摩根,
sym±2.5%,0.025,0.025,yin_or_small_yang,True,"{'ret_pct': 58.93339568612157, 'excess_pct': -28.092552417670873, 'sharpe': 1.1894267719276548, 'mdd_pct': 25.932963970218214, 'start': '2025-03-24', 'end': '2026-08-31', 'n_days': 352}",37,54.054054054054056,sh588770,588770,科创信息ETF摩根,
sym±3%,0.03,0.03,yin_or_small_yang,True,"{'ret_pct': 49.612348144643235, 'excess_pct': -37.41359995914921, 'sharpe': 0.9814226224511761, 'mdd_pct': 23.649007507391218, 'start': '2025-03-24', 'end': '2026-08-31', 'n_days': 352}",25,56.00000000000001,sh588770,588770,科创信息ETF摩根,
sym±2.5%仅阴,0.025,0.025,yin_only,True,"{'ret_pct': 38.854337384591965, 'excess_pct': -48.17161071920048, 'sharpe': 0.8469631558710133, 'mdd_pct': 25.929567015313747, 'start': '2025-03-24', 'end': '2026-08-31', 'n_days': 352}",35,51.42857142857142,sh588770,588770,科创信息ETF摩根,
sym±2.5%不限前日,0.025,0.025,any,True,"{'ret_pct': 49.725104508067155, 'excess_pct': -37.30084359572529, 'sharpe': 1.006947204429863, 'mdd_pct': 30.227811229650115, 'start': '2025-03-24', 'end': '2026-08-31', 'n_days': 352}",38,52.63157894736842,sh588770,588770,科创信息ETF摩根,
sym±2.5%不禁双阳,0.025,0.025,yin_or_small_yang,False,"{'ret_pct': 58.93339568612157, 'excess_pct': -28.092552417670873, 'sharpe': 1.1894267719276548, 'mdd_pct': 25.932963970218214, 'start': '2025-03-24', 'end': '2026-08-31', 'n_days': 352}",37,54.054054054054056,sh588770,588770,科创信息ETF摩根,
买2/止3,0.02,0.03,yin_or_small_yang,True,"{'ret_pct': 62.790528227254505, 'excess_pct': -24.23541987653794, 'sharpe': 1.140786914470265, 'mdd_pct': 33.047152520709446, 'start': '2025-03-24', 'end': '2026-08-31', 'n_days': 352}",28,57.14285714285714,sh588770,588770,科创信息ETF摩根,
买2.5/止3.5,0.025,0.035,yin_or_small_yang,True,"{'ret_pct': 74.92347836478712, 'excess_pct': -12.102469739005329, 'sharpe': 1.3534268281498134, 'mdd_pct': 30.39431697411732, 'start': '2025-03-24', 'end': '2026-08-31', 'n_days': 352}",22,50.0,sh588770,588770,科创信息ETF摩根,103.0
买3/止2.5,0.03,0.025,yin_or_small_yang,True,"{'ret_pct': 31.043638071504056, 'excess_pct': -55.98231003228839, 'sharpe': 0.689805901127421, 'mdd_pct': 21.368853597042094, 'start': '2025-03-24', 'end': '2026-08-31', 'n_days': 352}",34,58.82352941176471,sh588770,588770,科创信息ETF摩根,
买2/止2.5,0.02,0.025,yin_or_small_yang,True,"{'ret_pct': 53.39039766621758, 'excess_pct': -33.635550437574864, 'sharpe': 1.0457901781233956, 'mdd_pct': 31.09740924355373, 'start': '2025-03-24', 'end': '2026-08-31', 'n_days': 352}",41,48.78048780487805,sh588770,588770,科创信息ETF摩根,
买3/止4,0.03,0.04,yin_or_small_yang,True,"{'ret_pct': 65.3608340933344, 'excess_pct': -21.66511401045804, 'sharpe': 1.167389172556898, 'mdd_pct': 27.49349863731495, 'start': '2025-03-24', 'end': '2026-08-31', 'n_days': 352}",17,47.05882352941176,sh588770,588770,科创信息ETF摩根,
sym±2%,0.02,0.02,yin_or_small_yang,True,"{'ret_pct': -15.634489533475193, 'excess_pct': 9.38994839418853, 'sharpe': -0.21984798664959573, 'mdd_pct': 47.51546717815002, 'start': '2025-01-23', 'end': '2026-08-31', 'n_days': 388}",60,40.0,sh588760,588760,科创人工智能ETF广发,
sym±2.5%,0.025,0.025,yin_or_small_yang,True,"{'ret_pct': -10.48531338076163, 'excess_pct': 14.539124546902093, 'sharpe': -0.1445541086979784, 'mdd_pct': 50.23670258344231, 'start': '2025-01-23', 'end': '2026-08-31', 'n_days': 388}",40,47.5,sh588760,588760,科创人工智能ETF广发,
sym±3%,0.03,0.03,yin_or_small_yang,True,"{'ret_pct': -23.85164699667839, 'excess_pct': 1.1727909309853324, 'sharpe': -0.33811719673744, 'mdd_pct': 54.484577393083896, 'start': '2025-01-23', 'end': '2026-08-31', 'n_days': 388}",27,37.03703703703704,sh588760,588760,科创人工智能ETF广发,
sym±2.5%仅阴,0.025,0.025,yin_only,True,"{'ret_pct': -10.999435671904012, 'excess_pct': 14.025002255759711, 'sharpe': -0.15763211627602272, 'mdd_pct': 47.31937894027265, 'start': '2025-01-23', 'end': '2026-08-31', 'n_days': 388}",34,50.0,sh588760,588760,科创人工智能ETF广发,
sym±2.5%不限前日,0.025,0.025,any,True,"{'ret_pct': -10.48531338076163, 'excess_pct': 14.539124546902093, 'sharpe': -0.1445541086979784, 'mdd_pct': 50.23670258344231, 'start': '2025-01-23', 'end': '2026-08-31', 'n_days': 388}",40,47.5,sh588760,588760,科创人工智能ETF广发,
sym±2.5%不禁双阳,0.025,0.025,yin_or_small_yang,False,"{'ret_pct': -10.48531338076163, 'excess_pct': 14.539124546902093, 'sharpe': -0.1445541086979784, 'mdd_pct': 50.23670258344231, 'start': '2025-01-23', 'end': '2026-08-31', 'n_days': 388}",40,47.5,sh588760,588760,科创人工智能ETF广发,
买2/止3,0.02,0.03,yin_or_small_yang,True,"{'ret_pct': -8.726770937551986, 'excess_pct': 16.297666990111736, 'sharpe': -0.11288031223159127, 'mdd_pct': 54.11929305948742, 'start': '2025-01-23', 'end': '2026-08-31', 'n_days': 388}",33,45.45454545454545,sh588760,588760,科创人工智能ETF广发,
买2.5/止3.5,0.025,0.035,yin_or_small_yang,True,"{'ret_pct': -10.589232335059206, 'excess_pct': 14.435205592604516, 'sharpe': -0.13737038648697583, 'mdd_pct': 55.68090861640664, 'start': '2025-01-23', 'end': '2026-08-31', 'n_days': 388}",23,39.130434782608695,sh588760,588760,科创人工智能ETF广发,
买3/止2.5,0.03,0.025,yin_or_small_yang,True,"{'ret_pct': -19.25044529855998, 'excess_pct': 5.773992629103741, 'sharpe': -0.2831614184883371, 'mdd_pct': 48.17689811472492, 'start': '2025-01-23', 'end': '2026-08-31', 'n_days': 388}",32,43.75,sh588760,588760,科创人工智能ETF广发,
买2/止2.5,0.02,0.025,yin_or_small_yang,True,"{'ret_pct': -0.542010694063999, 'excess_pct': 24.482427233599722, 'sharpe': -0.0071318497521672426, 'mdd_pct': 48.96875334269527, 'start': '2025-01-23', 'end': '2026-08-31', 'n_days': 388}",44,43.18181818181818,sh588760,588760,科创人工智能ETF广发,89.0
买3/止4,0.03,0.04,yin_or_small_yang,True,"{'ret_pct': -11.679677018367995, 'excess_pct': 13.344760909295728, 'sharpe': -0.15160081236398398, 'mdd_pct': 54.24991665708963, 'start': '2025-01-23', 'end': '2026-08-31', 'n_days': 388}",19,31.57894736842105,sh588760,588760,科创人工智能ETF广发,
sym±2%,0.02,0.02,yin_or_small_yang,True,"{'ret_pct': 69.94047989123197, 'excess_pct': -60.62846899979988, 'sharpe': 1.1323450841656697, 'mdd_pct': 28.417668005747675, 'start': '2024-12-26', 'end': '2026-08-31', 'n_days': 407}",67,53.73134328358209,sh588750,588750,科创芯片ETF汇添富,
sym±2.5%,0.025,0.025,yin_or_small_yang,True,"{'ret_pct': 123.19613882302063, 'excess_pct': -7.372810068011219, 'sharpe': 1.782202200078068, 'mdd_pct': 21.864886625372847, 'start': '2024-12-26', 'end': '2026-08-31', 'n_days': 407}",47,46.808510638297875,sh588750,588750,科创芯片ETF汇添富,
sym±3%,0.03,0.03,yin_or_small_yang,True,"{'ret_pct': 60.67817916968319, 'excess_pct': -69.89076972134866, 'sharpe': 0.9466371816947551, 'mdd_pct': 22.343639774160618, 'start': '2024-12-26', 'end': '2026-08-31', 'n_days': 407}",37,48.64864864864865,sh588750,588750,科创芯片ETF汇添富,
sym±2.5%仅阴,0.025,0.025,yin_only,True,"{'ret_pct': 151.7375253277215, 'excess_pct': 21.168576436689648, 'sharpe': 2.331052915149826, 'mdd_pct': 21.870450358702097, 'start': '2024-12-26', 'end': '2026-08-31', 'n_days': 407}",40,50.0,sh588750,588750,科创芯片ETF汇添富,
sym±2.5%不限前日,0.025,0.025,any,True,"{'ret_pct': 106.97341099025466, 'excess_pct': -23.595537900777188, 'sharpe': 1.5595871746112042, 'mdd_pct': 24.547785347902796, 'start': '2024-12-26', 'end': '2026-08-31', 'n_days': 407}",48,45.83333333333333,sh588750,588750,科创芯片ETF汇添富,
sym±2.5%不禁双阳,0.025,0.025,yin_or_small_yang,False,"{'ret_pct': 145.50610801541103, 'excess_pct': 14.937159124379178, 'sharpe': 2.048938782955327, 'mdd_pct': 21.872381639421935, 'start': '2024-12-26', 'end': '2026-08-31', 'n_days': 407}",47,48.93617021276596,sh588750,588750,科创芯片ETF汇添富,
买2/止3,0.02,0.03,yin_or_small_yang,True,"{'ret_pct': 86.80382709805117, 'excess_pct': -43.76512179298068, 'sharpe': 1.2007264803311957, 'mdd_pct': 29.959678321854465, 'start': '2024-12-26', 'end': '2026-08-31', 'n_days': 407}",44,45.45454545454545,sh588750,588750,科创芯片ETF汇添富,
买2.5/止3.5,0.025,0.035,yin_or_small_yang,True,"{'ret_pct': 123.81496728777273, 'excess_pct': -6.7539816032591204, 'sharpe': 1.623652800446471, 'mdd_pct': 27.018249533435647, 'start': '2024-12-26', 'end': '2026-08-31', 'n_days': 407}",31,61.29032258064516,sh588750,588750,科创芯片ETF汇添富,
买3/止2.5,0.03,0.025,yin_or_small_yang,True,"{'ret_pct': 95.32195964285117, 'excess_pct': -35.24698924818068, 'sharpe': 1.5372193710783097, 'mdd_pct': 19.514072279082797, 'start': '2024-12-26', 'end': '2026-08-31', 'n_days': 407}",40,50.0,sh588750,588750,科创芯片ETF汇添富,
买2/止2.5,0.02,0.025,yin_or_small_yang,True,"{'ret_pct': 115.58637515636154, 'excess_pct': -14.98257373467031, 'sharpe': 1.6240903230588457, 'mdd_pct': 27.805630231400592, 'start': '2024-12-26', 'end': '2026-08-31', 'n_days': 407}",52,48.07692307692308,sh588750,588750,科创芯片ETF汇添富,
买3/止4,0.03,0.04,yin_or_small_yang,True,"{'ret_pct': 191.34095452247996, 'excess_pct': 60.77200563144811, 'sharpe': 2.3993783206736508, 'mdd_pct': 23.253495715903448, 'start': '2024-12-26', 'end': '2026-08-31', 'n_days': 407}",21,52.38095238095239,sh588750,588750,科创芯片ETF汇添富,15.0
sym±2%,0.02,0.02,yin_or_small_yang,True,"{'ret_pct': 40.2136689091712, 'excess_pct': -8.657773681604048, 'sharpe': 0.8470905337673912, 'mdd_pct': 22.487673791321996, 'start': '2025-01-24', 'end': '2026-08-31', 'n_days': 387}",62,38.70967741935484,sh588730,588730,科创人工智能ETF易方达,
sym±2.5%,0.025,0.025,yin_or_small_yang,True,"{'ret_pct': 40.794914880406516, 'excess_pct': -8.07652771036873, 'sharpe': 0.8584243366740265, 'mdd_pct': 25.35180249093154, 'start': '2025-01-24', 'end': '2026-08-31', 'n_days': 387}",42,40.476190476190474,sh588730,588730,科创人工智能ETF易方达,
sym±3%,0.03,0.03,yin_or_small_yang,True,"{'ret_pct': -0.9216010557631771, 'excess_pct': -49.79304364653842, 'sharpe': -0.019143356001846624, 'mdd_pct': 28.974129888054833, 'start': '2025-01-24', 'end': '2026-08-31', 'n_days': 387}",33,42.42424242424242,sh588730,588730,科创人工智能ETF易方达,
sym±2.5%仅阴,0.025,0.025,yin_only,True,"{'ret_pct': 29.30445601396492, 'excess_pct': -19.566986576810326, 'sharpe': 0.7385592150792333, 'mdd_pct': 25.344745479655685, 'start': '2025-01-24', 'end': '2026-08-31', 'n_days': 387}",34,44.11764705882353,sh588730,588730,科创人工智能ETF易方达,
sym±2.5%不限前日,0.025,0.025,any,True,"{'ret_pct': 38.593737768747594, 'excess_pct': -10.277704822027651, 'sharpe': 0.8137063332394785, 'mdd_pct': 25.34405989188255, 'start': '2025-01-24', 'end': '2026-08-31', 'n_days': 387}",43,39.53488372093023,sh588730,588730,科创人工智能ETF易方达,
sym±2.5%不禁双阳,0.025,0.025,yin_or_small_yang,False,"{'ret_pct': 40.794914880406516, 'excess_pct': -8.07652771036873, 'sharpe': 0.8584243366740265, 'mdd_pct': 25.35180249093154, 'start': '2025-01-24', 'end': '2026-08-31', 'n_days': 387}",42,40.476190476190474,sh588730,588730,科创人工智能ETF易方达,
买2/止3,0.02,0.03,yin_or_small_yang,True,"{'ret_pct': 21.859449512947204, 'excess_pct': -27.01199307782804, 'sharpe': 0.400095001833883, 'mdd_pct': 33.46453828580091, 'start': '2025-01-24', 'end': '2026-08-31', 'n_days': 387}",37,51.35135135135135,sh588730,588730,科创人工智能ETF易方达,
买2.5/止3.5,0.025,0.035,yin_or_small_yang,True,"{'ret_pct': 47.95235688809605, 'excess_pct': -0.9190857026791974, 'sharpe': 0.8506996550770572, 'mdd_pct': 27.80402239879366, 'start': '2025-01-24', 'end': '2026-08-31', 'n_days': 387}",25,36.0,sh588730,588730,科创人工智能ETF易方达,
买3/止2.5,0.03,0.025,yin_or_small_yang,True,"{'ret_pct': 23.140966498614457, 'excess_pct': -25.73047609216079, 'sharpe': 0.5380323872485121, 'mdd_pct': 28.25594256967533, 'start': '2025-01-24', 'end': '2026-08-31', 'n_days': 387}",37,45.94594594594595,sh588730,588730,科创人工智能ETF易方达,
买2/止2.5,0.02,0.025,yin_or_small_yang,True,"{'ret_pct': 60.90301284285762, 'excess_pct': 12.031570252082375, 'sharpe': 1.177159207466567, 'mdd_pct': 23.17279905189047, 'start': '2025-01-24', 'end': '2026-08-31', 'n_days': 387}",47,42.5531914893617,sh588730,588730,科创人工智能ETF易方达,60.0
买3/止4,0.03,0.04,yin_or_small_yang,True,"{'ret_pct': 27.12789889323204, 'excess_pct': -21.743543697543206, 'sharpe': 0.46395427351801727, 'mdd_pct': 37.89155642339656, 'start': '2025-01-24', 'end': '2026-08-31', 'n_days': 387}",20,40.0,sh588730,588730,科创人工智能ETF易方达,
sym±2%,0.02,0.02,yin_or_small_yang,True,"{'ret_pct': 12.445184692192047, 'excess_pct': -57.45580540681783, 'sharpe': 0.298272960456159, 'mdd_pct': 31.535857299799773, 'start': '2025-04-15', 'end': '2026-08-31', 'n_days': 337}",46,39.130434782608695,sh588720,588720,科创50ETF中银,
sym±2.5%,0.025,0.025,yin_or_small_yang,True,"{'ret_pct': 38.856202307807955, 'excess_pct': -31.04478779120192, 'sharpe': 0.8877453602748001, 'mdd_pct': 19.45173304191946, 'start': '2025-04-15', 'end': '2026-08-31', 'n_days': 337}",32,50.0,sh588720,588720,科创50ETF中银,
sym±3%,0.03,0.03,yin_or_small_yang,True,"{'ret_pct': 23.143368733542435, 'excess_pct': -46.75762136546744, 'sharpe': 0.5339672222932754, 'mdd_pct': 25.659188987958004, 'start': '2025-04-15', 'end': '2026-08-31', 'n_days': 337}",27,51.85185185185185,sh588720,588720,科创50ETF中银,
sym±2.5%仅阴,0.025,0.025,yin_only,True,"{'ret_pct': 17.270317119836776, 'excess_pct': -52.6306729791731, 'sharpe': 0.4356367347755628, 'mdd_pct': 28.496278136182728, 'start': '2025-04-15', 'end': '2026-08-31', 'n_days': 337}",26,46.15384615384615,sh588720,588720,科创50ETF中银,
sym±2.5%不限前日,0.025,0.025,any,True,"{'ret_pct': 38.856202307807955, 'excess_pct': -31.04478779120192, 'sharpe': 0.8877453602748001, 'mdd_pct': 19.45173304191946, 'start': '2025-04-15', 'end': '2026-08-31', 'n_days': 337}",32,50.0,sh588720,588720,科创50ETF中银,
sym±2.5%不禁双阳,0.025,0.025,yin_or_small_yang,False,"{'ret_pct': 44.640517420063944, 'excess_pct': -25.26047267894593, 'sharpe': 1.0051511259656578, 'mdd_pct': 19.450736710368822, 'start': '2025-04-15', 'end': '2026-08-31', 'n_days': 337}",33,51.515151515151516,sh588720,588720,科创50ETF中银,112.0
买2/止3,0.02,0.03,yin_or_small_yang,True,"{'ret_pct': 28.33413522172488, 'excess_pct': -41.566854877284996, 'sharpe': 0.6073469474960391, 'mdd_pct': 29.33160044524734, 'start': '2025-04-15', 'end': '2026-08-31', 'n_days': 337}",33,45.45454545454545,sh588720,588720,科创50ETF中银,
买2.5/止3.5,0.025,0.035,yin_or_small_yang,True,"{'ret_pct': 32.14090170045756, 'excess_pct': -37.76008839855231, 'sharpe': 0.6970648802563295, 'mdd_pct': 24.029143526176465, 'start': '2025-04-15', 'end': '2026-08-31', 'n_days': 337}",26,53.84615384615385,sh588720,588720,科创50ETF中银,
买3/止2.5,0.03,0.025,yin_or_small_yang,True,"{'ret_pct': 32.3715060588992, 'excess_pct': -37.529484040110674, 'sharpe': 0.7645300518621567, 'mdd_pct': 18.549539816261962, 'start': '2025-04-15', 'end': '2026-08-31', 'n_days': 337}",28,50.0,sh588720,588720,科创50ETF中银,
买2/止2.5,0.02,0.025,yin_or_small_yang,True,"{'ret_pct': 27.824841152777612, 'excess_pct': -42.076148946232266, 'sharpe': 0.6208601442145991, 'mdd_pct': 28.185075790999115, 'start': '2025-04-15', 'end': '2026-08-31', 'n_days': 337}",37,45.94594594594595,sh588720,588720,科创50ETF中银,
买3/止4,0.03,0.04,yin_or_small_yang,True,"{'ret_pct': 43.012816362675245, 'excess_pct': -26.88817373633463, 'sharpe': 0.892251146559614, 'mdd_pct': 22.408204374860606, 'start': '2025-04-15', 'end': '2026-08-31', 'n_days': 337}",21,57.14285714285714,sh588720,588720,科创50ETF中银,
sym±2%,0.02,0.02,yin_or_small_yang,True,"{'ret_pct': 145.1965486890943, 'excess_pct': 141.0965486890943, 'sharpe': 2.6827026477592777, 'mdd_pct': 23.420555761776395, 'start': '2025-06-04', 'end': '2026-08-31', 'n_days': 305}",48,54.166666666666664,sh588710,588710,科创半导体设备ETF华泰柏瑞,
sym±2.5%,0.025,0.025,yin_or_small_yang,True,"{'ret_pct': 201.6522826012192, 'excess_pct': 197.55228260121922, 'sharpe': 3.5299833482591696, 'mdd_pct': 28.898707067865338, 'start': '2025-06-04', 'end': '2026-08-31', 'n_days': 305}",39,56.41025641025641,sh588710,588710,科创半导体设备ETF华泰柏瑞,
sym±3%,0.03,0.03,yin_or_small_yang,True,"{'ret_pct': 211.63491690093127, 'excess_pct': 207.53491690093128, 'sharpe': 3.698778144351249, 'mdd_pct': 27.643600672215783, 'start': '2025-06-04', 'end': '2026-08-31', 'n_days': 305}",27,55.55555555555556,sh588710,588710,科创半导体设备ETF华泰柏瑞,
sym±2.5%仅阴,0.025,0.025,yin_only,True,"{'ret_pct': 127.94630896870083, 'excess_pct': 123.84630896870084, 'sharpe': 2.511062295115038, 'mdd_pct': 29.27106600657401, 'start': '2025-06-04', 'end': '2026-08-31', 'n_days': 305}",32,56.25,sh588710,588710,科创半导体设备ETF华泰柏瑞,
sym±2.5%不限前日,0.025,0.025,any,True,"{'ret_pct': 201.6522826012192, 'excess_pct': 197.55228260121922, 'sharpe': 3.5299833482591696, 'mdd_pct': 28.898707067865338, 'start': '2025-06-04', 'end': '2026-08-31', 'n_days': 305}",39,56.41025641025641,sh588710,588710,科创半导体设备ETF华泰柏瑞,
sym±2.5%不禁双阳,0.025,0.025,yin_or_small_yang,False,"{'ret_pct': 177.8279175560864, 'excess_pct': 173.7279175560864, 'sharpe': 3.088318666067499, 'mdd_pct': 34.04788293042663, 'start': '2025-06-04', 'end': '2026-08-31', 'n_days': 305}",40,55.00000000000001,sh588710,588710,科创半导体设备ETF华泰柏瑞,
买2/止3,0.02,0.03,yin_or_small_yang,True,"{'ret_pct': 234.2172906052833, 'excess_pct': 230.1172906052833, 'sharpe': 3.8098931389234223, 'mdd_pct': 29.050635949369287, 'start': '2025-06-04', 'end': '2026-08-31', 'n_days': 305}",29,58.620689655172406,sh588710,588710,科创半导体设备ETF华泰柏瑞,
买2.5/止3.5,0.025,0.035,yin_or_small_yang,True,"{'ret_pct': 203.9851820292351, 'excess_pct': 199.8851820292351, 'sharpe': 3.277635873143144, 'mdd_pct': 34.28750443953958, 'start': '2025-06-04', 'end': '2026-08-31', 'n_days': 305}",24,54.166666666666664,sh588710,588710,科创半导体设备ETF华泰柏瑞,
买3/止2.5,0.03,0.025,yin_or_small_yang,True,"{'ret_pct': 199.88113716318088, 'excess_pct': 195.7811371631809, 'sharpe': 3.6699298837043335, 'mdd_pct': 25.102872311112222, 'start': '2025-06-04', 'end': '2026-08-31', 'n_days': 305}",37,59.45945945945946,sh588710,588710,科创半导体设备ETF华泰柏瑞,
买2/止2.5,0.02,0.025,yin_or_small_yang,True,"{'ret_pct': 210.5965592039424, 'excess_pct': 206.4965592039424, 'sharpe': 3.547126301755554, 'mdd_pct': 26.187824375461677, 'start': '2025-06-04', 'end': '2026-08-31', 'n_days': 305}",40,57.49999999999999,sh588710,588710,科创半导体设备ETF华泰柏瑞,
买3/止4,0.03,0.04,yin_or_small_yang,True,"{'ret_pct': 254.3459287609216, 'excess_pct': 250.2459287609216, 'sharpe': 4.011437839715765, 'mdd_pct': 22.855828499981822, 'start': '2025-06-04', 'end': '2026-08-31', 'n_days': 305}",18,50.0,sh588710,588710,科创半导体设备ETF华泰柏瑞,1.0
sym±2%,0.02,0.02,yin_or_small_yang,True,"{'ret_pct': -9.884765586576016, 'excess_pct': -13.642594396596907, 'sharpe': -0.16886205953479874, 'mdd_pct': 23.520439952710937, 'start': '2024-01-05', 'end': '2026-08-31', 'n_days': 642}",61,36.0655737704918,sh588700,588700,科创医药ETF嘉实,
sym±2.5%,0.025,0.025,yin_or_small_yang,True,"{'ret_pct': 22.475497938710465, 'excess_pct': 18.717669128689572, 'sharpe': 0.28716132860970595, 'mdd_pct': 26.50120453423198, 'start': '2024-01-05', 'end': '2026-08-31', 'n_days': 642}",39,38.46153846153847,sh588700,588700,科创医药ETF嘉实,
sym±3%,0.03,0.03,yin_or_small_yang,True,"{'ret_pct': 12.50361102468165, 'excess_pct': 8.745782214660759, 'sharpe': 0.16912411723974666, 'mdd_pct': 35.68475826442423, 'start': '2024-01-05', 'end': '2026-08-31', 'n_days': 642}",26,42.30769230769231,sh588700,588700,科创医药ETF嘉实,
sym±2.5%仅阴,0.025,0.025,yin_only,True,"{'ret_pct': 10.289213412476839, 'excess_pct': 6.531384602455947, 'sharpe': 0.14161794484337506, 'mdd_pct': 24.86019394101816, 'start': '2024-01-05', 'end': '2026-08-31', 'n_days': 642}",33,42.42424242424242,sh588700,588700,科创医药ETF嘉实,
sym±2.5%不限前日,0.025,0.025,any,True,"{'ret_pct': 22.475497938710465, 'excess_pct': 18.717669128689572, 'sharpe': 0.28716132860970595, 'mdd_pct': 26.50120453423198, 'start': '2024-01-05', 'end': '2026-08-31', 'n_days': 642}",39,38.46153846153847,sh588700,588700,科创医药ETF嘉实,
sym±2.5%不禁双阳,0.025,0.025,yin_or_small_yang,False,"{'ret_pct': 16.062349618438443, 'excess_pct': 12.304520808417552, 'sharpe': 0.2081961255206925, 'mdd_pct': 30.35285708155633, 'start': '2024-01-05', 'end': '2026-08-31', 'n_days': 642}",40,37.5,sh588700,588700,科创医药ETF嘉实,
买2/止3,0.02,0.03,yin_or_small_yang,True,"{'ret_pct': 10.742284097683207, 'excess_pct': 6.984455287662316, 'sharpe': 0.13170999571098366, 'mdd_pct': 36.895937494142586, 'start': '2024-01-05', 'end': '2026-08-31', 'n_days': 642}",32,43.75,sh588700,588700,科创医药ETF嘉实,
买2.5/止3.5,0.025,0.035,yin_or_small_yang,True,"{'ret_pct': 3.765634777523208, 'excess_pct': 0.0078059675023167685, 'sharpe': 0.046252608517937936, 'mdd_pct': 40.213953924751046, 'start': '2024-01-05', 'end': '2026-08-31', 'n_days': 642}",20,45.0,sh588700,588700,科创医药ETF嘉实,
买3/止2.5,0.03,0.025,yin_or_small_yang,True,"{'ret_pct': 37.95112816933766, 'excess_pct': 34.19329935931677, 'sharpe': 0.5076476598622791, 'mdd_pct': 23.067683086555135, 'start': '2024-01-05', 'end': '2026-08-31', 'n_days': 642}",32,40.625,sh588700,588700,科创医药ETF嘉实,77.0
买2/止2.5,0.02,0.025,yin_or_small_yang,True,"{'ret_pct': 17.52890001861762, 'excess_pct': 13.771071208596728, 'sharpe': 0.2184620846114679, 'mdd_pct': 29.423197336429862, 'start': '2024-01-05', 'end': '2026-08-31', 'n_days': 642}",45,35.55555555555556,sh588700,588700,科创医药ETF嘉实,
买3/止4,0.03,0.04,yin_or_small_yang,True,"{'ret_pct': 35.9935214577408, 'excess_pct': 32.23569264771991, 'sharpe': 0.4067291547994969, 'mdd_pct': 33.48647355048671, 'start': '2024-01-05', 'end': '2026-08-31', 'n_days': 642}",11,45.45454545454545,sh588700,588700,科创医药ETF嘉实,
sym±2%,0.02,0.02,yin_or_small_yang,True,"{'ret_pct': -19.897705832278344, 'excess_pct': -41.142765120815895, 'sharpe': -0.7965079660006656, 'mdd_pct': 40.716328276869206, 'start': '2025-08-29', 'end': '2026-08-31', 'n_days': 243}",27,29.629629629629626,sh588690,588690,科创增强ETF银华,
sym±2.5%,0.025,0.025,yin_or_small_yang,True,"{'ret_pct': -9.14489267655999, 'excess_pct': -30.389951965097538, 'sharpe': -0.3778995543197934, 'mdd_pct': 33.94346712175551, 'start': '2025-08-29', 'end': '2026-08-31', 'n_days': 243}",18,33.33333333333333,sh588690,588690,科创增强ETF银华,
sym±3%,0.03,0.03,yin_or_small_yang,True,"{'ret_pct': -7.207772999292839, 'excess_pct': -28.452832287830386, 'sharpe': -0.3433924234951633, 'mdd_pct': 31.29930156169236, 'start': '2025-08-29', 'end': '2026-08-31', 'n_days': 243}",11,36.36363636363637,sh588690,588690,科创增强ETF银华,
sym±2.5%仅阴,0.025,0.025,yin_only,True,"{'ret_pct': -13.12460568869438, 'excess_pct': -34.36966497723193, 'sharpe': -0.5872615021828314, 'mdd_pct': 30.93278461258475, 'start': '2025-08-29', 'end': '2026-08-31', 'n_days': 243}",15,33.33333333333333,sh588690,588690,科创增强ETF银华,
sym±2.5%不限前日,0.025,0.025,any,True,"{'ret_pct': -9.14489267655999, 'excess_pct': -30.389951965097538, 'sharpe': -0.3778995543197934, 'mdd_pct': 33.94346712175551, 'start': '2025-08-29', 'end': '2026-08-31', 'n_days': 243}",18,33.33333333333333,sh588690,588690,科创增强ETF银华,
sym±2.5%不禁双阳,0.025,0.025,yin_or_small_yang,False,"{'ret_pct': -9.760900377551994, 'excess_pct': -31.00595966608954, 'sharpe': -0.400149250160801, 'mdd_pct': 34.3910197524016, 'start': '2025-08-29', 'end': '2026-08-31', 'n_days': 243}",19,31.57894736842105,sh588690,588690,科创增强ETF银华,
买2/止3,0.02,0.03,yin_or_small_yang,True,"{'ret_pct': -20.21013930661758, 'excess_pct': -41.455198595155125, 'sharpe': -0.7275858107008263, 'mdd_pct': 42.98548209662913, 'start': '2025-08-29', 'end': '2026-08-31', 'n_days': 243}",17,29.411764705882355,sh588690,588690,科创增强ETF银华,
买2.5/止3.5,0.025,0.035,yin_or_small_yang,True,"{'ret_pct': -1.8475382230943693, 'excess_pct': -23.092597511631915, 'sharpe': -0.06550953966199234, 'mdd_pct': 35.47238291963845, 'start': '2025-08-29', 'end': '2026-08-31', 'n_days': 243}",13,38.46153846153847,sh588690,588690,科创增强ETF银华,109.0
买3/止2.5,0.03,0.025,yin_or_small_yang,True,"{'ret_pct': -4.755621985875225, 'excess_pct': -26.00068127441277, 'sharpe': -0.24027103967755997, 'mdd_pct': 29.224594952394455, 'start': '2025-08-29', 'end': '2026-08-31', 'n_days': 243}",13,30.76923076923077,sh588690,588690,科创增强ETF银华,
买2/止2.5,0.02,0.025,yin_or_small_yang,True,"{'ret_pct': -16.8211744313408, 'excess_pct': -38.06623371987835, 'sharpe': -0.6345699669867987, 'mdd_pct': 40.771857648630515, 'start': '2025-08-29', 'end': '2026-08-31', 'n_days': 243}",21,28.57142857142857,sh588690,588690,科创增强ETF银华,
买3/止4,0.03,0.04,yin_or_small_yang,True,"{'ret_pct': -2.5601754273216093, 'excess_pct': -23.805234715859157, 'sharpe': -0.10585017473555779, 'mdd_pct': 33.57769616633707, 'start': '2025-08-29', 'end': '2026-08-31', 'n_days': 243}",9,44.44444444444444,sh588690,588690,科创增强ETF银华,
sym±2%,0.02,0.02,yin_or_small_yang,True,"{'ret_pct': 55.630524426595244, 'excess_pct': -115.49192455299657, 'sharpe': 0.9135412088455541, 'mdd_pct': 18.48798366849519, 'start': '2024-07-05', 'end': '2026-08-31', 'n_days': 524}",59,47.45762711864407,sh588680,588680,科创100增强ETF广发,
sym±2.5%,0.025,0.025,yin_or_small_yang,True,"{'ret_pct': 57.923216682035196, 'excess_pct': -113.19923229755662, 'sharpe': 0.9527815806706483, 'mdd_pct': 23.011871084523015, 'start': '2024-07-05', 'end': '2026-08-31', 'n_days': 524}",38,44.73684210526316,sh588680,588680,科创100增强ETF广发,
sym±3%,0.03,0.03,yin_or_small_yang,True,"{'ret_pct': 184.94277313410242, 'excess_pct': 13.820324154510615, 'sharpe': 2.146199480390256, 'mdd_pct': 19.85901600939892, 'start': '2024-07-05', 'end': '2026-08-31', 'n_days': 524}",18,66.66666666666666,sh588680,588680,科创100增强ETF广发,
sym±2.5%仅阴,0.025,0.025,yin_only,True,"{'ret_pct': 65.96460665045123, 'excess_pct': -105.15784232914058, 'sharpe': 1.1654664885765076, 'mdd_pct': 13.428293682996916, 'start': '2024-07-05', 'end': '2026-08-31', 'n_days': 524}",29,51.724137931034484,sh588680,588680,科创100增强ETF广发,
sym±2.5%不限前日,0.025,0.025,any,True,"{'ret_pct': 59.342954374548974, 'excess_pct': -111.77949460504283, 'sharpe': 0.9683335629858193, 'mdd_pct': 23.011836098060723, 'start': '2024-07-05', 'end': '2026-08-31', 'n_days': 524}",38,44.73684210526316,sh588680,588680,科创100增强ETF广发,
sym±2.5%不禁双阳,0.025,0.025,yin_or_small_yang,False,"{'ret_pct': 57.923216682035196, 'excess_pct': -113.19923229755662, 'sharpe': 0.9527815806706483, 'mdd_pct': 23.011871084523015, 'start': '2024-07-05', 'end': '2026-08-31', 'n_days': 524}",38,44.73684210526316,sh588680,588680,科创100增强ETF广发,
买2/止3,0.02,0.03,yin_or_small_yang,True,"{'ret_pct': 171.5794239338465, 'excess_pct': 0.45697495425469015, 'sharpe': 1.8088686007093118, 'mdd_pct': 17.62121978677611, 'start': '2024-07-05', 'end': '2026-08-31', 'n_days': 524}",33,45.45454545454545,sh588680,588680,科创100增强ETF广发,
买2.5/止3.5,0.025,0.035,yin_or_small_yang,True,"{'ret_pct': 174.4425163554657, 'excess_pct': 3.32006737587389, 'sharpe': 1.889679314980792, 'mdd_pct': 19.57364028188279, 'start': '2024-07-05', 'end': '2026-08-31', 'n_days': 524}",23,52.17391304347826,sh588680,588680,科创100增强ETF广发,
买3/止2.5,0.03,0.025,yin_or_small_yang,True,"{'ret_pct': 90.07727703085754, 'excess_pct': -81.04517194873426, 'sharpe': 1.5543509495028243, 'mdd_pct': 18.389319277333627, 'start': '2024-07-05', 'end': '2026-08-31', 'n_days': 524}",25,60.0,sh588680,588680,科创100增强ETF广发,
买2/止2.5,0.02,0.025,yin_or_small_yang,True,"{'ret_pct': 75.70404241759678, 'excess_pct': -95.41840656199503, 'sharpe': 1.1188067508631374, 'mdd_pct': 19.44415568462965, 'start': '2024-07-05', 'end': '2026-08-31', 'n_days': 524}",46,43.47826086956522,sh588680,588680,科创100增强ETF广发,
买3/止4,0.03,0.04,yin_or_small_yang,True,"{'ret_pct': 220.461299457232, 'excess_pct': 49.33885047764019, 'sharpe': 2.3202981628231516, 'mdd_pct': 20.647725593816414, 'start': '2024-07-05', 'end': '2026-08-31', 'n_days': 524}",15,66.66666666666666,sh588680,588680,科创100增强ETF广发,19.0
sym±2%,0.02,0.02,yin_or_small_yang,True,"{'ret_pct': 18.999647763324855, 'excess_pct': -62.3649143548014, 'sharpe': 0.6579840687044173, 'mdd_pct': 21.09375193495341, 'start': '2025-06-13', 'end': '2026-08-31', 'n_days': 298}",33,39.39393939393939,sh588670,588670,科创综指增强ETF嘉实,
sym±2.5%,0.025,0.025,yin_or_small_yang,True,"{'ret_pct': 32.78963148773437, 'excess_pct': -48.57493063039189, 'sharpe': 1.1430131696388737, 'mdd_pct': 12.081531197762152, 'start': '2025-06-13', 'end': '2026-08-31', 'n_days': 298}",20,45.0,sh588670,588670,科创综指增强ETF嘉实,
sym±3%,0.03,0.03,yin_or_small_yang,True,"{'ret_pct': 36.691256803292816, 'excess_pct': -44.67330531483344, 'sharpe': 1.4201038728539752, 'mdd_pct': 17.822418935424743, 'start': '2025-06-13', 'end': '2026-08-31', 'n_days': 298}",14,42.857142857142854,sh588670,588670,科创综指增强ETF嘉实,
sym±2.5%仅阴,0.025,0.025,yin_only,True,"{'ret_pct': 15.78204436789119, 'excess_pct': -65.58251775023507, 'sharpe': 0.6084707760090822, 'mdd_pct': 12.815494428535546, 'start': '2025-06-13', 'end': '2026-08-31', 'n_days': 298}",18,50.0,sh588670,588670,科创综指增强ETF嘉实,
sym±2.5%不限前日,0.025,0.025,any,True,"{'ret_pct': 24.73990799295358, 'excess_pct': -56.62465412517268, 'sharpe': 0.8533742981080652, 'mdd_pct': 17.08781074056117, 'start': '2025-06-13', 'end': '2026-08-31', 'n_days': 298}",21,42.857142857142854,sh588670,588670,科创综指增强ETF嘉实,
sym±2.5%不禁双阳,0.025,0.025,yin_or_small_yang,False,"{'ret_pct': 32.78963148773437, 'excess_pct': -48.57493063039189, 'sharpe': 1.1430131696388737, 'mdd_pct': 12.081531197762152, 'start': '2025-06-13', 'end': '2026-08-31', 'n_days': 298}",20,45.0,sh588670,588670,科创综指增强ETF嘉实,
买2/止3,0.02,0.03,yin_or_small_yang,True,"{'ret_pct': 47.64977326199036, 'excess_pct': -33.7147888561359, 'sharpe': 1.4148559456351544, 'mdd_pct': 21.407263997420976, 'start': '2025-06-13', 'end': '2026-08-31', 'n_days': 298}",22,40.909090909090914,sh588670,588670,科创综指增强ETF嘉实,
买2.5/止3.5,0.025,0.035,yin_or_small_yang,True,"{'ret_pct': 60.38597032483839, 'excess_pct': -20.97859179328787, 'sharpe': 1.8070673654908578, 'mdd_pct': 15.768165439783266, 'start': '2025-06-13', 'end': '2026-08-31', 'n_days': 298}",13,53.84615384615385,sh588670,588670,科创综指增强ETF嘉实,
买3/止2.5,0.03,0.025,yin_or_small_yang,True,"{'ret_pct': 29.97845584961596, 'excess_pct': -51.386106268510304, 'sharpe': 1.2419684161337354, 'mdd_pct': 14.784570641511019, 'start': '2025-06-13', 'end': '2026-08-31', 'n_days': 298}",17,41.17647058823529,sh588670,588670,科创综指增强ETF嘉实,
买2/止2.5,0.02,0.025,yin_or_small_yang,True,"{'ret_pct': 47.66720582380475, 'excess_pct': -33.69735629432151, 'sharpe': 1.4877616505085638, 'mdd_pct': 19.054023183367796, 'start': '2025-06-13', 'end': '2026-08-31', 'n_days': 298}",26,46.15384615384615,sh588670,588670,科创综指增强ETF嘉实,
买3/止4,0.03,0.04,yin_or_small_yang,True,"{'ret_pct': 64.05620422033915, 'excess_pct': -17.308357897787104, 'sharpe': 1.9865803669568418, 'mdd_pct': 13.686312526841238, 'start': '2025-06-13', 'end': '2026-08-31', 'n_days': 298}",10,60.0,sh588670,588670,科创综指增强ETF嘉实,106.0
sym±2%,0.02,0.02,yin_or_small_yang,True,"{'ret_pct': 0.6081686038271972, 'excess_pct': -31.92078892513033, 'sharpe': 0.024270260826279175, 'mdd_pct': 19.17532944209518, 'start': '2025-09-12', 'end': '2026-08-31', 'n_days': 233}",38,36.84210526315789,sh588550,588550,科创综指增强ETF易方达,
sym±2.5%,0.025,0.025,yin_or_small_yang,True,"{'ret_pct': -20.657750657577566, 'excess_pct': -53.18670818653509, 'sharpe': -0.8207656701153847, 'mdd_pct': 29.67413576865596, 'start': '2025-09-12', 'end': '2026-08-31', 'n_days': 233}",30,30.0,sh588550,588550,科创综指增强ETF易方达,
sym±3%,0.03,0.03,yin_or_small_yang,True,"{'ret_pct': 23.42710950017919, 'excess_pct': -9.101848028778338, 'sharpe': 0.9060680995004995, 'mdd_pct': 18.54002668384466, 'start': '2025-09-12', 'end': '2026-08-31', 'n_days': 233}",18,44.44444444444444,sh588550,588550,科创综指增强ETF易方达,
sym±2.5%仅阴,0.025,0.025,yin_only,True,"{'ret_pct': -4.924691329059172, 'excess_pct': -37.4536488580167, 'sharpe': -0.24257741764874963, 'mdd_pct': 19.825988134366114, 'start': '2025-09-12', 'end': '2026-08-31', 'n_days': 233}",19,36.84210526315789,sh588550,588550,科创综指增强ETF易方达,
sym±2.5%不限前日,0.025,0.025,any,True,"{'ret_pct': -22.716513050518074, 'excess_pct': -55.2454705794756, 'sharpe': -0.8843862772435145, 'mdd_pct': 33.98683052093697, 'start': '2025-09-12', 'end': '2026-08-31', 'n_days': 233}",31,29.03225806451613,sh588550,588550,科创综指增强ETF易方达,
sym±2.5%不禁双阳,0.025,0.025,yin_or_small_yang,False,"{'ret_pct': -22.55229523239356, 'excess_pct': -55.08125276135109, 'sharpe': -0.8804908930321761, 'mdd_pct': 31.344182693811163, 'start': '2025-09-12', 'end': '2026-08-31', 'n_days': 233}",30,30.0,sh588550,588550,科创综指增强ETF易方达,
买2/止3,0.02,0.03,yin_or_small_yang,True,"{'ret_pct': 16.177223653510396, 'excess_pct': -16.35173387544713, 'sharpe': 0.5343812977927224, 'mdd_pct': 23.852386775571578, 'start': '2025-09-12', 'end': '2026-08-31', 'n_days': 233}",25,52.0,sh588550,588550,科创综指增强ETF易方达,
买2.5/止3.5,0.025,0.035,yin_or_small_yang,True,"{'ret_pct': 26.500670794902348, 'excess_pct': -6.028286734055179, 'sharpe': 0.9230113638647045, 'mdd_pct': 25.89441563866528, 'start': '2025-09-12', 'end': '2026-08-31', 'n_days': 233}",15,46.666666666666664,sh588550,588550,科创综指增强ETF易方达,
买3/止2.5,0.03,0.025,yin_or_small_yang,True,"{'ret_pct': -4.310765479859202, 'excess_pct': -36.839723008816726, 'sharpe': -0.19001209903286442, 'mdd_pct': 17.528558416401285, 'start': '2025-09-12', 'end': '2026-08-31', 'n_days': 233}",24,37.5,sh588550,588550,科创综指增强ETF易方达,
买2/止2.5,0.02,0.025,yin_or_small_yang,True,"{'ret_pct': -6.218621774982402, 'excess_pct': -38.74757930393993, 'sharpe': -0.219156476274227, 'mdd_pct': 22.025595466747994, 'start': '2025-09-12', 'end': '2026-08-31', 'n_days': 233}",35,31.428571428571427,sh588550,588550,科创综指增强ETF易方达,
买3/止4,0.03,0.04,yin_or_small_yang,True,"{'ret_pct': 44.15948296017596, 'excess_pct': 11.63052543121843, 'sharpe': 1.5306460448034889, 'mdd_pct': 16.570535236071414, 'start': '2025-09-12', 'end': '2026-08-31', 'n_days': 233}",10,50.0,sh588550,588550,科创综指增强ETF易方达,48.0
sym±2%,0.02,0.02,yin_or_small_yang,True,"{'ret_pct': 44.117202596233554, 'excess_pct': 2.8300738833622745, 'sharpe': 1.2369641400938651, 'mdd_pct': 18.639526148689722, 'start': '2025-07-08', 'end': '2026-08-31', 'n_days': 281}",33,45.45454545454545,sh588520,588520,科创增强ETF永赢,
sym±2.5%,0.025,0.025,yin_or_small_yang,True,"{'ret_pct': 87.32236545170882, 'excess_pct': 46.03523673883754, 'sharpe': 2.4706416916533125, 'mdd_pct': 9.636611453355115, 'start': '2025-07-08', 'end': '2026-08-31', 'n_days': 281}",19,57.89473684210527,sh588520,588520,科创增强ETF永赢,
sym±3%,0.03,0.03,yin_or_small_yang,True,"{'ret_pct': 65.22470599132805, 'excess_pct': 23.93757727845677, 'sharpe': 1.9674813985327533, 'mdd_pct': 10.581886614432756, 'start': '2025-07-08', 'end': '2026-08-31', 'n_days': 281}",14,57.14285714285714,sh588520,588520,科创增强ETF永赢,
sym±2.5%仅阴,0.025,0.025,yin_only,True,"{'ret_pct': 85.12316912443202, 'excess_pct': 43.836040411560745, 'sharpe': 2.555442394298802, 'mdd_pct': 9.640147982468383, 'start': '2025-07-08', 'end': '2026-08-31', 'n_days': 281}",17,58.82352941176471,sh588520,588520,科创增强ETF永赢,13.0
sym±2.5%不限前日,0.025,0.025,any,True,"{'ret_pct': 87.32236545170882, 'excess_pct': 46.03523673883754, 'sharpe': 2.4706416916533125, 'mdd_pct': 9.636611453355115, 'start': '2025-07-08', 'end': '2026-08-31', 'n_days': 281}",19,57.89473684210527,sh588520,588520,科创增强ETF永赢,
sym±2.5%不禁双阳,0.025,0.025,yin_or_small_yang,False,"{'ret_pct': 87.32236545170882, 'excess_pct': 46.03523673883754, 'sharpe': 2.4706416916533125, 'mdd_pct': 9.636611453355115, 'start': '2025-07-08', 'end': '2026-08-31', 'n_days': 281}",19,57.89473684210527,sh588520,588520,科创增强ETF永赢,
买2/止3,0.02,0.03,yin_or_small_yang,True,"{'ret_pct': 37.948452817766395, 'excess_pct': -3.3386758951048847, 'sharpe': 1.0144462081034364, 'mdd_pct': 22.715785190564596, 'start': '2025-07-08', 'end': '2026-08-31', 'n_days': 281}",22,45.45454545454545,sh588520,588520,科创增强ETF永赢,
买2.5/止3.5,0.025,0.035,yin_or_small_yang,True,"{'ret_pct': 60.11774169129278, 'excess_pct': 18.8306129784215, 'sharpe': 1.6651179737815347, 'mdd_pct': 12.725739778242195, 'start': '2025-07-08', 'end': '2026-08-31', 'n_days': 281}",17,52.94117647058824,sh588520,588520,科创增强ETF永赢,
买3/止2.5,0.03,0.025,yin_or_small_yang,True,"{'ret_pct': 80.54216164022085, 'excess_pct': 39.255032927349575, 'sharpe': 2.4384339705380897, 'mdd_pct': 9.987407481321497, 'start': '2025-07-08', 'end': '2026-08-31', 'n_days': 281}",15,53.333333333333336,sh588520,588520,科创增强ETF永赢,
买2/止2.5,0.02,0.025,yin_or_small_yang,True,"{'ret_pct': 33.846699989952, 'excess_pct': -7.440428722919279, 'sharpe': 0.9225752211798594, 'mdd_pct': 24.28572045430515, 'start': '2025-07-08', 'end': '2026-08-31', 'n_days': 281}",27,44.44444444444444,sh588520,588520,科创增强ETF永赢,
买3/止4,0.03,0.04,yin_or_small_yang,True,"{'ret_pct': 65.10982149047682, 'excess_pct': 23.82269277760554, 'sharpe': 1.8017281148945627, 'mdd_pct': 12.326036593947876, 'start': '2025-07-08', 'end': '2026-08-31', 'n_days': 281}",12,58.333333333333336,sh588520,588520,科创增强ETF永赢,
sym±2%,0.02,0.02,yin_or_small_yang,True,"{'ret_pct': 107.95150704211518, 'excess_pct': -48.59146170788476, 'sharpe': 1.287328387145565, 'mdd_pct': 25.260542289922473, 'start': '2024-07-19', 'end': '2026-08-31', 'n_days': 514}",67,49.25373134328358,sh588500,588500,科创100增强ETF易方达,
sym±2.5%,0.025,0.025,yin_or_small_yang,True,"{'ret_pct': 111.1065615232353, 'excess_pct': -45.43640722676464, 'sharpe': 1.2926776096765957, 'mdd_pct': 30.094910486259295, 'start': '2024-07-19', 'end': '2026-08-31', 'n_days': 514}",50,50.0,sh588500,588500,科创100增强ETF易方达,
sym±3%,0.03,0.03,yin_or_small_yang,True,"{'ret_pct': 142.6579495182144, 'excess_pct': -13.885019231785549, 'sharpe': 1.6745545016471073, 'mdd_pct': 21.73214162873033, 'start': '2024-07-19', 'end': '2026-08-31', 'n_days': 514}",36,41.66666666666667,sh588500,588500,科创100增强ETF易方达,
sym±2.5%仅阴,0.025,0.025,yin_only,True,"{'ret_pct': 66.25755864890567, 'excess_pct': -90.28541010109427, 'sharpe': 0.9398771390694296, 'mdd_pct': 29.41770114505202, 'start': '2024-07-19', 'end': '2026-08-31', 'n_days': 514}",43,51.162790697674424,sh588500,588500,科创100增强ETF易方达,
sym±2.5%不限前日,0.025,0.025,any,True,"{'ret_pct': 102.94687836302091, 'excess_pct': -53.59609038697903, 'sharpe': 1.197927529413818, 'mdd_pct': 30.098635103889514, 'start': '2024-07-19', 'end': '2026-08-31', 'n_days': 514}",51,49.01960784313725,sh588500,588500,科创100增强ETF易方达,
sym±2.5%不禁双阳,0.025,0.025,yin_or_small_yang,False,"{'ret_pct': 108.04364439730891, 'excess_pct': -48.49932435269103, 'sharpe': 1.254948525505261, 'mdd_pct': 30.100693198509234, 'start': '2024-07-19', 'end': '2026-08-31', 'n_days': 514}",51,49.01960784313725,sh588500,588500,科创100增强ETF易方达,
买2/止3,0.02,0.03,yin_or_small_yang,True,"{'ret_pct': 138.79794478230082, 'excess_pct': -17.745023967699126, 'sharpe': 1.4702135685022841, 'mdd_pct': 30.69514580937911, 'start': '2024-07-19', 'end': '2026-08-31', 'n_days': 514}",44,52.27272727272727,sh588500,588500,科创100增强ETF易方达,
买2.5/止3.5,0.025,0.035,yin_or_small_yang,True,"{'ret_pct': 110.6356203849633, 'excess_pct': -45.90734836503664, 'sharpe': 1.2127630438521837, 'mdd_pct': 34.622176453827414, 'start': '2024-07-19', 'end': '2026-08-31', 'n_days': 514}",35,37.142857142857146,sh588500,588500,科创100增强ETF易方达,
买3/止2.5,0.03,0.025,yin_or_small_yang,True,"{'ret_pct': 153.40002320721285, 'excess_pct': -3.142945542787089, 'sharpe': 1.8467457445190576, 'mdd_pct': 19.523129953844766, 'start': '2024-07-19', 'end': '2026-08-31', 'n_days': 514}",40,47.5,sh588500,588500,科创100增强ETF易方达,96.0
买2/止2.5,0.02,0.025,yin_or_small_yang,True,"{'ret_pct': 126.70989015767047, 'excess_pct': -29.83307859232947, 'sharpe': 1.4101773266514652, 'mdd_pct': 27.903538858022593, 'start': '2024-07-19', 'end': '2026-08-31', 'n_days': 514}",57,49.122807017543856,sh588500,588500,科创100增强ETF易方达,
买3/止4,0.03,0.04,yin_or_small_yang,True,"{'ret_pct': 114.62840063943042, 'excess_pct': -41.91456811056952, 'sharpe': 1.2918096331877438, 'mdd_pct': 27.407696616194933, 'start': '2024-07-19', 'end': '2026-08-31', 'n_days': 514}",25,44.0,sh588500,588500,科创100增强ETF易方达,
sym±2%,0.02,0.02,yin_or_small_yang,True,"{'ret_pct': 166.2895640493504, 'excess_pct': 62.962753873225154, 'sharpe': 1.1651107786588246, 'mdd_pct': 19.86496013831599, 'start': '2023-01-05', 'end': '2026-08-31', 'n_days': 885}",85,48.23529411764706,sh588460,588460,科创50增强ETF鹏华,
sym±2.5%,0.025,0.025,yin_or_small_yang,True,"{'ret_pct': 190.6781661831329, 'excess_pct': 87.35135600700767, 'sharpe': 1.2549458042995623, 'mdd_pct': 19.461567818358105, 'start': '2023-01-05', 'end': '2026-08-31', 'n_days': 885}",55,54.54545454545454,sh588460,588460,科创50增强ETF鹏华,
sym±3%,0.03,0.03,yin_or_small_yang,True,"{'ret_pct': 232.1794404898624, 'excess_pct': 128.85263031373717, 'sharpe': 1.4102121874401106, 'mdd_pct': 21.062332699569296, 'start': '2023-01-05', 'end': '2026-08-31', 'n_days': 885}",31,61.29032258064516,sh588460,588460,科创50增强ETF鹏华,
sym±2.5%仅阴,0.025,0.025,yin_only,True,"{'ret_pct': 177.58047414871365, 'excess_pct': 74.25366397258841, 'sharpe': 1.2416759325408422, 'mdd_pct': 16.62274132113858, 'start': '2023-01-05', 'end': '2026-08-31', 'n_days': 885}",49,57.14285714285714,sh588460,588460,科创50增强ETF鹏华,
sym±2.5%不限前日,0.025,0.025,any,True,"{'ret_pct': 190.6781661831329, 'excess_pct': 87.35135600700767, 'sharpe': 1.2549458042995623, 'mdd_pct': 19.461567818358105, 'start': '2023-01-05', 'end': '2026-08-31', 'n_days': 885}",55,54.54545454545454,sh588460,588460,科创50增强ETF鹏华,
sym±2.5%不禁双阳,0.025,0.025,yin_or_small_yang,False,"{'ret_pct': 188.75333696040326, 'excess_pct': 85.42652678427802, 'sharpe': 1.242206536424084, 'mdd_pct': 19.461567818358105, 'start': '2023-01-05', 'end': '2026-08-31', 'n_days': 885}",55,52.72727272727272,sh588460,588460,科创50增强ETF鹏华,
买2/止3,0.02,0.03,yin_or_small_yang,True,"{'ret_pct': 219.43977713723189, 'excess_pct': 116.11296696110665, 'sharpe': 1.2407040868741812, 'mdd_pct': 30.263199857402114, 'start': '2023-01-05', 'end': '2026-08-31', 'n_days': 885}",40,52.5,sh588460,588460,科创50增强ETF鹏华,
买2.5/止3.5,0.025,0.035,yin_or_small_yang,True,"{'ret_pct': 144.7938944270336, 'excess_pct': 41.46708425090836, 'sharpe': 0.9284611743217192, 'mdd_pct': 37.79553705140162, 'start': '2023-01-05', 'end': '2026-08-31', 'n_days': 885}",28,57.14285714285714,sh588460,588460,科创50增强ETF鹏华,
买3/止2.5,0.03,0.025,yin_or_small_yang,True,"{'ret_pct': 204.68891690466563, 'excess_pct': 101.3621067285404, 'sharpe': 1.4618303223518252, 'mdd_pct': 16.682991587510998, 'start': '2023-01-05', 'end': '2026-08-31', 'n_days': 885}",44,61.36363636363637,sh588460,588460,科创50增强ETF鹏华,
买2/止2.5,0.02,0.025,yin_or_small_yang,True,"{'ret_pct': 240.37055995223992, 'excess_pct': 137.04374977611468, 'sharpe': 1.403884492366422, 'mdd_pct': 18.6979755470267, 'start': '2023-01-05', 'end': '2026-08-31', 'n_days': 885}",63,52.38095238095239,sh588460,588460,科创50增强ETF鹏华,28.0
买3/止4,0.03,0.04,yin_or_small_yang,True,"{'ret_pct': 103.227945448304, 'excess_pct': -0.0988647278212369, 'sharpe': 0.7121017735730594, 'mdd_pct': 41.21333755008039, 'start': '2023-01-05', 'end': '2026-08-31', 'n_days': 885}",20,55.00000000000001,sh588460,588460,科创50增强ETF鹏华,
sym±2%,0.02,0.02,yin_or_small_yang,True,"{'ret_pct': 130.71049599954233, 'excess_pct': 9.260344942140534, 'sharpe': 1.411086056164927, 'mdd_pct': 19.49578498306601, 'start': '2024-05-22', 'end': '2026-08-31', 'n_days': 555}",60,48.333333333333336,sh588450,588450,科创50增强ETF招商,
sym±2.5%,0.025,0.025,yin_or_small_yang,True,"{'ret_pct': 179.72327005811843, 'excess_pct': 58.27311900071663, 'sharpe': 1.8114709591405587, 'mdd_pct': 20.05399417554421, 'start': '2024-05-22', 'end': '2026-08-31', 'n_days': 555}",38,52.63157894736842,sh588450,588450,科创50增强ETF招商,37.0
sym±3%,0.03,0.03,yin_or_small_yang,True,"{'ret_pct': 156.48460338429126, 'excess_pct': 35.034452326889465, 'sharpe': 1.646878275951103, 'mdd_pct': 18.55231997664616, 'start': '2024-05-22', 'end': '2026-08-31', 'n_days': 555}",30,53.333333333333336,sh588450,588450,科创50增强ETF招商,
sym±2.5%仅阴,0.025,0.025,yin_only,True,"{'ret_pct': 165.44486534962556, 'excess_pct': 43.99471429222376, 'sharpe': 1.8049032698626013, 'mdd_pct': 20.053627810169594, 'start': '2024-05-22', 'end': '2026-08-31', 'n_days': 555}",32,53.125,sh588450,588450,科创50增强ETF招商,
sym±2.5%不限前日,0.025,0.025,any,True,"{'ret_pct': 179.72327005811843, 'excess_pct': 58.27311900071663, 'sharpe': 1.8114709591405587, 'mdd_pct': 20.05399417554421, 'start': '2024-05-22', 'end': '2026-08-31', 'n_days': 555}",38,52.63157894736842,sh588450,588450,科创50增强ETF招商,
sym±2.5%不禁双阳,0.025,0.025,yin_or_small_yang,False,"{'ret_pct': 177.0906728056096, 'excess_pct': 55.64052174820779, 'sharpe': 1.787539401405001, 'mdd_pct': 20.05399417554421, 'start': '2024-05-22', 'end': '2026-08-31', 'n_days': 555}",39,51.28205128205128,sh588450,588450,科创50增强ETF招商,
买2/止3,0.02,0.03,yin_or_small_yang,True,"{'ret_pct': 158.89317592047044, 'excess_pct': 37.44302486306864, 'sharpe': 1.5434298753365188, 'mdd_pct': 26.201214091948987, 'start': '2024-05-22', 'end': '2026-08-31', 'n_days': 555}",37,48.64864864864865,sh588450,588450,科创50增强ETF招商,
买2.5/止3.5,0.025,0.035,yin_or_small_yang,True,"{'ret_pct': 116.33387326590085, 'excess_pct': -5.1162777915009485, 'sharpe': 1.1904190261024745, 'mdd_pct': 25.949030736762978, 'start': '2024-05-22', 'end': '2026-08-31', 'n_days': 555}",27,44.44444444444444,sh588450,588450,科创50增强ETF招商,
买3/止2.5,0.03,0.025,yin_or_small_yang,True,"{'ret_pct': 136.64261696490567, 'excess_pct': 15.192465907503873, 'sharpe': 1.5303743531933938, 'mdd_pct': 15.04673946756453, 'start': '2024-05-22', 'end': '2026-08-31', 'n_days': 555}",36,55.55555555555556,sh588450,588450,科创50增强ETF招商,
买2/止2.5,0.02,0.025,yin_or_small_yang,True,"{'ret_pct': 150.65138613822717, 'excess_pct': 29.20123508082537, 'sharpe': 1.512719487614035, 'mdd_pct': 23.758538822402407, 'start': '2024-05-22', 'end': '2026-08-31', 'n_days': 555}",46,52.17391304347826,sh588450,588450,科创50增强ETF招商,
买3/止4,0.03,0.04,yin_or_small_yang,True,"{'ret_pct': 101.73353186373117, 'excess_pct': -19.716619193670624, 'sharpe': 1.0608804271536514, 'mdd_pct': 28.753145727374218, 'start': '2024-05-22', 'end': '2026-08-31', 'n_days': 555}",18,44.44444444444444,sh588450,588450,科创50增强ETF招商,
sym±2%,0.02,0.02,yin_or_small_yang,True,"{'ret_pct': 95.91947762284806, 'excess_pct': 14.701203511172935, 'sharpe': 0.7520964607957571, 'mdd_pct': 23.052605862774435, 'start': '2022-12-13', 'end': '2026-08-31', 'n_days': 901}",81,48.148148148148145,sh588370,588370,科创50增强ETF南方,
sym±2.5%,0.025,0.025,yin_or_small_yang,True,"{'ret_pct': 149.20758771258886, 'excess_pct': 67.98931360091373, 'sharpe': 1.0899863628712982, 'mdd_pct': 16.838048405001228, 'start': '2022-12-13', 'end': '2026-08-31', 'n_days': 901}",53,52.83018867924528,sh588370,588370,科创50增强ETF南方,53.0
sym±3%,0.03,0.03,yin_or_small_yang,True,"{'ret_pct': 117.26799861643511, 'excess_pct': 36.04972450475998, 'sharpe': 0.8972029876577731, 'mdd_pct': 18.541394768984343, 'start': '2022-12-13', 'end': '2026-08-31', 'n_days': 901}",37,54.054054054054056,sh588370,588370,科创50增强ETF南方,
sym±2.5%仅阴,0.025,0.025,yin_only,True,"{'ret_pct': 101.37601134420163, 'excess_pct': 20.1577372325265, 'sharpe': 0.8657898417866551, 'mdd_pct': 15.796138310252672, 'start': '2022-12-13', 'end': '2026-08-31', 'n_days': 901}",46,52.17391304347826,sh588370,588370,科创50增强ETF南方,
sym±2.5%不限前日,0.025,0.025,any,True,"{'ret_pct': 149.20758771258886, 'excess_pct': 67.98931360091373, 'sharpe': 1.0899863628712982, 'mdd_pct': 16.838048405001228, 'start': '2022-12-13', 'end': '2026-08-31', 'n_days': 901}",53,52.83018867924528,sh588370,588370,科创50增强ETF南方,
sym±2.5%不禁双阳,0.025,0.025,yin_or_small_yang,False,"{'ret_pct': 149.20758771258886, 'excess_pct': 67.98931360091373, 'sharpe': 1.0899863628712982, 'mdd_pct': 16.838048405001228, 'start': '2022-12-13', 'end': '2026-08-31', 'n_days': 901}",53,52.83018867924528,sh588370,588370,科创50增强ETF南方,
买2/止3,0.02,0.03,yin_or_small_yang,True,"{'ret_pct': 104.12922630795833, 'excess_pct': 22.910952196283205, 'sharpe': 0.7411895257918015, 'mdd_pct': 34.96989294120885, 'start': '2022-12-13', 'end': '2026-08-31', 'n_days': 901}",48,47.91666666666667,sh588370,588370,科创50增强ETF南方,
买2.5/止3.5,0.025,0.035,yin_or_small_yang,True,"{'ret_pct': 113.66082270494391, 'excess_pct': 32.44254859326878, 'sharpe': 0.8016255914380844, 'mdd_pct': 26.805027792225488, 'start': '2022-12-13', 'end': '2026-08-31', 'n_days': 901}",30,50.0,sh588370,588370,科创50增强ETF南方,
买3/止2.5,0.03,0.025,yin_or_small_yang,True,"{'ret_pct': 111.04163247944005, 'excess_pct': 29.823358367764925, 'sharpe': 0.8960508482832401, 'mdd_pct': 17.593316020755758, 'start': '2022-12-13', 'end': '2026-08-31', 'n_days': 901}",46,50.0,sh588370,588370,科创50增强ETF南方,
买2/止2.5,0.02,0.025,yin_or_small_yang,True,"{'ret_pct': 112.04769991020163, 'excess_pct': 30.8294257985265, 'sharpe': 0.8162720583028368, 'mdd_pct': 24.622048756311543, 'start': '2022-12-13', 'end': '2026-08-31', 'n_days': 901}",62,48.38709677419355,sh588370,588370,科创50增强ETF南方,
买3/止4,0.03,0.04,yin_or_small_yang,True,"{'ret_pct': 23.784100429443235, 'excess_pct': -57.434173682231894, 'sharpe': 0.20510912100399456, 'mdd_pct': 43.268824444498634, 'start': '2022-12-13', 'end': '2026-08-31', 'n_days': 901}",23,47.82608695652174,sh588370,588370,科创50增强ETF南方,
sym±2%,0.02,0.02,yin_or_small_yang,True,"{'ret_pct': -5.193729398864044, 'excess_pct': -17.29747579655858, 'sharpe': -0.03050373273929328, 'mdd_pct': 71.78412806170344, 'start': '2022-10-26', 'end': '2026-08-31', 'n_days': 935}",121,45.45454545454545,sh588290,588290,科创芯片ETF华安,
sym±2.5%,0.025,0.025,yin_or_small_yang,True,"{'ret_pct': -2.049611012707131, 'excess_pct': -14.153357410401668, 'sharpe': -0.01124903668170402, 'mdd_pct': 71.0800768892211, 'start': '2022-10-26', 'end': '2026-08-31', 'n_days': 935}",93,46.236559139784944,sh588290,588290,科创芯片ETF华安,
sym±3%,0.03,0.03,yin_or_small_yang,True,"{'ret_pct': 363.6828501781216, 'excess_pct': 351.5791037804271, 'sharpe': 1.4932761717130902, 'mdd_pct': 34.794969585414414, 'start': '2022-10-26', 'end': '2026-08-31', 'n_days': 935}",61,50.81967213114754,sh588290,588290,科创芯片ETF华安,
sym±2.5%仅阴,0.025,0.025,yin_only,True,"{'ret_pct': 39.154845217376064, 'excess_pct': 27.051098819681528, 'sharpe': 0.19346664575778785, 'mdd_pct': 68.05385349735826, 'start': '2022-10-26', 'end': '2026-08-31', 'n_days': 935}",84,45.23809523809524,sh588290,588290,科创芯片ETF华安,
sym±2.5%不限前日,0.025,0.025,any,True,"{'ret_pct': -8.041995128325008, 'excess_pct': -20.145741526019542, 'sharpe': -0.045085459336891724, 'mdd_pct': 71.0451295926347, 'start': '2022-10-26', 'end': '2026-08-31', 'n_days': 935}",94,46.808510638297875,sh588290,588290,科创芯片ETF华安,
sym±2.5%不禁双阳,0.025,0.025,yin_or_small_yang,False,"{'ret_pct': 8.032540364835272, 'excess_pct': -4.071206032859264, 'sharpe': 0.04246953357187586, 'mdd_pct': 71.05111251201602, 'start': '2022-10-26', 'end': '2026-08-31', 'n_days': 935}",93,47.31182795698925,sh588290,588290,科创芯片ETF华安,
买2/止3,0.02,0.03,yin_or_small_yang,True,"{'ret_pct': 22.592587957936104, 'excess_pct': 10.488841560241568, 'sharpe': 0.1102144265224514, 'mdd_pct': 74.00297028580447, 'start': '2022-10-26', 'end': '2026-08-31', 'n_days': 935}",73,43.83561643835616,sh588290,588290,科创芯片ETF华安,
买2.5/止3.5,0.025,0.035,yin_or_small_yang,True,"{'ret_pct': 38.74794992592636, 'excess_pct': 26.644203528231827, 'sharpe': 0.17738748980443703, 'mdd_pct': 72.84643530122361, 'start': '2022-10-26', 'end': '2026-08-31', 'n_days': 935}",50,54.0,sh588290,588290,科创芯片ETF华安,
买3/止2.5,0.03,0.025,yin_or_small_yang,True,"{'ret_pct': 261.7747130985632, 'excess_pct': 249.6709667008687, 'sharpe': 1.278396953462536, 'mdd_pct': 25.541579048599704, 'start': '2022-10-26', 'end': '2026-08-31', 'n_days': 935}",79,46.835443037974684,sh588290,588290,科创芯片ETF华安,
买2/止2.5,0.02,0.025,yin_or_small_yang,True,"{'ret_pct': 10.880744942086483, 'excess_pct': -1.2230014556080526, 'sharpe': 0.05636868897004892, 'mdd_pct': 72.83713134642356, 'start': '2022-10-26', 'end': '2026-08-31', 'n_days': 935}",99,45.45454545454545,sh588290,588290,科创芯片ETF华安,
买3/止4,0.03,0.04,yin_or_small_yang,True,"{'ret_pct': 449.44615629527993, 'excess_pct': 437.3424098975854, 'sharpe': 1.5286164332636085, 'mdd_pct': 45.2513421184854, 'start': '2022-10-26', 'end': '2026-08-31', 'n_days': 935}",36,61.111111111111114,sh588290,588290,科创芯片ETF华安,3.0
sym±2%,0.02,0.02,yin_or_small_yang,True,"{'ret_pct': 48.92325799547852, 'excess_pct': 29.80995750286766, 'sharpe': 0.34294099987031007, 'mdd_pct': 39.60094350295611, 'start': '2021-10-29', 'end': '2026-08-31', 'n_days': 1175}",103,39.80582524271845,sh588280,588280,科创50ETF华安,
sym±2.5%,0.025,0.025,yin_or_small_yang,True,"{'ret_pct': 169.77751816800318, 'excess_pct': 150.6642176753923, 'sharpe': 0.9174318107803416, 'mdd_pct': 21.181195324918388, 'start': '2021-10-29', 'end': '2026-08-31', 'n_days': 1175}",62,53.2258064516129,sh588280,588280,科创50ETF华安,
sym±3%,0.03,0.03,yin_or_small_yang,True,"{'ret_pct': 188.7844677890528, 'excess_pct': 169.67116729644192, 'sharpe': 0.9938558972694576, 'mdd_pct': 19.479676998541883, 'start': '2021-10-29', 'end': '2026-08-31', 'n_days': 1175}",41,48.78048780487805,sh588280,588280,科创50ETF华安,
sym±2.5%仅阴,0.025,0.025,yin_only,True,"{'ret_pct': 155.20181121451836, 'excess_pct': 136.08851072190748, 'sharpe': 0.9571828771764663, 'mdd_pct': 16.78613546419768, 'start': '2021-10-29', 'end': '2026-08-31', 'n_days': 1175}",48,54.166666666666664,sh588280,588280,科创50ETF华安,
sym±2.5%不限前日,0.025,0.025,any,True,"{'ret_pct': 184.69362544236122, 'excess_pct': 165.58032494975038, 'sharpe': 0.9705572898668849, 'mdd_pct': 21.042942404148015, 'start': '2021-10-29', 'end': '2026-08-31', 'n_days': 1175}",62,53.2258064516129,sh588280,588280,科创50ETF华安,
sym±2.5%不禁双阳,0.025,0.025,yin_or_small_yang,False,"{'ret_pct': 169.77751816800318, 'excess_pct': 150.6642176753923, 'sharpe': 0.9174318107803416, 'mdd_pct': 21.181195324918388, 'start': '2021-10-29', 'end': '2026-08-31', 'n_days': 1175}",62,53.2258064516129,sh588280,588280,科创50ETF华安,
买2/止3,0.02,0.03,yin_or_small_yang,True,"{'ret_pct': 55.416252335827274, 'excess_pct': 36.30295184321641, 'sharpe': 0.34199353334358495, 'mdd_pct': 47.83184073177359, 'start': '2021-10-29', 'end': '2026-08-31', 'n_days': 1175}",59,38.983050847457626,sh588280,588280,科创50ETF华安,
买2.5/止3.5,0.025,0.035,yin_or_small_yang,True,"{'ret_pct': 97.3262687893248, 'excess_pct': 78.21296829671394, 'sharpe': 0.5432288140128075, 'mdd_pct': 36.86478275762239, 'start': '2021-10-29', 'end': '2026-08-31', 'n_days': 1175}",36,47.22222222222222,sh588280,588280,科创50ETF华安,
买3/止2.5,0.03,0.025,yin_or_small_yang,True,"{'ret_pct': 192.27164559060154, 'excess_pct': 173.15834509799066, 'sharpe': 1.0762602177769895, 'mdd_pct': 16.069485851233345, 'start': '2021-10-29', 'end': '2026-08-31', 'n_days': 1175}",51,52.94117647058824,sh588280,588280,科创50ETF华安,34.0
买2/止2.5,0.02,0.025,yin_or_small_yang,True,"{'ret_pct': 82.29699060969608, 'excess_pct': 63.18369011708522, 'sharpe': 0.49421055925500473, 'mdd_pct': 36.518278260378246, 'start': '2021-10-29', 'end': '2026-08-31', 'n_days': 1175}",74,44.5945945945946,sh588280,588280,科创50ETF华安,
买3/止4,0.03,0.04,yin_or_small_yang,True,"{'ret_pct': 34.920629052783966, 'excess_pct': 15.807328560173104, 'sharpe': 0.22589324829676238, 'mdd_pct': 43.53648412558496, 'start': '2021-10-29', 'end': '2026-08-31', 'n_days': 1175}",23,43.47826086956522,sh588280,588280,科创50ETF华安,
sym±2%,0.02,0.02,yin_or_small_yang,True,"{'ret_pct': 11.10670843021766, 'excess_pct': -60.250075489380315, 'sharpe': 0.3416983231883516, 'mdd_pct': 31.480660603424994, 'start': '2025-06-16', 'end': '2026-08-31', 'n_days': 297}",44,45.45454545454545,sh588270,588270,科创200ETF易方达,
sym±2.5%,0.025,0.025,yin_or_small_yang,True,"{'ret_pct': -5.357532901689543, 'excess_pct': -76.71431682128751, 'sharpe': -0.17081483543224665, 'mdd_pct': 28.112310560427467, 'start': '2025-06-16', 'end': '2026-08-31', 'n_days': 297}",31,32.25806451612903,sh588270,588270,科创200ETF易方达,
sym±3%,0.03,0.03,yin_or_small_yang,True,"{'ret_pct': 13.460701753884852, 'excess_pct': -57.896082165713125, 'sharpe': 0.42958196393965314, 'mdd_pct': 25.06673707580743, 'start': '2025-06-16', 'end': '2026-08-31', 'n_days': 297}",21,38.095238095238095,sh588270,588270,科创200ETF易方达,
sym±2.5%仅阴,0.025,0.025,yin_only,True,"{'ret_pct': -8.904261797753543, 'excess_pct': -80.26104571735152, 'sharpe': -0.3150088632688487, 'mdd_pct': 28.102799884262673, 'start': '2025-06-16', 'end': '2026-08-31', 'n_days': 297}",27,33.33333333333333,sh588270,588270,科创200ETF易方达,
sym±2.5%不限前日,0.025,0.025,any,True,"{'ret_pct': -8.229447401427137, 'excess_pct': -79.58623132102511, 'sharpe': -0.25942448130439416, 'mdd_pct': 30.290726725872265, 'start': '2025-06-16', 'end': '2026-08-31', 'n_days': 297}",31,32.25806451612903,sh588270,588270,科创200ETF易方达,
sym±2.5%不禁双阳,0.025,0.025,yin_or_small_yang,False,"{'ret_pct': -5.357532901689543, 'excess_pct': -76.71431682128751, 'sharpe': -0.17081483543224665, 'mdd_pct': 28.112310560427467, 'start': '2025-06-16', 'end': '2026-08-31', 'n_days': 297}",31,32.25806451612903,sh588270,588270,科创200ETF易方达,
买2/止3,0.02,0.03,yin_or_small_yang,True,"{'ret_pct': 8.98415522379523, 'excess_pct': -62.372628695802746, 'sharpe': 0.24133009867067712, 'mdd_pct': 36.566155983017524, 'start': '2025-06-16', 'end': '2026-08-31', 'n_days': 297}",31,38.70967741935484,sh588270,588270,科创200ETF易方达,
买2.5/止3.5,0.025,0.035,yin_or_small_yang,True,"{'ret_pct': 9.596645425561668, 'excess_pct': -61.760138494036305, 'sharpe': 0.25059174302947756, 'mdd_pct': 36.59166465521545, 'start': '2025-06-16', 'end': '2026-08-31', 'n_days': 297}",18,38.88888888888889,sh588270,588270,科创200ETF易方达,
买3/止2.5,0.03,0.025,yin_or_small_yang,True,"{'ret_pct': -4.808642360051152, 'excess_pct': -76.16542627964913, 'sharpe': -0.17283823494611222, 'mdd_pct': 23.24972555824767, 'start': '2025-06-16', 'end': '2026-08-31', 'n_days': 297}",24,37.5,sh588270,588270,科创200ETF易方达,
买2/止2.5,0.02,0.025,yin_or_small_yang,True,"{'ret_pct': -1.2919183772639786, 'excess_pct': -72.64870229686196, 'sharpe': -0.037269487580229514, 'mdd_pct': 34.11263502539635, 'start': '2025-06-16', 'end': '2026-08-31', 'n_days': 297}",38,36.84210526315789,sh588270,588270,科创200ETF易方达,
买3/止4,0.03,0.04,yin_or_small_yang,True,"{'ret_pct': 13.862216527372828, 'excess_pct': -57.49456739222514, 'sharpe': 0.3848334092089633, 'mdd_pct': 33.553491239843204, 'start': '2025-06-16', 'end': '2026-08-31', 'n_days': 297}",13,38.46153846153847,sh588270,588270,科创200ETF易方达,118.0
sym±2%,0.02,0.02,yin_or_small_yang,True,"{'ret_pct': 73.96847284905583, 'excess_pct': -91.66938723324868, 'sharpe': 0.44132766152207964, 'mdd_pct': 36.01179156656041, 'start': '2022-05-27', 'end': '2026-08-31', 'n_days': 1036}",132,41.66666666666667,sh588260,588260,科创信息ETF华安,
sym±2.5%,0.025,0.025,yin_or_small_yang,True,"{'ret_pct': 195.39506480814728, 'excess_pct': 29.75720472584277, 'sharpe': 0.9314655748852456, 'mdd_pct': 28.39295832004557, 'start': '2022-05-27', 'end': '2026-08-31', 'n_days': 1036}",84,48.80952380952381,sh588260,588260,科创信息ETF华安,
sym±3%,0.03,0.03,yin_or_small_yang,True,"{'ret_pct': 244.30818627428792, 'excess_pct': 78.6703261919834, 'sharpe': 1.0751379731018929, 'mdd_pct': 33.36622082537103, 'start': '2022-05-27', 'end': '2026-08-31', 'n_days': 1036}",59,49.152542372881356,sh588260,588260,科创信息ETF华安,49.0
sym±2.5%仅阴,0.025,0.025,yin_only,True,"{'ret_pct': 105.7790188806528, 'excess_pct': -59.858841201651714, 'sharpe': 0.6246484108842755, 'mdd_pct': 36.54474545825737, 'start': '2022-05-27', 'end': '2026-08-31', 'n_days': 1036}",72,41.66666666666667,sh588260,588260,科创信息ETF华安,
sym±2.5%不限前日,0.025,0.025,any,True,"{'ret_pct': 195.39506480814728, 'excess_pct': 29.75720472584277, 'sharpe': 0.9314655748852456, 'mdd_pct': 28.39295832004557, 'start': '2022-05-27', 'end': '2026-08-31', 'n_days': 1036}",84,48.80952380952381,sh588260,588260,科创信息ETF华安,
sym±2.5%不禁双阳,0.025,0.025,yin_or_small_yang,False,"{'ret_pct': 195.39506480814728, 'excess_pct': 29.75720472584277, 'sharpe': 0.9314655748852456, 'mdd_pct': 28.39295832004557, 'start': '2022-05-27', 'end': '2026-08-31', 'n_days': 1036}",84,48.80952380952381,sh588260,588260,科创信息ETF华安,
买2/止3,0.02,0.03,yin_or_small_yang,True,"{'ret_pct': 148.5196535345312, 'excess_pct': -17.118206547773326, 'sharpe': 0.7029231897817028, 'mdd_pct': 37.49422234338438, 'start': '2022-05-27', 'end': '2026-08-31', 'n_days': 1036}",72,43.05555555555556,sh588260,588260,科创信息ETF华安,
买2.5/止3.5,0.025,0.035,yin_or_small_yang,True,"{'ret_pct': 144.1692744977951, 'excess_pct': -21.468585584509412, 'sharpe': 0.6940482653508618, 'mdd_pct': 41.97659141485857, 'start': '2022-05-27', 'end': '2026-08-31', 'n_days': 1036}",51,45.09803921568628,sh588260,588260,科创信息ETF华安,
买3/止2.5,0.03,0.025,yin_or_small_yang,True,"{'ret_pct': 230.13763946912954, 'excess_pct': 64.49977938682503, 'sharpe': 1.0946847032442624, 'mdd_pct': 37.363325349333266, 'start': '2022-05-27', 'end': '2026-08-31', 'n_days': 1036}",74,51.35135135135135,sh588260,588260,科创信息ETF华安,
买2/止2.5,0.02,0.025,yin_or_small_yang,True,"{'ret_pct': 112.81982097900153, 'excess_pct': -52.81803910330298, 'sharpe': 0.5860149743873896, 'mdd_pct': 39.45051635158953, 'start': '2022-05-27', 'end': '2026-08-31', 'n_days': 1036}",97,42.2680412371134,sh588260,588260,科创信息ETF华安,
买3/止4,0.03,0.04,yin_or_small_yang,True,"{'ret_pct': 173.19879401461117, 'excess_pct': 7.560933932306654, 'sharpe': 0.8053283591996452, 'mdd_pct': 38.976298491942686, 'start': '2022-05-27', 'end': '2026-08-31', 'n_days': 1036}",35,54.285714285714285,sh588260,588260,科创信息ETF华安,
sym±2%,0.02,0.02,yin_or_small_yang,True,"{'ret_pct': -21.51387511408315, 'excess_pct': -27.57136998061293, 'sharpe': -0.6906144635235872, 'mdd_pct': 32.41083287177929, 'start': '2025-03-21', 'end': '2026-08-31', 'n_days': 353}",41,29.268292682926827,sh588250,588250,科创医药ETF鹏华,
sym±2.5%,0.025,0.025,yin_or_small_yang,True,"{'ret_pct': -34.33099189600315, 'excess_pct': -40.38848676253293, 'sharpe': -1.0785895394296625, 'mdd_pct': 46.2120825367082, 'start': '2025-03-21', 'end': '2026-08-31', 'n_days': 353}",28,32.142857142857146,sh588250,588250,科创医药ETF鹏华,
sym±3%,0.03,0.03,yin_or_small_yang,True,"{'ret_pct': -15.43132236242556, 'excess_pct': -21.488817228955337, 'sharpe': -0.44702466856780093, 'mdd_pct': 33.97116963995441, 'start': '2025-03-21', 'end': '2026-08-31', 'n_days': 353}",16,31.25,sh588250,588250,科创医药ETF鹏华,
sym±2.5%仅阴,0.025,0.025,yin_only,True,"{'ret_pct': -15.53508540341757, 'excess_pct': -21.592580269947348, 'sharpe': -0.4914782057588883, 'mdd_pct': 30.574758904195033, 'start': '2025-03-21', 'end': '2026-08-31', 'n_days': 353}",22,40.909090909090914,sh588250,588250,科创医药ETF鹏华,
sym±2.5%不限前日,0.025,0.025,any,True,"{'ret_pct': -34.33099189600315, 'excess_pct': -40.38848676253293, 'sharpe': -1.0785895394296625, 'mdd_pct': 46.2120825367082, 'start': '2025-03-21', 'end': '2026-08-31', 'n_days': 353}",28,32.142857142857146,sh588250,588250,科创医药ETF鹏华,
sym±2.5%不禁双阳,0.025,0.025,yin_or_small_yang,False,"{'ret_pct': -34.33099189600315, 'excess_pct': -40.38848676253293, 'sharpe': -1.0785895394296625, 'mdd_pct': 46.2120825367082, 'start': '2025-03-21', 'end': '2026-08-31', 'n_days': 353}",28,32.142857142857146,sh588250,588250,科创医药ETF鹏华,
买2/止3,0.02,0.03,yin_or_small_yang,True,"{'ret_pct': -11.623578544047962, 'excess_pct': -17.68107341057774, 'sharpe': -0.3066537903560407, 'mdd_pct': 33.76275363015964, 'start': '2025-03-21', 'end': '2026-08-31', 'n_days': 353}",20,30.0,sh588250,588250,科创医药ETF鹏华,107.0
买2.5/止3.5,0.025,0.035,yin_or_small_yang,True,"{'ret_pct': -19.691551149292774, 'excess_pct': -25.74904601582255, 'sharpe': -0.5118117313445353, 'mdd_pct': 42.25160081017506, 'start': '2025-03-21', 'end': '2026-08-31', 'n_days': 353}",14,35.714285714285715,sh588250,588250,科创医药ETF鹏华,
买3/止2.5,0.03,0.025,yin_or_small_yang,True,"{'ret_pct': -17.555903176403152, 'excess_pct': -23.61339804293293, 'sharpe': -0.5862545078489028, 'mdd_pct': 29.867615271963743, 'start': '2025-03-21', 'end': '2026-08-31', 'n_days': 353}",20,35.0,sh588250,588250,科创医药ETF鹏华,
买2/止2.5,0.02,0.025,yin_or_small_yang,True,"{'ret_pct': -29.76115911382713, 'excess_pct': -35.818653980356906, 'sharpe': -0.8639092760134535, 'mdd_pct': 43.38770464414362, 'start': '2025-03-21', 'end': '2026-08-31', 'n_days': 353}",32,37.5,sh588250,588250,科创医药ETF鹏华,
买3/止4,0.03,0.04,yin_or_small_yang,True,"{'ret_pct': -12.32762632825276, 'excess_pct': -18.38512119478254, 'sharpe': -0.3143542841759136, 'mdd_pct': 37.889757450490315, 'start': '2025-03-21', 'end': '2026-08-31', 'n_days': 353}",7,42.857142857142854,sh588250,588250,科创医药ETF鹏华,
sym±2%,0.02,0.02,yin_or_small_yang,True,"{'ret_pct': 22.68616922403519, 'excess_pct': -39.65652196667151, 'sharpe': 0.617213964699099, 'mdd_pct': 25.625422286302236, 'start': '2025-02-25', 'end': '2026-08-31', 'n_days': 371}",53,41.509433962264154,sh588240,588240,科创200ETF鹏华,
sym±2.5%,0.025,0.025,yin_or_small_yang,True,"{'ret_pct': 25.283440569455973, 'excess_pct': -37.059250621250726, 'sharpe': 0.7098131881676975, 'mdd_pct': 26.357081487803313, 'start': '2025-02-25', 'end': '2026-08-31', 'n_days': 371}",33,39.39393939393939,sh588240,588240,科创200ETF鹏华,
sym±3%,0.03,0.03,yin_or_small_yang,True,"{'ret_pct': 72.073750866624, 'excess_pct': 9.731059675917294, 'sharpe': 1.832736603230672, 'mdd_pct': 19.801927960373046, 'start': '2025-02-25', 'end': '2026-08-31', 'n_days': 371}",22,36.36363636363637,sh588240,588240,科创200ETF鹏华,45.0
sym±2.5%仅阴,0.025,0.025,yin_only,True,"{'ret_pct': 27.978970045510422, 'excess_pct': -34.36372114519628, 'sharpe': 0.8210961738720292, 'mdd_pct': 24.0806740827205, 'start': '2025-02-25', 'end': '2026-08-31', 'n_days': 371}",28,39.285714285714285,sh588240,588240,科创200ETF鹏华,
sym±2.5%不限前日,0.025,0.025,any,True,"{'ret_pct': 23.415433375844707, 'excess_pct': -38.927257814861996, 'sharpe': 0.6543690003462008, 'mdd_pct': 26.376786256516915, 'start': '2025-02-25', 'end': '2026-08-31', 'n_days': 371}",34,38.23529411764706,sh588240,588240,科创200ETF鹏华,
sym±2.5%不禁双阳,0.025,0.025,yin_or_small_yang,False,"{'ret_pct': 25.283440569455973, 'excess_pct': -37.059250621250726, 'sharpe': 0.7098131881676975, 'mdd_pct': 26.357081487803313, 'start': '2025-02-25', 'end': '2026-08-31', 'n_days': 371}",33,39.39393939393939,sh588240,588240,科创200ETF鹏华,
买2/止3,0.02,0.03,yin_or_small_yang,True,"{'ret_pct': 47.40820288821763, 'excess_pct': -14.934488302489072, 'sharpe': 1.0345785462818857, 'mdd_pct': 23.9864956843754, 'start': '2025-02-25', 'end': '2026-08-31', 'n_days': 371}",31,35.483870967741936,sh588240,588240,科创200ETF鹏华,
买2.5/止3.5,0.025,0.035,yin_or_small_yang,True,"{'ret_pct': 54.76728675376003, 'excess_pct': -7.57540443694667, 'sharpe': 1.2247038357376696, 'mdd_pct': 22.961990434682267, 'start': '2025-02-25', 'end': '2026-08-31', 'n_days': 371}",22,31.818181818181817,sh588240,588240,科创200ETF鹏华,
买3/止2.5,0.03,0.025,yin_or_small_yang,True,"{'ret_pct': 39.15511883523837, 'excess_pct': -23.187572355468333, 'sharpe': 1.2312529491167852, 'mdd_pct': 23.93321378007921, 'start': '2025-02-25', 'end': '2026-08-31', 'n_days': 371}",26,46.15384615384615,sh588240,588240,科创200ETF鹏华,
买2/止2.5,0.02,0.025,yin_or_small_yang,True,"{'ret_pct': 23.286192215353594, 'excess_pct': -39.05649897535311, 'sharpe': 0.5682586897403937, 'mdd_pct': 27.289850836331297, 'start': '2025-02-25', 'end': '2026-08-31', 'n_days': 371}",42,33.33333333333333,sh588240,588240,科创200ETF鹏华,
买3/止4,0.03,0.04,yin_or_small_yang,True,"{'ret_pct': 76.41480069925122, 'excess_pct': 14.072109508544514, 'sharpe': 1.623471697347722, 'mdd_pct': 23.295201808419552, 'start': '2025-02-25', 'end': '2026-08-31', 'n_days': 371}",14,42.857142857142854,sh588240,588240,科创200ETF鹏华,
sym±2%,0.02,0.02,yin_or_small_yang,True,"{'ret_pct': 7.587713316784073, 'excess_pct': -74.21228668321594, 'sharpe': 0.1702030054851621, 'mdd_pct': 22.762664552060798, 'start': '2024-12-24', 'end': '2026-08-31', 'n_days': 409}",56,42.857142857142854,sh588230,588230,科创200ETF华泰柏瑞,
sym±2.5%,0.025,0.025,yin_or_small_yang,True,"{'ret_pct': 30.012728788208022, 'excess_pct': -51.78727121179199, 'sharpe': 0.6767637595558965, 'mdd_pct': 21.04895634107862, 'start': '2024-12-24', 'end': '2026-08-31', 'n_days': 409}",37,37.83783783783784,sh588230,588230,科创200ETF华泰柏瑞,
sym±3%,0.03,0.03,yin_or_small_yang,True,"{'ret_pct': 54.85441420919675, 'excess_pct': -26.945585790803264, 'sharpe': 1.1496587503308988, 'mdd_pct': 19.37699008666781, 'start': '2024-12-24', 'end': '2026-08-31', 'n_days': 409}",22,40.909090909090914,sh588230,588230,科创200ETF华泰柏瑞,
sym±2.5%仅阴,0.025,0.025,yin_only,True,"{'ret_pct': 30.159612313792028, 'excess_pct': -51.64038768620799, 'sharpe': 0.7482535634659504, 'mdd_pct': 19.3908022445216, 'start': '2024-12-24', 'end': '2026-08-31', 'n_days': 409}",33,42.42424242424242,sh588230,588230,科创200ETF华泰柏瑞,
sym±2.5%不限前日,0.025,0.025,any,True,"{'ret_pct': 30.012728788208022, 'excess_pct': -51.78727121179199, 'sharpe': 0.6767637595558965, 'mdd_pct': 21.04895634107862, 'start': '2024-12-24', 'end': '2026-08-31', 'n_days': 409}",37,37.83783783783784,sh588230,588230,科创200ETF华泰柏瑞,
sym±2.5%不禁双阳,0.025,0.025,yin_or_small_yang,False,"{'ret_pct': 30.012728788208022, 'excess_pct': -51.78727121179199, 'sharpe': 0.6767637595558965, 'mdd_pct': 21.04895634107862, 'start': '2024-12-24', 'end': '2026-08-31', 'n_days': 409}",37,37.83783783783784,sh588230,588230,科创200ETF华泰柏瑞,
买2/止3,0.02,0.03,yin_or_small_yang,True,"{'ret_pct': 52.80847583645119, 'excess_pct': -28.991524163548824, 'sharpe': 0.9450020767927679, 'mdd_pct': 25.991085973364882, 'start': '2024-12-24', 'end': '2026-08-31', 'n_days': 409}",30,36.666666666666664,sh588230,588230,科创200ETF华泰柏瑞,
买2.5/止3.5,0.025,0.035,yin_or_small_yang,True,"{'ret_pct': 45.00504769264329, 'excess_pct': -36.79495230735672, 'sharpe': 0.8421055910120333, 'mdd_pct': 25.178998667962503, 'start': '2024-12-24', 'end': '2026-08-31', 'n_days': 409}",22,45.45454545454545,sh588230,588230,科创200ETF华泰柏瑞,
买3/止2.5,0.03,0.025,yin_or_small_yang,True,"{'ret_pct': -1.6891313576672506, 'excess_pct': -83.48913135766726, 'sharpe': -0.04649598457608491, 'mdd_pct': 26.736555155970933, 'start': '2024-12-24', 'end': '2026-08-31', 'n_days': 409}",32,37.5,sh588230,588230,科创200ETF华泰柏瑞,
买2/止2.5,0.02,0.025,yin_or_small_yang,True,"{'ret_pct': 16.071864168111972, 'excess_pct': -65.72813583188804, 'sharpe': 0.3212805238707294, 'mdd_pct': 24.718307965953457, 'start': '2024-12-24', 'end': '2026-08-31', 'n_days': 409}",46,36.95652173913043,sh588230,588230,科创200ETF华泰柏瑞,
买3/止4,0.03,0.04,yin_or_small_yang,True,"{'ret_pct': 68.08543274655348, 'excess_pct': -13.714567253446532, 'sharpe': 1.2278062810557542, 'mdd_pct': 27.906673227565935, 'start': '2024-12-24', 'end': '2026-08-31', 'n_days': 409}",14,57.14285714285714,sh588230,588230,科创200ETF华泰柏瑞,105.0
sym±2%,0.02,0.02,yin_or_small_yang,True,"{'ret_pct': 11.560260155897616, 'excess_pct': -73.02391834308818, 'sharpe': 0.13929452382427446, 'mdd_pct': 29.41466069352584, 'start': '2023-09-15', 'end': '2026-08-31', 'n_days': 715}",87,43.67816091954023,sh588220,588220,科创100ETF鹏华,
sym±2.5%,0.025,0.025,yin_or_small_yang,True,"{'ret_pct': 26.0400666290592, 'excess_pct': -58.54411186992661, 'sharpe': 0.3112296533529347, 'mdd_pct': 32.583285573935115, 'start': '2023-09-15', 'end': '2026-08-31', 'n_days': 715}",57,36.84210526315789,sh588220,588220,科创100ETF鹏华,
sym±3%,0.03,0.03,yin_or_small_yang,True,"{'ret_pct': 37.12723307495685, 'excess_pct': -47.45694542402896, 'sharpe': 0.4404261111656755, 'mdd_pct': 35.93506920029669, 'start': '2023-09-15', 'end': '2026-08-31', 'n_days': 715}",34,44.11764705882353,sh588220,588220,科创100ETF鹏华,
sym±2.5%仅阴,0.025,0.025,yin_only,True,"{'ret_pct': 60.44991805207678, 'excess_pct': -24.134260446909025, 'sharpe': 0.7296498193050034, 'mdd_pct': 26.849059712029554, 'start': '2023-09-15', 'end': '2026-08-31', 'n_days': 715}",48,39.58333333333333,sh588220,588220,科创100ETF鹏华,110.0
sym±2.5%不限前日,0.025,0.025,any,True,"{'ret_pct': 30.690711303251163, 'excess_pct': -53.893467195734644, 'sharpe': 0.35953579010197106, 'mdd_pct': 32.583285573935115, 'start': '2023-09-15', 'end': '2026-08-31', 'n_days': 715}",57,36.84210526315789,sh588220,588220,科创100ETF鹏华,
sym±2.5%不禁双阳,0.025,0.025,yin_or_small_yang,False,"{'ret_pct': 30.392106799481546, 'excess_pct': -54.19207169950426, 'sharpe': 0.35763697805104844, 'mdd_pct': 32.583285573935115, 'start': '2023-09-15', 'end': '2026-08-31', 'n_days': 715}",57,36.84210526315789,sh588220,588220,科创100ETF鹏华,
买2/止3,0.02,0.03,yin_or_small_yang,True,"{'ret_pct': 41.05683959794886, 'excess_pct': -43.52733890103695, 'sharpe': 0.4066463594945363, 'mdd_pct': 31.310799095363418, 'start': '2023-09-15', 'end': '2026-08-31', 'n_days': 715}",46,39.130434782608695,sh588220,588220,科创100ETF鹏华,
买2.5/止3.5,0.025,0.035,yin_or_small_yang,True,"{'ret_pct': 47.80292706124803, 'excess_pct': -36.78125143773778, 'sharpe': 0.4836026853305287, 'mdd_pct': 37.91214938097236, 'start': '2023-09-15', 'end': '2026-08-31', 'n_days': 715}",32,40.625,sh588220,588220,科创100ETF鹏华,
买3/止2.5,0.03,0.025,yin_or_small_yang,True,"{'ret_pct': 13.569175343488027, 'excess_pct': -71.01500315549778, 'sharpe': 0.19244773558171685, 'mdd_pct': 26.75006127865259, 'start': '2023-09-15', 'end': '2026-08-31', 'n_days': 715}",46,36.95652173913043,sh588220,588220,科创100ETF鹏华,
买2/止2.5,0.02,0.025,yin_or_small_yang,True,"{'ret_pct': 7.4942147772639744, 'excess_pct': -77.08996372172183, 'sharpe': 0.08561082119364993, 'mdd_pct': 32.150498362681745, 'start': '2023-09-15', 'end': '2026-08-31', 'n_days': 715}",69,37.68115942028986,sh588220,588220,科创100ETF鹏华,
买3/止4,0.03,0.04,yin_or_small_yang,True,"{'ret_pct': 34.116694313615994, 'excess_pct': -50.46748418536981, 'sharpe': 0.3731123106884895, 'mdd_pct': 43.09863689118074, 'start': '2023-09-15', 'end': '2026-08-31', 'n_days': 715}",22,45.45454545454545,sh588220,588220,科创100ETF鹏华,
sym±2%,0.02,0.02,yin_or_small_yang,True,"{'ret_pct': 6.416668179337526, 'excess_pct': -79.70288602532305, 'sharpe': 0.09163556040994035, 'mdd_pct': 22.153518565897112, 'start': '2023-11-16', 'end': '2026-08-31', 'n_days': 677}",88,43.18181818181818,sh588210,588210,科创100ETF易方达,
sym±2.5%,0.025,0.025,yin_or_small_yang,True,"{'ret_pct': -10.457113091177629, 'excess_pct': -96.5766672958382, 'sharpe': -0.15342791900157596, 'mdd_pct': 27.935194054340208, 'start': '2023-11-16', 'end': '2026-08-31', 'n_days': 677}",63,41.269841269841265,sh588210,588210,科创100ETF易方达,
sym±3%,0.03,0.03,yin_or_small_yang,True,"{'ret_pct': -6.690131387878429, 'excess_pct': -92.809685592539, 'sharpe': -0.10245058799070421, 'mdd_pct': 24.48919827510949, 'start': '2023-11-16', 'end': '2026-08-31', 'n_days': 677}",44,36.36363636363637,sh588210,588210,科创100ETF易方达,
sym±2.5%仅阴,0.025,0.025,yin_only,True,"{'ret_pct': 3.7071755183584187, 'excess_pct': -82.41237868630216, 'sharpe': 0.058600219092373174, 'mdd_pct': 30.02205376109953, 'start': '2023-11-16', 'end': '2026-08-31', 'n_days': 677}",49,42.857142857142854,sh588210,588210,科创100ETF易方达,
sym±2.5%不限前日,0.025,0.025,any,True,"{'ret_pct': -8.093337739385632, 'excess_pct': -94.2128919440462, 'sharpe': -0.11702920297253638, 'mdd_pct': 27.943900518955534, 'start': '2023-11-16', 'end': '2026-08-31', 'n_days': 677}",64,42.1875,sh588210,588210,科创100ETF易方达,
sym±2.5%不禁双阳,0.025,0.025,yin_or_small_yang,False,"{'ret_pct': -10.26432177377603, 'excess_pct': -96.3838759784366, 'sharpe': -0.15027282419803414, 'mdd_pct': 27.935015576087295, 'start': '2023-11-16', 'end': '2026-08-31', 'n_days': 677}",64,42.1875,sh588210,588210,科创100ETF易方达,
买2/止3,0.02,0.03,yin_or_small_yang,True,"{'ret_pct': -14.28870137061441, 'excess_pct': -100.40825557527498, 'sharpe': -0.18309539578234826, 'mdd_pct': 32.72343032911246, 'start': '2023-11-16', 'end': '2026-08-31', 'n_days': 677}",57,36.84210526315789,sh588210,588210,科创100ETF易方达,
买2.5/止3.5,0.025,0.035,yin_or_small_yang,True,"{'ret_pct': -24.866389661619227, 'excess_pct': -110.9859438662798, 'sharpe': -0.3439184240929143, 'mdd_pct': 34.48328309698725, 'start': '2023-11-16', 'end': '2026-08-31', 'n_days': 677}",43,37.2093023255814,sh588210,588210,科创100ETF易方达,
买3/止2.5,0.03,0.025,yin_or_small_yang,True,"{'ret_pct': 24.97930185130879, 'excess_pct': -61.140252353351784, 'sharpe': 0.39091777593056315, 'mdd_pct': 16.48218143583281, 'start': '2023-11-16', 'end': '2026-08-31', 'n_days': 677}",49,38.775510204081634,sh588210,588210,科创100ETF易方达,120.0
买2/止2.5,0.02,0.025,yin_or_small_yang,True,"{'ret_pct': -5.487249089788804, 'excess_pct': -91.60680329444938, 'sharpe': -0.07194103575335671, 'mdd_pct': 28.397400245478245, 'start': '2023-11-16', 'end': '2026-08-31', 'n_days': 677}",72,38.88888888888889,sh588210,588210,科创100ETF易方达,
买3/止4,0.03,0.04,yin_or_small_yang,True,"{'ret_pct': -11.802189452246381, 'excess_pct': -97.92174365690695, 'sharpe': -0.15562537510028462, 'mdd_pct': 41.95660755738197, 'start': '2023-11-16', 'end': '2026-08-31', 'n_days': 677}",27,44.44444444444444,sh588210,588210,科创100ETF易方达,
sym±2%,0.02,0.02,yin_or_small_yang,True,"{'ret_pct': 173.64636277167057, 'excess_pct': 160.89848741756293, 'sharpe': 0.9934329554575166, 'mdd_pct': 36.372727548574325, 'start': '2022-10-26', 'end': '2026-08-31', 'n_days': 935}",127,45.66929133858268,sh588200,588200,科创芯片ETF嘉实,
sym±2.5%,0.025,0.025,yin_or_small_yang,True,"{'ret_pct': 162.46011346746235, 'excess_pct': 149.71223811335472, 'sharpe': 0.9294758599890726, 'mdd_pct': 35.022433647040074, 'start': '2022-10-26', 'end': '2026-08-31', 'n_days': 935}",87,45.97701149425287,sh588200,588200,科创芯片ETF嘉实,
sym±3%,0.03,0.03,yin_or_small_yang,True,"{'ret_pct': 120.59171819849594, 'excess_pct': 107.84384284438829, 'sharpe': 0.6961388233200678, 'mdd_pct': 37.99530485982008, 'start': '2022-10-26', 'end': '2026-08-31', 'n_days': 935}",66,48.484848484848484,sh588200,588200,科创芯片ETF嘉实,
sym±2.5%仅阴,0.025,0.025,yin_only,True,"{'ret_pct': 283.0976231973217, 'excess_pct': 270.34974784321406, 'sharpe': 1.4595572968683028, 'mdd_pct': 33.13164839986538, 'start': '2022-10-26', 'end': '2026-08-31', 'n_days': 935}",77,49.35064935064935,sh588200,588200,科创芯片ETF嘉实,7.0
sym±2.5%不限前日,0.025,0.025,any,True,"{'ret_pct': 154.81345046970162, 'excess_pct': 142.065575115594, 'sharpe': 0.8931057915355392, 'mdd_pct': 35.72356856880769, 'start': '2022-10-26', 'end': '2026-08-31', 'n_days': 935}",87,45.97701149425287,sh588200,588200,科创芯片ETF嘉实,
sym±2.5%不禁双阳,0.025,0.025,yin_or_small_yang,False,"{'ret_pct': 190.26755139273922, 'excess_pct': 177.5196760386316, 'sharpe': 1.0362788834235808, 'mdd_pct': 35.02400733957936, 'start': '2022-10-26', 'end': '2026-08-31', 'n_days': 935}",87,47.12643678160919,sh588200,588200,科创芯片ETF嘉实,
买2/止3,0.02,0.03,yin_or_small_yang,True,"{'ret_pct': 216.32405037453756, 'excess_pct': 203.57617502042993, 'sharpe': 0.9651505781832831, 'mdd_pct': 42.40686922951791, 'start': '2022-10-26', 'end': '2026-08-31', 'n_days': 935}",79,45.56962025316456,sh588200,588200,科创芯片ETF嘉实,
买2.5/止3.5,0.025,0.035,yin_or_small_yang,True,"{'ret_pct': 194.87737923136646, 'excess_pct': 182.12950387725883, 'sharpe': 0.875481794282888, 'mdd_pct': 43.958112026824544, 'start': '2022-10-26', 'end': '2026-08-31', 'n_days': 935}",49,55.10204081632652,sh588200,588200,科创芯片ETF嘉实,
买3/止2.5,0.03,0.025,yin_or_small_yang,True,"{'ret_pct': 137.47897793911363, 'excess_pct': 124.731102585006, 'sharpe': 0.8992348988081281, 'mdd_pct': 31.97581109424187, 'start': '2022-10-26', 'end': '2026-08-31', 'n_days': 935}",76,50.0,sh588200,588200,科创芯片ETF嘉实,
买2/止2.5,0.02,0.025,yin_or_small_yang,True,"{'ret_pct': 186.4489714984223, 'excess_pct': 173.70109614431468, 'sharpe': 0.98372570694898, 'mdd_pct': 43.82006414354625, 'start': '2022-10-26', 'end': '2026-08-31', 'n_days': 935}",98,47.95918367346938,sh588200,588200,科创芯片ETF嘉实,
买3/止4,0.03,0.04,yin_or_small_yang,True,"{'ret_pct': 263.9862386078654, 'excess_pct': 251.23836325375777, 'sharpe': 1.0953486770304712, 'mdd_pct': 38.0989593854922, 'start': '2022-10-26', 'end': '2026-08-31', 'n_days': 935}",36,58.333333333333336,sh588200,588200,科创芯片ETF嘉实,
sym±2%,0.02,0.02,yin_or_small_yang,True,"{'ret_pct': 17.772968313651138, 'excess_pct': -65.17355035436097, 'sharpe': 0.21370900054654332, 'mdd_pct': 34.038715355802715, 'start': '2023-09-15', 'end': '2026-08-31', 'n_days': 715}",87,42.5287356321839,sh588190,588190,科创100ETF银华,
sym±2.5%,0.025,0.025,yin_or_small_yang,True,"{'ret_pct': 9.790459469625667, 'excess_pct': -73.15605919838643, 'sharpe': 0.11867080192202467, 'mdd_pct': 31.682395915462347, 'start': '2023-09-15', 'end': '2026-08-31', 'n_days': 715}",59,37.28813559322034,sh588190,588190,科创100ETF银华,
sym±3%,0.03,0.03,yin_or_small_yang,True,"{'ret_pct': 35.77908898965121, 'excess_pct': -47.1674296783609, 'sharpe': 0.42548816655603416, 'mdd_pct': 33.954336566722574, 'start': '2023-09-15', 'end': '2026-08-31', 'n_days': 715}",34,47.05882352941176,sh588190,588190,科创100ETF银华,
sym±2.5%仅阴,0.025,0.025,yin_only,True,"{'ret_pct': 6.020535463334475, 'excess_pct': -76.92598320467764, 'sharpe': 0.08151726145344354, 'mdd_pct': 35.79603240596302, 'start': '2023-09-15', 'end': '2026-08-31', 'n_days': 715}",48,37.5,sh588190,588190,科创100ETF银华,
sym±2.5%不限前日,0.025,0.025,any,True,"{'ret_pct': 13.29142378342727, 'excess_pct': -69.65509488458483, 'sharpe': 0.15857226110680872, 'mdd_pct': 31.669386409319834, 'start': '2023-09-15', 'end': '2026-08-31', 'n_days': 715}",59,37.28813559322034,sh588190,588190,科创100ETF银华,
sym±2.5%不禁双阳,0.025,0.025,yin_or_small_yang,False,"{'ret_pct': 13.29142378342727, 'excess_pct': -69.65509488458483, 'sharpe': 0.15923299140317929, 'mdd_pct': 31.669386409319834, 'start': '2023-09-15', 'end': '2026-08-31', 'n_days': 715}",59,37.28813559322034,sh588190,588190,科创100ETF银华,
买2/止3,0.02,0.03,yin_or_small_yang,True,"{'ret_pct': 5.785146884291104, 'excess_pct': -77.161371783721, 'sharpe': 0.0634677414309159, 'mdd_pct': 35.99699827092186, 'start': '2023-09-15', 'end': '2026-08-31', 'n_days': 715}",47,36.17021276595745,sh588190,588190,科创100ETF银华,
买2.5/止3.5,0.025,0.035,yin_or_small_yang,True,"{'ret_pct': 52.948727459718434, 'excess_pct': -29.99779120829367, 'sharpe': 0.5132496633871907, 'mdd_pct': 33.49457719943443, 'start': '2023-09-15', 'end': '2026-08-31', 'n_days': 715}",30,40.0,sh588190,588190,科创100ETF银华,
买3/止2.5,0.03,0.025,yin_or_small_yang,True,"{'ret_pct': 28.240618740835256, 'excess_pct': -54.705899927176844, 'sharpe': 0.3774097281029131, 'mdd_pct': 27.55282258468501, 'start': '2023-09-15', 'end': '2026-08-31', 'n_days': 715}",46,41.30434782608695,sh588190,588190,科创100ETF银华,
买2/止2.5,0.02,0.025,yin_or_small_yang,True,"{'ret_pct': -5.141803373011255, 'excess_pct': -88.08832204102336, 'sharpe': -0.06131404675078887, 'mdd_pct': 34.106353815402265, 'start': '2023-09-15', 'end': '2026-08-31', 'n_days': 715}",67,37.3134328358209,sh588190,588190,科创100ETF银华,
买3/止4,0.03,0.04,yin_or_small_yang,True,"{'ret_pct': 102.38896330910725, 'excess_pct': 19.44244464109515, 'sharpe': 0.848757484758961, 'mdd_pct': 37.976106897168606, 'start': '2023-09-15', 'end': '2026-08-31', 'n_days': 715}",22,45.45454545454545,sh588190,588190,科创100ETF银华,71.0
sym±2%,0.02,0.02,yin_or_small_yang,True,"{'ret_pct': 139.70963569877762, 'excess_pct': 130.90647051579046, 'sharpe': 0.7528358805816319, 'mdd_pct': 35.389999675548765, 'start': '2021-07-01', 'end': '2026-08-31', 'n_days': 1254}",105,44.761904761904766,sh588180,588180,科创50ETF国联安,
sym±2.5%,0.025,0.025,yin_or_small_yang,True,"{'ret_pct': 271.98421081132483, 'excess_pct': 263.18104562833764, 'sharpe': 1.1969011265076832, 'mdd_pct': 27.863138075792936, 'start': '2021-07-01', 'end': '2026-08-31', 'n_days': 1254}",63,50.79365079365079,sh588180,588180,科创50ETF国联安,
sym±3%,0.03,0.03,yin_or_small_yang,True,"{'ret_pct': 229.39795884776314, 'excess_pct': 220.59479366477598, 'sharpe': 1.0597148553543394, 'mdd_pct': 21.57847983859067, 'start': '2021-07-01', 'end': '2026-08-31', 'n_days': 1254}",42,50.0,sh588180,588180,科创50ETF国联安,
sym±2.5%仅阴,0.025,0.025,yin_only,True,"{'ret_pct': 491.21750587304643, 'excess_pct': 482.41434069005925, 'sharpe': 1.8871533961059768, 'mdd_pct': 12.966344125353068, 'start': '2021-07-01', 'end': '2026-08-31', 'n_days': 1254}",46,56.52173913043478,sh588180,588180,科创50ETF国联安,2.0
sym±2.5%不限前日,0.025,0.025,any,True,"{'ret_pct': 271.98421081132483, 'excess_pct': 263.18104562833764, 'sharpe': 1.1969011265076832, 'mdd_pct': 27.863138075792936, 'start': '2021-07-01', 'end': '2026-08-31', 'n_days': 1254}",63,50.79365079365079,sh588180,588180,科创50ETF国联安,
sym±2.5%不禁双阳,0.025,0.025,yin_or_small_yang,False,"{'ret_pct': 271.98421081132483, 'excess_pct': 263.18104562833764, 'sharpe': 1.1969011265076832, 'mdd_pct': 27.863138075792936, 'start': '2021-07-01', 'end': '2026-08-31', 'n_days': 1254}",63,50.79365079365079,sh588180,588180,科创50ETF国联安,
买2/止3,0.02,0.03,yin_or_small_yang,True,"{'ret_pct': 30.44517291676474, 'excess_pct': 21.64200773377758, 'sharpe': 0.18739345543875666, 'mdd_pct': 56.1098926738313, 'start': '2021-07-01', 'end': '2026-08-31', 'n_days': 1254}",59,42.3728813559322,sh588180,588180,科创50ETF国联安,
买2.5/止3.5,0.025,0.035,yin_or_small_yang,True,"{'ret_pct': 84.95529722426558, 'excess_pct': 76.15213204127842, 'sharpe': 0.4551693734500052, 'mdd_pct': 43.53978174908332, 'start': '2021-07-01', 'end': '2026-08-31', 'n_days': 1254}",38,47.368421052631575,sh588180,588180,科创50ETF国联安,
买3/止2.5,0.03,0.025,yin_or_small_yang,True,"{'ret_pct': 348.5590901848032, 'excess_pct': 339.755925001816, 'sharpe': 1.5189352559454987, 'mdd_pct': 14.051066002278468, 'start': '2021-07-01', 'end': '2026-08-31', 'n_days': 1254}",51,50.98039215686274,sh588180,588180,科创50ETF国联安,
买2/止2.5,0.02,0.025,yin_or_small_yang,True,"{'ret_pct': 151.71772410916162, 'excess_pct': 142.91455892617446, 'sharpe': 0.7475258934906933, 'mdd_pct': 37.869768053463645, 'start': '2021-07-01', 'end': '2026-08-31', 'n_days': 1254}",76,46.05263157894737,sh588180,588180,科创50ETF国联安,
买3/止4,0.03,0.04,yin_or_small_yang,True,"{'ret_pct': 38.564531011820804, 'excess_pct': 29.761365828833643, 'sharpe': 0.23431775452421286, 'mdd_pct': 50.72272741051804, 'start': '2021-07-01', 'end': '2026-08-31', 'n_days': 1254}",24,45.83333333333333,sh588180,588180,科创50ETF国联安,
sym±2%,0.02,0.02,yin_or_small_yang,True,"{'ret_pct': 50.08901878750072, 'excess_pct': 42.157614714617566, 'sharpe': 0.5053472738861009, 'mdd_pct': 69.56990492959265, 'start': '2025-04-08', 'end': '2026-08-31', 'n_days': 342}",49,59.183673469387756,sh588170,588170,科创半导体ETF华夏,
sym±2.5%,0.025,0.025,yin_or_small_yang,True,"{'ret_pct': 39.03346398374721, 'excess_pct': 31.102059910864057, 'sharpe': 0.3992787679323554, 'mdd_pct': 70.80274722704387, 'start': '2025-04-08', 'end': '2026-08-31', 'n_days': 342}",41,51.21951219512195,sh588170,588170,科创半导体ETF华夏,
sym±3%,0.03,0.03,yin_or_small_yang,True,"{'ret_pct': 31.007025737328053, 'excess_pct': 23.075621664444903, 'sharpe': 0.3195406885276219, 'mdd_pct': 72.02030523238308, 'start': '2025-04-08', 'end': '2026-08-31', 'n_days': 342}",30,50.0,sh588170,588170,科创半导体ETF华夏,
sym±2.5%仅阴,0.025,0.025,yin_only,True,"{'ret_pct': -6.06992089802556, 'excess_pct': -14.001324970908712, 'sharpe': -0.06800745842866425, 'mdd_pct': 70.81650902372816, 'start': '2025-04-08', 'end': '2026-08-31', 'n_days': 342}",33,45.45454545454545,sh588170,588170,科创半导体ETF华夏,
sym±2.5%不限前日,0.025,0.025,any,True,"{'ret_pct': 34.23584645830411, 'excess_pct': 26.304442385420955, 'sharpe': 0.3519844297936927, 'mdd_pct': 70.82995119787262, 'start': '2025-04-08', 'end': '2026-08-31', 'n_days': 342}",41,51.21951219512195,sh588170,588170,科创半导体ETF华夏,
sym±2.5%不禁双阳,0.025,0.025,yin_or_small_yang,False,"{'ret_pct': 39.03346398374721, 'excess_pct': 31.102059910864057, 'sharpe': 0.3992787679323554, 'mdd_pct': 70.80274722704387, 'start': '2025-04-08', 'end': '2026-08-31', 'n_days': 342}",41,51.21951219512195,sh588170,588170,科创半导体ETF华夏,
买2/止3,0.02,0.03,yin_or_small_yang,True,"{'ret_pct': 46.59610516134407, 'excess_pct': 38.664701088460916, 'sharpe': 0.4625712186411755, 'mdd_pct': 70.959692973936, 'start': '2025-04-08', 'end': '2026-08-31', 'n_days': 342}",34,52.94117647058824,sh588170,588170,科创半导体ETF华夏,
买2.5/止3.5,0.025,0.035,yin_or_small_yang,True,"{'ret_pct': 65.37041832566727, 'excess_pct': 57.43901425278412, 'sharpe': 0.6225312967545816, 'mdd_pct': 71.74317367039762, 'start': '2025-04-08', 'end': '2026-08-31', 'n_days': 342}",24,54.166666666666664,sh588170,588170,科创半导体ETF华夏,
买3/止2.5,0.03,0.025,yin_or_small_yang,True,"{'ret_pct': 22.64783446044154, 'excess_pct': 14.716430387558388, 'sharpe': 0.2388431609412741, 'mdd_pct': 71.36633377367187, 'start': '2025-04-08', 'end': '2026-08-31', 'n_days': 342}",38,52.63157894736842,sh588170,588170,科创半导体ETF华夏,
买2/止2.5,0.02,0.025,yin_or_small_yang,True,"{'ret_pct': 53.62446856728316, 'excess_pct': 45.693064494400005, 'sharpe': 0.5325683454245271, 'mdd_pct': 70.27200850560166, 'start': '2025-04-08', 'end': '2026-08-31', 'n_days': 342}",42,54.761904761904766,sh588170,588170,科创半导体ETF华夏,
买3/止4,0.03,0.04,yin_or_small_yang,True,"{'ret_pct': 69.87710464404154, 'excess_pct': 61.94570057115838, 'sharpe': 0.6609454613821715, 'mdd_pct': 72.26375610480854, 'start': '2025-04-08', 'end': '2026-08-31', 'n_days': 342}",17,52.94117647058824,sh588170,588170,科创半导体ETF华夏,68.0
sym±2%,0.02,0.02,yin_or_small_yang,True,"{'ret_pct': 21.88586598323843, 'excess_pct': 11.565224700673294, 'sharpe': 0.18748249434348513, 'mdd_pct': 50.49266802206724, 'start': '2022-10-26', 'end': '2026-08-31', 'n_days': 935}",100,37.0,sh588160,588160,科创新材料ETF南方,
sym±2.5%,0.025,0.025,yin_or_small_yang,True,"{'ret_pct': 60.48149600255353, 'excess_pct': 50.16085471998839, 'sharpe': 0.47472480661172134, 'mdd_pct': 45.638386582337546, 'start': '2022-10-26', 'end': '2026-08-31', 'n_days': 935}",61,45.90163934426229,sh588160,588160,科创新材料ETF南方,
sym±3%,0.03,0.03,yin_or_small_yang,True,"{'ret_pct': 8.078100645401554, 'excess_pct': -2.2425406371635805, 'sharpe': 0.07258394251358294, 'mdd_pct': 50.17440311323264, 'start': '2022-10-26', 'end': '2026-08-31', 'n_days': 935}",43,41.86046511627907,sh588160,588160,科创新材料ETF南方,
sym±2.5%仅阴,0.025,0.025,yin_only,True,"{'ret_pct': 86.99470848684795, 'excess_pct': 76.67406720428282, 'sharpe': 0.6855684622909045, 'mdd_pct': 25.6375442079137, 'start': '2022-10-26', 'end': '2026-08-31', 'n_days': 935}",52,50.0,sh588160,588160,科创新材料ETF南方,64.0
sym±2.5%不限前日,0.025,0.025,any,True,"{'ret_pct': 70.8920630437247, 'excess_pct': 60.57142176115957, 'sharpe': 0.5400597355461866, 'mdd_pct': 45.638386582337546, 'start': '2022-10-26', 'end': '2026-08-31', 'n_days': 935}",61,45.90163934426229,sh588160,588160,科创新材料ETF南方,
sym±2.5%不禁双阳,0.025,0.025,yin_or_small_yang,False,"{'ret_pct': 67.80368063071674, 'excess_pct': 57.48303934815161, 'sharpe': 0.5211542707357264, 'mdd_pct': 45.638386582337546, 'start': '2022-10-26', 'end': '2026-08-31', 'n_days': 935}",61,45.90163934426229,sh588160,588160,科创新材料ETF南方,
买2/止3,0.02,0.03,yin_or_small_yang,True,"{'ret_pct': 57.21569775101758, 'excess_pct': 46.895056468452445, 'sharpe': 0.4030180414167728, 'mdd_pct': 52.472777578462185, 'start': '2022-10-26', 'end': '2026-08-31', 'n_days': 935}",50,46.0,sh588160,588160,科创新材料ETF南方,
买2.5/止3.5,0.025,0.035,yin_or_small_yang,True,"{'ret_pct': 23.103064815302353, 'excess_pct': 12.78242353273722, 'sharpe': 0.18424198324432425, 'mdd_pct': 57.73286383908901, 'start': '2022-10-26', 'end': '2026-08-31', 'n_days': 935}",39,41.02564102564102,sh588160,588160,科创新材料ETF南方,
买3/止2.5,0.03,0.025,yin_or_small_yang,True,"{'ret_pct': 50.542919233065575, 'excess_pct': 40.22227795050044, 'sharpe': 0.43086360187181455, 'mdd_pct': 35.13006049217997, 'start': '2022-10-26', 'end': '2026-08-31', 'n_days': 935}",51,47.05882352941176,sh588160,588160,科创新材料ETF南方,
买2/止2.5,0.02,0.025,yin_or_small_yang,True,"{'ret_pct': 36.376909044249594, 'excess_pct': 26.05626776168446, 'sharpe': 0.28390274020754575, 'mdd_pct': 53.641896815750535, 'start': '2022-10-26', 'end': '2026-08-31', 'n_days': 935}",71,40.845070422535215,sh588160,588160,科创新材料ETF南方,
买3/止4,0.03,0.04,yin_or_small_yang,True,"{'ret_pct': -31.77155609195841, 'excess_pct': -42.09219737452354, 'sharpe': -0.3100382007569687, 'mdd_pct': 60.18862242030188, 'start': '2022-10-26', 'end': '2026-08-31', 'n_days': 935}",31,35.483870967741936,sh588160,588160,科创新材料ETF南方,
sym±2%,0.02,0.02,yin_or_small_yang,True,"{'ret_pct': 68.95384351281596, 'excess_pct': 43.58696720254342, 'sharpe': 0.5391396049087367, 'mdd_pct': 35.001389517702655, 'start': '2021-12-20', 'end': '2026-08-31', 'n_days': 1139}",103,38.83495145631068,sh588150,588150,科创50ETF南方,
sym±2.5%,0.025,0.025,yin_or_small_yang,True,"{'ret_pct': 108.32060818832625, 'excess_pct': 82.9537318780537, 'sharpe': 0.7702179805675297, 'mdd_pct': 30.833490342454304, 'start': '2021-12-20', 'end': '2026-08-31', 'n_days': 1139}",66,51.515151515151516,sh588150,588150,科创50ETF南方,
sym±3%,0.03,0.03,yin_or_small_yang,True,"{'ret_pct': 106.49480930660778, 'excess_pct': 81.12793299633523, 'sharpe': 0.7784290749065632, 'mdd_pct': 28.98317135476556, 'start': '2021-12-20', 'end': '2026-08-31', 'n_days': 1139}",44,47.72727272727273,sh588150,588150,科创50ETF南方,
sym±2.5%仅阴,0.025,0.025,yin_only,True,"{'ret_pct': 109.53541953967027, 'excess_pct': 84.16854322939773, 'sharpe': 0.8504814679101974, 'mdd_pct': 31.994782126113886, 'start': '2021-12-20', 'end': '2026-08-31', 'n_days': 1139}",51,54.90196078431373,sh588150,588150,科创50ETF南方,56.0
sym±2.5%不限前日,0.025,0.025,any,True,"{'ret_pct': 108.32060818832625, 'excess_pct': 82.9537318780537, 'sharpe': 0.7702179805675297, 'mdd_pct': 30.833490342454304, 'start': '2021-12-20', 'end': '2026-08-31', 'n_days': 1139}",66,51.515151515151516,sh588150,588150,科创50ETF南方,
sym±2.5%不禁双阳,0.025,0.025,yin_or_small_yang,False,"{'ret_pct': 108.32060818832625, 'excess_pct': 82.9537318780537, 'sharpe': 0.7702179805675297, 'mdd_pct': 30.833490342454304, 'start': '2021-12-20', 'end': '2026-08-31', 'n_days': 1139}",66,51.515151515151516,sh588150,588150,科创50ETF南方,
买2/止3,0.02,0.03,yin_or_small_yang,True,"{'ret_pct': 36.948018564092756, 'excess_pct': 11.581142253820211, 'sharpe': 0.27433894615729304, 'mdd_pct': 44.30123418165487, 'start': '2021-12-20', 'end': '2026-08-31', 'n_days': 1139}",57,47.368421052631575,sh588150,588150,科创50ETF南方,
买2.5/止3.5,0.025,0.035,yin_or_small_yang,True,"{'ret_pct': 27.55946709908159, 'excess_pct': 2.1925907888090457, 'sharpe': 0.20925688920794255, 'mdd_pct': 49.7511271082825, 'start': '2021-12-20', 'end': '2026-08-31', 'n_days': 1139}",40,55.00000000000001,sh588150,588150,科创50ETF南方,
买3/止2.5,0.03,0.025,yin_or_small_yang,True,"{'ret_pct': 65.24189122490228, 'excess_pct': 39.87501491462973, 'sharpe': 0.5841464343814112, 'mdd_pct': 29.39357627846132, 'start': '2021-12-20', 'end': '2026-08-31', 'n_days': 1139}",56,44.642857142857146,sh588150,588150,科创50ETF南方,
买2/止2.5,0.02,0.025,yin_or_small_yang,True,"{'ret_pct': 64.17833001654398, 'excess_pct': 38.811453706271436, 'sharpe': 0.4628934462090731, 'mdd_pct': 35.78667597030273, 'start': '2021-12-20', 'end': '2026-08-31', 'n_days': 1139}",79,48.10126582278481,sh588150,588150,科创50ETF南方,
买3/止4,0.03,0.04,yin_or_small_yang,True,"{'ret_pct': 6.205852961027203, 'excess_pct': -19.16102334924534, 'sharpe': 0.050182838904527134, 'mdd_pct': 49.05420811558719, 'start': '2021-12-20', 'end': '2026-08-31', 'n_days': 1139}",26,50.0,sh588150,588150,科创50ETF南方,
sym±2%,0.02,0.02,yin_or_small_yang,True,"{'ret_pct': 7.233959960819258, 'excess_pct': -18.638729977579093, 'sharpe': 0.30415315604654625, 'mdd_pct': 26.811768098792665, 'start': '2025-10-15', 'end': '2026-08-31', 'n_days': 216}",33,42.42424242424242,sh588140,588140,科创200ETF广发,
sym±2.5%,0.025,0.025,yin_or_small_yang,True,"{'ret_pct': -2.545040124508824, 'excess_pct': -28.417730062907175, 'sharpe': -0.10416754561315233, 'mdd_pct': 21.34207033691673, 'start': '2025-10-15', 'end': '2026-08-31', 'n_days': 216}",24,25.0,sh588140,588140,科创200ETF广发,
sym±3%,0.03,0.03,yin_or_small_yang,True,"{'ret_pct': 28.34876123892478, 'excess_pct': 2.476071300526428, 'sharpe': 1.313180903765092, 'mdd_pct': 11.866858054160833, 'start': '2025-10-15', 'end': '2026-08-31', 'n_days': 216}",16,37.5,sh588140,588140,科创200ETF广发,
sym±2.5%仅阴,0.025,0.025,yin_only,True,"{'ret_pct': 8.571694056790392, 'excess_pct': -17.30099588160796, 'sharpe': 0.3926517642141826, 'mdd_pct': 17.48381381554749, 'start': '2025-10-15', 'end': '2026-08-31', 'n_days': 216}",18,22.22222222222222,sh588140,588140,科创200ETF广发,
sym±2.5%不限前日,0.025,0.025,any,True,"{'ret_pct': -2.545040124508824, 'excess_pct': -28.417730062907175, 'sharpe': -0.10416754561315233, 'mdd_pct': 21.34207033691673, 'start': '2025-10-15', 'end': '2026-08-31', 'n_days': 216}",24,25.0,sh588140,588140,科创200ETF广发,
sym±2.5%不禁双阳,0.025,0.025,yin_or_small_yang,False,"{'ret_pct': -2.545040124508824, 'excess_pct': -28.417730062907175, 'sharpe': -0.10416754561315233, 'mdd_pct': 21.34207033691673, 'start': '2025-10-15', 'end': '2026-08-31', 'n_days': 216}",24,25.0,sh588140,588140,科创200ETF广发,
买2/止3,0.02,0.03,yin_or_small_yang,True,"{'ret_pct': -0.6459251092832075, 'excess_pct': -26.51861504768156, 'sharpe': -0.023535800916813107, 'mdd_pct': 32.29158531171993, 'start': '2025-10-15', 'end': '2026-08-31', 'n_days': 216}",24,33.33333333333333,sh588140,588140,科创200ETF广发,
买2.5/止3.5,0.025,0.035,yin_or_small_yang,True,"{'ret_pct': 16.197572556156793, 'excess_pct': -9.67511738224156, 'sharpe': 0.6025917080501783, 'mdd_pct': 24.61531814168678, 'start': '2025-10-15', 'end': '2026-08-31', 'n_days': 216}",16,37.5,sh588140,588140,科创200ETF广发,
买3/止2.5,0.03,0.025,yin_or_small_yang,True,"{'ret_pct': 23.786240727526355, 'excess_pct': -2.086449210871997, 'sharpe': 1.150215969652841, 'mdd_pct': 13.067642075129571, 'start': '2025-10-15', 'end': '2026-08-31', 'n_days': 216}",17,29.411764705882355,sh588140,588140,科创200ETF广发,
买2/止2.5,0.02,0.025,yin_or_small_yang,True,"{'ret_pct': 1.4311869141696576, 'excess_pct': -24.441503024228695, 'sharpe': 0.05400167296115694, 'mdd_pct': 29.32514773675906, 'start': '2025-10-15', 'end': '2026-08-31', 'n_days': 216}",28,35.714285714285715,sh588140,588140,科创200ETF广发,
买3/止4,0.03,0.04,yin_or_small_yang,True,"{'ret_pct': 53.321957651392026, 'excess_pct': 27.449267712993674, 'sharpe': 2.090939449219917, 'mdd_pct': 15.559212445121439, 'start': '2025-10-15', 'end': '2026-08-31', 'n_days': 216}",9,55.55555555555556,sh588140,588140,科创200ETF广发,32.0
sym±2%,0.02,0.02,yin_or_small_yang,True,"{'ret_pct': -22.11546430229444, 'excess_pct': -23.41546430229443, 'sharpe': -0.8500581162895563, 'mdd_pct': 31.849838074197045, 'start': '2025-05-28', 'end': '2026-08-31', 'n_days': 309}",35,28.57142857142857,sh588130,588130,科创医药ETF华夏,
sym±2.5%,0.025,0.025,yin_or_small_yang,True,"{'ret_pct': -15.03373838768326, 'excess_pct': -16.333738387683248, 'sharpe': -0.6331180696731716, 'mdd_pct': 24.5504402916918, 'start': '2025-05-28', 'end': '2026-08-31', 'n_days': 309}",23,34.78260869565217,sh588130,588130,科创医药ETF华夏,
sym±3%,0.03,0.03,yin_or_small_yang,True,"{'ret_pct': -29.641457947036777, 'excess_pct': -30.941457947036767, 'sharpe': -1.138865204330227, 'mdd_pct': 36.94491365825828, 'start': '2025-05-28', 'end': '2026-08-31', 'n_days': 309}",17,29.411764705882355,sh588130,588130,科创医药ETF华夏,
sym±2.5%仅阴,0.025,0.025,yin_only,True,"{'ret_pct': -1.3890905082976635, 'excess_pct': -2.6890905082976535, 'sharpe': -0.06339459865065414, 'mdd_pct': 15.34075445598605, 'start': '2025-05-28', 'end': '2026-08-31', 'n_days': 309}",16,43.75,sh588130,588130,科创医药ETF华夏,95.0
sym±2.5%不限前日,0.025,0.025,any,True,"{'ret_pct': -15.03373838768326, 'excess_pct': -16.333738387683248, 'sharpe': -0.6331180696731716, 'mdd_pct': 24.5504402916918, 'start': '2025-05-28', 'end': '2026-08-31', 'n_days': 309}",23,34.78260869565217,sh588130,588130,科创医药ETF华夏,
sym±2.5%不禁双阳,0.025,0.025,yin_or_small_yang,False,"{'ret_pct': -15.03373838768326, 'excess_pct': -16.333738387683248, 'sharpe': -0.6331180696731716, 'mdd_pct': 24.5504402916918, 'start': '2025-05-28', 'end': '2026-08-31', 'n_days': 309}",23,34.78260869565217,sh588130,588130,科创医药ETF华夏,
买2/止3,0.02,0.03,yin_or_small_yang,True,"{'ret_pct': -20.780283318367985, 'excess_pct': -22.080283318367975, 'sharpe': -0.6642629325826455, 'mdd_pct': 38.50504531601583, 'start': '2025-05-28', 'end': '2026-08-31', 'n_days': 309}",20,30.0,sh588130,588130,科创医药ETF华夏,
买2.5/止3.5,0.025,0.035,yin_or_small_yang,True,"{'ret_pct': -11.577780406358384, 'excess_pct': -12.877780406358374, 'sharpe': -0.36139977913581256, 'mdd_pct': 32.87504208360228, 'start': '2025-05-28', 'end': '2026-08-31', 'n_days': 309}",14,28.57142857142857,sh588130,588130,科创医药ETF华夏,
买3/止2.5,0.03,0.025,yin_or_small_yang,True,"{'ret_pct': -21.851842677379217, 'excess_pct': -23.151842677379207, 'sharpe': -1.0242145210900024, 'mdd_pct': 29.014636833094098, 'start': '2025-05-28', 'end': '2026-08-31', 'n_days': 309}",21,33.33333333333333,sh588130,588130,科创医药ETF华夏,
买2/止2.5,0.02,0.025,yin_or_small_yang,True,"{'ret_pct': -20.19689738242886, 'excess_pct': -21.49689738242885, 'sharpe': -0.7052868405626543, 'mdd_pct': 33.63018903940736, 'start': '2025-05-28', 'end': '2026-08-31', 'n_days': 309}",28,28.57142857142857,sh588130,588130,科创医药ETF华夏,
买3/止4,0.03,0.04,yin_or_small_yang,True,"{'ret_pct': -8.994845169203181, 'excess_pct': -10.294845169203171, 'sharpe': -0.283974084300395, 'mdd_pct': 33.865311648514904, 'start': '2025-05-28', 'end': '2026-08-31', 'n_days': 309}",8,25.0,sh588130,588130,科创医药ETF华夏,
sym±2%,0.02,0.02,yin_or_small_yang,True,"{'ret_pct': 24.715949448540808, 'excess_pct': 31.29489681696186, 'sharpe': 0.28928819545989126, 'mdd_pct': 31.29103266346188, 'start': '2023-09-15', 'end': '2026-08-31', 'n_days': 715}",89,44.9438202247191,sh588120,588120,科创100ETF国泰,
sym±2.5%,0.025,0.025,yin_or_small_yang,True,"{'ret_pct': 14.178547614464021, 'excess_pct': 20.75749498288507, 'sharpe': 0.17452376775713585, 'mdd_pct': 26.623172232352154, 'start': '2023-09-15', 'end': '2026-08-31', 'n_days': 715}",60,36.666666666666664,sh588120,588120,科创100ETF国泰,
sym±3%,0.03,0.03,yin_or_small_yang,True,"{'ret_pct': 72.20464857994881, 'excess_pct': 78.78359594836986, 'sharpe': 0.7827945784763903, 'mdd_pct': 35.50173624313033, 'start': '2023-09-15', 'end': '2026-08-31', 'n_days': 715}",35,42.857142857142854,sh588120,588120,科创100ETF国泰,59.0
sym±2.5%仅阴,0.025,0.025,yin_only,True,"{'ret_pct': 32.46891773419518, 'excess_pct': 39.04786510261623, 'sharpe': 0.42367998574123356, 'mdd_pct': 23.575895040837345, 'start': '2023-09-15', 'end': '2026-08-31', 'n_days': 715}",50,40.0,sh588120,588120,科创100ETF国泰,
sym±2.5%不限前日,0.025,0.025,any,True,"{'ret_pct': 19.59468727595839, 'excess_pct': 26.17363464437944, 'sharpe': 0.23495147957219473, 'mdd_pct': 26.623172232352154, 'start': '2023-09-15', 'end': '2026-08-31', 'n_days': 715}",60,36.666666666666664,sh588120,588120,科创100ETF国泰,
sym±2.5%不禁双阳,0.025,0.025,yin_or_small_yang,False,"{'ret_pct': 17.673870930172807, 'excess_pct': 24.25281829859386, 'sharpe': 0.21494021456303283, 'mdd_pct': 26.623172232352154, 'start': '2023-09-15', 'end': '2026-08-31', 'n_days': 715}",60,36.666666666666664,sh588120,588120,科创100ETF国泰,
买2/止3,0.02,0.03,yin_or_small_yang,True,"{'ret_pct': 9.53376592027202, 'excess_pct': 16.112713288693072, 'sharpe': 0.1028824119663397, 'mdd_pct': 33.204292337166095, 'start': '2023-09-15', 'end': '2026-08-31', 'n_days': 715}",48,33.33333333333333,sh588120,588120,科创100ETF国泰,
买2.5/止3.5,0.025,0.035,yin_or_small_yang,True,"{'ret_pct': 44.01366594380798, 'excess_pct': 50.592613312229034, 'sharpe': 0.43921282531283956, 'mdd_pct': 37.10935949665328, 'start': '2023-09-15', 'end': '2026-08-31', 'n_days': 715}",32,43.75,sh588120,588120,科创100ETF国泰,
买3/止2.5,0.03,0.025,yin_or_small_yang,True,"{'ret_pct': 29.2780617861824, 'excess_pct': 35.857009154603446, 'sharpe': 0.39352342432780896, 'mdd_pct': 34.62494895073236, 'start': '2023-09-15', 'end': '2026-08-31', 'n_days': 715}",47,36.17021276595745,sh588120,588120,科创100ETF国泰,
买2/止2.5,0.02,0.025,yin_or_small_yang,True,"{'ret_pct': -4.473558081849638, 'excess_pct': 2.1053892865714134, 'sharpe': -0.053846324554851326, 'mdd_pct': 33.73072222675243, 'start': '2023-09-15', 'end': '2026-08-31', 'n_days': 715}",71,38.028169014084504,sh588120,588120,科创100ETF国泰,
买3/止4,0.03,0.04,yin_or_small_yang,True,"{'ret_pct': 71.33626601137601, 'excess_pct': 77.91521337979707, 'sharpe': 0.6158493246754129, 'mdd_pct': 37.38613560550197, 'start': '2023-09-15', 'end': '2026-08-31', 'n_days': 715}",23,47.82608695652174,sh588120,588120,科创100ETF国泰,
sym±2%,0.02,0.02,yin_or_small_yang,True,"{'ret_pct': 7.077341972227247, 'excess_pct': 43.70123140954214, 'sharpe': 0.0827682721179518, 'mdd_pct': 39.11846693346671, 'start': '2023-08-31', 'end': '2026-08-31', 'n_days': 726}",96,39.58333333333333,sh588110,588110,科创成长ETF广发,
sym±2.5%,0.025,0.025,yin_or_small_yang,True,"{'ret_pct': 38.359730441587246, 'excess_pct': 74.98361987890215, 'sharpe': 0.41031684917175815, 'mdd_pct': 33.759586628509034, 'start': '2023-08-31', 'end': '2026-08-31', 'n_days': 726}",68,47.05882352941176,sh588110,588110,科创成长ETF广发,
sym±3%,0.03,0.03,yin_or_small_yang,True,"{'ret_pct': 61.5308342987968, 'excess_pct': 98.15472373611169, 'sharpe': 0.55222194750416, 'mdd_pct': 28.712423774765526, 'start': '2023-08-31', 'end': '2026-08-31', 'n_days': 726}",47,44.680851063829785,sh588110,588110,科创成长ETF广发,62.0
sym±2.5%仅阴,0.025,0.025,yin_only,True,"{'ret_pct': 27.492092896880038, 'excess_pct': 64.11598233419494, 'sharpe': 0.32329394759069574, 'mdd_pct': 33.44556098551469, 'start': '2023-08-31', 'end': '2026-08-31', 'n_days': 726}",58,44.827586206896555,sh588110,588110,科创成长ETF广发,
sym±2.5%不限前日,0.025,0.025,any,True,"{'ret_pct': 44.356470793110425, 'excess_pct': 80.98036023042532, 'sharpe': 0.4650474889279597, 'mdd_pct': 33.759586628509034, 'start': '2023-08-31', 'end': '2026-08-31', 'n_days': 726}",68,47.05882352941176,sh588110,588110,科创成长ETF广发,
sym±2.5%不禁双阳,0.025,0.025,yin_or_small_yang,False,"{'ret_pct': 42.535789773065645, 'excess_pct': 79.15967921038055, 'sharpe': 0.44919569467239595, 'mdd_pct': 33.759586628509034, 'start': '2023-08-31', 'end': '2026-08-31', 'n_days': 726}",68,47.05882352941176,sh588110,588110,科创成长ETF广发,
买2/止3,0.02,0.03,yin_or_small_yang,True,"{'ret_pct': 48.856254071625635, 'excess_pct': 85.48014350894053, 'sharpe': 0.404694050570712, 'mdd_pct': 44.6111278819109, 'start': '2023-08-31', 'end': '2026-08-31', 'n_days': 726}",58,37.93103448275862,sh588110,588110,科创成长ETF广发,
买2.5/止3.5,0.025,0.035,yin_or_small_yang,True,"{'ret_pct': 32.32881461086081, 'excess_pct': 68.9527040481757, 'sharpe': 0.288645475216436, 'mdd_pct': 34.48160001346595, 'start': '2023-08-31', 'end': '2026-08-31', 'n_days': 726}",46,36.95652173913043,sh588110,588110,科创成长ETF广发,
买3/止2.5,0.03,0.025,yin_or_small_yang,True,"{'ret_pct': 47.21072980813121, 'excess_pct': 83.8346192454461, 'sharpe': 0.540883639445873, 'mdd_pct': 26.608275290256632, 'start': '2023-08-31', 'end': '2026-08-31', 'n_days': 726}",55,52.72727272727272,sh588110,588110,科创成长ETF广发,
买2/止2.5,0.02,0.025,yin_or_small_yang,True,"{'ret_pct': 8.070775055792057, 'excess_pct': 44.69466449310695, 'sharpe': 0.08647296537101767, 'mdd_pct': 42.628575061862094, 'start': '2023-08-31', 'end': '2026-08-31', 'n_days': 726}",77,41.55844155844156,sh588110,588110,科创成长ETF广发,
买3/止4,0.03,0.04,yin_or_small_yang,True,"{'ret_pct': 44.81124589260801, 'excess_pct': 81.4351353299229, 'sharpe': 0.3825840584997685, 'mdd_pct': 33.02092264295958, 'start': '2023-08-31', 'end': '2026-08-31', 'n_days': 726}",29,51.724137931034484,sh588110,588110,科创成长ETF广发,
sym±2%,0.02,0.02,yin_or_small_yang,True,"{'ret_pct': -14.4657590489632, 'excess_pct': -6.693738323574616, 'sharpe': -0.08437282625316563, 'mdd_pct': 73.36295802704727, 'start': '2022-05-27', 'end': '2026-08-31', 'n_days': 1036}",120,46.666666666666664,sh588100,588100,科创信息ETF嘉实,
sym±2.5%,0.025,0.025,yin_or_small_yang,True,"{'ret_pct': 9.190111210044982, 'excess_pct': 16.96213193543357, 'sharpe': 0.04958824589982469, 'mdd_pct': 70.6386644071014, 'start': '2022-05-27', 'end': '2026-08-31', 'n_days': 1036}",75,48.0,sh588100,588100,科创信息ETF嘉实,
sym±3%,0.03,0.03,yin_or_small_yang,True,"{'ret_pct': 15.33682697253762, 'excess_pct': 23.108847697926205, 'sharpe': 0.08007042452131509, 'mdd_pct': 70.45643875495033, 'start': '2022-05-27', 'end': '2026-08-31', 'n_days': 1036}",53,60.37735849056604,sh588100,588100,科创信息ETF嘉实,87.0
sym±2.5%仅阴,0.025,0.025,yin_only,True,"{'ret_pct': -13.61437041347503, 'excess_pct': -5.842349688086445, 'sharpe': -0.082054852425667, 'mdd_pct': 70.66136210802219, 'start': '2022-05-27', 'end': '2026-08-31', 'n_days': 1036}",64,45.3125,sh588100,588100,科创信息ETF嘉实,
sym±2.5%不限前日,0.025,0.025,any,True,"{'ret_pct': 9.190111210044982, 'excess_pct': 16.96213193543357, 'sharpe': 0.04958824589982469, 'mdd_pct': 70.6386644071014, 'start': '2022-05-27', 'end': '2026-08-31', 'n_days': 1036}",75,48.0,sh588100,588100,科创信息ETF嘉实,
sym±2.5%不禁双阳,0.025,0.025,yin_or_small_yang,False,"{'ret_pct': 9.190111210044982, 'excess_pct': 16.96213193543357, 'sharpe': 0.04958824589982469, 'mdd_pct': 70.6386644071014, 'start': '2022-05-27', 'end': '2026-08-31', 'n_days': 1036}",75,48.0,sh588100,588100,科创信息ETF嘉实,
买2/止3,0.02,0.03,yin_or_small_yang,True,"{'ret_pct': -19.339324795817582, 'excess_pct': -11.567304070428998, 'sharpe': -0.1094468448215535, 'mdd_pct': 74.13051784741496, 'start': '2022-05-27', 'end': '2026-08-31', 'n_days': 1036}",66,48.484848484848484,sh588100,588100,科创信息ETF嘉实,
买2.5/止3.5,0.025,0.035,yin_or_small_yang,True,"{'ret_pct': -0.050035672463943914, 'excess_pct': 7.721985052924641, 'sharpe': -0.00026459652515886315, 'mdd_pct': 71.85317560173642, 'start': '2022-05-27', 'end': '2026-08-31', 'n_days': 1036}",38,47.368421052631575,sh588100,588100,科创信息ETF嘉实,
买3/止2.5,0.03,0.025,yin_or_small_yang,True,"{'ret_pct': 9.858137986723303, 'excess_pct': 17.630158712111886, 'sharpe': 0.054293996471942725, 'mdd_pct': 69.84594074551728, 'start': '2022-05-27', 'end': '2026-08-31', 'n_days': 1036}",66,54.54545454545454,sh588100,588100,科创信息ETF嘉实,
买2/止2.5,0.02,0.025,yin_or_small_yang,True,"{'ret_pct': 2.5653810061857296, 'excess_pct': 10.337401731574314, 'sharpe': 0.01362721226682417, 'mdd_pct': 73.01314849498142, 'start': '2022-05-27', 'end': '2026-08-31', 'n_days': 1036}",86,45.348837209302324,sh588100,588100,科创信息ETF嘉实,
买3/止4,0.03,0.04,yin_or_small_yang,True,"{'ret_pct': -9.728849822979168, 'excess_pct': -1.9568290975905835, 'sharpe': -0.05338751373355241, 'mdd_pct': 71.57214038268441, 'start': '2022-05-27', 'end': '2026-08-31', 'n_days': 1036}",30,46.666666666666664,sh588100,588100,科创信息ETF嘉实,
sym±2%,0.02,0.02,yin_or_small_yang,True,"{'ret_pct': 23.98341904203516, 'excess_pct': 4.837413532393285, 'sharpe': 0.17098012051208314, 'mdd_pct': 50.670297042464476, 'start': '2020-11-16', 'end': '2026-08-31', 'n_days': 1406}",114,43.859649122807014,sh588090,588090,科创50ETF华泰柏瑞,
sym±2.5%,0.025,0.025,yin_or_small_yang,True,"{'ret_pct': 44.59235627632951, 'excess_pct': 25.446350766687637, 'sharpe': 0.2968452195912861, 'mdd_pct': 39.939406632814865, 'start': '2020-11-16', 'end': '2026-08-31', 'n_days': 1406}",73,46.57534246575342,sh588090,588090,科创50ETF华泰柏瑞,
sym±3%,0.03,0.03,yin_or_small_yang,True,"{'ret_pct': 9.348716699763227, 'excess_pct': -9.797288809878648, 'sharpe': 0.06740942141365534, 'mdd_pct': 39.16064477806501, 'start': '2020-11-16', 'end': '2026-08-31', 'n_days': 1406}",49,44.89795918367347,sh588090,588090,科创50ETF华泰柏瑞,
sym±2.5%仅阴,0.025,0.025,yin_only,True,"{'ret_pct': 98.77439694220153, 'excess_pct': 79.62839143255965, 'sharpe': 0.6316879027246114, 'mdd_pct': 22.46235139990791, 'start': '2020-11-16', 'end': '2026-08-31', 'n_days': 1406}",56,53.57142857142857,sh588090,588090,科创50ETF华泰柏瑞,66.0
sym±2.5%不限前日,0.025,0.025,any,True,"{'ret_pct': 44.59235627632951, 'excess_pct': 25.446350766687637, 'sharpe': 0.2968452195912861, 'mdd_pct': 39.939406632814865, 'start': '2020-11-16', 'end': '2026-08-31', 'n_days': 1406}",73,46.57534246575342,sh588090,588090,科创50ETF华泰柏瑞,
sym±2.5%不禁双阳,0.025,0.025,yin_or_small_yang,False,"{'ret_pct': 44.59235627632951, 'excess_pct': 25.446350766687637, 'sharpe': 0.2968452195912861, 'mdd_pct': 39.939406632814865, 'start': '2020-11-16', 'end': '2026-08-31', 'n_days': 1406}",73,46.57534246575342,sh588090,588090,科创50ETF华泰柏瑞,
买2/止3,0.02,0.03,yin_or_small_yang,True,"{'ret_pct': -26.810680576108837, 'excess_pct': -45.95668608575071, 'sharpe': -0.20374811795344894, 'mdd_pct': 67.96054439662285, 'start': '2020-11-16', 'end': '2026-08-31', 'n_days': 1406}",63,44.44444444444444,sh588090,588090,科创50ETF华泰柏瑞,
买2.5/止3.5,0.025,0.035,yin_or_small_yang,True,"{'ret_pct': -22.590334697859216, 'excess_pct': -41.73634020750109, 'sharpe': -0.16443421061705518, 'mdd_pct': 61.967439643494714, 'start': '2020-11-16', 'end': '2026-08-31', 'n_days': 1406}",41,46.34146341463415,sh588090,588090,科创50ETF华泰柏瑞,
买3/止2.5,0.03,0.025,yin_or_small_yang,True,"{'ret_pct': 72.35486392449917, 'excess_pct': 53.208858414857296, 'sharpe': 0.48913542366837764, 'mdd_pct': 27.46253994050023, 'start': '2020-11-16', 'end': '2026-08-31', 'n_days': 1406}",58,46.55172413793103,sh588090,588090,科创50ETF华泰柏瑞,
买2/止2.5,0.02,0.025,yin_or_small_yang,True,"{'ret_pct': 25.12949278607035, 'excess_pct': 5.983487276428477, 'sharpe': 0.16514995145377068, 'mdd_pct': 55.74745379038044, 'start': '2020-11-16', 'end': '2026-08-31', 'n_days': 1406}",85,43.529411764705884,sh588090,588090,科创50ETF华泰柏瑞,
买3/止4,0.03,0.04,yin_or_small_yang,True,"{'ret_pct': -25.569266918105594, 'excess_pct': -44.715272427747465, 'sharpe': -0.19051656373272063, 'mdd_pct': 56.782364525984484, 'start': '2020-11-16', 'end': '2026-08-31', 'n_days': 1406}",28,42.857142857142854,sh588090,588090,科创50ETF华泰柏瑞,
sym±2%,0.02,0.02,yin_or_small_yang,True,"{'ret_pct': -4.724984045011327, 'excess_pct': -23.427537530173495, 'sharpe': -0.03821778926272079, 'mdd_pct': 43.16983235451302, 'start': '2020-11-16', 'end': '2026-08-31', 'n_days': 1406}",121,37.1900826446281,sh588080,588080,科创50ETF易方达,
sym±2.5%,0.025,0.025,yin_or_small_yang,True,"{'ret_pct': 90.68492498856963, 'excess_pct': 71.98237150340746, 'sharpe': 0.47881738592820994, 'mdd_pct': 32.189757614890446, 'start': '2020-11-16', 'end': '2026-08-31', 'n_days': 1406}",71,46.478873239436616,sh588080,588080,科创50ETF易方达,
sym±3%,0.03,0.03,yin_or_small_yang,True,"{'ret_pct': 91.78591059488652, 'excess_pct': 73.08335710972435, 'sharpe': 0.48240872221234415, 'mdd_pct': 32.983437556625795, 'start': '2020-11-16', 'end': '2026-08-31', 'n_days': 1406}",46,50.0,sh588080,588080,科创50ETF易方达,
sym±2.5%仅阴,0.025,0.025,yin_only,True,"{'ret_pct': 132.92695398192973, 'excess_pct': 114.22440049676756, 'sharpe': 0.6932754203262724, 'mdd_pct': 20.75311740307616, 'start': '2020-11-16', 'end': '2026-08-31', 'n_days': 1406}",55,45.45454545454545,sh588080,588080,科创50ETF易方达,55.0
sym±2.5%不限前日,0.025,0.025,any,True,"{'ret_pct': 90.68492498856963, 'excess_pct': 71.98237150340746, 'sharpe': 0.47881738592820994, 'mdd_pct': 32.189757614890446, 'start': '2020-11-16', 'end': '2026-08-31', 'n_days': 1406}",71,46.478873239436616,sh588080,588080,科创50ETF易方达,
sym±2.5%不禁双阳,0.025,0.025,yin_or_small_yang,False,"{'ret_pct': 90.68492498856963, 'excess_pct': 71.98237150340746, 'sharpe': 0.47881738592820994, 'mdd_pct': 32.189757614890446, 'start': '2020-11-16', 'end': '2026-08-31', 'n_days': 1406}",71,46.478873239436616,sh588080,588080,科创50ETF易方达,
买2/止3,0.02,0.03,yin_or_small_yang,True,"{'ret_pct': -0.9601737463839632, 'excess_pct': -19.66272723154613, 'sharpe': -0.005971131441070843, 'mdd_pct': 67.66128725189024, 'start': '2020-11-16', 'end': '2026-08-31', 'n_days': 1406}",60,43.333333333333336,sh588080,588080,科创50ETF易方达,
买2.5/止3.5,0.025,0.035,yin_or_small_yang,True,"{'ret_pct': 55.548869184755276, 'excess_pct': 36.846315699593106, 'sharpe': 0.29015355007063554, 'mdd_pct': 52.51077751724622, 'start': '2020-11-16', 'end': '2026-08-31', 'n_days': 1406}",40,45.0,sh588080,588080,科创50ETF易方达,
买3/止2.5,0.03,0.025,yin_or_small_yang,True,"{'ret_pct': 81.74834463585918, 'excess_pct': 63.04579115069701, 'sharpe': 0.48758018166939127, 'mdd_pct': 29.199503795398563, 'start': '2020-11-16', 'end': '2026-08-31', 'n_days': 1406}",58,48.275862068965516,sh588080,588080,科创50ETF易方达,
买2/止2.5,0.02,0.025,yin_or_small_yang,True,"{'ret_pct': 18.329886088515114, 'excess_pct': -0.37266739664705284, 'sharpe': 0.11273828332445247, 'mdd_pct': 57.599329365751814, 'start': '2020-11-16', 'end': '2026-08-31', 'n_days': 1406}",86,41.86046511627907,sh588080,588080,科创50ETF易方达,
买3/止4,0.03,0.04,yin_or_small_yang,True,"{'ret_pct': -2.3030709593887977, 'excess_pct': -21.005624444550964, 'sharpe': -0.014621145358993821, 'mdd_pct': 57.83822540604378, 'start': '2020-11-16', 'end': '2026-08-31', 'n_days': 1406}",29,44.827586206896555,sh588080,588080,科创50ETF易方达,
sym±2%,0.02,0.02,yin_or_small_yang,True,"{'ret_pct': 7.632039944438418, 'excess_pct': -122.95498374248228, 'sharpe': 0.13790744273935363, 'mdd_pct': 38.05780237858857, 'start': '2024-11-14', 'end': '2026-08-31', 'n_days': 437}",67,44.776119402985074,sh588070,588070,科创成长ETF万家,
sym±2.5%,0.025,0.025,yin_or_small_yang,True,"{'ret_pct': -2.4916072392448085, 'excess_pct': -133.07863092616552, 'sharpe': -0.042424955576362285, 'mdd_pct': 45.061699926926345, 'start': '2024-11-14', 'end': '2026-08-31', 'n_days': 437}",52,42.30769230769231,sh588070,588070,科创成长ETF万家,
sym±3%,0.03,0.03,yin_or_small_yang,True,"{'ret_pct': 38.88943053383041, 'excess_pct': -91.6975931530903, 'sharpe': 0.6057409874428887, 'mdd_pct': 39.342518607697784, 'start': '2024-11-14', 'end': '2026-08-31', 'n_days': 437}",33,45.45454545454545,sh588070,588070,科创成长ETF万家,
sym±2.5%仅阴,0.025,0.025,yin_only,True,"{'ret_pct': 2.717054800783969, 'excess_pct': -127.86996888613673, 'sharpe': 0.051010212752355885, 'mdd_pct': 42.4914075604841, 'start': '2024-11-14', 'end': '2026-08-31', 'n_days': 437}",42,47.61904761904761,sh588070,588070,科创成长ETF万家,
sym±2.5%不限前日,0.025,0.025,any,True,"{'ret_pct': -4.553543001497607, 'excess_pct': -135.14056668841832, 'sharpe': -0.07687727612469326, 'mdd_pct': 48.34418559852352, 'start': '2024-11-14', 'end': '2026-08-31', 'n_days': 437}",53,43.39622641509434,sh588070,588070,科创成长ETF万家,
sym±2.5%不禁双阳,0.025,0.025,yin_or_small_yang,False,"{'ret_pct': 1.169161456991974, 'excess_pct': -129.41786222992872, 'sharpe': 0.019686058822390533, 'mdd_pct': 45.05451459269355, 'start': '2024-11-14', 'end': '2026-08-31', 'n_days': 437}",52,44.230769230769226,sh588070,588070,科创成长ETF万家,
买2/止3,0.02,0.03,yin_or_small_yang,True,"{'ret_pct': 65.97122845438723, 'excess_pct': -64.61579523253347, 'sharpe': 0.8947629038461121, 'mdd_pct': 42.167103592286416, 'start': '2024-11-14', 'end': '2026-08-31', 'n_days': 437}",42,50.0,sh588070,588070,科创成长ETF万家,121.0
买2.5/止3.5,0.025,0.035,yin_or_small_yang,True,"{'ret_pct': 20.975547840534325, 'excess_pct': -109.61147584638638, 'sharpe': 0.3042988238693177, 'mdd_pct': 43.996925642274356, 'start': '2024-11-14', 'end': '2026-08-31', 'n_days': 437}",35,37.142857142857146,sh588070,588070,科创成长ETF万家,
买3/止2.5,0.03,0.025,yin_or_small_yang,True,"{'ret_pct': 1.678970308870431, 'excess_pct': -128.90805337805028, 'sharpe': 0.030422599006692398, 'mdd_pct': 40.79049742094636, 'start': '2024-11-14', 'end': '2026-08-31', 'n_days': 437}",41,46.34146341463415,sh588070,588070,科创成长ETF万家,
买2/止2.5,0.02,0.025,yin_or_small_yang,True,"{'ret_pct': 15.840477462291203, 'excess_pct': -114.7465462246295, 'sharpe': 0.24801985252931025, 'mdd_pct': 42.045349949705546, 'start': '2024-11-14', 'end': '2026-08-31', 'n_days': 437}",56,42.857142857142854,sh588070,588070,科创成长ETF万家,
买3/止4,0.03,0.04,yin_or_small_yang,True,"{'ret_pct': 31.90767719131522, 'excess_pct': -98.67934649560549, 'sharpe': 0.4664201748638457, 'mdd_pct': 41.0396718651171, 'start': '2024-11-14', 'end': '2026-08-31', 'n_days': 437}",25,44.0,sh588070,588070,科创成长ETF万家,
sym±2%,0.02,0.02,yin_or_small_yang,True,"{'ret_pct': 48.256762366815934, 'excess_pct': 43.653432298255694, 'sharpe': 0.32319713567313596, 'mdd_pct': 33.89956921376466, 'start': '2021-07-29', 'end': '2026-08-31', 'n_days': 1234}",111,42.34234234234234,sh588060,588060,科创50ETF广发,
sym±2.5%,0.025,0.025,yin_or_small_yang,True,"{'ret_pct': 144.13555386147846, 'excess_pct': 139.53222379291822, 'sharpe': 0.7923393968081839, 'mdd_pct': 25.433401701428583, 'start': '2021-07-29', 'end': '2026-08-31', 'n_days': 1234}",64,45.3125,sh588060,588060,科创50ETF广发,
sym±3%,0.03,0.03,yin_or_small_yang,True,"{'ret_pct': 102.40708518725125, 'excess_pct': 97.80375511869102, 'sharpe': 0.5953273436185424, 'mdd_pct': 20.39310086870629, 'start': '2021-07-29', 'end': '2026-08-31', 'n_days': 1234}",46,43.47826086956522,sh588060,588060,科创50ETF广发,
sym±2.5%仅阴,0.025,0.025,yin_only,True,"{'ret_pct': 184.5148772839264, 'excess_pct': 179.91154721536617, 'sharpe': 1.0057347066632274, 'mdd_pct': 18.62489799036767, 'start': '2021-07-29', 'end': '2026-08-31', 'n_days': 1234}",50,48.0,sh588060,588060,科创50ETF广发,36.0
sym±2.5%不限前日,0.025,0.025,any,True,"{'ret_pct': 148.2304316630246, 'excess_pct': 143.62710159446436, 'sharpe': 0.806983673798801, 'mdd_pct': 25.440359927967528, 'start': '2021-07-29', 'end': '2026-08-31', 'n_days': 1234}",64,46.875,sh588060,588060,科创50ETF广发,
sym±2.5%不禁双阳,0.025,0.025,yin_or_small_yang,False,"{'ret_pct': 144.13555386147846, 'excess_pct': 139.53222379291822, 'sharpe': 0.7923393968081839, 'mdd_pct': 25.433401701428583, 'start': '2021-07-29', 'end': '2026-08-31', 'n_days': 1234}",64,45.3125,sh588060,588060,科创50ETF广发,
买2/止3,0.02,0.03,yin_or_small_yang,True,"{'ret_pct': 27.109864753030386, 'excess_pct': 22.506534684470147, 'sharpe': 0.1744009747571281, 'mdd_pct': 53.10475371440069, 'start': '2021-07-29', 'end': '2026-08-31', 'n_days': 1234}",55,41.81818181818181,sh588060,588060,科创50ETF广发,
买2.5/止3.5,0.025,0.035,yin_or_small_yang,True,"{'ret_pct': 51.291013147091256, 'excess_pct': 46.687683078531016, 'sharpe': 0.3051598099112041, 'mdd_pct': 47.19564937896321, 'start': '2021-07-29', 'end': '2026-08-31', 'n_days': 1234}",36,41.66666666666667,sh588060,588060,科创50ETF广发,
买3/止2.5,0.03,0.025,yin_or_small_yang,True,"{'ret_pct': 119.90687476053128, 'excess_pct': 115.30354469197104, 'sharpe': 0.727098867437617, 'mdd_pct': 17.69653438200337, 'start': '2021-07-29', 'end': '2026-08-31', 'n_days': 1234}",56,42.857142857142854,sh588060,588060,科创50ETF广发,
买2/止2.5,0.02,0.025,yin_or_small_yang,True,"{'ret_pct': 65.43680299186876, 'excess_pct': 60.83347292330852, 'sharpe': 0.3951193464226157, 'mdd_pct': 34.67394950434941, 'start': '2021-07-29', 'end': '2026-08-31', 'n_days': 1234}",76,40.78947368421053,sh588060,588060,科创50ETF广发,
买3/止4,0.03,0.04,yin_or_small_yang,True,"{'ret_pct': 28.134465796764818, 'excess_pct': 23.53113572820458, 'sharpe': 0.17689287146116062, 'mdd_pct': 46.28709612223227, 'start': '2021-07-29', 'end': '2026-08-31', 'n_days': 1234}",27,40.74074074074074,sh588060,588060,科创50ETF广发,
sym±2%,0.02,0.02,yin_or_small_yang,True,"{'ret_pct': 12.138490963215954, 'excess_pct': -6.909128084403093, 'sharpe': 0.09036585674726329, 'mdd_pct': 36.370259386712966, 'start': '2020-11-16', 'end': '2026-08-31', 'n_days': 1406}",121,41.32231404958678,sh588050,588050,科创50ETF工银,
sym±2.5%,0.025,0.025,yin_or_small_yang,True,"{'ret_pct': 40.12512215724806, 'excess_pct': 21.07750310962901, 'sharpe': 0.26663392216714144, 'mdd_pct': 32.804309942644316, 'start': '2020-11-16', 'end': '2026-08-31', 'n_days': 1406}",73,41.0958904109589,sh588050,588050,科创50ETF工银,
sym±3%,0.03,0.03,yin_or_small_yang,True,"{'ret_pct': 27.89167822523515, 'excess_pct': 8.844059177616103, 'sharpe': 0.194404152453921, 'mdd_pct': 43.332399974917855, 'start': '2020-11-16', 'end': '2026-08-31', 'n_days': 1406}",49,44.89795918367347,sh588050,588050,科创50ETF工银,
sym±2.5%仅阴,0.025,0.025,yin_only,True,"{'ret_pct': 66.28913428136008, 'excess_pct': 47.241515233741026, 'sharpe': 0.44756160474518886, 'mdd_pct': 21.88260753648804, 'start': '2020-11-16', 'end': '2026-08-31', 'n_days': 1406}",57,45.614035087719294,sh588050,588050,科创50ETF工银,76.0
sym±2.5%不限前日,0.025,0.025,any,True,"{'ret_pct': 40.12512215724806, 'excess_pct': 21.07750310962901, 'sharpe': 0.26663392216714144, 'mdd_pct': 32.804309942644316, 'start': '2020-11-16', 'end': '2026-08-31', 'n_days': 1406}",73,41.0958904109589,sh588050,588050,科创50ETF工银,
sym±2.5%不禁双阳,0.025,0.025,yin_or_small_yang,False,"{'ret_pct': 40.12512215724806, 'excess_pct': 21.07750310962901, 'sharpe': 0.26663392216714144, 'mdd_pct': 32.804309942644316, 'start': '2020-11-16', 'end': '2026-08-31', 'n_days': 1406}",73,41.0958904109589,sh588050,588050,科创50ETF工银,
买2/止3,0.02,0.03,yin_or_small_yang,True,"{'ret_pct': -15.8686434811232, 'excess_pct': -34.91626252874225, 'sharpe': -0.11439767093029786, 'mdd_pct': 59.51501888345439, 'start': '2020-11-16', 'end': '2026-08-31', 'n_days': 1406}",64,40.625,sh588050,588050,科创50ETF工银,
买2.5/止3.5,0.025,0.035,yin_or_small_yang,True,"{'ret_pct': 9.06415080147518, 'excess_pct': -9.983468246143868, 'sharpe': 0.058458191187004106, 'mdd_pct': 49.883105455572895, 'start': '2020-11-16', 'end': '2026-08-31', 'n_days': 1406}",39,46.15384615384615,sh588050,588050,科创50ETF工银,
买3/止2.5,0.03,0.025,yin_or_small_yang,True,"{'ret_pct': 61.03273930210553, 'excess_pct': 41.98512025448649, 'sharpe': 0.41878752597632785, 'mdd_pct': 28.47820706638605, 'start': '2020-11-16', 'end': '2026-08-31', 'n_days': 1406}",58,46.55172413793103,sh588050,588050,科创50ETF工银,
买2/止2.5,0.02,0.025,yin_or_small_yang,True,"{'ret_pct': 38.00263171612157, 'excess_pct': 18.955012668502523, 'sharpe': 0.23615448348630502, 'mdd_pct': 48.53018040835446, 'start': '2020-11-16', 'end': '2026-08-31', 'n_days': 1406}",83,42.168674698795186,sh588050,588050,科创50ETF工银,
买3/止4,0.03,0.04,yin_or_small_yang,True,"{'ret_pct': -10.086387617715186, 'excess_pct': -29.134006665334233, 'sharpe': -0.06582730071551873, 'mdd_pct': 61.59361847601787, 'start': '2020-11-16', 'end': '2026-08-31', 'n_days': 1406}",27,40.74074074074074,sh588050,588050,科创50ETF工银,
sym±2%,0.02,0.02,yin_or_small_yang,True,"{'ret_pct': 43.93146149959033, 'excess_pct': -18.92568135755255, 'sharpe': 1.1787589656282464, 'mdd_pct': 18.429107167470537, 'start': '2025-04-14', 'end': '2026-08-31', 'n_days': 338}",36,47.22222222222222,sh588040,588040,科创50ETF鹏华,
sym±2.5%,0.025,0.025,yin_or_small_yang,True,"{'ret_pct': 54.28957832568959, 'excess_pct': -8.567564531453286, 'sharpe': 1.3332061018066677, 'mdd_pct': 18.775797299171092, 'start': '2025-04-14', 'end': '2026-08-31', 'n_days': 338}",28,60.71428571428571,sh588040,588040,科创50ETF鹏华,
sym±3%,0.03,0.03,yin_or_small_yang,True,"{'ret_pct': 32.85916551113288, 'excess_pct': -29.997977346009996, 'sharpe': 0.8265646505380791, 'mdd_pct': 20.104566044574867, 'start': '2025-04-14', 'end': '2026-08-31', 'n_days': 338}",23,56.52173913043478,sh588040,588040,科创50ETF鹏华,
sym±2.5%仅阴,0.025,0.025,yin_only,True,"{'ret_pct': 64.1977484815104, 'excess_pct': 1.3406056243675266, 'sharpe': 1.6591113206293575, 'mdd_pct': 15.365475803387607, 'start': '2025-04-14', 'end': '2026-08-31', 'n_days': 338}",22,63.63636363636363,sh588040,588040,科创50ETF鹏华,
sym±2.5%不限前日,0.025,0.025,any,True,"{'ret_pct': 54.28957832568959, 'excess_pct': -8.567564531453286, 'sharpe': 1.3332061018066677, 'mdd_pct': 18.775797299171092, 'start': '2025-04-14', 'end': '2026-08-31', 'n_days': 338}",28,60.71428571428571,sh588040,588040,科创50ETF鹏华,
sym±2.5%不禁双阳,0.025,0.025,yin_or_small_yang,False,"{'ret_pct': 54.28957832568959, 'excess_pct': -8.567564531453286, 'sharpe': 1.3332061018066677, 'mdd_pct': 18.775797299171092, 'start': '2025-04-14', 'end': '2026-08-31', 'n_days': 338}",28,60.71428571428571,sh588040,588040,科创50ETF鹏华,
买2/止3,0.02,0.03,yin_or_small_yang,True,"{'ret_pct': 93.61350061548809, 'excess_pct': 30.756357758345217, 'sharpe': 2.1005360728009523, 'mdd_pct': 15.916788388986536, 'start': '2025-04-14', 'end': '2026-08-31', 'n_days': 338}",23,60.86956521739131,sh588040,588040,科创50ETF鹏华,30.0
买2.5/止3.5,0.025,0.035,yin_or_small_yang,True,"{'ret_pct': 86.6114441544672, 'excess_pct': 23.754301297324318, 'sharpe': 1.9019928401219865, 'mdd_pct': 19.72492647070939, 'start': '2025-04-14', 'end': '2026-08-31', 'n_days': 338}",16,68.75,sh588040,588040,科创50ETF鹏华,
买3/止2.5,0.03,0.025,yin_or_small_yang,True,"{'ret_pct': 38.530909924182424, 'excess_pct': -24.32623293296045, 'sharpe': 1.0075697815506248, 'mdd_pct': 15.647079318784174, 'start': '2025-04-14', 'end': '2026-08-31', 'n_days': 338}",25,60.0,sh588040,588040,科创50ETF鹏华,
买2/止2.5,0.02,0.025,yin_or_small_yang,True,"{'ret_pct': 73.34122425624328, 'excess_pct': 10.484081399100404, 'sharpe': 1.7597779373548514, 'mdd_pct': 16.414768380441203, 'start': '2025-04-14', 'end': '2026-08-31', 'n_days': 338}",29,58.620689655172406,sh588040,588040,科创50ETF鹏华,
买3/止4,0.03,0.04,yin_or_small_yang,True,"{'ret_pct': 39.08593943366077, 'excess_pct': -23.771203423482106, 'sharpe': 0.9066870862944874, 'mdd_pct': 19.623227848405346, 'start': '2025-04-14', 'end': '2026-08-31', 'n_days': 338}",15,46.666666666666664,sh588040,588040,科创50ETF鹏华,
sym±2%,0.02,0.02,yin_or_small_yang,True,"{'ret_pct': 53.55907189526714, 'excess_pct': -31.98064297234997, 'sharpe': 0.5120112443202735, 'mdd_pct': 33.27402993490439, 'start': '2023-09-15', 'end': '2026-08-31', 'n_days': 715}",89,42.69662921348314,sh588030,588030,科创100ETF博时,
sym±2.5%,0.025,0.025,yin_or_small_yang,True,"{'ret_pct': 38.23534152208951, 'excess_pct': -47.304373345527594, 'sharpe': 0.38258997555019153, 'mdd_pct': 33.63276004717813, 'start': '2023-09-15', 'end': '2026-08-31', 'n_days': 715}",59,42.3728813559322,sh588030,588030,科创100ETF博时,
sym±3%,0.03,0.03,yin_or_small_yang,True,"{'ret_pct': 135.91999337077135, 'excess_pct': 50.380278503154244, 'sharpe': 1.1644171999086848, 'mdd_pct': 40.96301605807619, 'start': '2023-09-15', 'end': '2026-08-31', 'n_days': 715}",34,50.0,sh588030,588030,科创100ETF博时,
sym±2.5%仅阴,0.025,0.025,yin_only,True,"{'ret_pct': 46.71746566392632, 'excess_pct': -38.82224920369079, 'sharpe': 0.486369408473314, 'mdd_pct': 31.960705876978402, 'start': '2023-09-15', 'end': '2026-08-31', 'n_days': 715}",51,45.09803921568628,sh588030,588030,科创100ETF博时,
sym±2.5%不限前日,0.025,0.025,any,True,"{'ret_pct': 43.016682978937524, 'excess_pct': -42.52303188867958, 'sharpe': 0.42285846323153736, 'mdd_pct': 33.63276004717813, 'start': '2023-09-15', 'end': '2026-08-31', 'n_days': 715}",59,42.3728813559322,sh588030,588030,科创100ETF博时,
sym±2.5%不禁双阳,0.025,0.025,yin_or_small_yang,False,"{'ret_pct': 43.30713835259512, 'excess_pct': -42.23257651502199, 'sharpe': 0.4267416685379009, 'mdd_pct': 33.63276004717813, 'start': '2023-09-15', 'end': '2026-08-31', 'n_days': 715}",59,42.3728813559322,sh588030,588030,科创100ETF博时,
买2/止3,0.02,0.03,yin_or_small_yang,True,"{'ret_pct': 60.513055842224105, 'excess_pct': -25.026659025393002, 'sharpe': 0.5153506905509383, 'mdd_pct': 36.8623372527925, 'start': '2023-09-15', 'end': '2026-08-31', 'n_days': 715}",46,43.47826086956522,sh588030,588030,科创100ETF博时,
买2.5/止3.5,0.025,0.035,yin_or_small_yang,True,"{'ret_pct': 112.28121179844793, 'excess_pct': 26.74149693083082, 'sharpe': 0.8704496161670842, 'mdd_pct': 34.960835330747365, 'start': '2023-09-15', 'end': '2026-08-31', 'n_days': 715}",31,41.935483870967744,sh588030,588030,科创100ETF博时,
买3/止2.5,0.03,0.025,yin_or_small_yang,True,"{'ret_pct': 87.06214173588161, 'excess_pct': 1.5224268682645032, 'sharpe': 0.895606501488252, 'mdd_pct': 27.707140799167064, 'start': '2023-09-15', 'end': '2026-08-31', 'n_days': 715}",46,41.30434782608695,sh588030,588030,科创100ETF博时,
买2/止2.5,0.02,0.025,yin_or_small_yang,True,"{'ret_pct': 5.928987990595136, 'excess_pct': -79.61072687702197, 'sharpe': 0.061185350744645955, 'mdd_pct': 39.976945328847954, 'start': '2023-09-15', 'end': '2026-08-31', 'n_days': 715}",70,40.0,sh588030,588030,科创100ETF博时,
买3/止4,0.03,0.04,yin_or_small_yang,True,"{'ret_pct': 203.96774644616968, 'excess_pct': 118.42803157855258, 'sharpe': 1.4704715776103827, 'mdd_pct': 38.10788169122491, 'start': '2023-09-15', 'end': '2026-08-31', 'n_days': 715}",19,57.89473684210527,sh588030,588030,科创100ETF博时,33.0
sym±2%,0.02,0.02,yin_or_small_yang,True,"{'ret_pct': 164.89081770123528, 'excess_pct': 179.32984209147918, 'sharpe': 1.1897874349309527, 'mdd_pct': 27.40138582718651, 'start': '2023-08-31', 'end': '2026-08-31', 'n_days': 726}",91,48.35164835164835,sh588020,588020,科创成长ETF易方达,
sym±2.5%,0.025,0.025,yin_or_small_yang,True,"{'ret_pct': 133.45056458923193, 'excess_pct': 147.88958897947583, 'sharpe': 1.0285890934547293, 'mdd_pct': 29.19448521351512, 'start': '2023-08-31', 'end': '2026-08-31', 'n_days': 726}",59,47.45762711864407,sh588020,588020,科创成长ETF易方达,
sym±3%,0.03,0.03,yin_or_small_yang,True,"{'ret_pct': 126.35577053884165, 'excess_pct': 140.79479492908555, 'sharpe': 0.9715280686756663, 'mdd_pct': 31.20476675076015, 'start': '2023-08-31', 'end': '2026-08-31', 'n_days': 726}",44,50.0,sh588020,588020,科创成长ETF易方达,
sym±2.5%仅阴,0.025,0.025,yin_only,True,"{'ret_pct': 171.79490537610235, 'excess_pct': 186.23392976634625, 'sharpe': 1.3412837344119135, 'mdd_pct': 28.897249757004715, 'start': '2023-08-31', 'end': '2026-08-31', 'n_days': 726}",48,54.166666666666664,sh588020,588020,科创成长ETF易方达,
sym±2.5%不限前日,0.025,0.025,any,True,"{'ret_pct': 135.10298790952638, 'excess_pct': 149.54201229977028, 'sharpe': 1.034285559424347, 'mdd_pct': 29.20206569072753, 'start': '2023-08-31', 'end': '2026-08-31', 'n_days': 726}",61,47.540983606557376,sh588020,588020,科创成长ETF易方达,
sym±2.5%不禁双阳,0.025,0.025,yin_or_small_yang,False,"{'ret_pct': 135.27640725398396, 'excess_pct': 149.71543164422786, 'sharpe': 1.0375873370657789, 'mdd_pct': 29.193997028262054, 'start': '2023-08-31', 'end': '2026-08-31', 'n_days': 726}",60,48.333333333333336,sh588020,588020,科创成长ETF易方达,
买2/止3,0.02,0.03,yin_or_small_yang,True,"{'ret_pct': 208.68998561488644, 'excess_pct': 223.12901000513034, 'sharpe': 1.3064713556452412, 'mdd_pct': 31.492259526097712, 'start': '2023-08-31', 'end': '2026-08-31', 'n_days': 726}",50,56.00000000000001,sh588020,588020,科创成长ETF易方达,16.0
买2.5/止3.5,0.025,0.035,yin_or_small_yang,True,"{'ret_pct': 139.38979674998401, 'excess_pct': 153.82882114022792, 'sharpe': 0.9660562181134467, 'mdd_pct': 33.37308373633496, 'start': '2023-08-31', 'end': '2026-08-31', 'n_days': 726}",37,45.94594594594595,sh588020,588020,科创成长ETF易方达,
买3/止2.5,0.03,0.025,yin_or_small_yang,True,"{'ret_pct': 93.65704722686093, 'excess_pct': 108.09607161710483, 'sharpe': 0.8158349350089693, 'mdd_pct': 26.631504345831125, 'start': '2023-08-31', 'end': '2026-08-31', 'n_days': 726}",55,47.27272727272727,sh588020,588020,科创成长ETF易方达,
买2/止2.5,0.02,0.025,yin_or_small_yang,True,"{'ret_pct': 146.23402560976012, 'excess_pct': 160.67305000000403, 'sharpe': 1.0384845445153195, 'mdd_pct': 29.39632060647814, 'start': '2023-08-31', 'end': '2026-08-31', 'n_days': 726}",69,44.927536231884055,sh588020,588020,科创成长ETF易方达,
买3/止4,0.03,0.04,yin_or_small_yang,True,"{'ret_pct': 138.5555372282273, 'excess_pct': 152.9945616184712, 'sharpe': 0.969455947057934, 'mdd_pct': 30.69806292014863, 'start': '2023-08-31', 'end': '2026-08-31', 'n_days': 726}",27,48.148148148148145,sh588020,588020,科创成长ETF易方达,
sym±2%,0.02,0.02,yin_or_small_yang,True,"{'ret_pct': 47.895512558192046, 'excess_pct': 41.55259878217619, 'sharpe': 0.38636668885096326, 'mdd_pct': 30.514976234237157, 'start': '2022-10-26', 'end': '2026-08-31', 'n_days': 935}",103,39.80582524271845,sh588010,588010,科创新材料ETF博时,
sym±2.5%,0.025,0.025,yin_or_small_yang,True,"{'ret_pct': 128.64709029867524, 'excess_pct': 122.30417652265938, 'sharpe': 0.8808182488031623, 'mdd_pct': 28.732348700032617, 'start': '2022-10-26', 'end': '2026-08-31', 'n_days': 935}",67,40.298507462686565,sh588010,588010,科创新材料ETF博时,
sym±3%,0.03,0.03,yin_or_small_yang,True,"{'ret_pct': 86.79829065243526, 'excess_pct': 80.4553768764194, 'sharpe': 0.6548833993280877, 'mdd_pct': 38.62262769449344, 'start': '2022-10-26', 'end': '2026-08-31', 'n_days': 935}",40,55.00000000000001,sh588010,588010,科创新材料ETF博时,
sym±2.5%仅阴,0.025,0.025,yin_only,True,"{'ret_pct': 155.71793475216964, 'excess_pct': 149.3750209761538, 'sharpe': 1.0455187562978634, 'mdd_pct': 29.255374463273686, 'start': '2022-10-26', 'end': '2026-08-31', 'n_days': 935}",60,43.333333333333336,sh588010,588010,科创新材料ETF博时,41.0
sym±2.5%不限前日,0.025,0.025,any,True,"{'ret_pct': 125.61676666923205, 'excess_pct': 119.27385289321619, 'sharpe': 0.8647610115806869, 'mdd_pct': 28.732348700032617, 'start': '2022-10-26', 'end': '2026-08-31', 'n_days': 935}",68,39.705882352941174,sh588010,588010,科创新材料ETF博时,
sym±2.5%不禁双阳,0.025,0.025,yin_or_small_yang,False,"{'ret_pct': 120.27785126497284, 'excess_pct': 113.93493748895698, 'sharpe': 0.8328087535003118, 'mdd_pct': 29.568041732307805, 'start': '2022-10-26', 'end': '2026-08-31', 'n_days': 935}",67,40.298507462686565,sh588010,588010,科创新材料ETF博时,
买2/止3,0.02,0.03,yin_or_small_yang,True,"{'ret_pct': 78.0629756230081, 'excess_pct': 71.72006184699224, 'sharpe': 0.5382474668428799, 'mdd_pct': 48.35601435667244, 'start': '2022-10-26', 'end': '2026-08-31', 'n_days': 935}",54,46.2962962962963,sh588010,588010,科创新材料ETF博时,
买2.5/止3.5,0.025,0.035,yin_or_small_yang,True,"{'ret_pct': 77.29216781770887, 'excess_pct': 70.94925404169301, 'sharpe': 0.539775594445444, 'mdd_pct': 52.649699654658164, 'start': '2022-10-26', 'end': '2026-08-31', 'n_days': 935}",42,50.0,sh588010,588010,科创新材料ETF博时,
买3/止2.5,0.03,0.025,yin_or_small_yang,True,"{'ret_pct': 139.2885960892768, 'excess_pct': 132.94568231326096, 'sharpe': 1.0127380620257889, 'mdd_pct': 24.902000927357726, 'start': '2022-10-26', 'end': '2026-08-31', 'n_days': 935}",52,48.07692307692308,sh588010,588010,科创新材料ETF博时,
买2/止2.5,0.02,0.025,yin_or_small_yang,True,"{'ret_pct': 66.22920394972486, 'excess_pct': 59.88629017370901, 'sharpe': 0.48104895568716416, 'mdd_pct': 43.30752993025332, 'start': '2022-10-26', 'end': '2026-08-31', 'n_days': 935}",77,41.55844155844156,sh588010,588010,科创新材料ETF博时,
买3/止4,0.03,0.04,yin_or_small_yang,True,"{'ret_pct': 77.34526944677118, 'excess_pct': 71.00235567075532, 'sharpe': 0.5434142151717538, 'mdd_pct': 48.98371384139564, 'start': '2022-10-26', 'end': '2026-08-31', 'n_days': 935}",30,53.333333333333336,sh588010,588010,科创新材料ETF博时,
sym±2%,0.02,0.02,yin_or_small_yang,True,"{'ret_pct': 23.124142062681674, 'excess_pct': 1.8272137350366258, 'sharpe': 0.167051229900423, 'mdd_pct': 36.346262808134576, 'start': '2020-11-16', 'end': '2026-08-31', 'n_days': 1406}",119,40.33613445378151,sh588000,588000,科创50ETF华夏,
sym±2.5%,0.025,0.025,yin_or_small_yang,True,"{'ret_pct': 31.573266864371142, 'excess_pct': 10.276338536726094, 'sharpe': 0.2171474515006066, 'mdd_pct': 32.05635360221597, 'start': '2020-11-16', 'end': '2026-08-31', 'n_days': 1406}",72,43.05555555555556,sh588000,588000,科创50ETF华夏,85.0
sym±3%,0.03,0.03,yin_or_small_yang,True,"{'ret_pct': 7.722300921862413, 'excess_pct': -13.574627405782635, 'sharpe': 0.058236055839529025, 'mdd_pct': 34.33758566953094, 'start': '2020-11-16', 'end': '2026-08-31', 'n_days': 1406}",47,44.680851063829785,sh588000,588000,科创50ETF华夏,
sym±2.5%仅阴,0.025,0.025,yin_only,True,"{'ret_pct': 24.755618666720004, 'excess_pct': 3.4586903390749555, 'sharpe': 0.18966634604229102, 'mdd_pct': 25.805737021986463, 'start': '2020-11-16', 'end': '2026-08-31', 'n_days': 1406}",59,42.3728813559322,sh588000,588000,科创50ETF华夏,
sym±2.5%不限前日,0.025,0.025,any,True,"{'ret_pct': 27.60538148033591, 'excess_pct': 6.308453152690863, 'sharpe': 0.19080868075380597, 'mdd_pct': 32.04727754049268, 'start': '2020-11-16', 'end': '2026-08-31', 'n_days': 1406}",73,42.465753424657535,sh588000,588000,科创50ETF华夏,
sym±2.5%不禁双阳,0.025,0.025,yin_or_small_yang,False,"{'ret_pct': 31.573266864371142, 'excess_pct': 10.276338536726094, 'sharpe': 0.2171474515006066, 'mdd_pct': 32.05635360221597, 'start': '2020-11-16', 'end': '2026-08-31', 'n_days': 1406}",72,43.05555555555556,sh588000,588000,科创50ETF华夏,
买2/止3,0.02,0.03,yin_or_small_yang,True,"{'ret_pct': -7.197013166585597, 'excess_pct': -28.493941494230647, 'sharpe': -0.05049666225947293, 'mdd_pct': 60.30336358672949, 'start': '2020-11-16', 'end': '2026-08-31', 'n_days': 1406}",62,40.32258064516129,sh588000,588000,科创50ETF华夏,
买2.5/止3.5,0.025,0.035,yin_or_small_yang,True,"{'ret_pct': 14.179814113462363, 'excess_pct': -7.117114214182685, 'sharpe': 0.08951630245086999, 'mdd_pct': 51.1164977573364, 'start': '2020-11-16', 'end': '2026-08-31', 'n_days': 1406}",38,47.368421052631575,sh588000,588000,科创50ETF华夏,
买3/止2.5,0.03,0.025,yin_or_small_yang,True,"{'ret_pct': -8.601262831468793, 'excess_pct': -29.898191159113843, 'sharpe': -0.07681259679121097, 'mdd_pct': 26.890578650774454, 'start': '2020-11-16', 'end': '2026-08-31', 'n_days': 1406}",59,42.3728813559322,sh588000,588000,科创50ETF华夏,
买2/止2.5,0.02,0.025,yin_or_small_yang,True,"{'ret_pct': 16.687584075075158, 'excess_pct': -4.60934425256989, 'sharpe': 0.11446481154449198, 'mdd_pct': 46.06928480293369, 'start': '2020-11-16', 'end': '2026-08-31', 'n_days': 1406}",81,44.44444444444444,sh588000,588000,科创50ETF华夏,
买3/止4,0.03,0.04,yin_or_small_yang,True,"{'ret_pct': -25.413160966323233, 'excess_pct': -46.71008929396828, 'sharpe': -0.19164347237919468, 'mdd_pct': 56.27185558475427, 'start': '2020-11-16', 'end': '2026-08-31', 'n_days': 1406}",27,44.44444444444444,sh588000,588000,科创50ETF华夏,
